Command line invocation:
    /Applications/Xcode.app/Contents/Developer/usr/bin/xcodebuild test -scheme InkMarkdown-Package -destination "platform=iOS Simulator,id=10F638E2-84FB-42AE-9BAE-0E246F463E8D" "-only-testing:InkMarkdownTests/applyImage_preservesExistingParagraphGeometry" "-only-testing:InkMarkdownTests/InkImagePreviewLoadTests" -resultBundlePath /Users/shizihan/DailyUse/Github/InkMarkdown/.scratch/architecture-deepening-2026-09-07/evidence/20260907-1415-ticket-27/fix-red.xcresult

Resolve Package Graph
2026-09-07 14:32:06.878 xcodebuild[65221:6012404] [MT] IDERunDestination: Supported platforms for the buildables in the current scheme is empty.


Resolved source packages:
  iosMath: /Users/shizihan/DailyUse/Github/InkMarkdown/Packages/Caches/iosMath @ local
  InkMarkdown: /Users/shizihan/DailyUse/Github/InkMarkdown
  cmark-gfm: /Users/shizihan/DailyUse/Github/InkMarkdown/Packages/Caches/swift-cmark @ local
  swift-markdown: /Users/shizihan/DailyUse/Github/InkMarkdown/Packages/Caches/swift-markdown @ local

Writing result bundle at path:
	/Users/shizihan/DailyUse/Github/InkMarkdown/.scratch/architecture-deepening-2026-09-07/evidence/20260907-1415-ticket-27/fix-red.xcresult

--- xcodebuild: WARNING: Using the first of multiple matching destinations:
{ platform:iOS Simulator, arch:arm64, id:10F638E2-84FB-42AE-9BAE-0E246F463E8D, OS:26.5, name:iPhone 17 Pro }
{ platform:iOS Simulator, arch:x86_64, id:10F638E2-84FB-42AE-9BAE-0E246F463E8D, OS:26.5, name:iPhone 17 Pro }
ComputePackagePrebuildTargetDependencyGraph

Prepare packages

CreateBuildRequest

SendProjectDescription

CreateBuildOperation

ComputeTargetDependencyGraph
note: Building targets in dependency order
note: Target dependency graph (28 targets)
    Target 'InkMarkdownSwiftUI' in project 'InkMarkdown'
        ➜ Explicit dependency on target 'InkMarkdownSwiftUI' in project 'InkMarkdown'
        ➜ Explicit dependency on target 'InkMarkdown' in project 'InkMarkdown'
        ➜ Explicit dependency on target 'Markdown' in project 'swift-markdown'
    Target 'InkMarkdownMermaid' in project 'InkMarkdown'
        ➜ Explicit dependency on target 'InkMarkdownMermaid' in project 'InkMarkdown'
        ➜ Explicit dependency on target 'InkMarkdown_InkMarkdownMermaid' in project 'InkMarkdown'
        ➜ Explicit dependency on target 'InkMarkdown' in project 'InkMarkdown'
        ➜ Explicit dependency on target 'Markdown' in project 'swift-markdown'
    Target 'InkMarkdownLaTeX' in project 'InkMarkdown'
        ➜ Explicit dependency on target 'InkMarkdownLaTeX' in project 'InkMarkdown'
        ➜ Explicit dependency on target 'InkMarkdown' in project 'InkMarkdown'
        ➜ Explicit dependency on target 'Markdown' in project 'swift-markdown'
        ➜ Explicit dependency on target 'iosMath' in project 'iosMath'
    Target 'InkMarkdown' in project 'InkMarkdown'
        ➜ Explicit dependency on target 'InkMarkdown' in project 'InkMarkdown'
        ➜ Explicit dependency on target 'Markdown' in project 'swift-markdown'
    Target 'InkMarkdownTests' in project 'InkMarkdown'
        ➜ Explicit dependency on target 'InkMarkdown' in project 'InkMarkdown'
        ➜ Explicit dependency on target 'InkMarkdownSemanticCorpus' in project 'InkMarkdown'
        ➜ Explicit dependency on target 'Markdown' in project 'swift-markdown'
    Target 'InkMarkdownSwiftUITests' in project 'InkMarkdown'
        ➜ Explicit dependency on target 'InkMarkdown' in project 'InkMarkdown'
        ➜ Explicit dependency on target 'InkMarkdownSwiftUI' in project 'InkMarkdown'
        ➜ Explicit dependency on target 'InkMarkdownSemanticCorpus' in project 'InkMarkdown'
        ➜ Explicit dependency on target 'Markdown' in project 'swift-markdown'
    Target 'InkMarkdownSemanticCorpus' in project 'InkMarkdown'
        ➜ Explicit dependency on target 'InkMarkdown' in project 'InkMarkdown'
        ➜ Explicit dependency on target 'Markdown' in project 'swift-markdown'
    Target 'InkMarkdownSwiftUI' in project 'InkMarkdown'
        ➜ Explicit dependency on target 'InkMarkdown' in project 'InkMarkdown'
        ➜ Explicit dependency on target 'Markdown' in project 'swift-markdown'
    Target 'InkMarkdownMermaidTests' in project 'InkMarkdown'
        ➜ Explicit dependency on target 'InkMarkdown' in project 'InkMarkdown'
        ➜ Explicit dependency on target 'InkMarkdownMermaid' in project 'InkMarkdown'
        ➜ Explicit dependency on target 'Markdown' in project 'swift-markdown'
    Target 'InkMarkdownLaTeXTests' in project 'InkMarkdown'
        ➜ Explicit dependency on target 'InkMarkdown' in project 'InkMarkdown'
        ➜ Explicit dependency on target 'InkMarkdownLaTeX' in project 'InkMarkdown'
        ➜ Explicit dependency on target 'Markdown' in project 'swift-markdown'
        ➜ Explicit dependency on target 'iosMath' in project 'iosMath'
    Target 'InkMarkdownCoreContractTests' in project 'InkMarkdown'
        ➜ Explicit dependency on target 'InkMarkdown' in project 'InkMarkdown'
        ➜ Explicit dependency on target 'Markdown' in project 'swift-markdown'
    Target 'InkMarkdownAddonContractTests' in project 'InkMarkdown'
        ➜ Explicit dependency on target 'InkMarkdown' in project 'InkMarkdown'
        ➜ Explicit dependency on target 'InkMarkdownLaTeX' in project 'InkMarkdown'
        ➜ Explicit dependency on target 'InkMarkdownMermaid' in project 'InkMarkdown'
        ➜ Explicit dependency on target 'Markdown' in project 'swift-markdown'
        ➜ Explicit dependency on target 'iosMath' in project 'iosMath'
    Target 'InkMarkdownMermaid' in project 'InkMarkdown'
        ➜ Explicit dependency on target 'InkMarkdown_InkMarkdownMermaid' in project 'InkMarkdown'
        ➜ Explicit dependency on target 'InkMarkdown' in project 'InkMarkdown'
        ➜ Explicit dependency on target 'Markdown' in project 'swift-markdown'
    Target 'InkMarkdown_InkMarkdownMermaid' in project 'InkMarkdown' (no dependencies)
    Target 'InkMarkdownLaTeX' in project 'InkMarkdown'
        ➜ Explicit dependency on target 'InkMarkdown' in project 'InkMarkdown'
        ➜ Explicit dependency on target 'Markdown' in project 'swift-markdown'
        ➜ Explicit dependency on target 'iosMath' in project 'iosMath'
    Target 'iosMath' in project 'iosMath'
        ➜ Explicit dependency on target 'iosMath' in project 'iosMath'
        ➜ Explicit dependency on target 'iosMath_iosMath' in project 'iosMath'
    Target 'iosMath' in project 'iosMath'
        ➜ Explicit dependency on target 'iosMath_iosMath' in project 'iosMath'
    Target 'iosMath_iosMath' in project 'iosMath' (no dependencies)
    Target 'InkMarkdown' in project 'InkMarkdown'
        ➜ Explicit dependency on target 'Markdown' in project 'swift-markdown'
    Target 'Markdown' in project 'swift-markdown'
        ➜ Explicit dependency on target 'Markdown' in project 'swift-markdown'
        ➜ Explicit dependency on target 'CAtomic' in project 'swift-markdown'
        ➜ Explicit dependency on target 'cmark-gfm' in project 'cmark-gfm'
        ➜ Explicit dependency on target 'cmark-gfm-extensions' in project 'cmark-gfm'
    Target 'Markdown' in project 'swift-markdown'
        ➜ Explicit dependency on target 'CAtomic' in project 'swift-markdown'
        ➜ Explicit dependency on target 'cmark-gfm' in project 'cmark-gfm'
        ➜ Explicit dependency on target 'cmark-gfm-extensions' in project 'cmark-gfm'
    Target 'cmark-gfm-extensions' in project 'cmark-gfm'
        ➜ Explicit dependency on target 'cmark-gfm-extensions' in project 'cmark-gfm'
        ➜ Explicit dependency on target 'cmark-gfm' in project 'cmark-gfm'
    Target 'cmark-gfm-extensions' in project 'cmark-gfm'
        ➜ Explicit dependency on target 'cmark-gfm' in project 'cmark-gfm'
    Target 'cmark-gfm' in project 'cmark-gfm'
        ➜ Explicit dependency on target 'cmark-gfm' in project 'cmark-gfm'
    Target 'cmark-gfm' in project 'cmark-gfm' (no dependencies)
    Target 'CAtomic' in project 'swift-markdown' (no dependencies)
    Target 'ExampleAppPolicyTests' in project 'InkMarkdown'
        ➜ Explicit dependency on target 'ExampleAppChatPolicy' in project 'InkMarkdown'
    Target 'ExampleAppChatPolicy' in project 'InkMarkdown' (no dependencies)

GatherProvisioningInputs

CreateBuildDescription

ExecuteExternalTool /Applications/Xcode.app/Contents/Developer/Toolchains/XcodeDefault.xctoolchain/usr/bin/swiftc --version

ExecuteExternalTool /Applications/Xcode.app/Contents/Developer/Toolchains/XcodeDefault.xctoolchain/usr/bin/clang -v -E -dM -arch arm64 -isysroot /Applications/Xcode.app/Contents/Developer/Platforms/iPhoneSimulator.platform/Developer/SDKs/iPhoneSimulator26.5.sdk -x c -c /dev/null

ExecuteExternalTool /Applications/Xcode.app/Contents/Developer/Toolchains/XcodeDefault.xctoolchain/usr/bin/clang -v -E -dM -arch arm64 -isysroot /Applications/Xcode.app/Contents/Developer/Platforms/iPhoneSimulator.platform/Developer/SDKs/iPhoneSimulator26.5.sdk -x objective-c -c /dev/null

ExecuteExternalTool /Applications/Xcode.app/Contents/Developer/Toolchains/XcodeDefault.xctoolchain/usr/bin/clang -v -E -dM -isysroot /Applications/Xcode.app/Contents/Developer/Platforms/iPhoneSimulator.platform/Developer/SDKs/iPhoneSimulator26.5.sdk -x c -c /dev/null

ExecuteExternalTool /Applications/Xcode.app/Contents/Developer/Toolchains/XcodeDefault.xctoolchain/usr/bin/ld -version_details

ReadFileContents /Applications/Xcode.app/Contents/Developer/Toolchains/XcodeDefault.xctoolchain/usr/share/docc/features.json

Build description signature: 888b46d664bc82824e37bc2fbbadda16
Build description path: /Users/shizihan/Library/Developer/Xcode/DerivedData/InkMarkdown-fegkjzhxkpkatfgscsnwljoxebbz/Build/Intermediates.noindex/XCBuildData/888b46d664bc82824e37bc2fbbadda16.xcbuilddata
ClangStatCache /Applications/Xcode.app/Contents/Developer/Toolchains/XcodeDefault.xctoolchain/usr/bin/clang-stat-cache /Applications/Xcode.app/Contents/Developer/Platforms/iPhoneSimulator.platform/Developer/SDKs/iPhoneSimulator26.5.sdk /Users/shizihan/Library/Developer/Xcode/DerivedData/SDKStatCaches.noindex/iphonesimulator26.5-23F81a-6cfe768891a92b912361537c460fe42b.sdkstatcache
    cd /Users/shizihan/DailyUse/Github/InkMarkdown/.swiftpm/xcode
    /Applications/Xcode.app/Contents/Developer/Toolchains/XcodeDefault.xctoolchain/usr/bin/clang-stat-cache /Applications/Xcode.app/Contents/Developer/Platforms/iPhoneSimulator.platform/Developer/SDKs/iPhoneSimulator26.5.sdk -o /Users/shizihan/Library/Developer/Xcode/DerivedData/SDKStatCaches.noindex/iphonesimulator26.5-23F81a-6cfe768891a92b912361537c460fe42b.sdkstatcache

MkDir /Users/shizihan/Library/Developer/Xcode/DerivedData/InkMarkdown-fegkjzhxkpkatfgscsnwljoxebbz/Build/Products/Debug-iphonesimulator/iosMath_iosMath.bundle (in target 'iosMath_iosMath' from project 'iosMath')
    cd /Users/shizihan/DailyUse/Github/InkMarkdown/Packages/Caches/iosMath
    /bin/mkdir -p /Users/shizihan/Library/Developer/Xcode/DerivedData/InkMarkdown-fegkjzhxkpkatfgscsnwljoxebbz/Build/Products/Debug-iphonesimulator/iosMath_iosMath.bundle

MkDir /Users/shizihan/Library/Developer/Xcode/DerivedData/InkMarkdown-fegkjzhxkpkatfgscsnwljoxebbz/Build/Products/Debug-iphonesimulator/InkMarkdown_InkMarkdownMermaid.bundle (in target 'InkMarkdown_InkMarkdownMermaid' from project 'InkMarkdown')
    cd /Users/shizihan/DailyUse/Github/InkMarkdown
    /bin/mkdir -p /Users/shizihan/Library/Developer/Xcode/DerivedData/InkMarkdown-fegkjzhxkpkatfgscsnwljoxebbz/Build/Products/Debug-iphonesimulator/InkMarkdown_InkMarkdownMermaid.bundle

MkDir /Users/shizihan/Library/Developer/Xcode/DerivedData/InkMarkdown-fegkjzhxkpkatfgscsnwljoxebbz/Build/Products/Debug-iphonesimulator/InkMarkdownSwiftUITests.xctest (in target 'InkMarkdownSwiftUITests' from project 'InkMarkdown')
    cd /Users/shizihan/DailyUse/Github/InkMarkdown
    /bin/mkdir -p /Users/shizihan/Library/Developer/Xcode/DerivedData/InkMarkdown-fegkjzhxkpkatfgscsnwljoxebbz/Build/Products/Debug-iphonesimulator/InkMarkdownSwiftUITests.xctest

MkDir /Users/shizihan/Library/Developer/Xcode/DerivedData/InkMarkdown-fegkjzhxkpkatfgscsnwljoxebbz/Build/Products/Debug-iphonesimulator/InkMarkdownTests.xctest (in target 'InkMarkdownTests' from project 'InkMarkdown')
    cd /Users/shizihan/DailyUse/Github/InkMarkdown
    /bin/mkdir -p /Users/shizihan/Library/Developer/Xcode/DerivedData/InkMarkdown-fegkjzhxkpkatfgscsnwljoxebbz/Build/Products/Debug-iphonesimulator/InkMarkdownTests.xctest

MkDir /Users/shizihan/Library/Developer/Xcode/DerivedData/InkMarkdown-fegkjzhxkpkatfgscsnwljoxebbz/Build/Products/Debug-iphonesimulator/InkMarkdownMermaidTests.xctest (in target 'InkMarkdownMermaidTests' from project 'InkMarkdown')
    cd /Users/shizihan/DailyUse/Github/InkMarkdown
    /bin/mkdir -p /Users/shizihan/Library/Developer/Xcode/DerivedData/InkMarkdown-fegkjzhxkpkatfgscsnwljoxebbz/Build/Products/Debug-iphonesimulator/InkMarkdownMermaidTests.xctest

MkDir /Users/shizihan/Library/Developer/Xcode/DerivedData/InkMarkdown-fegkjzhxkpkatfgscsnwljoxebbz/Build/Products/Debug-iphonesimulator/InkMarkdownLaTeXTests.xctest (in target 'InkMarkdownLaTeXTests' from project 'InkMarkdown')
    cd /Users/shizihan/DailyUse/Github/InkMarkdown
    /bin/mkdir -p /Users/shizihan/Library/Developer/Xcode/DerivedData/InkMarkdown-fegkjzhxkpkatfgscsnwljoxebbz/Build/Products/Debug-iphonesimulator/InkMarkdownLaTeXTests.xctest

MkDir /Users/shizihan/Library/Developer/Xcode/DerivedData/InkMarkdown-fegkjzhxkpkatfgscsnwljoxebbz/Build/Products/Debug-iphonesimulator/InkMarkdownCoreContractTests.xctest (in target 'InkMarkdownCoreContractTests' from project 'InkMarkdown')
    cd /Users/shizihan/DailyUse/Github/InkMarkdown
    /bin/mkdir -p /Users/shizihan/Library/Developer/Xcode/DerivedData/InkMarkdown-fegkjzhxkpkatfgscsnwljoxebbz/Build/Products/Debug-iphonesimulator/InkMarkdownCoreContractTests.xctest

MkDir /Users/shizihan/Library/Developer/Xcode/DerivedData/InkMarkdown-fegkjzhxkpkatfgscsnwljoxebbz/Build/Products/Debug-iphonesimulator/InkMarkdownAddonContractTests.xctest (in target 'InkMarkdownAddonContractTests' from project 'InkMarkdown')
    cd /Users/shizihan/DailyUse/Github/InkMarkdown
    /bin/mkdir -p /Users/shizihan/Library/Developer/Xcode/DerivedData/InkMarkdown-fegkjzhxkpkatfgscsnwljoxebbz/Build/Products/Debug-iphonesimulator/InkMarkdownAddonContractTests.xctest

MkDir /Users/shizihan/Library/Developer/Xcode/DerivedData/InkMarkdown-fegkjzhxkpkatfgscsnwljoxebbz/Build/Products/Debug-iphonesimulator/ExampleAppPolicyTests.xctest (in target 'ExampleAppPolicyTests' from project 'InkMarkdown')
    cd /Users/shizihan/DailyUse/Github/InkMarkdown
    /bin/mkdir -p /Users/shizihan/Library/Developer/Xcode/DerivedData/InkMarkdown-fegkjzhxkpkatfgscsnwljoxebbz/Build/Products/Debug-iphonesimulator/ExampleAppPolicyTests.xctest

ProcessInfoPlistFile /Users/shizihan/Library/Developer/Xcode/DerivedData/InkMarkdown-fegkjzhxkpkatfgscsnwljoxebbz/Build/Products/Debug-iphonesimulator/InkMarkdown_InkMarkdownMermaid.bundle/Info.plist /Users/shizihan/Library/Developer/Xcode/DerivedData/InkMarkdown-fegkjzhxkpkatfgscsnwljoxebbz/Build/Intermediates.noindex/InkMarkdown.build/Debug-iphonesimulator/InkMarkdown_InkMarkdownMermaid.build/empty-InkMarkdown_InkMarkdownMermaid.plist (in target 'InkMarkdown_InkMarkdownMermaid' from project 'InkMarkdown')
    cd /Users/shizihan/DailyUse/Github/InkMarkdown
    builtin-infoPlistUtility /Users/shizihan/Library/Developer/Xcode/DerivedData/InkMarkdown-fegkjzhxkpkatfgscsnwljoxebbz/Build/Intermediates.noindex/InkMarkdown.build/Debug-iphonesimulator/InkMarkdown_InkMarkdownMermaid.build/empty-InkMarkdown_InkMarkdownMermaid.plist -producttype com.apple.product-type.bundle -expandbuildsettings -format binary -platform iphonesimulator -o /Users/shizihan/Library/Developer/Xcode/DerivedData/InkMarkdown-fegkjzhxkpkatfgscsnwljoxebbz/Build/Products/Debug-iphonesimulator/InkMarkdown_InkMarkdownMermaid.bundle/Info.plist

ProcessInfoPlistFile /Users/shizihan/Library/Developer/Xcode/DerivedData/InkMarkdown-fegkjzhxkpkatfgscsnwljoxebbz/Build/Products/Debug-iphonesimulator/iosMath_iosMath.bundle/Info.plist /Users/shizihan/Library/Developer/Xcode/DerivedData/InkMarkdown-fegkjzhxkpkatfgscsnwljoxebbz/Build/Intermediates.noindex/iosMath.build/Debug-iphonesimulator/iosMath_iosMath.build/empty-iosMath_iosMath.plist (in target 'iosMath_iosMath' from project 'iosMath')
    cd /Users/shizihan/DailyUse/Github/InkMarkdown/Packages/Caches/iosMath
    builtin-infoPlistUtility /Users/shizihan/Library/Developer/Xcode/DerivedData/InkMarkdown-fegkjzhxkpkatfgscsnwljoxebbz/Build/Intermediates.noindex/iosMath.build/Debug-iphonesimulator/iosMath_iosMath.build/empty-iosMath_iosMath.plist -producttype com.apple.product-type.bundle -expandbuildsettings -format binary -platform iphonesimulator -o /Users/shizihan/Library/Developer/Xcode/DerivedData/InkMarkdown-fegkjzhxkpkatfgscsnwljoxebbz/Build/Products/Debug-iphonesimulator/iosMath_iosMath.bundle/Info.plist

CodeSign /Users/shizihan/Library/Developer/Xcode/DerivedData/InkMarkdown-fegkjzhxkpkatfgscsnwljoxebbz/Build/Products/Debug-iphonesimulator/iosMath_iosMath.bundle (in target 'iosMath_iosMath' from project 'iosMath')
    cd /Users/shizihan/DailyUse/Github/InkMarkdown/Packages/Caches/iosMath
    
    Signing Identity:     "Sign to Run Locally"
    
    /usr/bin/codesign --force --sign - --timestamp\=none --generate-entitlement-der /Users/shizihan/Library/Developer/Xcode/DerivedData/InkMarkdown-fegkjzhxkpkatfgscsnwljoxebbz/Build/Products/Debug-iphonesimulator/iosMath_iosMath.bundle

CodeSign /Users/shizihan/Library/Developer/Xcode/DerivedData/InkMarkdown-fegkjzhxkpkatfgscsnwljoxebbz/Build/Products/Debug-iphonesimulator/InkMarkdown_InkMarkdownMermaid.bundle (in target 'InkMarkdown_InkMarkdownMermaid' from project 'InkMarkdown')
    cd /Users/shizihan/DailyUse/Github/InkMarkdown
    
    Signing Identity:     "Sign to Run Locally"
    
    /usr/bin/codesign --force --sign - --timestamp\=none --generate-entitlement-der /Users/shizihan/Library/Developer/Xcode/DerivedData/InkMarkdown-fegkjzhxkpkatfgscsnwljoxebbz/Build/Products/Debug-iphonesimulator/InkMarkdown_InkMarkdownMermaid.bundle

RegisterExecutionPolicyException /Users/shizihan/Library/Developer/Xcode/DerivedData/InkMarkdown-fegkjzhxkpkatfgscsnwljoxebbz/Build/Products/Debug-iphonesimulator/InkMarkdown_InkMarkdownMermaid.bundle (in target 'InkMarkdown_InkMarkdownMermaid' from project 'InkMarkdown')
    cd /Users/shizihan/DailyUse/Github/InkMarkdown
    builtin-RegisterExecutionPolicyException /Users/shizihan/Library/Developer/Xcode/DerivedData/InkMarkdown-fegkjzhxkpkatfgscsnwljoxebbz/Build/Products/Debug-iphonesimulator/InkMarkdown_InkMarkdownMermaid.bundle

RegisterExecutionPolicyException /Users/shizihan/Library/Developer/Xcode/DerivedData/InkMarkdown-fegkjzhxkpkatfgscsnwljoxebbz/Build/Products/Debug-iphonesimulator/iosMath_iosMath.bundle (in target 'iosMath_iosMath' from project 'iosMath')
    cd /Users/shizihan/DailyUse/Github/InkMarkdown/Packages/Caches/iosMath
    builtin-RegisterExecutionPolicyException /Users/shizihan/Library/Developer/Xcode/DerivedData/InkMarkdown-fegkjzhxkpkatfgscsnwljoxebbz/Build/Products/Debug-iphonesimulator/iosMath_iosMath.bundle

Touch /Users/shizihan/Library/Developer/Xcode/DerivedData/InkMarkdown-fegkjzhxkpkatfgscsnwljoxebbz/Build/Products/Debug-iphonesimulator/InkMarkdown_InkMarkdownMermaid.bundle (in target 'InkMarkdown_InkMarkdownMermaid' from project 'InkMarkdown')
    cd /Users/shizihan/DailyUse/Github/InkMarkdown
    /usr/bin/touch -c /Users/shizihan/Library/Developer/Xcode/DerivedData/InkMarkdown-fegkjzhxkpkatfgscsnwljoxebbz/Build/Products/Debug-iphonesimulator/InkMarkdown_InkMarkdownMermaid.bundle

Touch /Users/shizihan/Library/Developer/Xcode/DerivedData/InkMarkdown-fegkjzhxkpkatfgscsnwljoxebbz/Build/Products/Debug-iphonesimulator/iosMath_iosMath.bundle (in target 'iosMath_iosMath' from project 'iosMath')
    cd /Users/shizihan/DailyUse/Github/InkMarkdown/Packages/Caches/iosMath
    /usr/bin/touch -c /Users/shizihan/Library/Developer/Xcode/DerivedData/InkMarkdown-fegkjzhxkpkatfgscsnwljoxebbz/Build/Products/Debug-iphonesimulator/iosMath_iosMath.bundle

SwiftDriver InkMarkdownTests normal arm64 com.apple.xcode.tools.swift.compiler (in target 'InkMarkdownTests' from project 'InkMarkdown')
    cd /Users/shizihan/DailyUse/Github/InkMarkdown/.swiftpm/xcode
    builtin-SwiftDriver -- /Applications/Xcode.app/Contents/Developer/Toolchains/XcodeDefault.xctoolchain/usr/bin/swiftc -module-name InkMarkdownTests -Onone @/Users/shizihan/Library/Developer/Xcode/DerivedData/InkMarkdown-fegkjzhxkpkatfgscsnwljoxebbz/Build/Intermediates.noindex/InkMarkdown.build/Debug-iphonesimulator/InkMarkdownTests.build/Objects-normal/arm64/InkMarkdownTests.SwiftFileList -DSWIFT_PACKAGE -DDEBUG -DXcode -plugin-path /Applications/Xcode.app/Contents/Developer/Toolchains/XcodeDefault.xctoolchain/usr/lib/swift/host/plugins/testing -enable-experimental-feature DebugDescriptionMacro -sdk /Applications/Xcode.app/Contents/Developer/Platforms/iPhoneSimulator.platform/Developer/SDKs/iPhoneSimulator26.5.sdk -target arm64-apple-ios15.0-simulator -g -module-cache-path /Users/shizihan/Library/Developer/Xcode/DerivedData/ModuleCache.noindex -Xfrontend -serialize-debugging-options -profile-coverage-mapping -profile-generate -enable-testing -index-store-path /Users/shizihan/Library/Developer/Xcode/DerivedData/InkMarkdown-fegkjzhxkpkatfgscsnwljoxebbz/Index.noindex/DataStore -Xcc -D_LIBCPP_HARDENING_MODE\=_LIBCPP_HARDENING_MODE_DEBUG -swift-version 6 -I /Users/shizihan/Library/Developer/Xcode/DerivedData/InkMarkdown-fegkjzhxkpkatfgscsnwljoxebbz/Build/Products/Debug-iphonesimulator -Isystem /Applications/Xcode.app/Contents/Developer/Platforms/iPhoneSimulator.platform/Developer/usr/lib -F /Users/shizihan/Library/Developer/Xcode/DerivedData/InkMarkdown-fegkjzhxkpkatfgscsnwljoxebbz/Build/Products/Debug-iphonesimulator/PackageFrameworks -F /Users/shizihan/Library/Developer/Xcode/DerivedData/InkMarkdown-fegkjzhxkpkatfgscsnwljoxebbz/Build/Products/Debug-iphonesimulator/PackageFrameworks -F /Users/shizihan/Library/Developer/Xcode/DerivedData/InkMarkdown-fegkjzhxkpkatfgscsnwljoxebbz/Build/Products/Debug-iphonesimulator/PackageFrameworks -F /Users/shizihan/Library/Developer/Xcode/DerivedData/InkMarkdown-fegkjzhxkpkatfgscsnwljoxebbz/Build/Products/Debug-iphonesimulator/PackageFrameworks -F /Users/shizihan/Library/Developer/Xcode/DerivedData/InkMarkdown-fegkjzhxkpkatfgscsnwljoxebbz/Build/Products/Debug-iphonesimulator/PackageFrameworks -F /Users/shizihan/Library/Developer/Xcode/DerivedData/InkMarkdown-fegkjzhxkpkatfgscsnwljoxebbz/Build/Products/Debug-iphonesimulator/PackageFrameworks -F /Users/shizihan/Library/Developer/Xcode/DerivedData/InkMarkdown-fegkjzhxkpkatfgscsnwljoxebbz/Build/Products/Debug-iphonesimulator -F /Applications/Xcode.app/Contents/Developer/Platforms/iPhoneSimulator.platform/Developer/Library/Frameworks -F /Applications/Xcode.app/Contents/Developer/Platforms/iPhoneSimulator.platform/Developer/SDKs/iPhoneSimulator26.5.sdk/Developer/Library/Frameworks -c -j10 -enable-batch-mode -incremental -Xcc -ivfsstatcache -Xcc /Users/shizihan/Library/Developer/Xcode/DerivedData/SDKStatCaches.noindex/iphonesimulator26.5-23F81a-6cfe768891a92b912361537c460fe42b.sdkstatcache -output-file-map /Users/shizihan/Library/Developer/Xcode/DerivedData/InkMarkdown-fegkjzhxkpkatfgscsnwljoxebbz/Build/Intermediates.noindex/InkMarkdown.build/Debug-iphonesimulator/InkMarkdownTests.build/Objects-normal/arm64/InkMarkdownTests-OutputFileMap.json -use-frontend-parseable-output -save-temps -no-color-diagnostics -explicit-module-build -module-cache-path /Users/shizihan/Library/Developer/Xcode/DerivedData/InkMarkdown-fegkjzhxkpkatfgscsnwljoxebbz/Build/Intermediates.noindex/SwiftExplicitPrecompiledModules -clang-scanner-module-cache-path /Users/shizihan/Library/Developer/Xcode/DerivedData/ModuleCache.noindex -sdk-module-cache-path /Users/shizihan/Library/Developer/Xcode/DerivedData/ModuleCache.noindex -serialize-diagnostics -emit-dependencies -emit-module -emit-module-path /Users/shizihan/Library/Developer/Xcode/DerivedData/InkMarkdown-fegkjzhxkpkatfgscsnwljoxebbz/Build/Intermediates.noindex/InkMarkdown.build/Debug-iphonesimulator/InkMarkdownTests.build/Objects-normal/arm64/InkMarkdownTests.swiftmodule -validate-clang-modules-once -clang-build-session-file /Users/shizihan/Library/Developer/Xcode/DerivedData/ModuleCache.noindex/Session.modulevalidation -package-name inkmarkdown -emit-const-values -Xfrontend -const-gather-protocols-file -Xfrontend /Users/shizihan/Library/Developer/Xcode/DerivedData/InkMarkdown-fegkjzhxkpkatfgscsnwljoxebbz/Build/Intermediates.noindex/InkMarkdown.build/Debug-iphonesimulator/InkMarkdownTests.build/Objects-normal/arm64/InkMarkdownTests_const_extract_protocols.json -Xcc -I/Users/shizihan/DailyUse/Github/InkMarkdown/Packages/Caches/swift-cmark/src/include -Xcc -I/Users/shizihan/DailyUse/Github/InkMarkdown/Packages/Caches/swift-cmark/extensions/include -Xcc -I/Users/shizihan/DailyUse/Github/InkMarkdown/Packages/Caches/swift-markdown/Sources/CAtomic/include -Xcc -I/Users/shizihan/Library/Developer/Xcode/DerivedData/InkMarkdown-fegkjzhxkpkatfgscsnwljoxebbz/Build/Products/Debug-iphonesimulator/include -Xcc -I/Users/shizihan/Library/Developer/Xcode/DerivedData/InkMarkdown-fegkjzhxkpkatfgscsnwljoxebbz/Build/Intermediates.noindex/InkMarkdown.build/Debug-iphonesimulator/InkMarkdownTests.build/DerivedSources-normal/arm64 -Xcc -I/Users/shizihan/Library/Developer/Xcode/DerivedData/InkMarkdown-fegkjzhxkpkatfgscsnwljoxebbz/Build/Intermediates.noindex/InkMarkdown.build/Debug-iphonesimulator/InkMarkdownTests.build/DerivedSources/arm64 -Xcc -I/Users/shizihan/Library/Developer/Xcode/DerivedData/InkMarkdown-fegkjzhxkpkatfgscsnwljoxebbz/Build/Intermediates.noindex/InkMarkdown.build/Debug-iphonesimulator/InkMarkdownTests.build/DerivedSources -Xcc -DSWIFT_PACKAGE -Xcc -DDEBUG\=1 -working-directory /Users/shizihan/DailyUse/Github/InkMarkdown/.swiftpm/xcode -experimental-emit-module-separately -disable-cmo

Ld /Users/shizihan/Library/Developer/Xcode/DerivedData/InkMarkdown-fegkjzhxkpkatfgscsnwljoxebbz/Build/Products/Debug-iphonesimulator/InkMarkdownMermaidTests.xctest/InkMarkdownMermaidTests normal (in target 'InkMarkdownMermaidTests' from project 'InkMarkdown')
    cd /Users/shizihan/DailyUse/Github/InkMarkdown
    /Applications/Xcode.app/Contents/Developer/Toolchains/XcodeDefault.xctoolchain/usr/bin/clang -Xlinker -reproducible -target arm64-apple-ios15.0-simulator -bundle -isysroot /Applications/Xcode.app/Contents/Developer/Platforms/iPhoneSimulator.platform/Developer/SDKs/iPhoneSimulator26.5.sdk -O0 -L/Users/shizihan/Library/Developer/Xcode/DerivedData/InkMarkdown-fegkjzhxkpkatfgscsnwljoxebbz/Build/Intermediates.noindex/EagerLinkingTBDs/Debug-iphonesimulator -L/Users/shizihan/Library/Developer/Xcode/DerivedData/InkMarkdown-fegkjzhxkpkatfgscsnwljoxebbz/Build/Products/Debug-iphonesimulator -L/Applications/Xcode.app/Contents/Developer/Platforms/iPhoneSimulator.platform/Developer/usr/lib -F/Users/shizihan/Library/Developer/Xcode/DerivedData/InkMarkdown-fegkjzhxkpkatfgscsnwljoxebbz/Build/Intermediates.noindex/EagerLinkingTBDs/Debug-iphonesimulator -F/Users/shizihan/Library/Developer/Xcode/DerivedData/InkMarkdown-fegkjzhxkpkatfgscsnwljoxebbz/Build/Products/Debug-iphonesimulator/PackageFrameworks -F/Users/shizihan/Library/Developer/Xcode/DerivedData/InkMarkdown-fegkjzhxkpkatfgscsnwljoxebbz/Build/Products/Debug-iphonesimulator/PackageFrameworks -F/Users/shizihan/Library/Developer/Xcode/DerivedData/InkMarkdown-fegkjzhxkpkatfgscsnwljoxebbz/Build/Products/Debug-iphonesimulator/PackageFrameworks -F/Users/shizihan/Library/Developer/Xcode/DerivedData/InkMarkdown-fegkjzhxkpkatfgscsnwljoxebbz/Build/Products/Debug-iphonesimulator/PackageFrameworks -F/Users/shizihan/Library/Developer/Xcode/DerivedData/InkMarkdown-fegkjzhxkpkatfgscsnwljoxebbz/Build/Products/Debug-iphonesimulator/PackageFrameworks -F/Users/shizihan/Library/Developer/Xcode/DerivedData/InkMarkdown-fegkjzhxkpkatfgscsnwljoxebbz/Build/Products/Debug-iphonesimulator/PackageFrameworks -F/Users/shizihan/Library/Developer/Xcode/DerivedData/InkMarkdown-fegkjzhxkpkatfgscsnwljoxebbz/Build/Products/Debug-iphonesimulator -iframework /Applications/Xcode.app/Contents/Developer/Platforms/iPhoneSimulator.platform/Developer/Library/Frameworks -iframework /Applications/Xcode.app/Contents/Developer/Platforms/iPhoneSimulator.platform/Developer/SDKs/iPhoneSimulator26.5.sdk/Developer/Library/Frameworks -filelist /Users/shizihan/Library/Developer/Xcode/DerivedData/InkMarkdown-fegkjzhxkpkatfgscsnwljoxebbz/Build/Intermediates.noindex/InkMarkdown.build/Debug-iphonesimulator/InkMarkdownMermaidTests.build/Objects-normal/arm64/InkMarkdownMermaidTests.LinkFileList -Xlinker -rpath -Xlinker /usr/lib/swift -Xlinker -rpath -Xlinker /Users/shizihan/Library/Developer/Xcode/DerivedData/InkMarkdown-fegkjzhxkpkatfgscsnwljoxebbz/Build/Products/Debug-iphonesimulator/PackageFrameworks -Xlinker -rpath -Xlinker @loader_path/Frameworks -Xlinker -rpath -Xlinker @loader_path/../Frameworks -Xlinker -dead_strip -Xlinker -object_path_lto -Xlinker /Users/shizihan/Library/Developer/Xcode/DerivedData/InkMarkdown-fegkjzhxkpkatfgscsnwljoxebbz/Build/Intermediates.noindex/InkMarkdown.build/Debug-iphonesimulator/InkMarkdownMermaidTests.build/Objects-normal/arm64/InkMarkdownMermaidTests_lto.o -rdynamic -Xlinker -no_deduplicate -Xlinker -objc_abi_version -Xlinker 2 -Xlinker -debug_variant -Xlinker -dependency_info -Xlinker /Users/shizihan/Library/Developer/Xcode/DerivedData/InkMarkdown-fegkjzhxkpkatfgscsnwljoxebbz/Build/Intermediates.noindex/InkMarkdown.build/Debug-iphonesimulator/InkMarkdownMermaidTests.build/Objects-normal/arm64/InkMarkdownMermaidTests_dependency_info.dat -fobjc-link-runtime -fprofile-instr-generate -L/Applications/Xcode.app/Contents/Developer/Toolchains/XcodeDefault.xctoolchain/usr/lib/swift/iphonesimulator -L/usr/lib/swift -Xlinker -add_ast_path -Xlinker /Users/shizihan/Library/Developer/Xcode/DerivedData/InkMarkdown-fegkjzhxkpkatfgscsnwljoxebbz/Build/Intermediates.noindex/InkMarkdown.build/Debug-iphonesimulator/InkMarkdownMermaidTests.build/Objects-normal/arm64/InkMarkdownMermaidTests.swiftmodule @/Users/shizihan/Library/Developer/Xcode/DerivedData/InkMarkdown-fegkjzhxkpkatfgscsnwljoxebbz/Build/Intermediates.noindex/InkMarkdown.build/Debug-iphonesimulator/InkMarkdownMermaidTests.build/Objects-normal/arm64/InkMarkdownMermaidTests-linker-args.resp -Wl,-no_warn_duplicate_libraries -Wl,-no_warn_duplicate_libraries -Wl,-no_warn_duplicate_libraries -Wl,-no_warn_duplicate_libraries -Wl,-no_warn_duplicate_libraries -Wl,-no_warn_duplicate_libraries -Xlinker -needed_framework -Xlinker XCTest -framework XCTest -Xlinker -needed-lXCTestSwiftSupport -lXCTestSwiftSupport -Xlinker -no_adhoc_codesign -o /Users/shizihan/Library/Developer/Xcode/DerivedData/InkMarkdown-fegkjzhxkpkatfgscsnwljoxebbz/Build/Products/Debug-iphonesimulator/InkMarkdownMermaidTests.xctest/InkMarkdownMermaidTests -Xlinker -add_ast_path -Xlinker /Users/shizihan/Library/Developer/Xcode/DerivedData/InkMarkdown-fegkjzhxkpkatfgscsnwljoxebbz/Build/Intermediates.noindex/swift-markdown.build/Debug-iphonesimulator/Markdown.build/Objects-normal/arm64/Markdown.swiftmodule @/Users/shizihan/Library/Developer/Xcode/DerivedData/InkMarkdown-fegkjzhxkpkatfgscsnwljoxebbz/Build/Intermediates.noindex/swift-markdown.build/Debug-iphonesimulator/Markdown.build/Objects-normal/arm64/Markdown-linker-args.resp -Xlinker -add_ast_path -Xlinker /Users/shizihan/Library/Developer/Xcode/DerivedData/InkMarkdown-fegkjzhxkpkatfgscsnwljoxebbz/Build/Intermediates.noindex/InkMarkdown.build/Debug-iphonesimulator/InkMarkdown.build/Objects-normal/arm64/InkMarkdown.swiftmodule @/Users/shizihan/Library/Developer/Xcode/DerivedData/InkMarkdown-fegkjzhxkpkatfgscsnwljoxebbz/Build/Intermediates.noindex/InkMarkdown.build/Debug-iphonesimulator/InkMarkdown.build/Objects-normal/arm64/InkMarkdown-linker-args.resp -Xlinker -add_ast_path -Xlinker /Users/shizihan/Library/Developer/Xcode/DerivedData/InkMarkdown-fegkjzhxkpkatfgscsnwljoxebbz/Build/Intermediates.noindex/InkMarkdown.build/Debug-iphonesimulator/InkMarkdownMermaid.build/Objects-normal/arm64/InkMarkdownMermaid.swiftmodule @/Users/shizihan/Library/Developer/Xcode/DerivedData/InkMarkdown-fegkjzhxkpkatfgscsnwljoxebbz/Build/Intermediates.noindex/InkMarkdown.build/Debug-iphonesimulator/InkMarkdownMermaid.build/Objects-normal/arm64/InkMarkdownMermaid-linker-args.resp

Ld /Users/shizihan/Library/Developer/Xcode/DerivedData/InkMarkdown-fegkjzhxkpkatfgscsnwljoxebbz/Build/Products/Debug-iphonesimulator/InkMarkdownSwiftUITests.xctest/InkMarkdownSwiftUITests normal (in target 'InkMarkdownSwiftUITests' from project 'InkMarkdown')
    cd /Users/shizihan/DailyUse/Github/InkMarkdown
    /Applications/Xcode.app/Contents/Developer/Toolchains/XcodeDefault.xctoolchain/usr/bin/clang -Xlinker -reproducible -target arm64-apple-ios15.0-simulator -bundle -isysroot /Applications/Xcode.app/Contents/Developer/Platforms/iPhoneSimulator.platform/Developer/SDKs/iPhoneSimulator26.5.sdk -O0 -L/Users/shizihan/Library/Developer/Xcode/DerivedData/InkMarkdown-fegkjzhxkpkatfgscsnwljoxebbz/Build/Intermediates.noindex/EagerLinkingTBDs/Debug-iphonesimulator -L/Users/shizihan/Library/Developer/Xcode/DerivedData/InkMarkdown-fegkjzhxkpkatfgscsnwljoxebbz/Build/Products/Debug-iphonesimulator -L/Applications/Xcode.app/Contents/Developer/Platforms/iPhoneSimulator.platform/Developer/usr/lib -F/Users/shizihan/Library/Developer/Xcode/DerivedData/InkMarkdown-fegkjzhxkpkatfgscsnwljoxebbz/Build/Intermediates.noindex/EagerLinkingTBDs/Debug-iphonesimulator -F/Users/shizihan/Library/Developer/Xcode/DerivedData/InkMarkdown-fegkjzhxkpkatfgscsnwljoxebbz/Build/Products/Debug-iphonesimulator/PackageFrameworks -F/Users/shizihan/Library/Developer/Xcode/DerivedData/InkMarkdown-fegkjzhxkpkatfgscsnwljoxebbz/Build/Products/Debug-iphonesimulator/PackageFrameworks -F/Users/shizihan/Library/Developer/Xcode/DerivedData/InkMarkdown-fegkjzhxkpkatfgscsnwljoxebbz/Build/Products/Debug-iphonesimulator/PackageFrameworks -F/Users/shizihan/Library/Developer/Xcode/DerivedData/InkMarkdown-fegkjzhxkpkatfgscsnwljoxebbz/Build/Products/Debug-iphonesimulator/PackageFrameworks -F/Users/shizihan/Library/Developer/Xcode/DerivedData/InkMarkdown-fegkjzhxkpkatfgscsnwljoxebbz/Build/Products/Debug-iphonesimulator/PackageFrameworks -F/Users/shizihan/Library/Developer/Xcode/DerivedData/InkMarkdown-fegkjzhxkpkatfgscsnwljoxebbz/Build/Products/Debug-iphonesimulator/PackageFrameworks -F/Users/shizihan/Library/Developer/Xcode/DerivedData/InkMarkdown-fegkjzhxkpkatfgscsnwljoxebbz/Build/Products/Debug-iphonesimulator/PackageFrameworks -F/Users/shizihan/Library/Developer/Xcode/DerivedData/InkMarkdown-fegkjzhxkpkatfgscsnwljoxebbz/Build/Products/Debug-iphonesimulator -iframework /Applications/Xcode.app/Contents/Developer/Platforms/iPhoneSimulator.platform/Developer/Library/Frameworks -iframework /Applications/Xcode.app/Contents/Developer/Platforms/iPhoneSimulator.platform/Developer/SDKs/iPhoneSimulator26.5.sdk/Developer/Library/Frameworks -filelist /Users/shizihan/Library/Developer/Xcode/DerivedData/InkMarkdown-fegkjzhxkpkatfgscsnwljoxebbz/Build/Intermediates.noindex/InkMarkdown.build/Debug-iphonesimulator/InkMarkdownSwiftUITests.build/Objects-normal/arm64/InkMarkdownSwiftUITests.LinkFileList -Xlinker -rpath -Xlinker /usr/lib/swift -Xlinker -rpath -Xlinker /Users/shizihan/Library/Developer/Xcode/DerivedData/InkMarkdown-fegkjzhxkpkatfgscsnwljoxebbz/Build/Products/Debug-iphonesimulator/PackageFrameworks -Xlinker -rpath -Xlinker @loader_path/Frameworks -Xlinker -rpath -Xlinker @loader_path/../Frameworks -Xlinker -dead_strip -Xlinker -object_path_lto -Xlinker /Users/shizihan/Library/Developer/Xcode/DerivedData/InkMarkdown-fegkjzhxkpkatfgscsnwljoxebbz/Build/Intermediates.noindex/InkMarkdown.build/Debug-iphonesimulator/InkMarkdownSwiftUITests.build/Objects-normal/arm64/InkMarkdownSwiftUITests_lto.o -rdynamic -Xlinker -no_deduplicate -Xlinker -objc_abi_version -Xlinker 2 -Xlinker -debug_variant -Xlinker -dependency_info -Xlinker /Users/shizihan/Library/Developer/Xcode/DerivedData/InkMarkdown-fegkjzhxkpkatfgscsnwljoxebbz/Build/Intermediates.noindex/InkMarkdown.build/Debug-iphonesimulator/InkMarkdownSwiftUITests.build/Objects-normal/arm64/InkMarkdownSwiftUITests_dependency_info.dat -fobjc-link-runtime -fprofile-instr-generate -L/Applications/Xcode.app/Contents/Developer/Toolchains/XcodeDefault.xctoolchain/usr/lib/swift/iphonesimulator -L/usr/lib/swift -Xlinker -add_ast_path -Xlinker /Users/shizihan/Library/Developer/Xcode/DerivedData/InkMarkdown-fegkjzhxkpkatfgscsnwljoxebbz/Build/Intermediates.noindex/InkMarkdown.build/Debug-iphonesimulator/InkMarkdownSwiftUITests.build/Objects-normal/arm64/InkMarkdownSwiftUITests.swiftmodule @/Users/shizihan/Library/Developer/Xcode/DerivedData/InkMarkdown-fegkjzhxkpkatfgscsnwljoxebbz/Build/Intermediates.noindex/InkMarkdown.build/Debug-iphonesimulator/InkMarkdownSwiftUITests.build/Objects-normal/arm64/InkMarkdownSwiftUITests-linker-args.resp -Wl,-no_warn_duplicate_libraries -Wl,-no_warn_duplicate_libraries -Wl,-no_warn_duplicate_libraries -Wl,-no_warn_duplicate_libraries -Wl,-no_warn_duplicate_libraries -Wl,-no_warn_duplicate_libraries -Wl,-no_warn_duplicate_libraries -Xlinker -needed_framework -Xlinker XCTest -framework XCTest -Xlinker -needed-lXCTestSwiftSupport -lXCTestSwiftSupport -Xlinker -no_adhoc_codesign -o /Users/shizihan/Library/Developer/Xcode/DerivedData/InkMarkdown-fegkjzhxkpkatfgscsnwljoxebbz/Build/Products/Debug-iphonesimulator/InkMarkdownSwiftUITests.xctest/InkMarkdownSwiftUITests -Xlinker -add_ast_path -Xlinker /Users/shizihan/Library/Developer/Xcode/DerivedData/InkMarkdown-fegkjzhxkpkatfgscsnwljoxebbz/Build/Intermediates.noindex/swift-markdown.build/Debug-iphonesimulator/Markdown.build/Objects-normal/arm64/Markdown.swiftmodule @/Users/shizihan/Library/Developer/Xcode/DerivedData/InkMarkdown-fegkjzhxkpkatfgscsnwljoxebbz/Build/Intermediates.noindex/swift-markdown.build/Debug-iphonesimulator/Markdown.build/Objects-normal/arm64/Markdown-linker-args.resp -Xlinker -add_ast_path -Xlinker /Users/shizihan/Library/Developer/Xcode/DerivedData/InkMarkdown-fegkjzhxkpkatfgscsnwljoxebbz/Build/Intermediates.noindex/InkMarkdown.build/Debug-iphonesimulator/InkMarkdown.build/Objects-normal/arm64/InkMarkdown.swiftmodule @/Users/shizihan/Library/Developer/Xcode/DerivedData/InkMarkdown-fegkjzhxkpkatfgscsnwljoxebbz/Build/Intermediates.noindex/InkMarkdown.build/Debug-iphonesimulator/InkMarkdown.build/Objects-normal/arm64/InkMarkdown-linker-args.resp -Xlinker -add_ast_path -Xlinker /Users/shizihan/Library/Developer/Xcode/DerivedData/InkMarkdown-fegkjzhxkpkatfgscsnwljoxebbz/Build/Intermediates.noindex/InkMarkdown.build/Debug-iphonesimulator/InkMarkdownSwiftUI.build/Objects-normal/arm64/InkMarkdownSwiftUI.swiftmodule @/Users/shizihan/Library/Developer/Xcode/DerivedData/InkMarkdown-fegkjzhxkpkatfgscsnwljoxebbz/Build/Intermediates.noindex/InkMarkdown.build/Debug-iphonesimulator/InkMarkdownSwiftUI.build/Objects-normal/arm64/InkMarkdownSwiftUI-linker-args.resp -Xlinker -add_ast_path -Xlinker /Users/shizihan/Library/Developer/Xcode/DerivedData/InkMarkdown-fegkjzhxkpkatfgscsnwljoxebbz/Build/Intermediates.noindex/InkMarkdown.build/Debug-iphonesimulator/InkMarkdownSemanticCorpus.build/Objects-normal/arm64/InkMarkdownSemanticCorpus.swiftmodule @/Users/shizihan/Library/Developer/Xcode/DerivedData/InkMarkdown-fegkjzhxkpkatfgscsnwljoxebbz/Build/Intermediates.noindex/InkMarkdown.build/Debug-iphonesimulator/InkMarkdownSemanticCorpus.build/Objects-normal/arm64/InkMarkdownSemanticCorpus-linker-args.resp

Ld /Users/shizihan/Library/Developer/Xcode/DerivedData/InkMarkdown-fegkjzhxkpkatfgscsnwljoxebbz/Build/Products/Debug-iphonesimulator/InkMarkdownLaTeXTests.xctest/InkMarkdownLaTeXTests normal (in target 'InkMarkdownLaTeXTests' from project 'InkMarkdown')
    cd /Users/shizihan/DailyUse/Github/InkMarkdown
    /Applications/Xcode.app/Contents/Developer/Toolchains/XcodeDefault.xctoolchain/usr/bin/clang -Xlinker -reproducible -target arm64-apple-ios15.0-simulator -bundle -isysroot /Applications/Xcode.app/Contents/Developer/Platforms/iPhoneSimulator.platform/Developer/SDKs/iPhoneSimulator26.5.sdk -O0 -L/Users/shizihan/Library/Developer/Xcode/DerivedData/InkMarkdown-fegkjzhxkpkatfgscsnwljoxebbz/Build/Intermediates.noindex/EagerLinkingTBDs/Debug-iphonesimulator -L/Users/shizihan/Library/Developer/Xcode/DerivedData/InkMarkdown-fegkjzhxkpkatfgscsnwljoxebbz/Build/Products/Debug-iphonesimulator -L/Applications/Xcode.app/Contents/Developer/Platforms/iPhoneSimulator.platform/Developer/usr/lib -F/Users/shizihan/Library/Developer/Xcode/DerivedData/InkMarkdown-fegkjzhxkpkatfgscsnwljoxebbz/Build/Intermediates.noindex/EagerLinkingTBDs/Debug-iphonesimulator -F/Users/shizihan/Library/Developer/Xcode/DerivedData/InkMarkdown-fegkjzhxkpkatfgscsnwljoxebbz/Build/Products/Debug-iphonesimulator/PackageFrameworks -F/Users/shizihan/Library/Developer/Xcode/DerivedData/InkMarkdown-fegkjzhxkpkatfgscsnwljoxebbz/Build/Products/Debug-iphonesimulator/PackageFrameworks -F/Users/shizihan/Library/Developer/Xcode/DerivedData/InkMarkdown-fegkjzhxkpkatfgscsnwljoxebbz/Build/Products/Debug-iphonesimulator/PackageFrameworks -F/Users/shizihan/Library/Developer/Xcode/DerivedData/InkMarkdown-fegkjzhxkpkatfgscsnwljoxebbz/Build/Products/Debug-iphonesimulator/PackageFrameworks -F/Users/shizihan/Library/Developer/Xcode/DerivedData/InkMarkdown-fegkjzhxkpkatfgscsnwljoxebbz/Build/Products/Debug-iphonesimulator/PackageFrameworks -F/Users/shizihan/Library/Developer/Xcode/DerivedData/InkMarkdown-fegkjzhxkpkatfgscsnwljoxebbz/Build/Products/Debug-iphonesimulator/PackageFrameworks -F/Users/shizihan/Library/Developer/Xcode/DerivedData/InkMarkdown-fegkjzhxkpkatfgscsnwljoxebbz/Build/Products/Debug-iphonesimulator/PackageFrameworks -F/Users/shizihan/Library/Developer/Xcode/DerivedData/InkMarkdown-fegkjzhxkpkatfgscsnwljoxebbz/Build/Products/Debug-iphonesimulator -iframework /Applications/Xcode.app/Contents/Developer/Platforms/iPhoneSimulator.platform/Developer/Library/Frameworks -iframework /Applications/Xcode.app/Contents/Developer/Platforms/iPhoneSimulator.platform/Developer/SDKs/iPhoneSimulator26.5.sdk/Developer/Library/Frameworks -filelist /Users/shizihan/Library/Developer/Xcode/DerivedData/InkMarkdown-fegkjzhxkpkatfgscsnwljoxebbz/Build/Intermediates.noindex/InkMarkdown.build/Debug-iphonesimulator/InkMarkdownLaTeXTests.build/Objects-normal/arm64/InkMarkdownLaTeXTests.LinkFileList -Xlinker -rpath -Xlinker /usr/lib/swift -Xlinker -rpath -Xlinker /Users/shizihan/Library/Developer/Xcode/DerivedData/InkMarkdown-fegkjzhxkpkatfgscsnwljoxebbz/Build/Products/Debug-iphonesimulator/PackageFrameworks -Xlinker -rpath -Xlinker @loader_path/Frameworks -Xlinker -rpath -Xlinker @loader_path/../Frameworks -Xlinker -dead_strip -Xlinker -object_path_lto -Xlinker /Users/shizihan/Library/Developer/Xcode/DerivedData/InkMarkdown-fegkjzhxkpkatfgscsnwljoxebbz/Build/Intermediates.noindex/InkMarkdown.build/Debug-iphonesimulator/InkMarkdownLaTeXTests.build/Objects-normal/arm64/InkMarkdownLaTeXTests_lto.o -rdynamic -Xlinker -no_deduplicate -Xlinker -objc_abi_version -Xlinker 2 -Xlinker -debug_variant -Xlinker -dependency_info -Xlinker /Users/shizihan/Library/Developer/Xcode/DerivedData/InkMarkdown-fegkjzhxkpkatfgscsnwljoxebbz/Build/Intermediates.noindex/InkMarkdown.build/Debug-iphonesimulator/InkMarkdownLaTeXTests.build/Objects-normal/arm64/InkMarkdownLaTeXTests_dependency_info.dat -fobjc-link-runtime -fprofile-instr-generate -L/Applications/Xcode.app/Contents/Developer/Toolchains/XcodeDefault.xctoolchain/usr/lib/swift/iphonesimulator -L/usr/lib/swift -Xlinker -add_ast_path -Xlinker /Users/shizihan/Library/Developer/Xcode/DerivedData/InkMarkdown-fegkjzhxkpkatfgscsnwljoxebbz/Build/Intermediates.noindex/InkMarkdown.build/Debug-iphonesimulator/InkMarkdownLaTeXTests.build/Objects-normal/arm64/InkMarkdownLaTeXTests.swiftmodule @/Users/shizihan/Library/Developer/Xcode/DerivedData/InkMarkdown-fegkjzhxkpkatfgscsnwljoxebbz/Build/Intermediates.noindex/InkMarkdown.build/Debug-iphonesimulator/InkMarkdownLaTeXTests.build/Objects-normal/arm64/InkMarkdownLaTeXTests-linker-args.resp -Wl,-no_warn_duplicate_libraries -Wl,-no_warn_duplicate_libraries -Wl,-no_warn_duplicate_libraries -Wl,-no_warn_duplicate_libraries -Wl,-no_warn_duplicate_libraries -Wl,-no_warn_duplicate_libraries -Wl,-no_warn_duplicate_libraries -Xlinker -needed_framework -Xlinker XCTest -framework XCTest -Xlinker -needed-lXCTestSwiftSupport -lXCTestSwiftSupport -Xlinker -no_adhoc_codesign -o /Users/shizihan/Library/Developer/Xcode/DerivedData/InkMarkdown-fegkjzhxkpkatfgscsnwljoxebbz/Build/Products/Debug-iphonesimulator/InkMarkdownLaTeXTests.xctest/InkMarkdownLaTeXTests -Xlinker -add_ast_path -Xlinker /Users/shizihan/Library/Developer/Xcode/DerivedData/InkMarkdown-fegkjzhxkpkatfgscsnwljoxebbz/Build/Intermediates.noindex/swift-markdown.build/Debug-iphonesimulator/Markdown.build/Objects-normal/arm64/Markdown.swiftmodule @/Users/shizihan/Library/Developer/Xcode/DerivedData/InkMarkdown-fegkjzhxkpkatfgscsnwljoxebbz/Build/Intermediates.noindex/swift-markdown.build/Debug-iphonesimulator/Markdown.build/Objects-normal/arm64/Markdown-linker-args.resp -Xlinker -add_ast_path -Xlinker /Users/shizihan/Library/Developer/Xcode/DerivedData/InkMarkdown-fegkjzhxkpkatfgscsnwljoxebbz/Build/Intermediates.noindex/InkMarkdown.build/Debug-iphonesimulator/InkMarkdown.build/Objects-normal/arm64/InkMarkdown.swiftmodule @/Users/shizihan/Library/Developer/Xcode/DerivedData/InkMarkdown-fegkjzhxkpkatfgscsnwljoxebbz/Build/Intermediates.noindex/InkMarkdown.build/Debug-iphonesimulator/InkMarkdown.build/Objects-normal/arm64/InkMarkdown-linker-args.resp -Xlinker -add_ast_path -Xlinker /Users/shizihan/Library/Developer/Xcode/DerivedData/InkMarkdown-fegkjzhxkpkatfgscsnwljoxebbz/Build/Intermediates.noindex/InkMarkdown.build/Debug-iphonesimulator/InkMarkdownLaTeX.build/Objects-normal/arm64/InkMarkdownLaTeX.swiftmodule @/Users/shizihan/Library/Developer/Xcode/DerivedData/InkMarkdown-fegkjzhxkpkatfgscsnwljoxebbz/Build/Intermediates.noindex/InkMarkdown.build/Debug-iphonesimulator/InkMarkdownLaTeX.build/Objects-normal/arm64/InkMarkdownLaTeX-linker-args.resp

Ld /Users/shizihan/Library/Developer/Xcode/DerivedData/InkMarkdown-fegkjzhxkpkatfgscsnwljoxebbz/Build/Products/Debug-iphonesimulator/InkMarkdownCoreContractTests.xctest/InkMarkdownCoreContractTests normal (in target 'InkMarkdownCoreContractTests' from project 'InkMarkdown')
    cd /Users/shizihan/DailyUse/Github/InkMarkdown
    /Applications/Xcode.app/Contents/Developer/Toolchains/XcodeDefault.xctoolchain/usr/bin/clang -Xlinker -reproducible -target arm64-apple-ios15.0-simulator -bundle -isysroot /Applications/Xcode.app/Contents/Developer/Platforms/iPhoneSimulator.platform/Developer/SDKs/iPhoneSimulator26.5.sdk -O0 -L/Users/shizihan/Library/Developer/Xcode/DerivedData/InkMarkdown-fegkjzhxkpkatfgscsnwljoxebbz/Build/Intermediates.noindex/EagerLinkingTBDs/Debug-iphonesimulator -L/Users/shizihan/Library/Developer/Xcode/DerivedData/InkMarkdown-fegkjzhxkpkatfgscsnwljoxebbz/Build/Products/Debug-iphonesimulator -L/Applications/Xcode.app/Contents/Developer/Platforms/iPhoneSimulator.platform/Developer/usr/lib -F/Users/shizihan/Library/Developer/Xcode/DerivedData/InkMarkdown-fegkjzhxkpkatfgscsnwljoxebbz/Build/Intermediates.noindex/EagerLinkingTBDs/Debug-iphonesimulator -F/Users/shizihan/Library/Developer/Xcode/DerivedData/InkMarkdown-fegkjzhxkpkatfgscsnwljoxebbz/Build/Products/Debug-iphonesimulator/PackageFrameworks -F/Users/shizihan/Library/Developer/Xcode/DerivedData/InkMarkdown-fegkjzhxkpkatfgscsnwljoxebbz/Build/Products/Debug-iphonesimulator/PackageFrameworks -F/Users/shizihan/Library/Developer/Xcode/DerivedData/InkMarkdown-fegkjzhxkpkatfgscsnwljoxebbz/Build/Products/Debug-iphonesimulator/PackageFrameworks -F/Users/shizihan/Library/Developer/Xcode/DerivedData/InkMarkdown-fegkjzhxkpkatfgscsnwljoxebbz/Build/Products/Debug-iphonesimulator/PackageFrameworks -F/Users/shizihan/Library/Developer/Xcode/DerivedData/InkMarkdown-fegkjzhxkpkatfgscsnwljoxebbz/Build/Products/Debug-iphonesimulator/PackageFrameworks -F/Users/shizihan/Library/Developer/Xcode/DerivedData/InkMarkdown-fegkjzhxkpkatfgscsnwljoxebbz/Build/Products/Debug-iphonesimulator -iframework /Applications/Xcode.app/Contents/Developer/Platforms/iPhoneSimulator.platform/Developer/Library/Frameworks -iframework /Applications/Xcode.app/Contents/Developer/Platforms/iPhoneSimulator.platform/Developer/SDKs/iPhoneSimulator26.5.sdk/Developer/Library/Frameworks -filelist /Users/shizihan/Library/Developer/Xcode/DerivedData/InkMarkdown-fegkjzhxkpkatfgscsnwljoxebbz/Build/Intermediates.noindex/InkMarkdown.build/Debug-iphonesimulator/InkMarkdownCoreContractTests.build/Objects-normal/arm64/InkMarkdownCoreContractTests.LinkFileList -Xlinker -rpath -Xlinker /usr/lib/swift -Xlinker -rpath -Xlinker /Users/shizihan/Library/Developer/Xcode/DerivedData/InkMarkdown-fegkjzhxkpkatfgscsnwljoxebbz/Build/Products/Debug-iphonesimulator/PackageFrameworks -Xlinker -rpath -Xlinker @loader_path/Frameworks -Xlinker -rpath -Xlinker @loader_path/../Frameworks -Xlinker -dead_strip -Xlinker -object_path_lto -Xlinker /Users/shizihan/Library/Developer/Xcode/DerivedData/InkMarkdown-fegkjzhxkpkatfgscsnwljoxebbz/Build/Intermediates.noindex/InkMarkdown.build/Debug-iphonesimulator/InkMarkdownCoreContractTests.build/Objects-normal/arm64/InkMarkdownCoreContractTests_lto.o -rdynamic -Xlinker -no_deduplicate -Xlinker -objc_abi_version -Xlinker 2 -Xlinker -debug_variant -Xlinker -dependency_info -Xlinker /Users/shizihan/Library/Developer/Xcode/DerivedData/InkMarkdown-fegkjzhxkpkatfgscsnwljoxebbz/Build/Intermediates.noindex/InkMarkdown.build/Debug-iphonesimulator/InkMarkdownCoreContractTests.build/Objects-normal/arm64/InkMarkdownCoreContractTests_dependency_info.dat -fobjc-link-runtime -fprofile-instr-generate -L/Applications/Xcode.app/Contents/Developer/Toolchains/XcodeDefault.xctoolchain/usr/lib/swift/iphonesimulator -L/usr/lib/swift -Xlinker -add_ast_path -Xlinker /Users/shizihan/Library/Developer/Xcode/DerivedData/InkMarkdown-fegkjzhxkpkatfgscsnwljoxebbz/Build/Intermediates.noindex/InkMarkdown.build/Debug-iphonesimulator/InkMarkdownCoreContractTests.build/Objects-normal/arm64/InkMarkdownCoreContractTests.swiftmodule @/Users/shizihan/Library/Developer/Xcode/DerivedData/InkMarkdown-fegkjzhxkpkatfgscsnwljoxebbz/Build/Intermediates.noindex/InkMarkdown.build/Debug-iphonesimulator/InkMarkdownCoreContractTests.build/Objects-normal/arm64/InkMarkdownCoreContractTests-linker-args.resp -Wl,-no_warn_duplicate_libraries -Wl,-no_warn_duplicate_libraries -Wl,-no_warn_duplicate_libraries -Wl,-no_warn_duplicate_libraries -Wl,-no_warn_duplicate_libraries -Xlinker -needed_framework -Xlinker XCTest -framework XCTest -Xlinker -needed-lXCTestSwiftSupport -lXCTestSwiftSupport -Xlinker -no_adhoc_codesign -o /Users/shizihan/Library/Developer/Xcode/DerivedData/InkMarkdown-fegkjzhxkpkatfgscsnwljoxebbz/Build/Products/Debug-iphonesimulator/InkMarkdownCoreContractTests.xctest/InkMarkdownCoreContractTests -Xlinker -add_ast_path -Xlinker /Users/shizihan/Library/Developer/Xcode/DerivedData/InkMarkdown-fegkjzhxkpkatfgscsnwljoxebbz/Build/Intermediates.noindex/swift-markdown.build/Debug-iphonesimulator/Markdown.build/Objects-normal/arm64/Markdown.swiftmodule @/Users/shizihan/Library/Developer/Xcode/DerivedData/InkMarkdown-fegkjzhxkpkatfgscsnwljoxebbz/Build/Intermediates.noindex/swift-markdown.build/Debug-iphonesimulator/Markdown.build/Objects-normal/arm64/Markdown-linker-args.resp -Xlinker -add_ast_path -Xlinker /Users/shizihan/Library/Developer/Xcode/DerivedData/InkMarkdown-fegkjzhxkpkatfgscsnwljoxebbz/Build/Intermediates.noindex/InkMarkdown.build/Debug-iphonesimulator/InkMarkdown.build/Objects-normal/arm64/InkMarkdown.swiftmodule @/Users/shizihan/Library/Developer/Xcode/DerivedData/InkMarkdown-fegkjzhxkpkatfgscsnwljoxebbz/Build/Intermediates.noindex/InkMarkdown.build/Debug-iphonesimulator/InkMarkdown.build/Objects-normal/arm64/InkMarkdown-linker-args.resp

Ld /Users/shizihan/Library/Developer/Xcode/DerivedData/InkMarkdown-fegkjzhxkpkatfgscsnwljoxebbz/Build/Products/Debug-iphonesimulator/InkMarkdownAddonContractTests.xctest/InkMarkdownAddonContractTests normal (in target 'InkMarkdownAddonContractTests' from project 'InkMarkdown')
    cd /Users/shizihan/DailyUse/Github/InkMarkdown
    /Applications/Xcode.app/Contents/Developer/Toolchains/XcodeDefault.xctoolchain/usr/bin/clang -Xlinker -reproducible -target arm64-apple-ios15.0-simulator -bundle -isysroot /Applications/Xcode.app/Contents/Developer/Platforms/iPhoneSimulator.platform/Developer/SDKs/iPhoneSimulator26.5.sdk -O0 -L/Users/shizihan/Library/Developer/Xcode/DerivedData/InkMarkdown-fegkjzhxkpkatfgscsnwljoxebbz/Build/Intermediates.noindex/EagerLinkingTBDs/Debug-iphonesimulator -L/Users/shizihan/Library/Developer/Xcode/DerivedData/InkMarkdown-fegkjzhxkpkatfgscsnwljoxebbz/Build/Products/Debug-iphonesimulator -L/Applications/Xcode.app/Contents/Developer/Platforms/iPhoneSimulator.platform/Developer/usr/lib -F/Users/shizihan/Library/Developer/Xcode/DerivedData/InkMarkdown-fegkjzhxkpkatfgscsnwljoxebbz/Build/Intermediates.noindex/EagerLinkingTBDs/Debug-iphonesimulator -F/Users/shizihan/Library/Developer/Xcode/DerivedData/InkMarkdown-fegkjzhxkpkatfgscsnwljoxebbz/Build/Products/Debug-iphonesimulator/PackageFrameworks -F/Users/shizihan/Library/Developer/Xcode/DerivedData/InkMarkdown-fegkjzhxkpkatfgscsnwljoxebbz/Build/Products/Debug-iphonesimulator/PackageFrameworks -F/Users/shizihan/Library/Developer/Xcode/DerivedData/InkMarkdown-fegkjzhxkpkatfgscsnwljoxebbz/Build/Products/Debug-iphonesimulator/PackageFrameworks -F/Users/shizihan/Library/Developer/Xcode/DerivedData/InkMarkdown-fegkjzhxkpkatfgscsnwljoxebbz/Build/Products/Debug-iphonesimulator/PackageFrameworks -F/Users/shizihan/Library/Developer/Xcode/DerivedData/InkMarkdown-fegkjzhxkpkatfgscsnwljoxebbz/Build/Products/Debug-iphonesimulator/PackageFrameworks -F/Users/shizihan/Library/Developer/Xcode/DerivedData/InkMarkdown-fegkjzhxkpkatfgscsnwljoxebbz/Build/Products/Debug-iphonesimulator/PackageFrameworks -F/Users/shizihan/Library/Developer/Xcode/DerivedData/InkMarkdown-fegkjzhxkpkatfgscsnwljoxebbz/Build/Products/Debug-iphonesimulator/PackageFrameworks -F/Users/shizihan/Library/Developer/Xcode/DerivedData/InkMarkdown-fegkjzhxkpkatfgscsnwljoxebbz/Build/Products/Debug-iphonesimulator/PackageFrameworks -F/Users/shizihan/Library/Developer/Xcode/DerivedData/InkMarkdown-fegkjzhxkpkatfgscsnwljoxebbz/Build/Products/Debug-iphonesimulator -iframework /Applications/Xcode.app/Contents/Developer/Platforms/iPhoneSimulator.platform/Developer/Library/Frameworks -iframework /Applications/Xcode.app/Contents/Developer/Platforms/iPhoneSimulator.platform/Developer/SDKs/iPhoneSimulator26.5.sdk/Developer/Library/Frameworks -filelist /Users/shizihan/Library/Developer/Xcode/DerivedData/InkMarkdown-fegkjzhxkpkatfgscsnwljoxebbz/Build/Intermediates.noindex/InkMarkdown.build/Debug-iphonesimulator/InkMarkdownAddonContractTests.build/Objects-normal/arm64/InkMarkdownAddonContractTests.LinkFileList -Xlinker -rpath -Xlinker /usr/lib/swift -Xlinker -rpath -Xlinker /Users/shizihan/Library/Developer/Xcode/DerivedData/InkMarkdown-fegkjzhxkpkatfgscsnwljoxebbz/Build/Products/Debug-iphonesimulator/PackageFrameworks -Xlinker -rpath -Xlinker @loader_path/Frameworks -Xlinker -rpath -Xlinker @loader_path/../Frameworks -Xlinker -dead_strip -Xlinker -object_path_lto -Xlinker /Users/shizihan/Library/Developer/Xcode/DerivedData/InkMarkdown-fegkjzhxkpkatfgscsnwljoxebbz/Build/Intermediates.noindex/InkMarkdown.build/Debug-iphonesimulator/InkMarkdownAddonContractTests.build/Objects-normal/arm64/InkMarkdownAddonContractTests_lto.o -rdynamic -Xlinker -no_deduplicate -Xlinker -objc_abi_version -Xlinker 2 -Xlinker -debug_variant -Xlinker -dependency_info -Xlinker /Users/shizihan/Library/Developer/Xcode/DerivedData/InkMarkdown-fegkjzhxkpkatfgscsnwljoxebbz/Build/Intermediates.noindex/InkMarkdown.build/Debug-iphonesimulator/InkMarkdownAddonContractTests.build/Objects-normal/arm64/InkMarkdownAddonContractTests_dependency_info.dat -fobjc-link-runtime -fprofile-instr-generate -L/Applications/Xcode.app/Contents/Developer/Toolchains/XcodeDefault.xctoolchain/usr/lib/swift/iphonesimulator -L/usr/lib/swift -Xlinker -add_ast_path -Xlinker /Users/shizihan/Library/Developer/Xcode/DerivedData/InkMarkdown-fegkjzhxkpkatfgscsnwljoxebbz/Build/Intermediates.noindex/InkMarkdown.build/Debug-iphonesimulator/InkMarkdownAddonContractTests.build/Objects-normal/arm64/InkMarkdownAddonContractTests.swiftmodule @/Users/shizihan/Library/Developer/Xcode/DerivedData/InkMarkdown-fegkjzhxkpkatfgscsnwljoxebbz/Build/Intermediates.noindex/InkMarkdown.build/Debug-iphonesimulator/InkMarkdownAddonContractTests.build/Objects-normal/arm64/InkMarkdownAddonContractTests-linker-args.resp -Wl,-no_warn_duplicate_libraries -Wl,-no_warn_duplicate_libraries -Wl,-no_warn_duplicate_libraries -Wl,-no_warn_duplicate_libraries -Wl,-no_warn_duplicate_libraries -Wl,-no_warn_duplicate_libraries -Wl,-no_warn_duplicate_libraries -Wl,-no_warn_duplicate_libraries -Xlinker -needed_framework -Xlinker XCTest -framework XCTest -Xlinker -needed-lXCTestSwiftSupport -lXCTestSwiftSupport -Xlinker -no_adhoc_codesign -o /Users/shizihan/Library/Developer/Xcode/DerivedData/InkMarkdown-fegkjzhxkpkatfgscsnwljoxebbz/Build/Products/Debug-iphonesimulator/InkMarkdownAddonContractTests.xctest/InkMarkdownAddonContractTests -Xlinker -add_ast_path -Xlinker /Users/shizihan/Library/Developer/Xcode/DerivedData/InkMarkdown-fegkjzhxkpkatfgscsnwljoxebbz/Build/Intermediates.noindex/swift-markdown.build/Debug-iphonesimulator/Markdown.build/Objects-normal/arm64/Markdown.swiftmodule @/Users/shizihan/Library/Developer/Xcode/DerivedData/InkMarkdown-fegkjzhxkpkatfgscsnwljoxebbz/Build/Intermediates.noindex/swift-markdown.build/Debug-iphonesimulator/Markdown.build/Objects-normal/arm64/Markdown-linker-args.resp -Xlinker -add_ast_path -Xlinker /Users/shizihan/Library/Developer/Xcode/DerivedData/InkMarkdown-fegkjzhxkpkatfgscsnwljoxebbz/Build/Intermediates.noindex/InkMarkdown.build/Debug-iphonesimulator/InkMarkdown.build/Objects-normal/arm64/InkMarkdown.swiftmodule @/Users/shizihan/Library/Developer/Xcode/DerivedData/InkMarkdown-fegkjzhxkpkatfgscsnwljoxebbz/Build/Intermediates.noindex/InkMarkdown.build/Debug-iphonesimulator/InkMarkdown.build/Objects-normal/arm64/InkMarkdown-linker-args.resp -Xlinker -add_ast_path -Xlinker /Users/shizihan/Library/Developer/Xcode/DerivedData/InkMarkdown-fegkjzhxkpkatfgscsnwljoxebbz/Build/Intermediates.noindex/InkMarkdown.build/Debug-iphonesimulator/InkMarkdownLaTeX.build/Objects-normal/arm64/InkMarkdownLaTeX.swiftmodule @/Users/shizihan/Library/Developer/Xcode/DerivedData/InkMarkdown-fegkjzhxkpkatfgscsnwljoxebbz/Build/Intermediates.noindex/InkMarkdown.build/Debug-iphonesimulator/InkMarkdownLaTeX.build/Objects-normal/arm64/InkMarkdownLaTeX-linker-args.resp -Xlinker -add_ast_path -Xlinker /Users/shizihan/Library/Developer/Xcode/DerivedData/InkMarkdown-fegkjzhxkpkatfgscsnwljoxebbz/Build/Intermediates.noindex/InkMarkdown.build/Debug-iphonesimulator/InkMarkdownMermaid.build/Objects-normal/arm64/InkMarkdownMermaid.swiftmodule @/Users/shizihan/Library/Developer/Xcode/DerivedData/InkMarkdown-fegkjzhxkpkatfgscsnwljoxebbz/Build/Intermediates.noindex/InkMarkdown.build/Debug-iphonesimulator/InkMarkdownMermaid.build/Objects-normal/arm64/InkMarkdownMermaid-linker-args.resp

Ld /Users/shizihan/Library/Developer/Xcode/DerivedData/InkMarkdown-fegkjzhxkpkatfgscsnwljoxebbz/Build/Products/Debug-iphonesimulator/ExampleAppPolicyTests.xctest/ExampleAppPolicyTests normal (in target 'ExampleAppPolicyTests' from project 'InkMarkdown')
    cd /Users/shizihan/DailyUse/Github/InkMarkdown
    /Applications/Xcode.app/Contents/Developer/Toolchains/XcodeDefault.xctoolchain/usr/bin/clang -Xlinker -reproducible -target arm64-apple-ios15.0-simulator -bundle -isysroot /Applications/Xcode.app/Contents/Developer/Platforms/iPhoneSimulator.platform/Developer/SDKs/iPhoneSimulator26.5.sdk -O0 -L/Users/shizihan/Library/Developer/Xcode/DerivedData/InkMarkdown-fegkjzhxkpkatfgscsnwljoxebbz/Build/Intermediates.noindex/EagerLinkingTBDs/Debug-iphonesimulator -L/Users/shizihan/Library/Developer/Xcode/DerivedData/InkMarkdown-fegkjzhxkpkatfgscsnwljoxebbz/Build/Products/Debug-iphonesimulator -L/Applications/Xcode.app/Contents/Developer/Platforms/iPhoneSimulator.platform/Developer/usr/lib -F/Users/shizihan/Library/Developer/Xcode/DerivedData/InkMarkdown-fegkjzhxkpkatfgscsnwljoxebbz/Build/Intermediates.noindex/EagerLinkingTBDs/Debug-iphonesimulator -F/Users/shizihan/Library/Developer/Xcode/DerivedData/InkMarkdown-fegkjzhxkpkatfgscsnwljoxebbz/Build/Products/Debug-iphonesimulator/PackageFrameworks -F/Users/shizihan/Library/Developer/Xcode/DerivedData/InkMarkdown-fegkjzhxkpkatfgscsnwljoxebbz/Build/Products/Debug-iphonesimulator -iframework /Applications/Xcode.app/Contents/Developer/Platforms/iPhoneSimulator.platform/Developer/Library/Frameworks -iframework /Applications/Xcode.app/Contents/Developer/Platforms/iPhoneSimulator.platform/Developer/SDKs/iPhoneSimulator26.5.sdk/Developer/Library/Frameworks -filelist /Users/shizihan/Library/Developer/Xcode/DerivedData/InkMarkdown-fegkjzhxkpkatfgscsnwljoxebbz/Build/Intermediates.noindex/InkMarkdown.build/Debug-iphonesimulator/ExampleAppPolicyTests.build/Objects-normal/arm64/ExampleAppPolicyTests.LinkFileList -Xlinker -rpath -Xlinker /usr/lib/swift -Xlinker -rpath -Xlinker /Users/shizihan/Library/Developer/Xcode/DerivedData/InkMarkdown-fegkjzhxkpkatfgscsnwljoxebbz/Build/Products/Debug-iphonesimulator/PackageFrameworks -Xlinker -rpath -Xlinker @loader_path/Frameworks -Xlinker -rpath -Xlinker @loader_path/../Frameworks -Xlinker -dead_strip -Xlinker -object_path_lto -Xlinker /Users/shizihan/Library/Developer/Xcode/DerivedData/InkMarkdown-fegkjzhxkpkatfgscsnwljoxebbz/Build/Intermediates.noindex/InkMarkdown.build/Debug-iphonesimulator/ExampleAppPolicyTests.build/Objects-normal/arm64/ExampleAppPolicyTests_lto.o -rdynamic -Xlinker -no_deduplicate -Xlinker -objc_abi_version -Xlinker 2 -Xlinker -debug_variant -Xlinker -dependency_info -Xlinker /Users/shizihan/Library/Developer/Xcode/DerivedData/InkMarkdown-fegkjzhxkpkatfgscsnwljoxebbz/Build/Intermediates.noindex/InkMarkdown.build/Debug-iphonesimulator/ExampleAppPolicyTests.build/Objects-normal/arm64/ExampleAppPolicyTests_dependency_info.dat -fobjc-link-runtime -fprofile-instr-generate -L/Applications/Xcode.app/Contents/Developer/Toolchains/XcodeDefault.xctoolchain/usr/lib/swift/iphonesimulator -L/usr/lib/swift -Xlinker -add_ast_path -Xlinker /Users/shizihan/Library/Developer/Xcode/DerivedData/InkMarkdown-fegkjzhxkpkatfgscsnwljoxebbz/Build/Intermediates.noindex/InkMarkdown.build/Debug-iphonesimulator/ExampleAppPolicyTests.build/Objects-normal/arm64/ExampleAppPolicyTests.swiftmodule @/Users/shizihan/Library/Developer/Xcode/DerivedData/InkMarkdown-fegkjzhxkpkatfgscsnwljoxebbz/Build/Intermediates.noindex/InkMarkdown.build/Debug-iphonesimulator/ExampleAppPolicyTests.build/Objects-normal/arm64/ExampleAppPolicyTests-linker-args.resp -Wl,-no_warn_duplicate_libraries -Xlinker -needed_framework -Xlinker XCTest -framework XCTest -Xlinker -needed-lXCTestSwiftSupport -lXCTestSwiftSupport -Xlinker -no_adhoc_codesign -o /Users/shizihan/Library/Developer/Xcode/DerivedData/InkMarkdown-fegkjzhxkpkatfgscsnwljoxebbz/Build/Products/Debug-iphonesimulator/ExampleAppPolicyTests.xctest/ExampleAppPolicyTests -Xlinker -add_ast_path -Xlinker /Users/shizihan/Library/Developer/Xcode/DerivedData/InkMarkdown-fegkjzhxkpkatfgscsnwljoxebbz/Build/Intermediates.noindex/InkMarkdown.build/Debug-iphonesimulator/ExampleAppChatPolicy.build/Objects-normal/arm64/ExampleAppChatPolicy.swiftmodule @/Users/shizihan/Library/Developer/Xcode/DerivedData/InkMarkdown-fegkjzhxkpkatfgscsnwljoxebbz/Build/Intermediates.noindex/InkMarkdown.build/Debug-iphonesimulator/ExampleAppChatPolicy.build/Objects-normal/arm64/ExampleAppChatPolicy-linker-args.resp

ProcessInfoPlistFile /Users/shizihan/Library/Developer/Xcode/DerivedData/InkMarkdown-fegkjzhxkpkatfgscsnwljoxebbz/Build/Products/Debug-iphonesimulator/InkMarkdownTests.xctest/Info.plist /Users/shizihan/Library/Developer/Xcode/DerivedData/InkMarkdown-fegkjzhxkpkatfgscsnwljoxebbz/Build/Intermediates.noindex/InkMarkdown.build/Debug-iphonesimulator/InkMarkdownTests.build/empty-InkMarkdownTests.plist (in target 'InkMarkdownTests' from project 'InkMarkdown')
    cd /Users/shizihan/DailyUse/Github/InkMarkdown
    builtin-infoPlistUtility /Users/shizihan/Library/Developer/Xcode/DerivedData/InkMarkdown-fegkjzhxkpkatfgscsnwljoxebbz/Build/Intermediates.noindex/InkMarkdown.build/Debug-iphonesimulator/InkMarkdownTests.build/empty-InkMarkdownTests.plist -producttype com.apple.product-type.bundle.unit-test -expandbuildsettings -format binary -platform iphonesimulator -o /Users/shizihan/Library/Developer/Xcode/DerivedData/InkMarkdown-fegkjzhxkpkatfgscsnwljoxebbz/Build/Products/Debug-iphonesimulator/InkMarkdownTests.xctest/Info.plist

ProcessInfoPlistFile /Users/shizihan/Library/Developer/Xcode/DerivedData/InkMarkdown-fegkjzhxkpkatfgscsnwljoxebbz/Build/Products/Debug-iphonesimulator/InkMarkdownSwiftUITests.xctest/Info.plist /Users/shizihan/Library/Developer/Xcode/DerivedData/InkMarkdown-fegkjzhxkpkatfgscsnwljoxebbz/Build/Intermediates.noindex/InkMarkdown.build/Debug-iphonesimulator/InkMarkdownSwiftUITests.build/empty-InkMarkdownSwiftUITests.plist (in target 'InkMarkdownSwiftUITests' from project 'InkMarkdown')
    cd /Users/shizihan/DailyUse/Github/InkMarkdown
    builtin-infoPlistUtility /Users/shizihan/Library/Developer/Xcode/DerivedData/InkMarkdown-fegkjzhxkpkatfgscsnwljoxebbz/Build/Intermediates.noindex/InkMarkdown.build/Debug-iphonesimulator/InkMarkdownSwiftUITests.build/empty-InkMarkdownSwiftUITests.plist -producttype com.apple.product-type.bundle.unit-test -expandbuildsettings -format binary -platform iphonesimulator -o /Users/shizihan/Library/Developer/Xcode/DerivedData/InkMarkdown-fegkjzhxkpkatfgscsnwljoxebbz/Build/Products/Debug-iphonesimulator/InkMarkdownSwiftUITests.xctest/Info.plist

Copy /Users/shizihan/Library/Developer/Xcode/DerivedData/InkMarkdown-fegkjzhxkpkatfgscsnwljoxebbz/Build/Products/Debug-iphonesimulator/InkMarkdownMermaidTests.xctest/InkMarkdown_InkMarkdownMermaid.bundle /Users/shizihan/Library/Developer/Xcode/DerivedData/InkMarkdown-fegkjzhxkpkatfgscsnwljoxebbz/Build/Products/Debug-iphonesimulator/InkMarkdown_InkMarkdownMermaid.bundle (in target 'InkMarkdownMermaidTests' from project 'InkMarkdown')
    cd /Users/shizihan/DailyUse/Github/InkMarkdown
    builtin-copy -exclude .DS_Store -exclude CVS -exclude .svn -exclude .git -exclude .hg -resolve-src-symlinks /Users/shizihan/Library/Developer/Xcode/DerivedData/InkMarkdown-fegkjzhxkpkatfgscsnwljoxebbz/Build/Products/Debug-iphonesimulator/InkMarkdown_InkMarkdownMermaid.bundle /Users/shizihan/Library/Developer/Xcode/DerivedData/InkMarkdown-fegkjzhxkpkatfgscsnwljoxebbz/Build/Products/Debug-iphonesimulator/InkMarkdownMermaidTests.xctest

Copy /Users/shizihan/Library/Developer/Xcode/DerivedData/InkMarkdown-fegkjzhxkpkatfgscsnwljoxebbz/Build/Products/Debug-iphonesimulator/InkMarkdownLaTeXTests.xctest/iosMath_iosMath.bundle /Users/shizihan/Library/Developer/Xcode/DerivedData/InkMarkdown-fegkjzhxkpkatfgscsnwljoxebbz/Build/Products/Debug-iphonesimulator/iosMath_iosMath.bundle (in target 'InkMarkdownLaTeXTests' from project 'InkMarkdown')
    cd /Users/shizihan/DailyUse/Github/InkMarkdown
    builtin-copy -exclude .DS_Store -exclude CVS -exclude .svn -exclude .git -exclude .hg -resolve-src-symlinks /Users/shizihan/Library/Developer/Xcode/DerivedData/InkMarkdown-fegkjzhxkpkatfgscsnwljoxebbz/Build/Products/Debug-iphonesimulator/iosMath_iosMath.bundle /Users/shizihan/Library/Developer/Xcode/DerivedData/InkMarkdown-fegkjzhxkpkatfgscsnwljoxebbz/Build/Products/Debug-iphonesimulator/InkMarkdownLaTeXTests.xctest

ProcessInfoPlistFile /Users/shizihan/Library/Developer/Xcode/DerivedData/InkMarkdown-fegkjzhxkpkatfgscsnwljoxebbz/Build/Products/Debug-iphonesimulator/InkMarkdownCoreContractTests.xctest/Info.plist /Users/shizihan/Library/Developer/Xcode/DerivedData/InkMarkdown-fegkjzhxkpkatfgscsnwljoxebbz/Build/Intermediates.noindex/InkMarkdown.build/Debug-iphonesimulator/InkMarkdownCoreContractTests.build/empty-InkMarkdownCoreContractTests.plist (in target 'InkMarkdownCoreContractTests' from project 'InkMarkdown')
    cd /Users/shizihan/DailyUse/Github/InkMarkdown
    builtin-infoPlistUtility /Users/shizihan/Library/Developer/Xcode/DerivedData/InkMarkdown-fegkjzhxkpkatfgscsnwljoxebbz/Build/Intermediates.noindex/InkMarkdown.build/Debug-iphonesimulator/InkMarkdownCoreContractTests.build/empty-InkMarkdownCoreContractTests.plist -producttype com.apple.product-type.bundle.unit-test -expandbuildsettings -format binary -platform iphonesimulator -o /Users/shizihan/Library/Developer/Xcode/DerivedData/InkMarkdown-fegkjzhxkpkatfgscsnwljoxebbz/Build/Products/Debug-iphonesimulator/InkMarkdownCoreContractTests.xctest/Info.plist

Copy /Users/shizihan/Library/Developer/Xcode/DerivedData/InkMarkdown-fegkjzhxkpkatfgscsnwljoxebbz/Build/Products/Debug-iphonesimulator/InkMarkdownAddonContractTests.xctest/iosMath_iosMath.bundle /Users/shizihan/Library/Developer/Xcode/DerivedData/InkMarkdown-fegkjzhxkpkatfgscsnwljoxebbz/Build/Products/Debug-iphonesimulator/iosMath_iosMath.bundle (in target 'InkMarkdownAddonContractTests' from project 'InkMarkdown')
    cd /Users/shizihan/DailyUse/Github/InkMarkdown
    builtin-copy -exclude .DS_Store -exclude CVS -exclude .svn -exclude .git -exclude .hg -resolve-src-symlinks /Users/shizihan/Library/Developer/Xcode/DerivedData/InkMarkdown-fegkjzhxkpkatfgscsnwljoxebbz/Build/Products/Debug-iphonesimulator/iosMath_iosMath.bundle /Users/shizihan/Library/Developer/Xcode/DerivedData/InkMarkdown-fegkjzhxkpkatfgscsnwljoxebbz/Build/Products/Debug-iphonesimulator/InkMarkdownAddonContractTests.xctest

Copy /Users/shizihan/Library/Developer/Xcode/DerivedData/InkMarkdown-fegkjzhxkpkatfgscsnwljoxebbz/Build/Products/Debug-iphonesimulator/InkMarkdownAddonContractTests.xctest/InkMarkdown_InkMarkdownMermaid.bundle /Users/shizihan/Library/Developer/Xcode/DerivedData/InkMarkdown-fegkjzhxkpkatfgscsnwljoxebbz/Build/Products/Debug-iphonesimulator/InkMarkdown_InkMarkdownMermaid.bundle (in target 'InkMarkdownAddonContractTests' from project 'InkMarkdown')
    cd /Users/shizihan/DailyUse/Github/InkMarkdown
    builtin-copy -exclude .DS_Store -exclude CVS -exclude .svn -exclude .git -exclude .hg -resolve-src-symlinks /Users/shizihan/Library/Developer/Xcode/DerivedData/InkMarkdown-fegkjzhxkpkatfgscsnwljoxebbz/Build/Products/Debug-iphonesimulator/InkMarkdown_InkMarkdownMermaid.bundle /Users/shizihan/Library/Developer/Xcode/DerivedData/InkMarkdown-fegkjzhxkpkatfgscsnwljoxebbz/Build/Products/Debug-iphonesimulator/InkMarkdownAddonContractTests.xctest

ProcessInfoPlistFile /Users/shizihan/Library/Developer/Xcode/DerivedData/InkMarkdown-fegkjzhxkpkatfgscsnwljoxebbz/Build/Products/Debug-iphonesimulator/InkMarkdownMermaidTests.xctest/Info.plist /Users/shizihan/Library/Developer/Xcode/DerivedData/InkMarkdown-fegkjzhxkpkatfgscsnwljoxebbz/Build/Intermediates.noindex/InkMarkdown.build/Debug-iphonesimulator/InkMarkdownMermaidTests.build/empty-InkMarkdownMermaidTests.plist (in target 'InkMarkdownMermaidTests' from project 'InkMarkdown')
    cd /Users/shizihan/DailyUse/Github/InkMarkdown
    builtin-infoPlistUtility /Users/shizihan/Library/Developer/Xcode/DerivedData/InkMarkdown-fegkjzhxkpkatfgscsnwljoxebbz/Build/Intermediates.noindex/InkMarkdown.build/Debug-iphonesimulator/InkMarkdownMermaidTests.build/empty-InkMarkdownMermaidTests.plist -producttype com.apple.product-type.bundle.unit-test -expandbuildsettings -format binary -platform iphonesimulator -scanforprivacyfile /Users/shizihan/Library/Developer/Xcode/DerivedData/InkMarkdown-fegkjzhxkpkatfgscsnwljoxebbz/Build/Products/Debug-iphonesimulator/InkMarkdownMermaidTests.xctest/InkMarkdown_InkMarkdownMermaid.bundle -o /Users/shizihan/Library/Developer/Xcode/DerivedData/InkMarkdown-fegkjzhxkpkatfgscsnwljoxebbz/Build/Products/Debug-iphonesimulator/InkMarkdownMermaidTests.xctest/Info.plist

ProcessInfoPlistFile /Users/shizihan/Library/Developer/Xcode/DerivedData/InkMarkdown-fegkjzhxkpkatfgscsnwljoxebbz/Build/Products/Debug-iphonesimulator/ExampleAppPolicyTests.xctest/Info.plist /Users/shizihan/Library/Developer/Xcode/DerivedData/InkMarkdown-fegkjzhxkpkatfgscsnwljoxebbz/Build/Intermediates.noindex/InkMarkdown.build/Debug-iphonesimulator/ExampleAppPolicyTests.build/empty-ExampleAppPolicyTests.plist (in target 'ExampleAppPolicyTests' from project 'InkMarkdown')
    cd /Users/shizihan/DailyUse/Github/InkMarkdown
    builtin-infoPlistUtility /Users/shizihan/Library/Developer/Xcode/DerivedData/InkMarkdown-fegkjzhxkpkatfgscsnwljoxebbz/Build/Intermediates.noindex/InkMarkdown.build/Debug-iphonesimulator/ExampleAppPolicyTests.build/empty-ExampleAppPolicyTests.plist -producttype com.apple.product-type.bundle.unit-test -expandbuildsettings -format binary -platform iphonesimulator -o /Users/shizihan/Library/Developer/Xcode/DerivedData/InkMarkdown-fegkjzhxkpkatfgscsnwljoxebbz/Build/Products/Debug-iphonesimulator/ExampleAppPolicyTests.xctest/Info.plist

ProcessInfoPlistFile /Users/shizihan/Library/Developer/Xcode/DerivedData/InkMarkdown-fegkjzhxkpkatfgscsnwljoxebbz/Build/Products/Debug-iphonesimulator/InkMarkdownLaTeXTests.xctest/Info.plist /Users/shizihan/Library/Developer/Xcode/DerivedData/InkMarkdown-fegkjzhxkpkatfgscsnwljoxebbz/Build/Intermediates.noindex/InkMarkdown.build/Debug-iphonesimulator/InkMarkdownLaTeXTests.build/empty-InkMarkdownLaTeXTests.plist (in target 'InkMarkdownLaTeXTests' from project 'InkMarkdown')
    cd /Users/shizihan/DailyUse/Github/InkMarkdown
    builtin-infoPlistUtility /Users/shizihan/Library/Developer/Xcode/DerivedData/InkMarkdown-fegkjzhxkpkatfgscsnwljoxebbz/Build/Intermediates.noindex/InkMarkdown.build/Debug-iphonesimulator/InkMarkdownLaTeXTests.build/empty-InkMarkdownLaTeXTests.plist -producttype com.apple.product-type.bundle.unit-test -expandbuildsettings -format binary -platform iphonesimulator -scanforprivacyfile /Users/shizihan/Library/Developer/Xcode/DerivedData/InkMarkdown-fegkjzhxkpkatfgscsnwljoxebbz/Build/Products/Debug-iphonesimulator/InkMarkdownLaTeXTests.xctest/iosMath_iosMath.bundle -o /Users/shizihan/Library/Developer/Xcode/DerivedData/InkMarkdown-fegkjzhxkpkatfgscsnwljoxebbz/Build/Products/Debug-iphonesimulator/InkMarkdownLaTeXTests.xctest/Info.plist

ProcessInfoPlistFile /Users/shizihan/Library/Developer/Xcode/DerivedData/InkMarkdown-fegkjzhxkpkatfgscsnwljoxebbz/Build/Products/Debug-iphonesimulator/InkMarkdownAddonContractTests.xctest/Info.plist /Users/shizihan/Library/Developer/Xcode/DerivedData/InkMarkdown-fegkjzhxkpkatfgscsnwljoxebbz/Build/Intermediates.noindex/InkMarkdown.build/Debug-iphonesimulator/InkMarkdownAddonContractTests.build/empty-InkMarkdownAddonContractTests.plist (in target 'InkMarkdownAddonContractTests' from project 'InkMarkdown')
    cd /Users/shizihan/DailyUse/Github/InkMarkdown
    builtin-infoPlistUtility /Users/shizihan/Library/Developer/Xcode/DerivedData/InkMarkdown-fegkjzhxkpkatfgscsnwljoxebbz/Build/Intermediates.noindex/InkMarkdown.build/Debug-iphonesimulator/InkMarkdownAddonContractTests.build/empty-InkMarkdownAddonContractTests.plist -producttype com.apple.product-type.bundle.unit-test -expandbuildsettings -format binary -platform iphonesimulator -scanforprivacyfile /Users/shizihan/Library/Developer/Xcode/DerivedData/InkMarkdown-fegkjzhxkpkatfgscsnwljoxebbz/Build/Products/Debug-iphonesimulator/InkMarkdownAddonContractTests.xctest/InkMarkdown_InkMarkdownMermaid.bundle -scanforprivacyfile /Users/shizihan/Library/Developer/Xcode/DerivedData/InkMarkdown-fegkjzhxkpkatfgscsnwljoxebbz/Build/Products/Debug-iphonesimulator/InkMarkdownAddonContractTests.xctest/iosMath_iosMath.bundle -o /Users/shizihan/Library/Developer/Xcode/DerivedData/InkMarkdown-fegkjzhxkpkatfgscsnwljoxebbz/Build/Products/Debug-iphonesimulator/InkMarkdownAddonContractTests.xctest/Info.plist

CopySwiftLibs /Users/shizihan/Library/Developer/Xcode/DerivedData/InkMarkdown-fegkjzhxkpkatfgscsnwljoxebbz/Build/Products/Debug-iphonesimulator/ExampleAppPolicyTests.xctest (in target 'ExampleAppPolicyTests' from project 'InkMarkdown')
    cd /Users/shizihan/DailyUse/Github/InkMarkdown
    builtin-swiftStdLibTool --copy --verbose --sign - --scan-executable /Users/shizihan/Library/Developer/Xcode/DerivedData/InkMarkdown-fegkjzhxkpkatfgscsnwljoxebbz/Build/Products/Debug-iphonesimulator/ExampleAppPolicyTests.xctest/ExampleAppPolicyTests --scan-folder /Users/shizihan/Library/Developer/Xcode/DerivedData/InkMarkdown-fegkjzhxkpkatfgscsnwljoxebbz/Build/Products/Debug-iphonesimulator/ExampleAppPolicyTests.xctest/Frameworks --scan-folder /Users/shizihan/Library/Developer/Xcode/DerivedData/InkMarkdown-fegkjzhxkpkatfgscsnwljoxebbz/Build/Products/Debug-iphonesimulator/ExampleAppPolicyTests.xctest/PlugIns --scan-folder /Users/shizihan/Library/Developer/Xcode/DerivedData/InkMarkdown-fegkjzhxkpkatfgscsnwljoxebbz/Build/Products/Debug-iphonesimulator/ExampleAppPolicyTests.xctest/SystemExtensions --scan-folder /Users/shizihan/Library/Developer/Xcode/DerivedData/InkMarkdown-fegkjzhxkpkatfgscsnwljoxebbz/Build/Products/Debug-iphonesimulator/ExampleAppPolicyTests.xctest/Extensions --platform iphonesimulator --toolchain /Applications/Xcode.app/Contents/Developer/Toolchains/XcodeDefault.xctoolchain --destination /Users/shizihan/Library/Developer/Xcode/DerivedData/InkMarkdown-fegkjzhxkpkatfgscsnwljoxebbz/Build/Products/Debug-iphonesimulator/ExampleAppPolicyTests.xctest/Frameworks --strip-bitcode --scan-executable /Applications/Xcode.app/Contents/Developer/Platforms/iPhoneSimulator.platform/Developer/usr/lib/libXCTestSwiftSupport.dylib --strip-bitcode-tool /Applications/Xcode.app/Contents/Developer/Toolchains/XcodeDefault.xctoolchain/usr/bin/bitcode_strip --emit-dependency-info /Users/shizihan/Library/Developer/Xcode/DerivedData/InkMarkdown-fegkjzhxkpkatfgscsnwljoxebbz/Build/Intermediates.noindex/InkMarkdown.build/Debug-iphonesimulator/ExampleAppPolicyTests.build/SwiftStdLibToolInputDependencies.dep --filter-for-swift-os

ExtractAppIntentsMetadata (in target 'ExampleAppPolicyTests' from project 'InkMarkdown')
    cd /Users/shizihan/DailyUse/Github/InkMarkdown
    /Applications/Xcode.app/Contents/Developer/Toolchains/XcodeDefault.xctoolchain/usr/bin/appintentsmetadataprocessor --toolchain-dir /Applications/Xcode.app/Contents/Developer/Toolchains/XcodeDefault.xctoolchain --module-name ExampleAppPolicyTests --sdk-root /Applications/Xcode.app/Contents/Developer/Platforms/iPhoneSimulator.platform/Developer/SDKs/iPhoneSimulator26.5.sdk --xcode-version 17F113 --platform-family iOS --deployment-target 15.0 --bundle-identifier inkmarkdown.ExampleAppPolicyTests --output /Users/shizihan/Library/Developer/Xcode/DerivedData/InkMarkdown-fegkjzhxkpkatfgscsnwljoxebbz/Build/Products/Debug-iphonesimulator/ExampleAppPolicyTests.xctest --target-triple arm64-apple-ios15.0-simulator --binary-file /Users/shizihan/Library/Developer/Xcode/DerivedData/InkMarkdown-fegkjzhxkpkatfgscsnwljoxebbz/Build/Products/Debug-iphonesimulator/ExampleAppPolicyTests.xctest/ExampleAppPolicyTests --dependency-file /Users/shizihan/Library/Developer/Xcode/DerivedData/InkMarkdown-fegkjzhxkpkatfgscsnwljoxebbz/Build/Intermediates.noindex/InkMarkdown.build/Debug-iphonesimulator/ExampleAppPolicyTests.build/Objects-normal/arm64/ExampleAppPolicyTests_dependency_info.dat --stringsdata-file /Users/shizihan/Library/Developer/Xcode/DerivedData/InkMarkdown-fegkjzhxkpkatfgscsnwljoxebbz/Build/Intermediates.noindex/InkMarkdown.build/Debug-iphonesimulator/ExampleAppPolicyTests.build/Objects-normal/arm64/ExtractedAppShortcutsMetadata.stringsdata --source-file-list /Users/shizihan/Library/Developer/Xcode/DerivedData/InkMarkdown-fegkjzhxkpkatfgscsnwljoxebbz/Build/Intermediates.noindex/InkMarkdown.build/Debug-iphonesimulator/ExampleAppPolicyTests.build/Objects-normal/arm64/ExampleAppPolicyTests.SwiftFileList --metadata-file-list /Users/shizihan/Library/Developer/Xcode/DerivedData/InkMarkdown-fegkjzhxkpkatfgscsnwljoxebbz/Build/Intermediates.noindex/InkMarkdown.build/Debug-iphonesimulator/ExampleAppPolicyTests.build/ExampleAppPolicyTests.DependencyMetadataFileList --static-metadata-file-list /Users/shizihan/Library/Developer/Xcode/DerivedData/InkMarkdown-fegkjzhxkpkatfgscsnwljoxebbz/Build/Intermediates.noindex/InkMarkdown.build/Debug-iphonesimulator/ExampleAppPolicyTests.build/ExampleAppPolicyTests.DependencyStaticMetadataFileList --swift-const-vals-list /Users/shizihan/Library/Developer/Xcode/DerivedData/InkMarkdown-fegkjzhxkpkatfgscsnwljoxebbz/Build/Intermediates.noindex/InkMarkdown.build/Debug-iphonesimulator/ExampleAppPolicyTests.build/Objects-normal/arm64/ExampleAppPolicyTests.SwiftConstValuesFileList --compile-time-extraction --deployment-aware-processing --validate-assistant-intents --no-app-shortcuts-localization
2026-09-07 14:32:22.787 appintentsmetadataprocessor[66130:6014655] Starting appintentsmetadataprocessor export
2026-09-07 14:32:22.819 appintentsmetadataprocessor[66130:6014655] warning: Metadata extraction skipped. No AppIntents.framework dependency found.

CopySwiftLibs /Users/shizihan/Library/Developer/Xcode/DerivedData/InkMarkdown-fegkjzhxkpkatfgscsnwljoxebbz/Build/Products/Debug-iphonesimulator/InkMarkdownMermaidTests.xctest (in target 'InkMarkdownMermaidTests' from project 'InkMarkdown')
    cd /Users/shizihan/DailyUse/Github/InkMarkdown
    builtin-swiftStdLibTool --copy --verbose --sign - --scan-executable /Users/shizihan/Library/Developer/Xcode/DerivedData/InkMarkdown-fegkjzhxkpkatfgscsnwljoxebbz/Build/Products/Debug-iphonesimulator/InkMarkdownMermaidTests.xctest/InkMarkdownMermaidTests --scan-folder /Users/shizihan/Library/Developer/Xcode/DerivedData/InkMarkdown-fegkjzhxkpkatfgscsnwljoxebbz/Build/Products/Debug-iphonesimulator/InkMarkdownMermaidTests.xctest/Frameworks --scan-folder /Users/shizihan/Library/Developer/Xcode/DerivedData/InkMarkdown-fegkjzhxkpkatfgscsnwljoxebbz/Build/Products/Debug-iphonesimulator/InkMarkdownMermaidTests.xctest/PlugIns --scan-folder /Users/shizihan/Library/Developer/Xcode/DerivedData/InkMarkdown-fegkjzhxkpkatfgscsnwljoxebbz/Build/Products/Debug-iphonesimulator/InkMarkdownMermaidTests.xctest/SystemExtensions --scan-folder /Users/shizihan/Library/Developer/Xcode/DerivedData/InkMarkdown-fegkjzhxkpkatfgscsnwljoxebbz/Build/Products/Debug-iphonesimulator/InkMarkdownMermaidTests.xctest/Extensions --platform iphonesimulator --toolchain /Applications/Xcode.app/Contents/Developer/Toolchains/XcodeDefault.xctoolchain --destination /Users/shizihan/Library/Developer/Xcode/DerivedData/InkMarkdown-fegkjzhxkpkatfgscsnwljoxebbz/Build/Products/Debug-iphonesimulator/InkMarkdownMermaidTests.xctest/Frameworks --strip-bitcode --scan-executable /Applications/Xcode.app/Contents/Developer/Platforms/iPhoneSimulator.platform/Developer/usr/lib/libXCTestSwiftSupport.dylib --strip-bitcode-tool /Applications/Xcode.app/Contents/Developer/Toolchains/XcodeDefault.xctoolchain/usr/bin/bitcode_strip --emit-dependency-info /Users/shizihan/Library/Developer/Xcode/DerivedData/InkMarkdown-fegkjzhxkpkatfgscsnwljoxebbz/Build/Intermediates.noindex/InkMarkdown.build/Debug-iphonesimulator/InkMarkdownMermaidTests.build/SwiftStdLibToolInputDependencies.dep --filter-for-swift-os

ExtractAppIntentsMetadata (in target 'InkMarkdownMermaidTests' from project 'InkMarkdown')
    cd /Users/shizihan/DailyUse/Github/InkMarkdown
    /Applications/Xcode.app/Contents/Developer/Toolchains/XcodeDefault.xctoolchain/usr/bin/appintentsmetadataprocessor --toolchain-dir /Applications/Xcode.app/Contents/Developer/Toolchains/XcodeDefault.xctoolchain --module-name InkMarkdownMermaidTests --sdk-root /Applications/Xcode.app/Contents/Developer/Platforms/iPhoneSimulator.platform/Developer/SDKs/iPhoneSimulator26.5.sdk --xcode-version 17F113 --platform-family iOS --deployment-target 15.0 --bundle-identifier inkmarkdown.InkMarkdownMermaidTests --output /Users/shizihan/Library/Developer/Xcode/DerivedData/InkMarkdown-fegkjzhxkpkatfgscsnwljoxebbz/Build/Products/Debug-iphonesimulator/InkMarkdownMermaidTests.xctest --target-triple arm64-apple-ios15.0-simulator --binary-file /Users/shizihan/Library/Developer/Xcode/DerivedData/InkMarkdown-fegkjzhxkpkatfgscsnwljoxebbz/Build/Products/Debug-iphonesimulator/InkMarkdownMermaidTests.xctest/InkMarkdownMermaidTests --dependency-file /Users/shizihan/Library/Developer/Xcode/DerivedData/InkMarkdown-fegkjzhxkpkatfgscsnwljoxebbz/Build/Intermediates.noindex/InkMarkdown.build/Debug-iphonesimulator/InkMarkdownMermaidTests.build/Objects-normal/arm64/InkMarkdownMermaidTests_dependency_info.dat --stringsdata-file /Users/shizihan/Library/Developer/Xcode/DerivedData/InkMarkdown-fegkjzhxkpkatfgscsnwljoxebbz/Build/Intermediates.noindex/InkMarkdown.build/Debug-iphonesimulator/InkMarkdownMermaidTests.build/Objects-normal/arm64/ExtractedAppShortcutsMetadata.stringsdata --source-file-list /Users/shizihan/Library/Developer/Xcode/DerivedData/InkMarkdown-fegkjzhxkpkatfgscsnwljoxebbz/Build/Intermediates.noindex/InkMarkdown.build/Debug-iphonesimulator/InkMarkdownMermaidTests.build/Objects-normal/arm64/InkMarkdownMermaidTests.SwiftFileList --metadata-file-list /Users/shizihan/Library/Developer/Xcode/DerivedData/InkMarkdown-fegkjzhxkpkatfgscsnwljoxebbz/Build/Intermediates.noindex/InkMarkdown.build/Debug-iphonesimulator/InkMarkdownMermaidTests.build/InkMarkdownMermaidTests.DependencyMetadataFileList --static-metadata-file-list /Users/shizihan/Library/Developer/Xcode/DerivedData/InkMarkdown-fegkjzhxkpkatfgscsnwljoxebbz/Build/Intermediates.noindex/InkMarkdown.build/Debug-iphonesimulator/InkMarkdownMermaidTests.build/InkMarkdownMermaidTests.DependencyStaticMetadataFileList --swift-const-vals-list /Users/shizihan/Library/Developer/Xcode/DerivedData/InkMarkdown-fegkjzhxkpkatfgscsnwljoxebbz/Build/Intermediates.noindex/InkMarkdown.build/Debug-iphonesimulator/InkMarkdownMermaidTests.build/Objects-normal/arm64/InkMarkdownMermaidTests.SwiftConstValuesFileList --compile-time-extraction --deployment-aware-processing --validate-assistant-intents --no-app-shortcuts-localization
2026-09-07 14:32:22.787 appintentsmetadataprocessor[66157:6014705] Starting appintentsmetadataprocessor export
2026-09-07 14:32:22.818 appintentsmetadataprocessor[66157:6014705] warning: Metadata extraction skipped. No AppIntents.framework dependency found.

ExtractAppIntentsMetadata (in target 'InkMarkdownCoreContractTests' from project 'InkMarkdown')
    cd /Users/shizihan/DailyUse/Github/InkMarkdown
    /Applications/Xcode.app/Contents/Developer/Toolchains/XcodeDefault.xctoolchain/usr/bin/appintentsmetadataprocessor --toolchain-dir /Applications/Xcode.app/Contents/Developer/Toolchains/XcodeDefault.xctoolchain --module-name InkMarkdownCoreContractTests --sdk-root /Applications/Xcode.app/Contents/Developer/Platforms/iPhoneSimulator.platform/Developer/SDKs/iPhoneSimulator26.5.sdk --xcode-version 17F113 --platform-family iOS --deployment-target 15.0 --bundle-identifier inkmarkdown.InkMarkdownCoreContractTests --output /Users/shizihan/Library/Developer/Xcode/DerivedData/InkMarkdown-fegkjzhxkpkatfgscsnwljoxebbz/Build/Products/Debug-iphonesimulator/InkMarkdownCoreContractTests.xctest --target-triple arm64-apple-ios15.0-simulator --binary-file /Users/shizihan/Library/Developer/Xcode/DerivedData/InkMarkdown-fegkjzhxkpkatfgscsnwljoxebbz/Build/Products/Debug-iphonesimulator/InkMarkdownCoreContractTests.xctest/InkMarkdownCoreContractTests --dependency-file /Users/shizihan/Library/Developer/Xcode/DerivedData/InkMarkdown-fegkjzhxkpkatfgscsnwljoxebbz/Build/Intermediates.noindex/InkMarkdown.build/Debug-iphonesimulator/InkMarkdownCoreContractTests.build/Objects-normal/arm64/InkMarkdownCoreContractTests_dependency_info.dat --stringsdata-file /Users/shizihan/Library/Developer/Xcode/DerivedData/InkMarkdown-fegkjzhxkpkatfgscsnwljoxebbz/Build/Intermediates.noindex/InkMarkdown.build/Debug-iphonesimulator/InkMarkdownCoreContractTests.build/Objects-normal/arm64/ExtractedAppShortcutsMetadata.stringsdata --source-file-list /Users/shizihan/Library/Developer/Xcode/DerivedData/InkMarkdown-fegkjzhxkpkatfgscsnwljoxebbz/Build/Intermediates.noindex/InkMarkdown.build/Debug-iphonesimulator/InkMarkdownCoreContractTests.build/Objects-normal/arm64/InkMarkdownCoreContractTests.SwiftFileList --metadata-file-list /Users/shizihan/Library/Developer/Xcode/DerivedData/InkMarkdown-fegkjzhxkpkatfgscsnwljoxebbz/Build/Intermediates.noindex/InkMarkdown.build/Debug-iphonesimulator/InkMarkdownCoreContractTests.build/InkMarkdownCoreContractTests.DependencyMetadataFileList --static-metadata-file-list /Users/shizihan/Library/Developer/Xcode/DerivedData/InkMarkdown-fegkjzhxkpkatfgscsnwljoxebbz/Build/Intermediates.noindex/InkMarkdown.build/Debug-iphonesimulator/InkMarkdownCoreContractTests.build/InkMarkdownCoreContractTests.DependencyStaticMetadataFileList --swift-const-vals-list /Users/shizihan/Library/Developer/Xcode/DerivedData/InkMarkdown-fegkjzhxkpkatfgscsnwljoxebbz/Build/Intermediates.noindex/InkMarkdown.build/Debug-iphonesimulator/InkMarkdownCoreContractTests.build/Objects-normal/arm64/InkMarkdownCoreContractTests.SwiftConstValuesFileList --compile-time-extraction --deployment-aware-processing --validate-assistant-intents --no-app-shortcuts-localization
2026-09-07 14:32:22.787 appintentsmetadataprocessor[66158:6014706] Starting appintentsmetadataprocessor export
2026-09-07 14:32:22.818 appintentsmetadataprocessor[66158:6014706] warning: Metadata extraction skipped. No AppIntents.framework dependency found.

CopySwiftLibs /Users/shizihan/Library/Developer/Xcode/DerivedData/InkMarkdown-fegkjzhxkpkatfgscsnwljoxebbz/Build/Products/Debug-iphonesimulator/InkMarkdownCoreContractTests.xctest (in target 'InkMarkdownCoreContractTests' from project 'InkMarkdown')
    cd /Users/shizihan/DailyUse/Github/InkMarkdown
    builtin-swiftStdLibTool --copy --verbose --sign - --scan-executable /Users/shizihan/Library/Developer/Xcode/DerivedData/InkMarkdown-fegkjzhxkpkatfgscsnwljoxebbz/Build/Products/Debug-iphonesimulator/InkMarkdownCoreContractTests.xctest/InkMarkdownCoreContractTests --scan-folder /Users/shizihan/Library/Developer/Xcode/DerivedData/InkMarkdown-fegkjzhxkpkatfgscsnwljoxebbz/Build/Products/Debug-iphonesimulator/InkMarkdownCoreContractTests.xctest/Frameworks --scan-folder /Users/shizihan/Library/Developer/Xcode/DerivedData/InkMarkdown-fegkjzhxkpkatfgscsnwljoxebbz/Build/Products/Debug-iphonesimulator/InkMarkdownCoreContractTests.xctest/PlugIns --scan-folder /Users/shizihan/Library/Developer/Xcode/DerivedData/InkMarkdown-fegkjzhxkpkatfgscsnwljoxebbz/Build/Products/Debug-iphonesimulator/InkMarkdownCoreContractTests.xctest/SystemExtensions --scan-folder /Users/shizihan/Library/Developer/Xcode/DerivedData/InkMarkdown-fegkjzhxkpkatfgscsnwljoxebbz/Build/Products/Debug-iphonesimulator/InkMarkdownCoreContractTests.xctest/Extensions --platform iphonesimulator --toolchain /Applications/Xcode.app/Contents/Developer/Toolchains/XcodeDefault.xctoolchain --destination /Users/shizihan/Library/Developer/Xcode/DerivedData/InkMarkdown-fegkjzhxkpkatfgscsnwljoxebbz/Build/Products/Debug-iphonesimulator/InkMarkdownCoreContractTests.xctest/Frameworks --strip-bitcode --scan-executable /Applications/Xcode.app/Contents/Developer/Platforms/iPhoneSimulator.platform/Developer/usr/lib/libXCTestSwiftSupport.dylib --strip-bitcode-tool /Applications/Xcode.app/Contents/Developer/Toolchains/XcodeDefault.xctoolchain/usr/bin/bitcode_strip --emit-dependency-info /Users/shizihan/Library/Developer/Xcode/DerivedData/InkMarkdown-fegkjzhxkpkatfgscsnwljoxebbz/Build/Intermediates.noindex/InkMarkdown.build/Debug-iphonesimulator/InkMarkdownCoreContractTests.build/SwiftStdLibToolInputDependencies.dep --filter-for-swift-os

ExtractAppIntentsMetadata (in target 'InkMarkdownLaTeXTests' from project 'InkMarkdown')
    cd /Users/shizihan/DailyUse/Github/InkMarkdown
    /Applications/Xcode.app/Contents/Developer/Toolchains/XcodeDefault.xctoolchain/usr/bin/appintentsmetadataprocessor --toolchain-dir /Applications/Xcode.app/Contents/Developer/Toolchains/XcodeDefault.xctoolchain --module-name InkMarkdownLaTeXTests --sdk-root /Applications/Xcode.app/Contents/Developer/Platforms/iPhoneSimulator.platform/Developer/SDKs/iPhoneSimulator26.5.sdk --xcode-version 17F113 --platform-family iOS --deployment-target 15.0 --bundle-identifier inkmarkdown.InkMarkdownLaTeXTests --output /Users/shizihan/Library/Developer/Xcode/DerivedData/InkMarkdown-fegkjzhxkpkatfgscsnwljoxebbz/Build/Products/Debug-iphonesimulator/InkMarkdownLaTeXTests.xctest --target-triple arm64-apple-ios15.0-simulator --binary-file /Users/shizihan/Library/Developer/Xcode/DerivedData/InkMarkdown-fegkjzhxkpkatfgscsnwljoxebbz/Build/Products/Debug-iphonesimulator/InkMarkdownLaTeXTests.xctest/InkMarkdownLaTeXTests --dependency-file /Users/shizihan/Library/Developer/Xcode/DerivedData/InkMarkdown-fegkjzhxkpkatfgscsnwljoxebbz/Build/Intermediates.noindex/InkMarkdown.build/Debug-iphonesimulator/InkMarkdownLaTeXTests.build/Objects-normal/arm64/InkMarkdownLaTeXTests_dependency_info.dat --stringsdata-file /Users/shizihan/Library/Developer/Xcode/DerivedData/InkMarkdown-fegkjzhxkpkatfgscsnwljoxebbz/Build/Intermediates.noindex/InkMarkdown.build/Debug-iphonesimulator/InkMarkdownLaTeXTests.build/Objects-normal/arm64/ExtractedAppShortcutsMetadata.stringsdata --source-file-list /Users/shizihan/Library/Developer/Xcode/DerivedData/InkMarkdown-fegkjzhxkpkatfgscsnwljoxebbz/Build/Intermediates.noindex/InkMarkdown.build/Debug-iphonesimulator/InkMarkdownLaTeXTests.build/Objects-normal/arm64/InkMarkdownLaTeXTests.SwiftFileList --metadata-file-list /Users/shizihan/Library/Developer/Xcode/DerivedData/InkMarkdown-fegkjzhxkpkatfgscsnwljoxebbz/Build/Intermediates.noindex/InkMarkdown.build/Debug-iphonesimulator/InkMarkdownLaTeXTests.build/InkMarkdownLaTeXTests.DependencyMetadataFileList --static-metadata-file-list /Users/shizihan/Library/Developer/Xcode/DerivedData/InkMarkdown-fegkjzhxkpkatfgscsnwljoxebbz/Build/Intermediates.noindex/InkMarkdown.build/Debug-iphonesimulator/InkMarkdownLaTeXTests.build/InkMarkdownLaTeXTests.DependencyStaticMetadataFileList --swift-const-vals-list /Users/shizihan/Library/Developer/Xcode/DerivedData/InkMarkdown-fegkjzhxkpkatfgscsnwljoxebbz/Build/Intermediates.noindex/InkMarkdown.build/Debug-iphonesimulator/InkMarkdownLaTeXTests.build/Objects-normal/arm64/InkMarkdownLaTeXTests.SwiftConstValuesFileList --compile-time-extraction --deployment-aware-processing --validate-assistant-intents --no-app-shortcuts-localization
2026-09-07 14:32:22.789 appintentsmetadataprocessor[66159:6014707] Starting appintentsmetadataprocessor export
2026-09-07 14:32:22.819 appintentsmetadataprocessor[66159:6014707] warning: Metadata extraction skipped. No AppIntents.framework dependency found.

CopySwiftLibs /Users/shizihan/Library/Developer/Xcode/DerivedData/InkMarkdown-fegkjzhxkpkatfgscsnwljoxebbz/Build/Products/Debug-iphonesimulator/InkMarkdownLaTeXTests.xctest (in target 'InkMarkdownLaTeXTests' from project 'InkMarkdown')
    cd /Users/shizihan/DailyUse/Github/InkMarkdown
    builtin-swiftStdLibTool --copy --verbose --sign - --scan-executable /Users/shizihan/Library/Developer/Xcode/DerivedData/InkMarkdown-fegkjzhxkpkatfgscsnwljoxebbz/Build/Products/Debug-iphonesimulator/InkMarkdownLaTeXTests.xctest/InkMarkdownLaTeXTests --scan-folder /Users/shizihan/Library/Developer/Xcode/DerivedData/InkMarkdown-fegkjzhxkpkatfgscsnwljoxebbz/Build/Products/Debug-iphonesimulator/InkMarkdownLaTeXTests.xctest/Frameworks --scan-folder /Users/shizihan/Library/Developer/Xcode/DerivedData/InkMarkdown-fegkjzhxkpkatfgscsnwljoxebbz/Build/Products/Debug-iphonesimulator/InkMarkdownLaTeXTests.xctest/PlugIns --scan-folder /Users/shizihan/Library/Developer/Xcode/DerivedData/InkMarkdown-fegkjzhxkpkatfgscsnwljoxebbz/Build/Products/Debug-iphonesimulator/InkMarkdownLaTeXTests.xctest/SystemExtensions --scan-folder /Users/shizihan/Library/Developer/Xcode/DerivedData/InkMarkdown-fegkjzhxkpkatfgscsnwljoxebbz/Build/Products/Debug-iphonesimulator/InkMarkdownLaTeXTests.xctest/Extensions --platform iphonesimulator --toolchain /Applications/Xcode.app/Contents/Developer/Toolchains/XcodeDefault.xctoolchain --destination /Users/shizihan/Library/Developer/Xcode/DerivedData/InkMarkdown-fegkjzhxkpkatfgscsnwljoxebbz/Build/Products/Debug-iphonesimulator/InkMarkdownLaTeXTests.xctest/Frameworks --strip-bitcode --scan-executable /Applications/Xcode.app/Contents/Developer/Platforms/iPhoneSimulator.platform/Developer/usr/lib/libXCTestSwiftSupport.dylib --strip-bitcode-tool /Applications/Xcode.app/Contents/Developer/Toolchains/XcodeDefault.xctoolchain/usr/bin/bitcode_strip --emit-dependency-info /Users/shizihan/Library/Developer/Xcode/DerivedData/InkMarkdown-fegkjzhxkpkatfgscsnwljoxebbz/Build/Intermediates.noindex/InkMarkdown.build/Debug-iphonesimulator/InkMarkdownLaTeXTests.build/SwiftStdLibToolInputDependencies.dep --filter-for-swift-os

CopySwiftLibs /Users/shizihan/Library/Developer/Xcode/DerivedData/InkMarkdown-fegkjzhxkpkatfgscsnwljoxebbz/Build/Products/Debug-iphonesimulator/InkMarkdownAddonContractTests.xctest (in target 'InkMarkdownAddonContractTests' from project 'InkMarkdown')
    cd /Users/shizihan/DailyUse/Github/InkMarkdown
    builtin-swiftStdLibTool --copy --verbose --sign - --scan-executable /Users/shizihan/Library/Developer/Xcode/DerivedData/InkMarkdown-fegkjzhxkpkatfgscsnwljoxebbz/Build/Products/Debug-iphonesimulator/InkMarkdownAddonContractTests.xctest/InkMarkdownAddonContractTests --scan-folder /Users/shizihan/Library/Developer/Xcode/DerivedData/InkMarkdown-fegkjzhxkpkatfgscsnwljoxebbz/Build/Products/Debug-iphonesimulator/InkMarkdownAddonContractTests.xctest/Frameworks --scan-folder /Users/shizihan/Library/Developer/Xcode/DerivedData/InkMarkdown-fegkjzhxkpkatfgscsnwljoxebbz/Build/Products/Debug-iphonesimulator/InkMarkdownAddonContractTests.xctest/PlugIns --scan-folder /Users/shizihan/Library/Developer/Xcode/DerivedData/InkMarkdown-fegkjzhxkpkatfgscsnwljoxebbz/Build/Products/Debug-iphonesimulator/InkMarkdownAddonContractTests.xctest/SystemExtensions --scan-folder /Users/shizihan/Library/Developer/Xcode/DerivedData/InkMarkdown-fegkjzhxkpkatfgscsnwljoxebbz/Build/Products/Debug-iphonesimulator/InkMarkdownAddonContractTests.xctest/Extensions --platform iphonesimulator --toolchain /Applications/Xcode.app/Contents/Developer/Toolchains/XcodeDefault.xctoolchain --destination /Users/shizihan/Library/Developer/Xcode/DerivedData/InkMarkdown-fegkjzhxkpkatfgscsnwljoxebbz/Build/Products/Debug-iphonesimulator/InkMarkdownAddonContractTests.xctest/Frameworks --strip-bitcode --scan-executable /Applications/Xcode.app/Contents/Developer/Platforms/iPhoneSimulator.platform/Developer/usr/lib/libXCTestSwiftSupport.dylib --strip-bitcode-tool /Applications/Xcode.app/Contents/Developer/Toolchains/XcodeDefault.xctoolchain/usr/bin/bitcode_strip --emit-dependency-info /Users/shizihan/Library/Developer/Xcode/DerivedData/InkMarkdown-fegkjzhxkpkatfgscsnwljoxebbz/Build/Intermediates.noindex/InkMarkdown.build/Debug-iphonesimulator/InkMarkdownAddonContractTests.build/SwiftStdLibToolInputDependencies.dep --filter-for-swift-os

ExtractAppIntentsMetadata (in target 'InkMarkdownAddonContractTests' from project 'InkMarkdown')
    cd /Users/shizihan/DailyUse/Github/InkMarkdown
    /Applications/Xcode.app/Contents/Developer/Toolchains/XcodeDefault.xctoolchain/usr/bin/appintentsmetadataprocessor --toolchain-dir /Applications/Xcode.app/Contents/Developer/Toolchains/XcodeDefault.xctoolchain --module-name InkMarkdownAddonContractTests --sdk-root /Applications/Xcode.app/Contents/Developer/Platforms/iPhoneSimulator.platform/Developer/SDKs/iPhoneSimulator26.5.sdk --xcode-version 17F113 --platform-family iOS --deployment-target 15.0 --bundle-identifier inkmarkdown.InkMarkdownAddonContractTests --output /Users/shizihan/Library/Developer/Xcode/DerivedData/InkMarkdown-fegkjzhxkpkatfgscsnwljoxebbz/Build/Products/Debug-iphonesimulator/InkMarkdownAddonContractTests.xctest --target-triple arm64-apple-ios15.0-simulator --binary-file /Users/shizihan/Library/Developer/Xcode/DerivedData/InkMarkdown-fegkjzhxkpkatfgscsnwljoxebbz/Build/Products/Debug-iphonesimulator/InkMarkdownAddonContractTests.xctest/InkMarkdownAddonContractTests --dependency-file /Users/shizihan/Library/Developer/Xcode/DerivedData/InkMarkdown-fegkjzhxkpkatfgscsnwljoxebbz/Build/Intermediates.noindex/InkMarkdown.build/Debug-iphonesimulator/InkMarkdownAddonContractTests.build/Objects-normal/arm64/InkMarkdownAddonContractTests_dependency_info.dat --stringsdata-file /Users/shizihan/Library/Developer/Xcode/DerivedData/InkMarkdown-fegkjzhxkpkatfgscsnwljoxebbz/Build/Intermediates.noindex/InkMarkdown.build/Debug-iphonesimulator/InkMarkdownAddonContractTests.build/Objects-normal/arm64/ExtractedAppShortcutsMetadata.stringsdata --source-file-list /Users/shizihan/Library/Developer/Xcode/DerivedData/InkMarkdown-fegkjzhxkpkatfgscsnwljoxebbz/Build/Intermediates.noindex/InkMarkdown.build/Debug-iphonesimulator/InkMarkdownAddonContractTests.build/Objects-normal/arm64/InkMarkdownAddonContractTests.SwiftFileList --metadata-file-list /Users/shizihan/Library/Developer/Xcode/DerivedData/InkMarkdown-fegkjzhxkpkatfgscsnwljoxebbz/Build/Intermediates.noindex/InkMarkdown.build/Debug-iphonesimulator/InkMarkdownAddonContractTests.build/InkMarkdownAddonContractTests.DependencyMetadataFileList --static-metadata-file-list /Users/shizihan/Library/Developer/Xcode/DerivedData/InkMarkdown-fegkjzhxkpkatfgscsnwljoxebbz/Build/Intermediates.noindex/InkMarkdown.build/Debug-iphonesimulator/InkMarkdownAddonContractTests.build/InkMarkdownAddonContractTests.DependencyStaticMetadataFileList --swift-const-vals-list /Users/shizihan/Library/Developer/Xcode/DerivedData/InkMarkdown-fegkjzhxkpkatfgscsnwljoxebbz/Build/Intermediates.noindex/InkMarkdown.build/Debug-iphonesimulator/InkMarkdownAddonContractTests.build/Objects-normal/arm64/InkMarkdownAddonContractTests.SwiftConstValuesFileList --compile-time-extraction --deployment-aware-processing --validate-assistant-intents --no-app-shortcuts-localization
2026-09-07 14:32:22.789 appintentsmetadataprocessor[66164:6014718] Starting appintentsmetadataprocessor export
2026-09-07 14:32:22.818 appintentsmetadataprocessor[66164:6014718] warning: Metadata extraction skipped. No AppIntents.framework dependency found.

CopySwiftLibs /Users/shizihan/Library/Developer/Xcode/DerivedData/InkMarkdown-fegkjzhxkpkatfgscsnwljoxebbz/Build/Products/Debug-iphonesimulator/InkMarkdownSwiftUITests.xctest (in target 'InkMarkdownSwiftUITests' from project 'InkMarkdown')
    cd /Users/shizihan/DailyUse/Github/InkMarkdown
    builtin-swiftStdLibTool --copy --verbose --sign - --scan-executable /Users/shizihan/Library/Developer/Xcode/DerivedData/InkMarkdown-fegkjzhxkpkatfgscsnwljoxebbz/Build/Products/Debug-iphonesimulator/InkMarkdownSwiftUITests.xctest/InkMarkdownSwiftUITests --scan-folder /Users/shizihan/Library/Developer/Xcode/DerivedData/InkMarkdown-fegkjzhxkpkatfgscsnwljoxebbz/Build/Products/Debug-iphonesimulator/InkMarkdownSwiftUITests.xctest/Frameworks --scan-folder /Users/shizihan/Library/Developer/Xcode/DerivedData/InkMarkdown-fegkjzhxkpkatfgscsnwljoxebbz/Build/Products/Debug-iphonesimulator/InkMarkdownSwiftUITests.xctest/PlugIns --scan-folder /Users/shizihan/Library/Developer/Xcode/DerivedData/InkMarkdown-fegkjzhxkpkatfgscsnwljoxebbz/Build/Products/Debug-iphonesimulator/InkMarkdownSwiftUITests.xctest/SystemExtensions --scan-folder /Users/shizihan/Library/Developer/Xcode/DerivedData/InkMarkdown-fegkjzhxkpkatfgscsnwljoxebbz/Build/Products/Debug-iphonesimulator/InkMarkdownSwiftUITests.xctest/Extensions --platform iphonesimulator --toolchain /Applications/Xcode.app/Contents/Developer/Toolchains/XcodeDefault.xctoolchain --destination /Users/shizihan/Library/Developer/Xcode/DerivedData/InkMarkdown-fegkjzhxkpkatfgscsnwljoxebbz/Build/Products/Debug-iphonesimulator/InkMarkdownSwiftUITests.xctest/Frameworks --strip-bitcode --scan-executable /Applications/Xcode.app/Contents/Developer/Platforms/iPhoneSimulator.platform/Developer/usr/lib/libXCTestSwiftSupport.dylib --strip-bitcode-tool /Applications/Xcode.app/Contents/Developer/Toolchains/XcodeDefault.xctoolchain/usr/bin/bitcode_strip --emit-dependency-info /Users/shizihan/Library/Developer/Xcode/DerivedData/InkMarkdown-fegkjzhxkpkatfgscsnwljoxebbz/Build/Intermediates.noindex/InkMarkdown.build/Debug-iphonesimulator/InkMarkdownSwiftUITests.build/SwiftStdLibToolInputDependencies.dep --filter-for-swift-os

ExtractAppIntentsMetadata (in target 'InkMarkdownSwiftUITests' from project 'InkMarkdown')
    cd /Users/shizihan/DailyUse/Github/InkMarkdown
    /Applications/Xcode.app/Contents/Developer/Toolchains/XcodeDefault.xctoolchain/usr/bin/appintentsmetadataprocessor --toolchain-dir /Applications/Xcode.app/Contents/Developer/Toolchains/XcodeDefault.xctoolchain --module-name InkMarkdownSwiftUITests --sdk-root /Applications/Xcode.app/Contents/Developer/Platforms/iPhoneSimulator.platform/Developer/SDKs/iPhoneSimulator26.5.sdk --xcode-version 17F113 --platform-family iOS --deployment-target 15.0 --bundle-identifier inkmarkdown.InkMarkdownSwiftUITests --output /Users/shizihan/Library/Developer/Xcode/DerivedData/InkMarkdown-fegkjzhxkpkatfgscsnwljoxebbz/Build/Products/Debug-iphonesimulator/InkMarkdownSwiftUITests.xctest --target-triple arm64-apple-ios15.0-simulator --binary-file /Users/shizihan/Library/Developer/Xcode/DerivedData/InkMarkdown-fegkjzhxkpkatfgscsnwljoxebbz/Build/Products/Debug-iphonesimulator/InkMarkdownSwiftUITests.xctest/InkMarkdownSwiftUITests --dependency-file /Users/shizihan/Library/Developer/Xcode/DerivedData/InkMarkdown-fegkjzhxkpkatfgscsnwljoxebbz/Build/Intermediates.noindex/InkMarkdown.build/Debug-iphonesimulator/InkMarkdownSwiftUITests.build/Objects-normal/arm64/InkMarkdownSwiftUITests_dependency_info.dat --stringsdata-file /Users/shizihan/Library/Developer/Xcode/DerivedData/InkMarkdown-fegkjzhxkpkatfgscsnwljoxebbz/Build/Intermediates.noindex/InkMarkdown.build/Debug-iphonesimulator/InkMarkdownSwiftUITests.build/Objects-normal/arm64/ExtractedAppShortcutsMetadata.stringsdata --source-file-list /Users/shizihan/Library/Developer/Xcode/DerivedData/InkMarkdown-fegkjzhxkpkatfgscsnwljoxebbz/Build/Intermediates.noindex/InkMarkdown.build/Debug-iphonesimulator/InkMarkdownSwiftUITests.build/Objects-normal/arm64/InkMarkdownSwiftUITests.SwiftFileList --metadata-file-list /Users/shizihan/Library/Developer/Xcode/DerivedData/InkMarkdown-fegkjzhxkpkatfgscsnwljoxebbz/Build/Intermediates.noindex/InkMarkdown.build/Debug-iphonesimulator/InkMarkdownSwiftUITests.build/InkMarkdownSwiftUITests.DependencyMetadataFileList --static-metadata-file-list /Users/shizihan/Library/Developer/Xcode/DerivedData/InkMarkdown-fegkjzhxkpkatfgscsnwljoxebbz/Build/Intermediates.noindex/InkMarkdown.build/Debug-iphonesimulator/InkMarkdownSwiftUITests.build/InkMarkdownSwiftUITests.DependencyStaticMetadataFileList --swift-const-vals-list /Users/shizihan/Library/Developer/Xcode/DerivedData/InkMarkdown-fegkjzhxkpkatfgscsnwljoxebbz/Build/Intermediates.noindex/InkMarkdown.build/Debug-iphonesimulator/InkMarkdownSwiftUITests.build/Objects-normal/arm64/InkMarkdownSwiftUITests.SwiftConstValuesFileList --compile-time-extraction --deployment-aware-processing --validate-assistant-intents --no-app-shortcuts-localization
2026-09-07 14:32:22.787 appintentsmetadataprocessor[66168:6014727] Starting appintentsmetadataprocessor export
2026-09-07 14:32:22.818 appintentsmetadataprocessor[66168:6014727] warning: Metadata extraction skipped. No AppIntents.framework dependency found.

CodeSign /Users/shizihan/Library/Developer/Xcode/DerivedData/InkMarkdown-fegkjzhxkpkatfgscsnwljoxebbz/Build/Products/Debug-iphonesimulator/InkMarkdownLaTeXTests.xctest (in target 'InkMarkdownLaTeXTests' from project 'InkMarkdown')
    cd /Users/shizihan/DailyUse/Github/InkMarkdown
    
    Signing Identity:     "Sign to Run Locally"
    
    /usr/bin/codesign --force --sign - --timestamp\=none --generate-entitlement-der /Users/shizihan/Library/Developer/Xcode/DerivedData/InkMarkdown-fegkjzhxkpkatfgscsnwljoxebbz/Build/Products/Debug-iphonesimulator/InkMarkdownLaTeXTests.xctest

CodeSign /Users/shizihan/Library/Developer/Xcode/DerivedData/InkMarkdown-fegkjzhxkpkatfgscsnwljoxebbz/Build/Products/Debug-iphonesimulator/InkMarkdownCoreContractTests.xctest (in target 'InkMarkdownCoreContractTests' from project 'InkMarkdown')
    cd /Users/shizihan/DailyUse/Github/InkMarkdown
    
    Signing Identity:     "Sign to Run Locally"
    
    /usr/bin/codesign --force --sign - --timestamp\=none --generate-entitlement-der /Users/shizihan/Library/Developer/Xcode/DerivedData/InkMarkdown-fegkjzhxkpkatfgscsnwljoxebbz/Build/Products/Debug-iphonesimulator/InkMarkdownCoreContractTests.xctest

CodeSign /Users/shizihan/Library/Developer/Xcode/DerivedData/InkMarkdown-fegkjzhxkpkatfgscsnwljoxebbz/Build/Products/Debug-iphonesimulator/InkMarkdownSwiftUITests.xctest (in target 'InkMarkdownSwiftUITests' from project 'InkMarkdown')
    cd /Users/shizihan/DailyUse/Github/InkMarkdown
    
    Signing Identity:     "Sign to Run Locally"
    
    /usr/bin/codesign --force --sign - --timestamp\=none --generate-entitlement-der /Users/shizihan/Library/Developer/Xcode/DerivedData/InkMarkdown-fegkjzhxkpkatfgscsnwljoxebbz/Build/Products/Debug-iphonesimulator/InkMarkdownSwiftUITests.xctest

CodeSign /Users/shizihan/Library/Developer/Xcode/DerivedData/InkMarkdown-fegkjzhxkpkatfgscsnwljoxebbz/Build/Products/Debug-iphonesimulator/InkMarkdownAddonContractTests.xctest (in target 'InkMarkdownAddonContractTests' from project 'InkMarkdown')
    cd /Users/shizihan/DailyUse/Github/InkMarkdown
    
    Signing Identity:     "Sign to Run Locally"
    
    /usr/bin/codesign --force --sign - --timestamp\=none --generate-entitlement-der /Users/shizihan/Library/Developer/Xcode/DerivedData/InkMarkdown-fegkjzhxkpkatfgscsnwljoxebbz/Build/Products/Debug-iphonesimulator/InkMarkdownAddonContractTests.xctest

CodeSign /Users/shizihan/Library/Developer/Xcode/DerivedData/InkMarkdown-fegkjzhxkpkatfgscsnwljoxebbz/Build/Products/Debug-iphonesimulator/InkMarkdownMermaidTests.xctest (in target 'InkMarkdownMermaidTests' from project 'InkMarkdown')
    cd /Users/shizihan/DailyUse/Github/InkMarkdown
    
    Signing Identity:     "Sign to Run Locally"
    
    /usr/bin/codesign --force --sign - --timestamp\=none --generate-entitlement-der /Users/shizihan/Library/Developer/Xcode/DerivedData/InkMarkdown-fegkjzhxkpkatfgscsnwljoxebbz/Build/Products/Debug-iphonesimulator/InkMarkdownMermaidTests.xctest

CodeSign /Users/shizihan/Library/Developer/Xcode/DerivedData/InkMarkdown-fegkjzhxkpkatfgscsnwljoxebbz/Build/Products/Debug-iphonesimulator/ExampleAppPolicyTests.xctest (in target 'ExampleAppPolicyTests' from project 'InkMarkdown')
    cd /Users/shizihan/DailyUse/Github/InkMarkdown
    
    Signing Identity:     "Sign to Run Locally"
    
    /usr/bin/codesign --force --sign - --timestamp\=none --generate-entitlement-der /Users/shizihan/Library/Developer/Xcode/DerivedData/InkMarkdown-fegkjzhxkpkatfgscsnwljoxebbz/Build/Products/Debug-iphonesimulator/ExampleAppPolicyTests.xctest

RegisterExecutionPolicyException /Users/shizihan/Library/Developer/Xcode/DerivedData/InkMarkdown-fegkjzhxkpkatfgscsnwljoxebbz/Build/Products/Debug-iphonesimulator/InkMarkdownSwiftUITests.xctest (in target 'InkMarkdownSwiftUITests' from project 'InkMarkdown')
    cd /Users/shizihan/DailyUse/Github/InkMarkdown
    builtin-RegisterExecutionPolicyException /Users/shizihan/Library/Developer/Xcode/DerivedData/InkMarkdown-fegkjzhxkpkatfgscsnwljoxebbz/Build/Products/Debug-iphonesimulator/InkMarkdownSwiftUITests.xctest

RegisterExecutionPolicyException /Users/shizihan/Library/Developer/Xcode/DerivedData/InkMarkdown-fegkjzhxkpkatfgscsnwljoxebbz/Build/Products/Debug-iphonesimulator/InkMarkdownMermaidTests.xctest (in target 'InkMarkdownMermaidTests' from project 'InkMarkdown')
    cd /Users/shizihan/DailyUse/Github/InkMarkdown
    builtin-RegisterExecutionPolicyException /Users/shizihan/Library/Developer/Xcode/DerivedData/InkMarkdown-fegkjzhxkpkatfgscsnwljoxebbz/Build/Products/Debug-iphonesimulator/InkMarkdownMermaidTests.xctest

RegisterExecutionPolicyException /Users/shizihan/Library/Developer/Xcode/DerivedData/InkMarkdown-fegkjzhxkpkatfgscsnwljoxebbz/Build/Products/Debug-iphonesimulator/InkMarkdownLaTeXTests.xctest (in target 'InkMarkdownLaTeXTests' from project 'InkMarkdown')
    cd /Users/shizihan/DailyUse/Github/InkMarkdown
    builtin-RegisterExecutionPolicyException /Users/shizihan/Library/Developer/Xcode/DerivedData/InkMarkdown-fegkjzhxkpkatfgscsnwljoxebbz/Build/Products/Debug-iphonesimulator/InkMarkdownLaTeXTests.xctest

RegisterExecutionPolicyException /Users/shizihan/Library/Developer/Xcode/DerivedData/InkMarkdown-fegkjzhxkpkatfgscsnwljoxebbz/Build/Products/Debug-iphonesimulator/InkMarkdownAddonContractTests.xctest (in target 'InkMarkdownAddonContractTests' from project 'InkMarkdown')
    cd /Users/shizihan/DailyUse/Github/InkMarkdown
    builtin-RegisterExecutionPolicyException /Users/shizihan/Library/Developer/Xcode/DerivedData/InkMarkdown-fegkjzhxkpkatfgscsnwljoxebbz/Build/Products/Debug-iphonesimulator/InkMarkdownAddonContractTests.xctest

RegisterExecutionPolicyException /Users/shizihan/Library/Developer/Xcode/DerivedData/InkMarkdown-fegkjzhxkpkatfgscsnwljoxebbz/Build/Products/Debug-iphonesimulator/InkMarkdownCoreContractTests.xctest (in target 'InkMarkdownCoreContractTests' from project 'InkMarkdown')
    cd /Users/shizihan/DailyUse/Github/InkMarkdown
    builtin-RegisterExecutionPolicyException /Users/shizihan/Library/Developer/Xcode/DerivedData/InkMarkdown-fegkjzhxkpkatfgscsnwljoxebbz/Build/Products/Debug-iphonesimulator/InkMarkdownCoreContractTests.xctest

RegisterExecutionPolicyException /Users/shizihan/Library/Developer/Xcode/DerivedData/InkMarkdown-fegkjzhxkpkatfgscsnwljoxebbz/Build/Products/Debug-iphonesimulator/ExampleAppPolicyTests.xctest (in target 'ExampleAppPolicyTests' from project 'InkMarkdown')
    cd /Users/shizihan/DailyUse/Github/InkMarkdown
    builtin-RegisterExecutionPolicyException /Users/shizihan/Library/Developer/Xcode/DerivedData/InkMarkdown-fegkjzhxkpkatfgscsnwljoxebbz/Build/Products/Debug-iphonesimulator/ExampleAppPolicyTests.xctest

SwiftCompile normal arm64 Compiling\ InkImagePreviewLoadTests.swift /Users/shizihan/DailyUse/Github/InkMarkdown/Tests/InkMarkdownTests/InkImagePreviewLoadTests.swift (in target 'InkMarkdownTests' from project 'InkMarkdown')

SwiftCompile normal arm64 /Users/shizihan/DailyUse/Github/InkMarkdown/Tests/InkMarkdownTests/InkImagePreviewLoadTests.swift (in target 'InkMarkdownTests' from project 'InkMarkdown')
    cd /Users/shizihan/DailyUse/Github/InkMarkdown/.swiftpm/xcode
    

SwiftEmitModule normal arm64 Emitting\ module\ for\ InkMarkdownTests (in target 'InkMarkdownTests' from project 'InkMarkdown')
EmitSwiftModule normal arm64 (in target 'InkMarkdownTests' from project 'InkMarkdown')
    cd /Users/shizihan/DailyUse/Github/InkMarkdown/.swiftpm/xcode
    

SwiftCompile normal arm64 Compiling\ ImageRenderingTests.swift /Users/shizihan/DailyUse/Github/InkMarkdown/Tests/InkMarkdownTests/ImageRenderingTests.swift (in target 'InkMarkdownTests' from project 'InkMarkdown')
SwiftCompile normal arm64 /Users/shizihan/DailyUse/Github/InkMarkdown/Tests/InkMarkdownTests/ImageRenderingTests.swift (in target 'InkMarkdownTests' from project 'InkMarkdown')
    cd /Users/shizihan/DailyUse/Github/InkMarkdown/.swiftpm/xcode
    

Touch /Users/shizihan/Library/Developer/Xcode/DerivedData/InkMarkdown-fegkjzhxkpkatfgscsnwljoxebbz/Build/Products/Debug-iphonesimulator/InkMarkdownMermaidTests.xctest (in target 'InkMarkdownMermaidTests' from project 'InkMarkdown')
    cd /Users/shizihan/DailyUse/Github/InkMarkdown
    /usr/bin/touch -c /Users/shizihan/Library/Developer/Xcode/DerivedData/InkMarkdown-fegkjzhxkpkatfgscsnwljoxebbz/Build/Products/Debug-iphonesimulator/InkMarkdownMermaidTests.xctest

Touch /Users/shizihan/Library/Developer/Xcode/DerivedData/InkMarkdown-fegkjzhxkpkatfgscsnwljoxebbz/Build/Products/Debug-iphonesimulator/InkMarkdownSwiftUITests.xctest (in target 'InkMarkdownSwiftUITests' from project 'InkMarkdown')
    cd /Users/shizihan/DailyUse/Github/InkMarkdown
    /usr/bin/touch -c /Users/shizihan/Library/Developer/Xcode/DerivedData/InkMarkdown-fegkjzhxkpkatfgscsnwljoxebbz/Build/Products/Debug-iphonesimulator/InkMarkdownSwiftUITests.xctest

Touch /Users/shizihan/Library/Developer/Xcode/DerivedData/InkMarkdown-fegkjzhxkpkatfgscsnwljoxebbz/Build/Products/Debug-iphonesimulator/InkMarkdownLaTeXTests.xctest (in target 'InkMarkdownLaTeXTests' from project 'InkMarkdown')
    cd /Users/shizihan/DailyUse/Github/InkMarkdown
    /usr/bin/touch -c /Users/shizihan/Library/Developer/Xcode/DerivedData/InkMarkdown-fegkjzhxkpkatfgscsnwljoxebbz/Build/Products/Debug-iphonesimulator/InkMarkdownLaTeXTests.xctest

Touch /Users/shizihan/Library/Developer/Xcode/DerivedData/InkMarkdown-fegkjzhxkpkatfgscsnwljoxebbz/Build/Products/Debug-iphonesimulator/InkMarkdownAddonContractTests.xctest (in target 'InkMarkdownAddonContractTests' from project 'InkMarkdown')
    cd /Users/shizihan/DailyUse/Github/InkMarkdown
    /usr/bin/touch -c /Users/shizihan/Library/Developer/Xcode/DerivedData/InkMarkdown-fegkjzhxkpkatfgscsnwljoxebbz/Build/Products/Debug-iphonesimulator/InkMarkdownAddonContractTests.xctest

Touch /Users/shizihan/Library/Developer/Xcode/DerivedData/InkMarkdown-fegkjzhxkpkatfgscsnwljoxebbz/Build/Products/Debug-iphonesimulator/InkMarkdownCoreContractTests.xctest (in target 'InkMarkdownCoreContractTests' from project 'InkMarkdown')
    cd /Users/shizihan/DailyUse/Github/InkMarkdown
    /usr/bin/touch -c /Users/shizihan/Library/Developer/Xcode/DerivedData/InkMarkdown-fegkjzhxkpkatfgscsnwljoxebbz/Build/Products/Debug-iphonesimulator/InkMarkdownCoreContractTests.xctest

Touch /Users/shizihan/Library/Developer/Xcode/DerivedData/InkMarkdown-fegkjzhxkpkatfgscsnwljoxebbz/Build/Products/Debug-iphonesimulator/ExampleAppPolicyTests.xctest (in target 'ExampleAppPolicyTests' from project 'InkMarkdown')
    cd /Users/shizihan/DailyUse/Github/InkMarkdown
    /usr/bin/touch -c /Users/shizihan/Library/Developer/Xcode/DerivedData/InkMarkdown-fegkjzhxkpkatfgscsnwljoxebbz/Build/Products/Debug-iphonesimulator/ExampleAppPolicyTests.xctest

SwiftDriverJobDiscovery normal arm64 Compiling InkImagePreviewLoadTests.swift (in target 'InkMarkdownTests' from project 'InkMarkdown')

SwiftDriverJobDiscovery normal arm64 Emitting module for InkMarkdownTests (in target 'InkMarkdownTests' from project 'InkMarkdown')

SwiftDriver\ Compilation\ Requirements InkMarkdownTests normal arm64 com.apple.xcode.tools.swift.compiler (in target 'InkMarkdownTests' from project 'InkMarkdown')
    cd /Users/shizihan/DailyUse/Github/InkMarkdown/.swiftpm/xcode
    builtin-Swift-Compilation-Requirements -- /Applications/Xcode.app/Contents/Developer/Toolchains/XcodeDefault.xctoolchain/usr/bin/swiftc -module-name InkMarkdownTests -Onone @/Users/shizihan/Library/Developer/Xcode/DerivedData/InkMarkdown-fegkjzhxkpkatfgscsnwljoxebbz/Build/Intermediates.noindex/InkMarkdown.build/Debug-iphonesimulator/InkMarkdownTests.build/Objects-normal/arm64/InkMarkdownTests.SwiftFileList -DSWIFT_PACKAGE -DDEBUG -DXcode -plugin-path /Applications/Xcode.app/Contents/Developer/Toolchains/XcodeDefault.xctoolchain/usr/lib/swift/host/plugins/testing -enable-experimental-feature DebugDescriptionMacro -sdk /Applications/Xcode.app/Contents/Developer/Platforms/iPhoneSimulator.platform/Developer/SDKs/iPhoneSimulator26.5.sdk -target arm64-apple-ios15.0-simulator -g -module-cache-path /Users/shizihan/Library/Developer/Xcode/DerivedData/ModuleCache.noindex -Xfrontend -serialize-debugging-options -profile-coverage-mapping -profile-generate -enable-testing -index-store-path /Users/shizihan/Library/Developer/Xcode/DerivedData/InkMarkdown-fegkjzhxkpkatfgscsnwljoxebbz/Index.noindex/DataStore -Xcc -D_LIBCPP_HARDENING_MODE\=_LIBCPP_HARDENING_MODE_DEBUG -swift-version 6 -I /Users/shizihan/Library/Developer/Xcode/DerivedData/InkMarkdown-fegkjzhxkpkatfgscsnwljoxebbz/Build/Products/Debug-iphonesimulator -Isystem /Applications/Xcode.app/Contents/Developer/Platforms/iPhoneSimulator.platform/Developer/usr/lib -F /Users/shizihan/Library/Developer/Xcode/DerivedData/InkMarkdown-fegkjzhxkpkatfgscsnwljoxebbz/Build/Products/Debug-iphonesimulator/PackageFrameworks -F /Users/shizihan/Library/Developer/Xcode/DerivedData/InkMarkdown-fegkjzhxkpkatfgscsnwljoxebbz/Build/Products/Debug-iphonesimulator/PackageFrameworks -F /Users/shizihan/Library/Developer/Xcode/DerivedData/InkMarkdown-fegkjzhxkpkatfgscsnwljoxebbz/Build/Products/Debug-iphonesimulator/PackageFrameworks -F /Users/shizihan/Library/Developer/Xcode/DerivedData/InkMarkdown-fegkjzhxkpkatfgscsnwljoxebbz/Build/Products/Debug-iphonesimulator/PackageFrameworks -F /Users/shizihan/Library/Developer/Xcode/DerivedData/InkMarkdown-fegkjzhxkpkatfgscsnwljoxebbz/Build/Products/Debug-iphonesimulator/PackageFrameworks -F /Users/shizihan/Library/Developer/Xcode/DerivedData/InkMarkdown-fegkjzhxkpkatfgscsnwljoxebbz/Build/Products/Debug-iphonesimulator/PackageFrameworks -F /Users/shizihan/Library/Developer/Xcode/DerivedData/InkMarkdown-fegkjzhxkpkatfgscsnwljoxebbz/Build/Products/Debug-iphonesimulator -F /Applications/Xcode.app/Contents/Developer/Platforms/iPhoneSimulator.platform/Developer/Library/Frameworks -F /Applications/Xcode.app/Contents/Developer/Platforms/iPhoneSimulator.platform/Developer/SDKs/iPhoneSimulator26.5.sdk/Developer/Library/Frameworks -c -j10 -enable-batch-mode -incremental -Xcc -ivfsstatcache -Xcc /Users/shizihan/Library/Developer/Xcode/DerivedData/SDKStatCaches.noindex/iphonesimulator26.5-23F81a-6cfe768891a92b912361537c460fe42b.sdkstatcache -output-file-map /Users/shizihan/Library/Developer/Xcode/DerivedData/InkMarkdown-fegkjzhxkpkatfgscsnwljoxebbz/Build/Intermediates.noindex/InkMarkdown.build/Debug-iphonesimulator/InkMarkdownTests.build/Objects-normal/arm64/InkMarkdownTests-OutputFileMap.json -use-frontend-parseable-output -save-temps -no-color-diagnostics -explicit-module-build -module-cache-path /Users/shizihan/Library/Developer/Xcode/DerivedData/InkMarkdown-fegkjzhxkpkatfgscsnwljoxebbz/Build/Intermediates.noindex/SwiftExplicitPrecompiledModules -clang-scanner-module-cache-path /Users/shizihan/Library/Developer/Xcode/DerivedData/ModuleCache.noindex -sdk-module-cache-path /Users/shizihan/Library/Developer/Xcode/DerivedData/ModuleCache.noindex -serialize-diagnostics -emit-dependencies -emit-module -emit-module-path /Users/shizihan/Library/Developer/Xcode/DerivedData/InkMarkdown-fegkjzhxkpkatfgscsnwljoxebbz/Build/Intermediates.noindex/InkMarkdown.build/Debug-iphonesimulator/InkMarkdownTests.build/Objects-normal/arm64/InkMarkdownTests.swiftmodule -validate-clang-modules-once -clang-build-session-file /Users/shizihan/Library/Developer/Xcode/DerivedData/ModuleCache.noindex/Session.modulevalidation -package-name inkmarkdown -emit-const-values -Xfrontend -const-gather-protocols-file -Xfrontend /Users/shizihan/Library/Developer/Xcode/DerivedData/InkMarkdown-fegkjzhxkpkatfgscsnwljoxebbz/Build/Intermediates.noindex/InkMarkdown.build/Debug-iphonesimulator/InkMarkdownTests.build/Objects-normal/arm64/InkMarkdownTests_const_extract_protocols.json -Xcc -I/Users/shizihan/DailyUse/Github/InkMarkdown/Packages/Caches/swift-cmark/src/include -Xcc -I/Users/shizihan/DailyUse/Github/InkMarkdown/Packages/Caches/swift-cmark/extensions/include -Xcc -I/Users/shizihan/DailyUse/Github/InkMarkdown/Packages/Caches/swift-markdown/Sources/CAtomic/include -Xcc -I/Users/shizihan/Library/Developer/Xcode/DerivedData/InkMarkdown-fegkjzhxkpkatfgscsnwljoxebbz/Build/Products/Debug-iphonesimulator/include -Xcc -I/Users/shizihan/Library/Developer/Xcode/DerivedData/InkMarkdown-fegkjzhxkpkatfgscsnwljoxebbz/Build/Intermediates.noindex/InkMarkdown.build/Debug-iphonesimulator/InkMarkdownTests.build/DerivedSources-normal/arm64 -Xcc -I/Users/shizihan/Library/Developer/Xcode/DerivedData/InkMarkdown-fegkjzhxkpkatfgscsnwljoxebbz/Build/Intermediates.noindex/InkMarkdown.build/Debug-iphonesimulator/InkMarkdownTests.build/DerivedSources/arm64 -Xcc -I/Users/shizihan/Library/Developer/Xcode/DerivedData/InkMarkdown-fegkjzhxkpkatfgscsnwljoxebbz/Build/Intermediates.noindex/InkMarkdown.build/Debug-iphonesimulator/InkMarkdownTests.build/DerivedSources -Xcc -DSWIFT_PACKAGE -Xcc -DDEBUG\=1 -working-directory /Users/shizihan/DailyUse/Github/InkMarkdown/.swiftpm/xcode -experimental-emit-module-separately -disable-cmo

Copy /Users/shizihan/Library/Developer/Xcode/DerivedData/InkMarkdown-fegkjzhxkpkatfgscsnwljoxebbz/Build/Products/Debug-iphonesimulator/InkMarkdownTests.swiftmodule/arm64-apple-ios-simulator.swiftmodule /Users/shizihan/Library/Developer/Xcode/DerivedData/InkMarkdown-fegkjzhxkpkatfgscsnwljoxebbz/Build/Intermediates.noindex/InkMarkdown.build/Debug-iphonesimulator/InkMarkdownTests.build/Objects-normal/arm64/InkMarkdownTests.swiftmodule (in target 'InkMarkdownTests' from project 'InkMarkdown')
    cd /Users/shizihan/DailyUse/Github/InkMarkdown
    builtin-copy -exclude .DS_Store -exclude CVS -exclude .svn -exclude .git -exclude .hg -resolve-src-symlinks -rename /Users/shizihan/Library/Developer/Xcode/DerivedData/InkMarkdown-fegkjzhxkpkatfgscsnwljoxebbz/Build/Intermediates.noindex/InkMarkdown.build/Debug-iphonesimulator/InkMarkdownTests.build/Objects-normal/arm64/InkMarkdownTests.swiftmodule /Users/shizihan/Library/Developer/Xcode/DerivedData/InkMarkdown-fegkjzhxkpkatfgscsnwljoxebbz/Build/Products/Debug-iphonesimulator/InkMarkdownTests.swiftmodule/arm64-apple-ios-simulator.swiftmodule

Copy /Users/shizihan/Library/Developer/Xcode/DerivedData/InkMarkdown-fegkjzhxkpkatfgscsnwljoxebbz/Build/Products/Debug-iphonesimulator/InkMarkdownTests.swiftmodule/Project/arm64-apple-ios-simulator.swiftsourceinfo /Users/shizihan/Library/Developer/Xcode/DerivedData/InkMarkdown-fegkjzhxkpkatfgscsnwljoxebbz/Build/Intermediates.noindex/InkMarkdown.build/Debug-iphonesimulator/InkMarkdownTests.build/Objects-normal/arm64/InkMarkdownTests.swiftsourceinfo (in target 'InkMarkdownTests' from project 'InkMarkdown')
    cd /Users/shizihan/DailyUse/Github/InkMarkdown
    builtin-copy -exclude .DS_Store -exclude CVS -exclude .svn -exclude .git -exclude .hg -resolve-src-symlinks -rename /Users/shizihan/Library/Developer/Xcode/DerivedData/InkMarkdown-fegkjzhxkpkatfgscsnwljoxebbz/Build/Intermediates.noindex/InkMarkdown.build/Debug-iphonesimulator/InkMarkdownTests.build/Objects-normal/arm64/InkMarkdownTests.swiftsourceinfo /Users/shizihan/Library/Developer/Xcode/DerivedData/InkMarkdown-fegkjzhxkpkatfgscsnwljoxebbz/Build/Products/Debug-iphonesimulator/InkMarkdownTests.swiftmodule/Project/arm64-apple-ios-simulator.swiftsourceinfo

Copy /Users/shizihan/Library/Developer/Xcode/DerivedData/InkMarkdown-fegkjzhxkpkatfgscsnwljoxebbz/Build/Products/Debug-iphonesimulator/InkMarkdownTests.swiftmodule/arm64-apple-ios-simulator.abi.json /Users/shizihan/Library/Developer/Xcode/DerivedData/InkMarkdown-fegkjzhxkpkatfgscsnwljoxebbz/Build/Intermediates.noindex/InkMarkdown.build/Debug-iphonesimulator/InkMarkdownTests.build/Objects-normal/arm64/InkMarkdownTests.abi.json (in target 'InkMarkdownTests' from project 'InkMarkdown')
    cd /Users/shizihan/DailyUse/Github/InkMarkdown
    builtin-copy -exclude .DS_Store -exclude CVS -exclude .svn -exclude .git -exclude .hg -resolve-src-symlinks -rename /Users/shizihan/Library/Developer/Xcode/DerivedData/InkMarkdown-fegkjzhxkpkatfgscsnwljoxebbz/Build/Intermediates.noindex/InkMarkdown.build/Debug-iphonesimulator/InkMarkdownTests.build/Objects-normal/arm64/InkMarkdownTests.abi.json /Users/shizihan/Library/Developer/Xcode/DerivedData/InkMarkdown-fegkjzhxkpkatfgscsnwljoxebbz/Build/Products/Debug-iphonesimulator/InkMarkdownTests.swiftmodule/arm64-apple-ios-simulator.abi.json

SwiftDriverJobDiscovery normal arm64 Compiling ImageRenderingTests.swift (in target 'InkMarkdownTests' from project 'InkMarkdown')

SwiftCompile normal arm64 Compiling\ InkMermaidFailureFallbackTests.swift /Users/shizihan/DailyUse/Github/InkMarkdown/Tests/InkMarkdownTests/InkMermaid/InkMermaidFailureFallbackTests.swift (in target 'InkMarkdownTests' from project 'InkMarkdown')

SwiftCompile normal arm64 /Users/shizihan/DailyUse/Github/InkMarkdown/Tests/InkMarkdownTests/InkMermaid/InkMermaidFailureFallbackTests.swift (in target 'InkMarkdownTests' from project 'InkMarkdown')
    cd /Users/shizihan/DailyUse/Github/InkMarkdown/.swiftpm/xcode
    

SwiftDriverJobDiscovery normal arm64 Compiling InkMermaidFailureFallbackTests.swift (in target 'InkMarkdownTests' from project 'InkMarkdown')

SwiftDriver\ Compilation InkMarkdownTests normal arm64 com.apple.xcode.tools.swift.compiler (in target 'InkMarkdownTests' from project 'InkMarkdown')
    cd /Users/shizihan/DailyUse/Github/InkMarkdown/.swiftpm/xcode
    builtin-Swift-Compilation -- /Applications/Xcode.app/Contents/Developer/Toolchains/XcodeDefault.xctoolchain/usr/bin/swiftc -module-name InkMarkdownTests -Onone @/Users/shizihan/Library/Developer/Xcode/DerivedData/InkMarkdown-fegkjzhxkpkatfgscsnwljoxebbz/Build/Intermediates.noindex/InkMarkdown.build/Debug-iphonesimulator/InkMarkdownTests.build/Objects-normal/arm64/InkMarkdownTests.SwiftFileList -DSWIFT_PACKAGE -DDEBUG -DXcode -plugin-path /Applications/Xcode.app/Contents/Developer/Toolchains/XcodeDefault.xctoolchain/usr/lib/swift/host/plugins/testing -enable-experimental-feature DebugDescriptionMacro -sdk /Applications/Xcode.app/Contents/Developer/Platforms/iPhoneSimulator.platform/Developer/SDKs/iPhoneSimulator26.5.sdk -target arm64-apple-ios15.0-simulator -g -module-cache-path /Users/shizihan/Library/Developer/Xcode/DerivedData/ModuleCache.noindex -Xfrontend -serialize-debugging-options -profile-coverage-mapping -profile-generate -enable-testing -index-store-path /Users/shizihan/Library/Developer/Xcode/DerivedData/InkMarkdown-fegkjzhxkpkatfgscsnwljoxebbz/Index.noindex/DataStore -Xcc -D_LIBCPP_HARDENING_MODE\=_LIBCPP_HARDENING_MODE_DEBUG -swift-version 6 -I /Users/shizihan/Library/Developer/Xcode/DerivedData/InkMarkdown-fegkjzhxkpkatfgscsnwljoxebbz/Build/Products/Debug-iphonesimulator -Isystem /Applications/Xcode.app/Contents/Developer/Platforms/iPhoneSimulator.platform/Developer/usr/lib -F /Users/shizihan/Library/Developer/Xcode/DerivedData/InkMarkdown-fegkjzhxkpkatfgscsnwljoxebbz/Build/Products/Debug-iphonesimulator/PackageFrameworks -F /Users/shizihan/Library/Developer/Xcode/DerivedData/InkMarkdown-fegkjzhxkpkatfgscsnwljoxebbz/Build/Products/Debug-iphonesimulator/PackageFrameworks -F /Users/shizihan/Library/Developer/Xcode/DerivedData/InkMarkdown-fegkjzhxkpkatfgscsnwljoxebbz/Build/Products/Debug-iphonesimulator/PackageFrameworks -F /Users/shizihan/Library/Developer/Xcode/DerivedData/InkMarkdown-fegkjzhxkpkatfgscsnwljoxebbz/Build/Products/Debug-iphonesimulator/PackageFrameworks -F /Users/shizihan/Library/Developer/Xcode/DerivedData/InkMarkdown-fegkjzhxkpkatfgscsnwljoxebbz/Build/Products/Debug-iphonesimulator/PackageFrameworks -F /Users/shizihan/Library/Developer/Xcode/DerivedData/InkMarkdown-fegkjzhxkpkatfgscsnwljoxebbz/Build/Products/Debug-iphonesimulator/PackageFrameworks -F /Users/shizihan/Library/Developer/Xcode/DerivedData/InkMarkdown-fegkjzhxkpkatfgscsnwljoxebbz/Build/Products/Debug-iphonesimulator -F /Applications/Xcode.app/Contents/Developer/Platforms/iPhoneSimulator.platform/Developer/Library/Frameworks -F /Applications/Xcode.app/Contents/Developer/Platforms/iPhoneSimulator.platform/Developer/SDKs/iPhoneSimulator26.5.sdk/Developer/Library/Frameworks -c -j10 -enable-batch-mode -incremental -Xcc -ivfsstatcache -Xcc /Users/shizihan/Library/Developer/Xcode/DerivedData/SDKStatCaches.noindex/iphonesimulator26.5-23F81a-6cfe768891a92b912361537c460fe42b.sdkstatcache -output-file-map /Users/shizihan/Library/Developer/Xcode/DerivedData/InkMarkdown-fegkjzhxkpkatfgscsnwljoxebbz/Build/Intermediates.noindex/InkMarkdown.build/Debug-iphonesimulator/InkMarkdownTests.build/Objects-normal/arm64/InkMarkdownTests-OutputFileMap.json -use-frontend-parseable-output -save-temps -no-color-diagnostics -explicit-module-build -module-cache-path /Users/shizihan/Library/Developer/Xcode/DerivedData/InkMarkdown-fegkjzhxkpkatfgscsnwljoxebbz/Build/Intermediates.noindex/SwiftExplicitPrecompiledModules -clang-scanner-module-cache-path /Users/shizihan/Library/Developer/Xcode/DerivedData/ModuleCache.noindex -sdk-module-cache-path /Users/shizihan/Library/Developer/Xcode/DerivedData/ModuleCache.noindex -serialize-diagnostics -emit-dependencies -emit-module -emit-module-path /Users/shizihan/Library/Developer/Xcode/DerivedData/InkMarkdown-fegkjzhxkpkatfgscsnwljoxebbz/Build/Intermediates.noindex/InkMarkdown.build/Debug-iphonesimulator/InkMarkdownTests.build/Objects-normal/arm64/InkMarkdownTests.swiftmodule -validate-clang-modules-once -clang-build-session-file /Users/shizihan/Library/Developer/Xcode/DerivedData/ModuleCache.noindex/Session.modulevalidation -package-name inkmarkdown -emit-const-values -Xfrontend -const-gather-protocols-file -Xfrontend /Users/shizihan/Library/Developer/Xcode/DerivedData/InkMarkdown-fegkjzhxkpkatfgscsnwljoxebbz/Build/Intermediates.noindex/InkMarkdown.build/Debug-iphonesimulator/InkMarkdownTests.build/Objects-normal/arm64/InkMarkdownTests_const_extract_protocols.json -Xcc -I/Users/shizihan/DailyUse/Github/InkMarkdown/Packages/Caches/swift-cmark/src/include -Xcc -I/Users/shizihan/DailyUse/Github/InkMarkdown/Packages/Caches/swift-cmark/extensions/include -Xcc -I/Users/shizihan/DailyUse/Github/InkMarkdown/Packages/Caches/swift-markdown/Sources/CAtomic/include -Xcc -I/Users/shizihan/Library/Developer/Xcode/DerivedData/InkMarkdown-fegkjzhxkpkatfgscsnwljoxebbz/Build/Products/Debug-iphonesimulator/include -Xcc -I/Users/shizihan/Library/Developer/Xcode/DerivedData/InkMarkdown-fegkjzhxkpkatfgscsnwljoxebbz/Build/Intermediates.noindex/InkMarkdown.build/Debug-iphonesimulator/InkMarkdownTests.build/DerivedSources-normal/arm64 -Xcc -I/Users/shizihan/Library/Developer/Xcode/DerivedData/InkMarkdown-fegkjzhxkpkatfgscsnwljoxebbz/Build/Intermediates.noindex/InkMarkdown.build/Debug-iphonesimulator/InkMarkdownTests.build/DerivedSources/arm64 -Xcc -I/Users/shizihan/Library/Developer/Xcode/DerivedData/InkMarkdown-fegkjzhxkpkatfgscsnwljoxebbz/Build/Intermediates.noindex/InkMarkdown.build/Debug-iphonesimulator/InkMarkdownTests.build/DerivedSources -Xcc -DSWIFT_PACKAGE -Xcc -DDEBUG\=1 -working-directory /Users/shizihan/DailyUse/Github/InkMarkdown/.swiftpm/xcode -experimental-emit-module-separately -disable-cmo

Ld /Users/shizihan/Library/Developer/Xcode/DerivedData/InkMarkdown-fegkjzhxkpkatfgscsnwljoxebbz/Build/Products/Debug-iphonesimulator/InkMarkdownTests.xctest/InkMarkdownTests normal (in target 'InkMarkdownTests' from project 'InkMarkdown')
    cd /Users/shizihan/DailyUse/Github/InkMarkdown
    /Applications/Xcode.app/Contents/Developer/Toolchains/XcodeDefault.xctoolchain/usr/bin/clang -Xlinker -reproducible -target arm64-apple-ios15.0-simulator -bundle -isysroot /Applications/Xcode.app/Contents/Developer/Platforms/iPhoneSimulator.platform/Developer/SDKs/iPhoneSimulator26.5.sdk -O0 -L/Users/shizihan/Library/Developer/Xcode/DerivedData/InkMarkdown-fegkjzhxkpkatfgscsnwljoxebbz/Build/Intermediates.noindex/EagerLinkingTBDs/Debug-iphonesimulator -L/Users/shizihan/Library/Developer/Xcode/DerivedData/InkMarkdown-fegkjzhxkpkatfgscsnwljoxebbz/Build/Products/Debug-iphonesimulator -L/Applications/Xcode.app/Contents/Developer/Platforms/iPhoneSimulator.platform/Developer/usr/lib -F/Users/shizihan/Library/Developer/Xcode/DerivedData/InkMarkdown-fegkjzhxkpkatfgscsnwljoxebbz/Build/Intermediates.noindex/EagerLinkingTBDs/Debug-iphonesimulator -F/Users/shizihan/Library/Developer/Xcode/DerivedData/InkMarkdown-fegkjzhxkpkatfgscsnwljoxebbz/Build/Products/Debug-iphonesimulator/PackageFrameworks -F/Users/shizihan/Library/Developer/Xcode/DerivedData/InkMarkdown-fegkjzhxkpkatfgscsnwljoxebbz/Build/Products/Debug-iphonesimulator/PackageFrameworks -F/Users/shizihan/Library/Developer/Xcode/DerivedData/InkMarkdown-fegkjzhxkpkatfgscsnwljoxebbz/Build/Products/Debug-iphonesimulator/PackageFrameworks -F/Users/shizihan/Library/Developer/Xcode/DerivedData/InkMarkdown-fegkjzhxkpkatfgscsnwljoxebbz/Build/Products/Debug-iphonesimulator/PackageFrameworks -F/Users/shizihan/Library/Developer/Xcode/DerivedData/InkMarkdown-fegkjzhxkpkatfgscsnwljoxebbz/Build/Products/Debug-iphonesimulator/PackageFrameworks -F/Users/shizihan/Library/Developer/Xcode/DerivedData/InkMarkdown-fegkjzhxkpkatfgscsnwljoxebbz/Build/Products/Debug-iphonesimulator/PackageFrameworks -F/Users/shizihan/Library/Developer/Xcode/DerivedData/InkMarkdown-fegkjzhxkpkatfgscsnwljoxebbz/Build/Products/Debug-iphonesimulator -iframework /Applications/Xcode.app/Contents/Developer/Platforms/iPhoneSimulator.platform/Developer/Library/Frameworks -iframework /Applications/Xcode.app/Contents/Developer/Platforms/iPhoneSimulator.platform/Developer/SDKs/iPhoneSimulator26.5.sdk/Developer/Library/Frameworks -filelist /Users/shizihan/Library/Developer/Xcode/DerivedData/InkMarkdown-fegkjzhxkpkatfgscsnwljoxebbz/Build/Intermediates.noindex/InkMarkdown.build/Debug-iphonesimulator/InkMarkdownTests.build/Objects-normal/arm64/InkMarkdownTests.LinkFileList -Xlinker -rpath -Xlinker /usr/lib/swift -Xlinker -rpath -Xlinker /Users/shizihan/Library/Developer/Xcode/DerivedData/InkMarkdown-fegkjzhxkpkatfgscsnwljoxebbz/Build/Products/Debug-iphonesimulator/PackageFrameworks -Xlinker -rpath -Xlinker @loader_path/Frameworks -Xlinker -rpath -Xlinker @loader_path/../Frameworks -Xlinker -dead_strip -Xlinker -object_path_lto -Xlinker /Users/shizihan/Library/Developer/Xcode/DerivedData/InkMarkdown-fegkjzhxkpkatfgscsnwljoxebbz/Build/Intermediates.noindex/InkMarkdown.build/Debug-iphonesimulator/InkMarkdownTests.build/Objects-normal/arm64/InkMarkdownTests_lto.o -rdynamic -Xlinker -no_deduplicate -Xlinker -objc_abi_version -Xlinker 2 -Xlinker -debug_variant -Xlinker -dependency_info -Xlinker /Users/shizihan/Library/Developer/Xcode/DerivedData/InkMarkdown-fegkjzhxkpkatfgscsnwljoxebbz/Build/Intermediates.noindex/InkMarkdown.build/Debug-iphonesimulator/InkMarkdownTests.build/Objects-normal/arm64/InkMarkdownTests_dependency_info.dat -fobjc-link-runtime -fprofile-instr-generate -L/Applications/Xcode.app/Contents/Developer/Toolchains/XcodeDefault.xctoolchain/usr/lib/swift/iphonesimulator -L/usr/lib/swift -Xlinker -add_ast_path -Xlinker /Users/shizihan/Library/Developer/Xcode/DerivedData/InkMarkdown-fegkjzhxkpkatfgscsnwljoxebbz/Build/Intermediates.noindex/InkMarkdown.build/Debug-iphonesimulator/InkMarkdownTests.build/Objects-normal/arm64/InkMarkdownTests.swiftmodule @/Users/shizihan/Library/Developer/Xcode/DerivedData/InkMarkdown-fegkjzhxkpkatfgscsnwljoxebbz/Build/Intermediates.noindex/InkMarkdown.build/Debug-iphonesimulator/InkMarkdownTests.build/Objects-normal/arm64/InkMarkdownTests-linker-args.resp -Wl,-no_warn_duplicate_libraries -Wl,-no_warn_duplicate_libraries -Wl,-no_warn_duplicate_libraries -Wl,-no_warn_duplicate_libraries -Wl,-no_warn_duplicate_libraries -Wl,-no_warn_duplicate_libraries -Xlinker -needed_framework -Xlinker XCTest -framework XCTest -Xlinker -needed-lXCTestSwiftSupport -lXCTestSwiftSupport -Xlinker -no_adhoc_codesign -o /Users/shizihan/Library/Developer/Xcode/DerivedData/InkMarkdown-fegkjzhxkpkatfgscsnwljoxebbz/Build/Products/Debug-iphonesimulator/InkMarkdownTests.xctest/InkMarkdownTests -Xlinker -add_ast_path -Xlinker /Users/shizihan/Library/Developer/Xcode/DerivedData/InkMarkdown-fegkjzhxkpkatfgscsnwljoxebbz/Build/Intermediates.noindex/swift-markdown.build/Debug-iphonesimulator/Markdown.build/Objects-normal/arm64/Markdown.swiftmodule @/Users/shizihan/Library/Developer/Xcode/DerivedData/InkMarkdown-fegkjzhxkpkatfgscsnwljoxebbz/Build/Intermediates.noindex/swift-markdown.build/Debug-iphonesimulator/Markdown.build/Objects-normal/arm64/Markdown-linker-args.resp -Xlinker -add_ast_path -Xlinker /Users/shizihan/Library/Developer/Xcode/DerivedData/InkMarkdown-fegkjzhxkpkatfgscsnwljoxebbz/Build/Intermediates.noindex/InkMarkdown.build/Debug-iphonesimulator/InkMarkdown.build/Objects-normal/arm64/InkMarkdown.swiftmodule @/Users/shizihan/Library/Developer/Xcode/DerivedData/InkMarkdown-fegkjzhxkpkatfgscsnwljoxebbz/Build/Intermediates.noindex/InkMarkdown.build/Debug-iphonesimulator/InkMarkdown.build/Objects-normal/arm64/InkMarkdown-linker-args.resp -Xlinker -add_ast_path -Xlinker /Users/shizihan/Library/Developer/Xcode/DerivedData/InkMarkdown-fegkjzhxkpkatfgscsnwljoxebbz/Build/Intermediates.noindex/InkMarkdown.build/Debug-iphonesimulator/InkMarkdownSemanticCorpus.build/Objects-normal/arm64/InkMarkdownSemanticCorpus.swiftmodule @/Users/shizihan/Library/Developer/Xcode/DerivedData/InkMarkdown-fegkjzhxkpkatfgscsnwljoxebbz/Build/Intermediates.noindex/InkMarkdown.build/Debug-iphonesimulator/InkMarkdownSemanticCorpus.build/Objects-normal/arm64/InkMarkdownSemanticCorpus-linker-args.resp

CopySwiftLibs /Users/shizihan/Library/Developer/Xcode/DerivedData/InkMarkdown-fegkjzhxkpkatfgscsnwljoxebbz/Build/Products/Debug-iphonesimulator/InkMarkdownTests.xctest (in target 'InkMarkdownTests' from project 'InkMarkdown')
    cd /Users/shizihan/DailyUse/Github/InkMarkdown
    builtin-swiftStdLibTool --copy --verbose --sign - --scan-executable /Users/shizihan/Library/Developer/Xcode/DerivedData/InkMarkdown-fegkjzhxkpkatfgscsnwljoxebbz/Build/Products/Debug-iphonesimulator/InkMarkdownTests.xctest/InkMarkdownTests --scan-folder /Users/shizihan/Library/Developer/Xcode/DerivedData/InkMarkdown-fegkjzhxkpkatfgscsnwljoxebbz/Build/Products/Debug-iphonesimulator/InkMarkdownTests.xctest/Frameworks --scan-folder /Users/shizihan/Library/Developer/Xcode/DerivedData/InkMarkdown-fegkjzhxkpkatfgscsnwljoxebbz/Build/Products/Debug-iphonesimulator/InkMarkdownTests.xctest/PlugIns --scan-folder /Users/shizihan/Library/Developer/Xcode/DerivedData/InkMarkdown-fegkjzhxkpkatfgscsnwljoxebbz/Build/Products/Debug-iphonesimulator/InkMarkdownTests.xctest/SystemExtensions --scan-folder /Users/shizihan/Library/Developer/Xcode/DerivedData/InkMarkdown-fegkjzhxkpkatfgscsnwljoxebbz/Build/Products/Debug-iphonesimulator/InkMarkdownTests.xctest/Extensions --platform iphonesimulator --toolchain /Applications/Xcode.app/Contents/Developer/Toolchains/XcodeDefault.xctoolchain --destination /Users/shizihan/Library/Developer/Xcode/DerivedData/InkMarkdown-fegkjzhxkpkatfgscsnwljoxebbz/Build/Products/Debug-iphonesimulator/InkMarkdownTests.xctest/Frameworks --strip-bitcode --scan-executable /Applications/Xcode.app/Contents/Developer/Platforms/iPhoneSimulator.platform/Developer/usr/lib/libXCTestSwiftSupport.dylib --strip-bitcode-tool /Applications/Xcode.app/Contents/Developer/Toolchains/XcodeDefault.xctoolchain/usr/bin/bitcode_strip --emit-dependency-info /Users/shizihan/Library/Developer/Xcode/DerivedData/InkMarkdown-fegkjzhxkpkatfgscsnwljoxebbz/Build/Intermediates.noindex/InkMarkdown.build/Debug-iphonesimulator/InkMarkdownTests.build/SwiftStdLibToolInputDependencies.dep --filter-for-swift-os

ExtractAppIntentsMetadata (in target 'InkMarkdownTests' from project 'InkMarkdown')
    cd /Users/shizihan/DailyUse/Github/InkMarkdown
    /Applications/Xcode.app/Contents/Developer/Toolchains/XcodeDefault.xctoolchain/usr/bin/appintentsmetadataprocessor --toolchain-dir /Applications/Xcode.app/Contents/Developer/Toolchains/XcodeDefault.xctoolchain --module-name InkMarkdownTests --sdk-root /Applications/Xcode.app/Contents/Developer/Platforms/iPhoneSimulator.platform/Developer/SDKs/iPhoneSimulator26.5.sdk --xcode-version 17F113 --platform-family iOS --deployment-target 15.0 --bundle-identifier inkmarkdown.InkMarkdownTests --output /Users/shizihan/Library/Developer/Xcode/DerivedData/InkMarkdown-fegkjzhxkpkatfgscsnwljoxebbz/Build/Products/Debug-iphonesimulator/InkMarkdownTests.xctest --target-triple arm64-apple-ios15.0-simulator --binary-file /Users/shizihan/Library/Developer/Xcode/DerivedData/InkMarkdown-fegkjzhxkpkatfgscsnwljoxebbz/Build/Products/Debug-iphonesimulator/InkMarkdownTests.xctest/InkMarkdownTests --dependency-file /Users/shizihan/Library/Developer/Xcode/DerivedData/InkMarkdown-fegkjzhxkpkatfgscsnwljoxebbz/Build/Intermediates.noindex/InkMarkdown.build/Debug-iphonesimulator/InkMarkdownTests.build/Objects-normal/arm64/InkMarkdownTests_dependency_info.dat --stringsdata-file /Users/shizihan/Library/Developer/Xcode/DerivedData/InkMarkdown-fegkjzhxkpkatfgscsnwljoxebbz/Build/Intermediates.noindex/InkMarkdown.build/Debug-iphonesimulator/InkMarkdownTests.build/Objects-normal/arm64/ExtractedAppShortcutsMetadata.stringsdata --source-file-list /Users/shizihan/Library/Developer/Xcode/DerivedData/InkMarkdown-fegkjzhxkpkatfgscsnwljoxebbz/Build/Intermediates.noindex/InkMarkdown.build/Debug-iphonesimulator/InkMarkdownTests.build/Objects-normal/arm64/InkMarkdownTests.SwiftFileList --metadata-file-list /Users/shizihan/Library/Developer/Xcode/DerivedData/InkMarkdown-fegkjzhxkpkatfgscsnwljoxebbz/Build/Intermediates.noindex/InkMarkdown.build/Debug-iphonesimulator/InkMarkdownTests.build/InkMarkdownTests.DependencyMetadataFileList --static-metadata-file-list /Users/shizihan/Library/Developer/Xcode/DerivedData/InkMarkdown-fegkjzhxkpkatfgscsnwljoxebbz/Build/Intermediates.noindex/InkMarkdown.build/Debug-iphonesimulator/InkMarkdownTests.build/InkMarkdownTests.DependencyStaticMetadataFileList --swift-const-vals-list /Users/shizihan/Library/Developer/Xcode/DerivedData/InkMarkdown-fegkjzhxkpkatfgscsnwljoxebbz/Build/Intermediates.noindex/InkMarkdown.build/Debug-iphonesimulator/InkMarkdownTests.build/Objects-normal/arm64/InkMarkdownTests.SwiftConstValuesFileList --compile-time-extraction --deployment-aware-processing --validate-assistant-intents --no-app-shortcuts-localization
2026-09-07 14:32:37.345 appintentsmetadataprocessor[67077:6016643] Starting appintentsmetadataprocessor export
2026-09-07 14:32:37.384 appintentsmetadataprocessor[67077:6016643] warning: Metadata extraction skipped. No AppIntents.framework dependency found.

CodeSign /Users/shizihan/Library/Developer/Xcode/DerivedData/InkMarkdown-fegkjzhxkpkatfgscsnwljoxebbz/Build/Products/Debug-iphonesimulator/InkMarkdownTests.xctest (in target 'InkMarkdownTests' from project 'InkMarkdown')
    cd /Users/shizihan/DailyUse/Github/InkMarkdown
    
    Signing Identity:     "Sign to Run Locally"
    
    /usr/bin/codesign --force --sign - --timestamp\=none --generate-entitlement-der /Users/shizihan/Library/Developer/Xcode/DerivedData/InkMarkdown-fegkjzhxkpkatfgscsnwljoxebbz/Build/Products/Debug-iphonesimulator/InkMarkdownTests.xctest

RegisterExecutionPolicyException /Users/shizihan/Library/Developer/Xcode/DerivedData/InkMarkdown-fegkjzhxkpkatfgscsnwljoxebbz/Build/Products/Debug-iphonesimulator/InkMarkdownTests.xctest (in target 'InkMarkdownTests' from project 'InkMarkdown')
    cd /Users/shizihan/DailyUse/Github/InkMarkdown
    builtin-RegisterExecutionPolicyException /Users/shizihan/Library/Developer/Xcode/DerivedData/InkMarkdown-fegkjzhxkpkatfgscsnwljoxebbz/Build/Products/Debug-iphonesimulator/InkMarkdownTests.xctest

Touch /Users/shizihan/Library/Developer/Xcode/DerivedData/InkMarkdown-fegkjzhxkpkatfgscsnwljoxebbz/Build/Products/Debug-iphonesimulator/InkMarkdownTests.xctest (in target 'InkMarkdownTests' from project 'InkMarkdown')
    cd /Users/shizihan/DailyUse/Github/InkMarkdown
    /usr/bin/touch -c /Users/shizihan/Library/Developer/Xcode/DerivedData/InkMarkdown-fegkjzhxkpkatfgscsnwljoxebbz/Build/Products/Debug-iphonesimulator/InkMarkdownTests.xctest

Resolve Package Graph

Resolve Package Graph

Test Suite 'Selected tests' started at 2026-09-07 14:33:01.883.
Test Suite 'InkMarkdownTests.xctest' started at 2026-09-07 14:33:01.897.
Test Suite 'InkMarkdownTests.xctest' passed at 2026-09-07 14:33:01.897.
	 Executed 0 tests, with 0 failures (0 unexpected) in 0.000 (0.001) seconds
Test Suite 'Selected tests' passed at 2026-09-07 14:33:01.899.
	 Executed 0 tests, with 0 failures (0 unexpected) in 0.000 (0.016) seconds
◇ Test run started.
↳ Testing Library Version: 1902
↳ Target Platform: arm64-apple-ios13.0-simulator
◇ Suite "InkImagePreview Store 分支" started.
◇ Test bypassStoreTrue_loadsViaLoaderWithoutStoreCache() started.
✔ Test bypassStoreTrue_loadsViaLoaderWithoutStoreCache() passed after 0.860 seconds.
◇ Test bypassStoreFalse_usesInjectedStore() started.
✔ Test bypassStoreFalse_usesInjectedStore() passed after 0.013 seconds.
◇ Test dismissCancelsHighRes_lateResultIgnored() started.
✔ Test dismissCancelsHighRes_lateResultIgnored() passed after 0.009 seconds.
✔ Suite "InkImagePreview Store 分支" passed after 0.887 seconds.
✔ Test run with 3 tests in 1 suite passed after 0.887 seconds.
2026-09-07 14:33:03.252 xcodebuild[65221:6012404] [MT] IDETestOperationsObserverDebug: 25.440 elapsed -- Testing started completed.
2026-09-07 14:33:03.252 xcodebuild[65221:6012404] [MT] IDETestOperationsObserverDebug: 0.000 sec, +0.000 sec -- start
2026-09-07 14:33:03.252 xcodebuild[65221:6012404] [MT] IDETestOperationsObserverDebug: 25.440 sec, +25.440 sec -- end

Test session results, code coverage, and logs:
	/Users/shizihan/DailyUse/Github/InkMarkdown/.scratch/architecture-deepening-2026-09-07/evidence/20260907-1415-ticket-27/fix-red.xcresult

** TEST SUCCEEDED **

Testing started
