Command line invocation:
    /Applications/Xcode.app/Contents/Developer/usr/bin/xcodebuild build -scheme InkMarkdownLaTeXConsumer -destination "platform=iOS Simulator,id=10F638E2-84FB-42AE-9BAE-0E246F463E8D" -derivedDataPath /Users/shizihan/DailyUse/Github/InkMarkdown/.scratch/architecture-deepening-2026-09-07/evidence/20260907-1415-ticket-27/consumer/DerivedData-InkMarkdownLaTeXConsumer

Resolve Package Graph
2026-09-07 14:40:50.999 xcodebuild[87655:6068906] [MT] IDERunDestination: Supported platforms for the buildables in the current scheme is empty.


Resolved source packages:
  InkMarkdown: /Users/shizihan/DailyUse/Github/InkMarkdown @ local
  iosMath: /Users/shizihan/DailyUse/Github/InkMarkdown/Packages/Caches/iosMath @ local
  cmark-gfm: /Users/shizihan/DailyUse/Github/InkMarkdown/Packages/Caches/swift-cmark @ local
  InkMarkdownConsumerSmoke: /Users/shizihan/DailyUse/Github/InkMarkdown/.github/fixtures/consumer-smoke
  swift-markdown: /Users/shizihan/DailyUse/Github/InkMarkdown/Packages/Caches/swift-markdown @ local

--- xcodebuild: WARNING: Using the first of multiple matching destinations:
{ platform:iOS Simulator, arch:arm64, id:10F638E2-84FB-42AE-9BAE-0E246F463E8D, OS:26.5, name:iPhone 17 Pro }
{ platform:iOS Simulator, arch:x86_64, id:10F638E2-84FB-42AE-9BAE-0E246F463E8D, OS:26.5, name:iPhone 17 Pro }
ComputePackagePrebuildTargetDependencyGraph

Prepare packages

CreateBuildRequest

SendProjectDescription

CreateBuildOperation

ComputeTargetDependencyGraph
note: Building targets in dependency order
note: Target dependency graph (15 targets)
    Target 'InkMarkdownLaTeXConsumer' in project 'InkMarkdownConsumerSmoke'
        ➜ Explicit dependency on target 'InkMarkdownLaTeXConsumer' in project 'InkMarkdownConsumerSmoke'
        ➜ Explicit dependency on target 'InkMarkdownLaTeX' in project 'InkMarkdown'
    Target 'InkMarkdownLaTeXConsumer' in project 'InkMarkdownConsumerSmoke'
        ➜ Explicit dependency on target 'InkMarkdownLaTeX' in project 'InkMarkdown'
    Target 'InkMarkdownLaTeX' in project 'InkMarkdown'
        ➜ Explicit dependency on target 'InkMarkdownLaTeX' in project 'InkMarkdown'
        ➜ Explicit dependency on target 'InkMarkdown' in project 'InkMarkdown'
        ➜ Explicit dependency on target 'Markdown' in project 'swift-markdown'
        ➜ Explicit dependency on target 'iosMath' in project 'iosMath'
    Target 'InkMarkdownLaTeX' in project 'InkMarkdown'
        ➜ Explicit dependency on target 'InkMarkdown' in project 'InkMarkdown'
        ➜ Explicit dependency on target 'Markdown' in project 'swift-markdown'
        ➜ Explicit dependency on target 'iosMath' in project 'iosMath'
    Target 'iosMath' in project 'iosMath'
        ➜ Explicit dependency on target 'iosMath' in project 'iosMath'
        ➜ Explicit dependency on target 'iosMath_iosMath' in project 'iosMath'
    Target 'iosMath' in project 'iosMath'
        ➜ Explicit dependency on target 'iosMath_iosMath' in project 'iosMath'
    Target 'iosMath_iosMath' in project 'iosMath' (no dependencies)
    Target 'InkMarkdown' in project 'InkMarkdown'
        ➜ Explicit dependency on target 'Markdown' in project 'swift-markdown'
    Target 'Markdown' in project 'swift-markdown'
        ➜ Explicit dependency on target 'Markdown' in project 'swift-markdown'
        ➜ Explicit dependency on target 'CAtomic' in project 'swift-markdown'
        ➜ Explicit dependency on target 'cmark-gfm' in project 'cmark-gfm'
        ➜ Explicit dependency on target 'cmark-gfm-extensions' in project 'cmark-gfm'
    Target 'Markdown' in project 'swift-markdown'
        ➜ Explicit dependency on target 'CAtomic' in project 'swift-markdown'
        ➜ Explicit dependency on target 'cmark-gfm' in project 'cmark-gfm'
        ➜ Explicit dependency on target 'cmark-gfm-extensions' in project 'cmark-gfm'
    Target 'cmark-gfm-extensions' in project 'cmark-gfm'
        ➜ Explicit dependency on target 'cmark-gfm-extensions' in project 'cmark-gfm'
        ➜ Explicit dependency on target 'cmark-gfm' in project 'cmark-gfm'
    Target 'cmark-gfm-extensions' in project 'cmark-gfm'
        ➜ Explicit dependency on target 'cmark-gfm' in project 'cmark-gfm'
    Target 'cmark-gfm' in project 'cmark-gfm'
        ➜ Explicit dependency on target 'cmark-gfm' in project 'cmark-gfm'
    Target 'cmark-gfm' in project 'cmark-gfm' (no dependencies)
    Target 'CAtomic' in project 'swift-markdown' (no dependencies)

GatherProvisioningInputs

CreateBuildDescription

ExecuteExternalTool /Applications/Xcode.app/Contents/Developer/Toolchains/XcodeDefault.xctoolchain/usr/bin/clang -v -E -dM -arch arm64 -isysroot /Applications/Xcode.app/Contents/Developer/Platforms/iPhoneSimulator.platform/Developer/SDKs/iPhoneSimulator26.5.sdk -x c -c /dev/null

ExecuteExternalTool /Applications/Xcode.app/Contents/Developer/Toolchains/XcodeDefault.xctoolchain/usr/bin/clang -v -E -dM -arch arm64 -isysroot /Applications/Xcode.app/Contents/Developer/Platforms/iPhoneSimulator.platform/Developer/SDKs/iPhoneSimulator26.5.sdk -x objective-c -c /dev/null

ExecuteExternalTool /Applications/Xcode.app/Contents/Developer/Toolchains/XcodeDefault.xctoolchain/usr/bin/swiftc --version

ExecuteExternalTool /Applications/Xcode.app/Contents/Developer/Toolchains/XcodeDefault.xctoolchain/usr/bin/clang -v -E -dM -isysroot /Applications/Xcode.app/Contents/Developer/Platforms/iPhoneSimulator.platform/Developer/SDKs/iPhoneSimulator26.5.sdk -x c -c /dev/null

ExecuteExternalTool /Applications/Xcode.app/Contents/Developer/Toolchains/XcodeDefault.xctoolchain/usr/bin/ld -version_details

ReadFileContents /Applications/Xcode.app/Contents/Developer/Toolchains/XcodeDefault.xctoolchain/usr/share/docc/features.json

Build description signature: 49a279e64a5d63078f5b685ecf2b796f
Build description path: /Users/shizihan/DailyUse/Github/InkMarkdown/.scratch/architecture-deepening-2026-09-07/evidence/20260907-1415-ticket-27/consumer/DerivedData-InkMarkdownLaTeXConsumer/Build/Intermediates.noindex/XCBuildData/49a279e64a5d63078f5b685ecf2b796f.xcbuilddata
ClangStatCache /Applications/Xcode.app/Contents/Developer/Toolchains/XcodeDefault.xctoolchain/usr/bin/clang-stat-cache /Applications/Xcode.app/Contents/Developer/Platforms/iPhoneSimulator.platform/Developer/SDKs/iPhoneSimulator26.5.sdk /Users/shizihan/DailyUse/Github/InkMarkdown/.scratch/architecture-deepening-2026-09-07/evidence/20260907-1415-ticket-27/consumer/DerivedData-InkMarkdownLaTeXConsumer/SDKStatCaches.noindex/iphonesimulator26.5-23F81a-6cfe768891a92b912361537c460fe42b.sdkstatcache
    cd /Users/shizihan/DailyUse/Github/InkMarkdown/.github/fixtures/consumer-smoke/.swiftpm/xcode
    /Applications/Xcode.app/Contents/Developer/Toolchains/XcodeDefault.xctoolchain/usr/bin/clang-stat-cache /Applications/Xcode.app/Contents/Developer/Platforms/iPhoneSimulator.platform/Developer/SDKs/iPhoneSimulator26.5.sdk -o /Users/shizihan/DailyUse/Github/InkMarkdown/.scratch/architecture-deepening-2026-09-07/evidence/20260907-1415-ticket-27/consumer/DerivedData-InkMarkdownLaTeXConsumer/SDKStatCaches.noindex/iphonesimulator26.5-23F81a-6cfe768891a92b912361537c460fe42b.sdkstatcache

CreateBuildDirectory /Users/shizihan/DailyUse/Github/InkMarkdown/.scratch/architecture-deepening-2026-09-07/evidence/20260907-1415-ticket-27/consumer/DerivedData-InkMarkdownLaTeXConsumer/Build/Products
    cd /Users/shizihan/DailyUse/Github/InkMarkdown/.github/fixtures/consumer-smoke/.swiftpm/xcode
    builtin-create-build-directory /Users/shizihan/DailyUse/Github/InkMarkdown/.scratch/architecture-deepening-2026-09-07/evidence/20260907-1415-ticket-27/consumer/DerivedData-InkMarkdownLaTeXConsumer/Build/Products

CreateBuildDirectory /Users/shizihan/DailyUse/Github/InkMarkdown/.scratch/architecture-deepening-2026-09-07/evidence/20260907-1415-ticket-27/consumer/DerivedData-InkMarkdownLaTeXConsumer/Build/Intermediates.noindex
    cd /Users/shizihan/DailyUse/Github/InkMarkdown/.github/fixtures/consumer-smoke/.swiftpm/xcode
    builtin-create-build-directory /Users/shizihan/DailyUse/Github/InkMarkdown/.scratch/architecture-deepening-2026-09-07/evidence/20260907-1415-ticket-27/consumer/DerivedData-InkMarkdownLaTeXConsumer/Build/Intermediates.noindex

CreateBuildDirectory /Users/shizihan/DailyUse/Github/InkMarkdown/.scratch/architecture-deepening-2026-09-07/evidence/20260907-1415-ticket-27/consumer/DerivedData-InkMarkdownLaTeXConsumer/Build/Products/Debug-iphonesimulator
    cd /Users/shizihan/DailyUse/Github/InkMarkdown/.github/fixtures/consumer-smoke/.swiftpm/xcode
    builtin-create-build-directory /Users/shizihan/DailyUse/Github/InkMarkdown/.scratch/architecture-deepening-2026-09-07/evidence/20260907-1415-ticket-27/consumer/DerivedData-InkMarkdownLaTeXConsumer/Build/Products/Debug-iphonesimulator

CreateBuildDirectory /Users/shizihan/DailyUse/Github/InkMarkdown/.scratch/architecture-deepening-2026-09-07/evidence/20260907-1415-ticket-27/consumer/DerivedData-InkMarkdownLaTeXConsumer/Build/Intermediates.noindex/SwiftExplicitPrecompiledModules
    cd /Users/shizihan/DailyUse/Github/InkMarkdown/.github/fixtures/consumer-smoke/.swiftpm/xcode
    builtin-create-build-directory /Users/shizihan/DailyUse/Github/InkMarkdown/.scratch/architecture-deepening-2026-09-07/evidence/20260907-1415-ticket-27/consumer/DerivedData-InkMarkdownLaTeXConsumer/Build/Intermediates.noindex/SwiftExplicitPrecompiledModules

CreateBuildDirectory /Users/shizihan/DailyUse/Github/InkMarkdown/.scratch/architecture-deepening-2026-09-07/evidence/20260907-1415-ticket-27/consumer/DerivedData-InkMarkdownLaTeXConsumer/Build/Intermediates.noindex/ExplicitPrecompiledModules
    cd /Users/shizihan/DailyUse/Github/InkMarkdown/.github/fixtures/consumer-smoke/.swiftpm/xcode
    builtin-create-build-directory /Users/shizihan/DailyUse/Github/InkMarkdown/.scratch/architecture-deepening-2026-09-07/evidence/20260907-1415-ticket-27/consumer/DerivedData-InkMarkdownLaTeXConsumer/Build/Intermediates.noindex/ExplicitPrecompiledModules

CreateBuildDirectory /Users/shizihan/DailyUse/Github/InkMarkdown/.scratch/architecture-deepening-2026-09-07/evidence/20260907-1415-ticket-27/consumer/DerivedData-InkMarkdownLaTeXConsumer/Build/Intermediates.noindex/EagerLinkingTBDs/Debug-iphonesimulator
    cd /Users/shizihan/DailyUse/Github/InkMarkdown/.github/fixtures/consumer-smoke/.swiftpm/xcode
    builtin-create-build-directory /Users/shizihan/DailyUse/Github/InkMarkdown/.scratch/architecture-deepening-2026-09-07/evidence/20260907-1415-ticket-27/consumer/DerivedData-InkMarkdownLaTeXConsumer/Build/Intermediates.noindex/EagerLinkingTBDs/Debug-iphonesimulator

CreateBuildDirectory /Users/shizihan/DailyUse/Github/InkMarkdown/.scratch/architecture-deepening-2026-09-07/evidence/20260907-1415-ticket-27/consumer/DerivedData-InkMarkdownLaTeXConsumer/Build/Products/Debug-iphonesimulator/PackageFrameworks
    cd /Users/shizihan/DailyUse/Github/InkMarkdown/.github/fixtures/consumer-smoke/.swiftpm/xcode
    builtin-create-build-directory /Users/shizihan/DailyUse/Github/InkMarkdown/.scratch/architecture-deepening-2026-09-07/evidence/20260907-1415-ticket-27/consumer/DerivedData-InkMarkdownLaTeXConsumer/Build/Products/Debug-iphonesimulator/PackageFrameworks

WriteAuxiliaryFile /Users/shizihan/DailyUse/Github/InkMarkdown/.scratch/architecture-deepening-2026-09-07/evidence/20260907-1415-ticket-27/consumer/DerivedData-InkMarkdownLaTeXConsumer/Build/Intermediates.noindex/iosMath.build/Debug-iphonesimulator/iosMath_iosMath.build/iosMath_iosMath.DependencyStaticMetadataFileList (in target 'iosMath_iosMath' from project 'iosMath')
    cd /Users/shizihan/DailyUse/Github/InkMarkdown/Packages/Caches/iosMath
    write-file /Users/shizihan/DailyUse/Github/InkMarkdown/.scratch/architecture-deepening-2026-09-07/evidence/20260907-1415-ticket-27/consumer/DerivedData-InkMarkdownLaTeXConsumer/Build/Intermediates.noindex/iosMath.build/Debug-iphonesimulator/iosMath_iosMath.build/iosMath_iosMath.DependencyStaticMetadataFileList

WriteAuxiliaryFile /Users/shizihan/DailyUse/Github/InkMarkdown/.scratch/architecture-deepening-2026-09-07/evidence/20260907-1415-ticket-27/consumer/DerivedData-InkMarkdownLaTeXConsumer/Build/Intermediates.noindex/iosMath.build/Debug-iphonesimulator/iosMath_iosMath.build/iosMath_iosMath.DependencyMetadataFileList (in target 'iosMath_iosMath' from project 'iosMath')
    cd /Users/shizihan/DailyUse/Github/InkMarkdown/Packages/Caches/iosMath
    write-file /Users/shizihan/DailyUse/Github/InkMarkdown/.scratch/architecture-deepening-2026-09-07/evidence/20260907-1415-ticket-27/consumer/DerivedData-InkMarkdownLaTeXConsumer/Build/Intermediates.noindex/iosMath.build/Debug-iphonesimulator/iosMath_iosMath.build/iosMath_iosMath.DependencyMetadataFileList

WriteAuxiliaryFile /Users/shizihan/DailyUse/Github/InkMarkdown/.scratch/architecture-deepening-2026-09-07/evidence/20260907-1415-ticket-27/consumer/DerivedData-InkMarkdownLaTeXConsumer/Build/Intermediates.noindex/iosMath.build/Debug-iphonesimulator/iosMath_iosMath.build/empty-iosMath_iosMath.plist (in target 'iosMath_iosMath' from project 'iosMath')
    cd /Users/shizihan/DailyUse/Github/InkMarkdown/Packages/Caches/iosMath
    write-file /Users/shizihan/DailyUse/Github/InkMarkdown/.scratch/architecture-deepening-2026-09-07/evidence/20260907-1415-ticket-27/consumer/DerivedData-InkMarkdownLaTeXConsumer/Build/Intermediates.noindex/iosMath.build/Debug-iphonesimulator/iosMath_iosMath.build/empty-iosMath_iosMath.plist

WriteAuxiliaryFile /Users/shizihan/DailyUse/Github/InkMarkdown/.scratch/architecture-deepening-2026-09-07/evidence/20260907-1415-ticket-27/consumer/DerivedData-InkMarkdownLaTeXConsumer/Build/Intermediates.noindex/iosMath.build/Debug-iphonesimulator/iosMath.build/iosMath.DependencyStaticMetadataFileList (in target 'iosMath' from project 'iosMath')
    cd /Users/shizihan/DailyUse/Github/InkMarkdown/Packages/Caches/iosMath
    write-file /Users/shizihan/DailyUse/Github/InkMarkdown/.scratch/architecture-deepening-2026-09-07/evidence/20260907-1415-ticket-27/consumer/DerivedData-InkMarkdownLaTeXConsumer/Build/Intermediates.noindex/iosMath.build/Debug-iphonesimulator/iosMath.build/iosMath.DependencyStaticMetadataFileList

WriteAuxiliaryFile /Users/shizihan/DailyUse/Github/InkMarkdown/.scratch/architecture-deepening-2026-09-07/evidence/20260907-1415-ticket-27/consumer/DerivedData-InkMarkdownLaTeXConsumer/Build/Intermediates.noindex/iosMath.build/Debug-iphonesimulator/iosMath.build/iosMath.DependencyMetadataFileList (in target 'iosMath' from project 'iosMath')
    cd /Users/shizihan/DailyUse/Github/InkMarkdown/Packages/Caches/iosMath
    write-file /Users/shizihan/DailyUse/Github/InkMarkdown/.scratch/architecture-deepening-2026-09-07/evidence/20260907-1415-ticket-27/consumer/DerivedData-InkMarkdownLaTeXConsumer/Build/Intermediates.noindex/iosMath.build/Debug-iphonesimulator/iosMath.build/iosMath.DependencyMetadataFileList

WriteAuxiliaryFile /Users/shizihan/DailyUse/Github/InkMarkdown/.scratch/architecture-deepening-2026-09-07/evidence/20260907-1415-ticket-27/consumer/DerivedData-InkMarkdownLaTeXConsumer/Build/Intermediates.noindex/iosMath.build/Debug-iphonesimulator/iosMath.build/Objects-normal/arm64/iosMath.LinkFileList (in target 'iosMath' from project 'iosMath')
    cd /Users/shizihan/DailyUse/Github/InkMarkdown/Packages/Caches/iosMath
    write-file /Users/shizihan/DailyUse/Github/InkMarkdown/.scratch/architecture-deepening-2026-09-07/evidence/20260907-1415-ticket-27/consumer/DerivedData-InkMarkdownLaTeXConsumer/Build/Intermediates.noindex/iosMath.build/Debug-iphonesimulator/iosMath.build/Objects-normal/arm64/iosMath.LinkFileList

WriteAuxiliaryFile /Users/shizihan/DailyUse/Github/InkMarkdown/.scratch/architecture-deepening-2026-09-07/evidence/20260907-1415-ticket-27/consumer/DerivedData-InkMarkdownLaTeXConsumer/Build/Intermediates.noindex/iosMath.build/Debug-iphonesimulator/iosMath.build/Objects-normal/arm64/e6072d4f65d7061329687fe24e3d63a7-common-args.resp (in target 'iosMath' from project 'iosMath')
    cd /Users/shizihan/DailyUse/Github/InkMarkdown/Packages/Caches/iosMath
    write-file /Users/shizihan/DailyUse/Github/InkMarkdown/.scratch/architecture-deepening-2026-09-07/evidence/20260907-1415-ticket-27/consumer/DerivedData-InkMarkdownLaTeXConsumer/Build/Intermediates.noindex/iosMath.build/Debug-iphonesimulator/iosMath.build/Objects-normal/arm64/e6072d4f65d7061329687fe24e3d63a7-common-args.resp
-fobjc-arc -fmodules -gmodules '-fmodules-cache-path=/Users/shizihan/DailyUse/Github/InkMarkdown/.scratch/architecture-deepening-2026-09-07/evidence/20260907-1415-ticket-27/consumer/DerivedData-InkMarkdownLaTeXConsumer/ModuleCache.noindex' '-fmodule-name=iosMath' -fpascal-strings -O0 -DSWIFT_PACKAGE '-DDEBUG=1' '-DOBJC_OLD_DISPATCH_PROTOTYPES=1' -g '-fobjc-abi-version=2' -fobjc-legacy-dispatch -I/Users/shizihan/DailyUse/Github/InkMarkdown/.scratch/architecture-deepening-2026-09-07/evidence/20260907-1415-ticket-27/consumer/DerivedData-InkMarkdownLaTeXConsumer/Build/Products/Debug-iphonesimulator/include -I/Users/shizihan/DailyUse/Github/InkMarkdown/Packages/Caches/iosMath/iosMath -I/Users/shizihan/DailyUse/Github/InkMarkdown/Packages/Caches/iosMath/iosMath -I/Users/shizihan/DailyUse/Github/InkMarkdown/Packages/Caches/iosMath/iosMath/lib -I/Users/shizihan/DailyUse/Github/InkMarkdown/Packages/Caches/iosMath/iosMath/render -I/Users/shizihan/DailyUse/Github/InkMarkdown/Packages/Caches/iosMath/iosMath/render/internal -I/Users/shizihan/DailyUse/Github/InkMarkdown/.scratch/architecture-deepening-2026-09-07/evidence/20260907-1415-ticket-27/consumer/DerivedData-InkMarkdownLaTeXConsumer/Build/Intermediates.noindex/iosMath.build/Debug-iphonesimulator/iosMath.build/DerivedSources-normal/arm64 -I/Users/shizihan/DailyUse/Github/InkMarkdown/.scratch/architecture-deepening-2026-09-07/evidence/20260907-1415-ticket-27/consumer/DerivedData-InkMarkdownLaTeXConsumer/Build/Intermediates.noindex/iosMath.build/Debug-iphonesimulator/iosMath.build/DerivedSources/arm64 -I/Users/shizihan/DailyUse/Github/InkMarkdown/.scratch/architecture-deepening-2026-09-07/evidence/20260907-1415-ticket-27/consumer/DerivedData-InkMarkdownLaTeXConsumer/Build/Intermediates.noindex/iosMath.build/Debug-iphonesimulator/iosMath.build/DerivedSources -F/Users/shizihan/DailyUse/Github/InkMarkdown/.scratch/architecture-deepening-2026-09-07/evidence/20260907-1415-ticket-27/consumer/DerivedData-InkMarkdownLaTeXConsumer/Build/Products/Debug-iphonesimulator -iframework /Applications/Xcode.app/Contents/Developer/Platforms/iPhoneSimulator.platform/Developer/Library/Frameworks -iframework /Applications/Xcode.app/Contents/Developer/Platforms/iPhoneSimulator.platform/Developer/SDKs/iPhoneSimulator26.5.sdk/Developer/Library/Frameworks -DXcode

WriteAuxiliaryFile /Users/shizihan/DailyUse/Github/InkMarkdown/.scratch/architecture-deepening-2026-09-07/evidence/20260907-1415-ticket-27/consumer/DerivedData-InkMarkdownLaTeXConsumer/Build/Intermediates.noindex/iosMath.build/Debug-iphonesimulator/iosMath.build/DerivedSources/resource_bundle_accessor.h (in target 'iosMath' from project 'iosMath')
    cd /Users/shizihan/DailyUse/Github/InkMarkdown/Packages/Caches/iosMath
    write-file /Users/shizihan/DailyUse/Github/InkMarkdown/.scratch/architecture-deepening-2026-09-07/evidence/20260907-1415-ticket-27/consumer/DerivedData-InkMarkdownLaTeXConsumer/Build/Intermediates.noindex/iosMath.build/Debug-iphonesimulator/iosMath.build/DerivedSources/resource_bundle_accessor.h

WriteAuxiliaryFile /Users/shizihan/DailyUse/Github/InkMarkdown/.scratch/architecture-deepening-2026-09-07/evidence/20260907-1415-ticket-27/consumer/DerivedData-InkMarkdownLaTeXConsumer/Build/Intermediates.noindex/iosMath.build/Debug-iphonesimulator/iosMath.build/DerivedSources/resource_bundle_accessor.m (in target 'iosMath' from project 'iosMath')
    cd /Users/shizihan/DailyUse/Github/InkMarkdown/Packages/Caches/iosMath
    write-file /Users/shizihan/DailyUse/Github/InkMarkdown/.scratch/architecture-deepening-2026-09-07/evidence/20260907-1415-ticket-27/consumer/DerivedData-InkMarkdownLaTeXConsumer/Build/Intermediates.noindex/iosMath.build/Debug-iphonesimulator/iosMath.build/DerivedSources/resource_bundle_accessor.m

WriteAuxiliaryFile /Users/shizihan/DailyUse/Github/InkMarkdown/.scratch/architecture-deepening-2026-09-07/evidence/20260907-1415-ticket-27/consumer/DerivedData-InkMarkdownLaTeXConsumer/Build/Intermediates.noindex/cmark-gfm.build/Debug-iphonesimulator/cmark-gfm-extensions.build/cmark-gfm-extensions.DependencyStaticMetadataFileList (in target 'cmark-gfm-extensions' from project 'cmark-gfm')
    cd /Users/shizihan/DailyUse/Github/InkMarkdown/Packages/Caches/swift-cmark
    write-file /Users/shizihan/DailyUse/Github/InkMarkdown/.scratch/architecture-deepening-2026-09-07/evidence/20260907-1415-ticket-27/consumer/DerivedData-InkMarkdownLaTeXConsumer/Build/Intermediates.noindex/cmark-gfm.build/Debug-iphonesimulator/cmark-gfm-extensions.build/cmark-gfm-extensions.DependencyStaticMetadataFileList

WriteAuxiliaryFile /Users/shizihan/DailyUse/Github/InkMarkdown/.scratch/architecture-deepening-2026-09-07/evidence/20260907-1415-ticket-27/consumer/DerivedData-InkMarkdownLaTeXConsumer/Build/Intermediates.noindex/cmark-gfm.build/Debug-iphonesimulator/cmark-gfm-extensions.build/cmark-gfm-extensions.DependencyMetadataFileList (in target 'cmark-gfm-extensions' from project 'cmark-gfm')
    cd /Users/shizihan/DailyUse/Github/InkMarkdown/Packages/Caches/swift-cmark
    write-file /Users/shizihan/DailyUse/Github/InkMarkdown/.scratch/architecture-deepening-2026-09-07/evidence/20260907-1415-ticket-27/consumer/DerivedData-InkMarkdownLaTeXConsumer/Build/Intermediates.noindex/cmark-gfm.build/Debug-iphonesimulator/cmark-gfm-extensions.build/cmark-gfm-extensions.DependencyMetadataFileList

WriteAuxiliaryFile /Users/shizihan/DailyUse/Github/InkMarkdown/.scratch/architecture-deepening-2026-09-07/evidence/20260907-1415-ticket-27/consumer/DerivedData-InkMarkdownLaTeXConsumer/Build/Intermediates.noindex/cmark-gfm.build/Debug-iphonesimulator/cmark-gfm.build/cmark-gfm.DependencyMetadataFileList (in target 'cmark-gfm' from project 'cmark-gfm')
    cd /Users/shizihan/DailyUse/Github/InkMarkdown/Packages/Caches/swift-cmark
    write-file /Users/shizihan/DailyUse/Github/InkMarkdown/.scratch/architecture-deepening-2026-09-07/evidence/20260907-1415-ticket-27/consumer/DerivedData-InkMarkdownLaTeXConsumer/Build/Intermediates.noindex/cmark-gfm.build/Debug-iphonesimulator/cmark-gfm.build/cmark-gfm.DependencyMetadataFileList

WriteAuxiliaryFile /Users/shizihan/DailyUse/Github/InkMarkdown/.scratch/architecture-deepening-2026-09-07/evidence/20260907-1415-ticket-27/consumer/DerivedData-InkMarkdownLaTeXConsumer/Build/Intermediates.noindex/cmark-gfm.build/Debug-iphonesimulator/cmark-gfm.build/cmark-gfm.DependencyStaticMetadataFileList (in target 'cmark-gfm' from project 'cmark-gfm')
    cd /Users/shizihan/DailyUse/Github/InkMarkdown/Packages/Caches/swift-cmark
    write-file /Users/shizihan/DailyUse/Github/InkMarkdown/.scratch/architecture-deepening-2026-09-07/evidence/20260907-1415-ticket-27/consumer/DerivedData-InkMarkdownLaTeXConsumer/Build/Intermediates.noindex/cmark-gfm.build/Debug-iphonesimulator/cmark-gfm.build/cmark-gfm.DependencyStaticMetadataFileList

WriteAuxiliaryFile /Users/shizihan/DailyUse/Github/InkMarkdown/.scratch/architecture-deepening-2026-09-07/evidence/20260907-1415-ticket-27/consumer/DerivedData-InkMarkdownLaTeXConsumer/Build/Intermediates.noindex/cmark-gfm.build/Debug-iphonesimulator/cmark-gfm-extensions.build/Objects-normal/arm64/7187679823f38a2a940e0043cdf9d637-common-args.resp (in target 'cmark-gfm-extensions' from project 'cmark-gfm')
    cd /Users/shizihan/DailyUse/Github/InkMarkdown/Packages/Caches/swift-cmark
    write-file /Users/shizihan/DailyUse/Github/InkMarkdown/.scratch/architecture-deepening-2026-09-07/evidence/20260907-1415-ticket-27/consumer/DerivedData-InkMarkdownLaTeXConsumer/Build/Intermediates.noindex/cmark-gfm.build/Debug-iphonesimulator/cmark-gfm-extensions.build/Objects-normal/arm64/7187679823f38a2a940e0043cdf9d637-common-args.resp
-fmodules -gmodules '-fmodules-cache-path=/Users/shizihan/DailyUse/Github/InkMarkdown/.scratch/architecture-deepening-2026-09-07/evidence/20260907-1415-ticket-27/consumer/DerivedData-InkMarkdownLaTeXConsumer/ModuleCache.noindex' '-fmodule-name=cmark_gfm_extensions' -fpascal-strings -O0 -DSWIFT_PACKAGE '-DDEBUG=1' -g -I/Users/shizihan/DailyUse/Github/InkMarkdown/Packages/Caches/swift-cmark/src/include -I/Users/shizihan/DailyUse/Github/InkMarkdown/.scratch/architecture-deepening-2026-09-07/evidence/20260907-1415-ticket-27/consumer/DerivedData-InkMarkdownLaTeXConsumer/Build/Products/Debug-iphonesimulator/include -I/Users/shizihan/DailyUse/Github/InkMarkdown/Packages/Caches/swift-cmark/extensions/include -I/Users/shizihan/DailyUse/Github/InkMarkdown/.scratch/architecture-deepening-2026-09-07/evidence/20260907-1415-ticket-27/consumer/DerivedData-InkMarkdownLaTeXConsumer/Build/Intermediates.noindex/cmark-gfm.build/Debug-iphonesimulator/cmark-gfm-extensions.build/DerivedSources-normal/arm64 -I/Users/shizihan/DailyUse/Github/InkMarkdown/.scratch/architecture-deepening-2026-09-07/evidence/20260907-1415-ticket-27/consumer/DerivedData-InkMarkdownLaTeXConsumer/Build/Intermediates.noindex/cmark-gfm.build/Debug-iphonesimulator/cmark-gfm-extensions.build/DerivedSources/arm64 -I/Users/shizihan/DailyUse/Github/InkMarkdown/.scratch/architecture-deepening-2026-09-07/evidence/20260907-1415-ticket-27/consumer/DerivedData-InkMarkdownLaTeXConsumer/Build/Intermediates.noindex/cmark-gfm.build/Debug-iphonesimulator/cmark-gfm-extensions.build/DerivedSources -F/Users/shizihan/DailyUse/Github/InkMarkdown/.scratch/architecture-deepening-2026-09-07/evidence/20260907-1415-ticket-27/consumer/DerivedData-InkMarkdownLaTeXConsumer/Build/Products/Debug-iphonesimulator/PackageFrameworks -F/Users/shizihan/DailyUse/Github/InkMarkdown/.scratch/architecture-deepening-2026-09-07/evidence/20260907-1415-ticket-27/consumer/DerivedData-InkMarkdownLaTeXConsumer/Build/Products/Debug-iphonesimulator -iframework /Applications/Xcode.app/Contents/Developer/Platforms/iPhoneSimulator.platform/Developer/Library/Frameworks -iframework /Applications/Xcode.app/Contents/Developer/Platforms/iPhoneSimulator.platform/Developer/SDKs/iPhoneSimulator26.5.sdk/Developer/Library/Frameworks -DXcode

WriteAuxiliaryFile /Users/shizihan/DailyUse/Github/InkMarkdown/.scratch/architecture-deepening-2026-09-07/evidence/20260907-1415-ticket-27/consumer/DerivedData-InkMarkdownLaTeXConsumer/Build/Intermediates.noindex/cmark-gfm.build/Debug-iphonesimulator/cmark-gfm-extensions.build/Objects-normal/arm64/cmark-gfm-extensions.LinkFileList (in target 'cmark-gfm-extensions' from project 'cmark-gfm')
    cd /Users/shizihan/DailyUse/Github/InkMarkdown/Packages/Caches/swift-cmark
    write-file /Users/shizihan/DailyUse/Github/InkMarkdown/.scratch/architecture-deepening-2026-09-07/evidence/20260907-1415-ticket-27/consumer/DerivedData-InkMarkdownLaTeXConsumer/Build/Intermediates.noindex/cmark-gfm.build/Debug-iphonesimulator/cmark-gfm-extensions.build/Objects-normal/arm64/cmark-gfm-extensions.LinkFileList

WriteAuxiliaryFile /Users/shizihan/DailyUse/Github/InkMarkdown/.scratch/architecture-deepening-2026-09-07/evidence/20260907-1415-ticket-27/consumer/DerivedData-InkMarkdownLaTeXConsumer/Build/Intermediates.noindex/cmark-gfm.build/Debug-iphonesimulator/cmark-gfm.build/Objects-normal/arm64/cmark-gfm.LinkFileList (in target 'cmark-gfm' from project 'cmark-gfm')
    cd /Users/shizihan/DailyUse/Github/InkMarkdown/Packages/Caches/swift-cmark
    write-file /Users/shizihan/DailyUse/Github/InkMarkdown/.scratch/architecture-deepening-2026-09-07/evidence/20260907-1415-ticket-27/consumer/DerivedData-InkMarkdownLaTeXConsumer/Build/Intermediates.noindex/cmark-gfm.build/Debug-iphonesimulator/cmark-gfm.build/Objects-normal/arm64/cmark-gfm.LinkFileList

WriteAuxiliaryFile /Users/shizihan/DailyUse/Github/InkMarkdown/.scratch/architecture-deepening-2026-09-07/evidence/20260907-1415-ticket-27/consumer/DerivedData-InkMarkdownLaTeXConsumer/Build/Intermediates.noindex/cmark-gfm.build/Debug-iphonesimulator/cmark-gfm.build/Objects-normal/arm64/7187679823f38a2a940e0043cdf9d637-common-args.resp (in target 'cmark-gfm' from project 'cmark-gfm')
    cd /Users/shizihan/DailyUse/Github/InkMarkdown/Packages/Caches/swift-cmark
    write-file /Users/shizihan/DailyUse/Github/InkMarkdown/.scratch/architecture-deepening-2026-09-07/evidence/20260907-1415-ticket-27/consumer/DerivedData-InkMarkdownLaTeXConsumer/Build/Intermediates.noindex/cmark-gfm.build/Debug-iphonesimulator/cmark-gfm.build/Objects-normal/arm64/7187679823f38a2a940e0043cdf9d637-common-args.resp
-fmodules -gmodules '-fmodules-cache-path=/Users/shizihan/DailyUse/Github/InkMarkdown/.scratch/architecture-deepening-2026-09-07/evidence/20260907-1415-ticket-27/consumer/DerivedData-InkMarkdownLaTeXConsumer/ModuleCache.noindex' '-fmodule-name=cmark_gfm' -fpascal-strings -O0 -DSWIFT_PACKAGE '-DDEBUG=1' -g -I/Users/shizihan/DailyUse/Github/InkMarkdown/.scratch/architecture-deepening-2026-09-07/evidence/20260907-1415-ticket-27/consumer/DerivedData-InkMarkdownLaTeXConsumer/Build/Products/Debug-iphonesimulator/include -I/Users/shizihan/DailyUse/Github/InkMarkdown/Packages/Caches/swift-cmark/src/include -I/Users/shizihan/DailyUse/Github/InkMarkdown/.scratch/architecture-deepening-2026-09-07/evidence/20260907-1415-ticket-27/consumer/DerivedData-InkMarkdownLaTeXConsumer/Build/Intermediates.noindex/cmark-gfm.build/Debug-iphonesimulator/cmark-gfm.build/DerivedSources-normal/arm64 -I/Users/shizihan/DailyUse/Github/InkMarkdown/.scratch/architecture-deepening-2026-09-07/evidence/20260907-1415-ticket-27/consumer/DerivedData-InkMarkdownLaTeXConsumer/Build/Intermediates.noindex/cmark-gfm.build/Debug-iphonesimulator/cmark-gfm.build/DerivedSources/arm64 -I/Users/shizihan/DailyUse/Github/InkMarkdown/.scratch/architecture-deepening-2026-09-07/evidence/20260907-1415-ticket-27/consumer/DerivedData-InkMarkdownLaTeXConsumer/Build/Intermediates.noindex/cmark-gfm.build/Debug-iphonesimulator/cmark-gfm.build/DerivedSources -F/Users/shizihan/DailyUse/Github/InkMarkdown/.scratch/architecture-deepening-2026-09-07/evidence/20260907-1415-ticket-27/consumer/DerivedData-InkMarkdownLaTeXConsumer/Build/Products/Debug-iphonesimulator -iframework /Applications/Xcode.app/Contents/Developer/Platforms/iPhoneSimulator.platform/Developer/Library/Frameworks -iframework /Applications/Xcode.app/Contents/Developer/Platforms/iPhoneSimulator.platform/Developer/SDKs/iPhoneSimulator26.5.sdk/Developer/Library/Frameworks -DXcode

WriteAuxiliaryFile /Users/shizihan/DailyUse/Github/InkMarkdown/.scratch/architecture-deepening-2026-09-07/evidence/20260907-1415-ticket-27/consumer/DerivedData-InkMarkdownLaTeXConsumer/Build/Intermediates.noindex/swift-markdown.build/Debug-iphonesimulator/Markdown.build/Objects-normal/arm64/Markdown_const_extract_protocols.json (in target 'Markdown' from project 'swift-markdown')
    cd /Users/shizihan/DailyUse/Github/InkMarkdown/Packages/Caches/swift-markdown
    write-file /Users/shizihan/DailyUse/Github/InkMarkdown/.scratch/architecture-deepening-2026-09-07/evidence/20260907-1415-ticket-27/consumer/DerivedData-InkMarkdownLaTeXConsumer/Build/Intermediates.noindex/swift-markdown.build/Debug-iphonesimulator/Markdown.build/Objects-normal/arm64/Markdown_const_extract_protocols.json

WriteAuxiliaryFile /Users/shizihan/DailyUse/Github/InkMarkdown/.scratch/architecture-deepening-2026-09-07/evidence/20260907-1415-ticket-27/consumer/DerivedData-InkMarkdownLaTeXConsumer/Build/Intermediates.noindex/swift-markdown.build/Debug-iphonesimulator/Markdown.build/Objects-normal/arm64/Markdown.SwiftFileList (in target 'Markdown' from project 'swift-markdown')
    cd /Users/shizihan/DailyUse/Github/InkMarkdown/Packages/Caches/swift-markdown
    write-file /Users/shizihan/DailyUse/Github/InkMarkdown/.scratch/architecture-deepening-2026-09-07/evidence/20260907-1415-ticket-27/consumer/DerivedData-InkMarkdownLaTeXConsumer/Build/Intermediates.noindex/swift-markdown.build/Debug-iphonesimulator/Markdown.build/Objects-normal/arm64/Markdown.SwiftFileList

WriteAuxiliaryFile /Users/shizihan/DailyUse/Github/InkMarkdown/.scratch/architecture-deepening-2026-09-07/evidence/20260907-1415-ticket-27/consumer/DerivedData-InkMarkdownLaTeXConsumer/Build/Intermediates.noindex/swift-markdown.build/Debug-iphonesimulator/Markdown.build/Objects-normal/arm64/Markdown.SwiftConstValuesFileList (in target 'Markdown' from project 'swift-markdown')
    cd /Users/shizihan/DailyUse/Github/InkMarkdown/Packages/Caches/swift-markdown
    write-file /Users/shizihan/DailyUse/Github/InkMarkdown/.scratch/architecture-deepening-2026-09-07/evidence/20260907-1415-ticket-27/consumer/DerivedData-InkMarkdownLaTeXConsumer/Build/Intermediates.noindex/swift-markdown.build/Debug-iphonesimulator/Markdown.build/Objects-normal/arm64/Markdown.SwiftConstValuesFileList

WriteAuxiliaryFile /Users/shizihan/DailyUse/Github/InkMarkdown/.scratch/architecture-deepening-2026-09-07/evidence/20260907-1415-ticket-27/consumer/DerivedData-InkMarkdownLaTeXConsumer/Build/Intermediates.noindex/swift-markdown.build/Debug-iphonesimulator/Markdown.build/Objects-normal/arm64/Markdown.LinkFileList (in target 'Markdown' from project 'swift-markdown')
    cd /Users/shizihan/DailyUse/Github/InkMarkdown/Packages/Caches/swift-markdown
    write-file /Users/shizihan/DailyUse/Github/InkMarkdown/.scratch/architecture-deepening-2026-09-07/evidence/20260907-1415-ticket-27/consumer/DerivedData-InkMarkdownLaTeXConsumer/Build/Intermediates.noindex/swift-markdown.build/Debug-iphonesimulator/Markdown.build/Objects-normal/arm64/Markdown.LinkFileList

WriteAuxiliaryFile /Users/shizihan/DailyUse/Github/InkMarkdown/.scratch/architecture-deepening-2026-09-07/evidence/20260907-1415-ticket-27/consumer/DerivedData-InkMarkdownLaTeXConsumer/Build/Intermediates.noindex/swift-markdown.build/Debug-iphonesimulator/Markdown.build/Objects-normal/arm64/Markdown-OutputFileMap.json (in target 'Markdown' from project 'swift-markdown')
    cd /Users/shizihan/DailyUse/Github/InkMarkdown/Packages/Caches/swift-markdown
    write-file /Users/shizihan/DailyUse/Github/InkMarkdown/.scratch/architecture-deepening-2026-09-07/evidence/20260907-1415-ticket-27/consumer/DerivedData-InkMarkdownLaTeXConsumer/Build/Intermediates.noindex/swift-markdown.build/Debug-iphonesimulator/Markdown.build/Objects-normal/arm64/Markdown-OutputFileMap.json

WriteAuxiliaryFile /Users/shizihan/DailyUse/Github/InkMarkdown/.scratch/architecture-deepening-2026-09-07/evidence/20260907-1415-ticket-27/consumer/DerivedData-InkMarkdownLaTeXConsumer/Build/Intermediates.noindex/swift-markdown.build/Debug-iphonesimulator/Markdown.build/Markdown.modulemap (in target 'Markdown' from project 'swift-markdown')
    cd /Users/shizihan/DailyUse/Github/InkMarkdown/Packages/Caches/swift-markdown
    write-file /Users/shizihan/DailyUse/Github/InkMarkdown/.scratch/architecture-deepening-2026-09-07/evidence/20260907-1415-ticket-27/consumer/DerivedData-InkMarkdownLaTeXConsumer/Build/Intermediates.noindex/swift-markdown.build/Debug-iphonesimulator/Markdown.build/Markdown.modulemap

WriteAuxiliaryFile /Users/shizihan/DailyUse/Github/InkMarkdown/.scratch/architecture-deepening-2026-09-07/evidence/20260907-1415-ticket-27/consumer/DerivedData-InkMarkdownLaTeXConsumer/Build/Intermediates.noindex/swift-markdown.build/Debug-iphonesimulator/Markdown.build/Markdown.DependencyStaticMetadataFileList (in target 'Markdown' from project 'swift-markdown')
    cd /Users/shizihan/DailyUse/Github/InkMarkdown/Packages/Caches/swift-markdown
    write-file /Users/shizihan/DailyUse/Github/InkMarkdown/.scratch/architecture-deepening-2026-09-07/evidence/20260907-1415-ticket-27/consumer/DerivedData-InkMarkdownLaTeXConsumer/Build/Intermediates.noindex/swift-markdown.build/Debug-iphonesimulator/Markdown.build/Markdown.DependencyStaticMetadataFileList

WriteAuxiliaryFile /Users/shizihan/DailyUse/Github/InkMarkdown/.scratch/architecture-deepening-2026-09-07/evidence/20260907-1415-ticket-27/consumer/DerivedData-InkMarkdownLaTeXConsumer/Build/Intermediates.noindex/swift-markdown.build/Debug-iphonesimulator/Markdown.build/Markdown.DependencyMetadataFileList (in target 'Markdown' from project 'swift-markdown')
    cd /Users/shizihan/DailyUse/Github/InkMarkdown/Packages/Caches/swift-markdown
    write-file /Users/shizihan/DailyUse/Github/InkMarkdown/.scratch/architecture-deepening-2026-09-07/evidence/20260907-1415-ticket-27/consumer/DerivedData-InkMarkdownLaTeXConsumer/Build/Intermediates.noindex/swift-markdown.build/Debug-iphonesimulator/Markdown.build/Markdown.DependencyMetadataFileList

MkDir /Users/shizihan/DailyUse/Github/InkMarkdown/.scratch/architecture-deepening-2026-09-07/evidence/20260907-1415-ticket-27/consumer/DerivedData-InkMarkdownLaTeXConsumer/Build/Products/Debug-iphonesimulator/iosMath_iosMath.bundle (in target 'iosMath_iosMath' from project 'iosMath')
    cd /Users/shizihan/DailyUse/Github/InkMarkdown/Packages/Caches/iosMath
    /bin/mkdir -p /Users/shizihan/DailyUse/Github/InkMarkdown/.scratch/architecture-deepening-2026-09-07/evidence/20260907-1415-ticket-27/consumer/DerivedData-InkMarkdownLaTeXConsumer/Build/Products/Debug-iphonesimulator/iosMath_iosMath.bundle

Copy /Users/shizihan/DailyUse/Github/InkMarkdown/.scratch/architecture-deepening-2026-09-07/evidence/20260907-1415-ticket-27/consumer/DerivedData-InkMarkdownLaTeXConsumer/Build/Intermediates.noindex/GeneratedModuleMaps-iphonesimulator/Markdown.modulemap /Users/shizihan/DailyUse/Github/InkMarkdown/.scratch/architecture-deepening-2026-09-07/evidence/20260907-1415-ticket-27/consumer/DerivedData-InkMarkdownLaTeXConsumer/Build/Intermediates.noindex/swift-markdown.build/Debug-iphonesimulator/Markdown.build/Markdown.modulemap (in target 'Markdown' from project 'swift-markdown')
    cd /Users/shizihan/DailyUse/Github/InkMarkdown/Packages/Caches/swift-markdown
    builtin-copy -exclude .DS_Store -exclude CVS -exclude .svn -exclude .git -exclude .hg -resolve-src-symlinks /Users/shizihan/DailyUse/Github/InkMarkdown/.scratch/architecture-deepening-2026-09-07/evidence/20260907-1415-ticket-27/consumer/DerivedData-InkMarkdownLaTeXConsumer/Build/Intermediates.noindex/swift-markdown.build/Debug-iphonesimulator/Markdown.build/Markdown.modulemap /Users/shizihan/DailyUse/Github/InkMarkdown/.scratch/architecture-deepening-2026-09-07/evidence/20260907-1415-ticket-27/consumer/DerivedData-InkMarkdownLaTeXConsumer/Build/Intermediates.noindex/GeneratedModuleMaps-iphonesimulator

WriteAuxiliaryFile /Users/shizihan/DailyUse/Github/InkMarkdown/.scratch/architecture-deepening-2026-09-07/evidence/20260907-1415-ticket-27/consumer/DerivedData-InkMarkdownLaTeXConsumer/Build/Intermediates.noindex/InkMarkdownConsumerSmoke.build/Debug-iphonesimulator/InkMarkdownLaTeXConsumer.build/Objects-normal/arm64/InkMarkdownLaTeXConsumer_const_extract_protocols.json (in target 'InkMarkdownLaTeXConsumer' from project 'InkMarkdownConsumerSmoke')
    cd /Users/shizihan/DailyUse/Github/InkMarkdown/.github/fixtures/consumer-smoke
    write-file /Users/shizihan/DailyUse/Github/InkMarkdown/.scratch/architecture-deepening-2026-09-07/evidence/20260907-1415-ticket-27/consumer/DerivedData-InkMarkdownLaTeXConsumer/Build/Intermediates.noindex/InkMarkdownConsumerSmoke.build/Debug-iphonesimulator/InkMarkdownLaTeXConsumer.build/Objects-normal/arm64/InkMarkdownLaTeXConsumer_const_extract_protocols.json

WriteAuxiliaryFile /Users/shizihan/DailyUse/Github/InkMarkdown/.scratch/architecture-deepening-2026-09-07/evidence/20260907-1415-ticket-27/consumer/DerivedData-InkMarkdownLaTeXConsumer/Build/Intermediates.noindex/InkMarkdownConsumerSmoke.build/Debug-iphonesimulator/InkMarkdownLaTeXConsumer.build/Objects-normal/arm64/InkMarkdownLaTeXConsumer.SwiftFileList (in target 'InkMarkdownLaTeXConsumer' from project 'InkMarkdownConsumerSmoke')
    cd /Users/shizihan/DailyUse/Github/InkMarkdown/.github/fixtures/consumer-smoke
    write-file /Users/shizihan/DailyUse/Github/InkMarkdown/.scratch/architecture-deepening-2026-09-07/evidence/20260907-1415-ticket-27/consumer/DerivedData-InkMarkdownLaTeXConsumer/Build/Intermediates.noindex/InkMarkdownConsumerSmoke.build/Debug-iphonesimulator/InkMarkdownLaTeXConsumer.build/Objects-normal/arm64/InkMarkdownLaTeXConsumer.SwiftFileList

WriteAuxiliaryFile /Users/shizihan/DailyUse/Github/InkMarkdown/.scratch/architecture-deepening-2026-09-07/evidence/20260907-1415-ticket-27/consumer/DerivedData-InkMarkdownLaTeXConsumer/Build/Intermediates.noindex/InkMarkdownConsumerSmoke.build/Debug-iphonesimulator/InkMarkdownLaTeXConsumer.build/Objects-normal/arm64/InkMarkdownLaTeXConsumer.LinkFileList (in target 'InkMarkdownLaTeXConsumer' from project 'InkMarkdownConsumerSmoke')
    cd /Users/shizihan/DailyUse/Github/InkMarkdown/.github/fixtures/consumer-smoke
    write-file /Users/shizihan/DailyUse/Github/InkMarkdown/.scratch/architecture-deepening-2026-09-07/evidence/20260907-1415-ticket-27/consumer/DerivedData-InkMarkdownLaTeXConsumer/Build/Intermediates.noindex/InkMarkdownConsumerSmoke.build/Debug-iphonesimulator/InkMarkdownLaTeXConsumer.build/Objects-normal/arm64/InkMarkdownLaTeXConsumer.LinkFileList

WriteAuxiliaryFile /Users/shizihan/DailyUse/Github/InkMarkdown/.scratch/architecture-deepening-2026-09-07/evidence/20260907-1415-ticket-27/consumer/DerivedData-InkMarkdownLaTeXConsumer/Build/Intermediates.noindex/InkMarkdownConsumerSmoke.build/Debug-iphonesimulator/InkMarkdownLaTeXConsumer.build/Objects-normal/arm64/InkMarkdownLaTeXConsumer-OutputFileMap.json (in target 'InkMarkdownLaTeXConsumer' from project 'InkMarkdownConsumerSmoke')
    cd /Users/shizihan/DailyUse/Github/InkMarkdown/.github/fixtures/consumer-smoke
    write-file /Users/shizihan/DailyUse/Github/InkMarkdown/.scratch/architecture-deepening-2026-09-07/evidence/20260907-1415-ticket-27/consumer/DerivedData-InkMarkdownLaTeXConsumer/Build/Intermediates.noindex/InkMarkdownConsumerSmoke.build/Debug-iphonesimulator/InkMarkdownLaTeXConsumer.build/Objects-normal/arm64/InkMarkdownLaTeXConsumer-OutputFileMap.json

WriteAuxiliaryFile /Users/shizihan/DailyUse/Github/InkMarkdown/.scratch/architecture-deepening-2026-09-07/evidence/20260907-1415-ticket-27/consumer/DerivedData-InkMarkdownLaTeXConsumer/Build/Intermediates.noindex/InkMarkdownConsumerSmoke.build/Debug-iphonesimulator/InkMarkdownLaTeXConsumer.build/InkMarkdownLaTeXConsumer.modulemap (in target 'InkMarkdownLaTeXConsumer' from project 'InkMarkdownConsumerSmoke')
    cd /Users/shizihan/DailyUse/Github/InkMarkdown/.github/fixtures/consumer-smoke
    write-file /Users/shizihan/DailyUse/Github/InkMarkdown/.scratch/architecture-deepening-2026-09-07/evidence/20260907-1415-ticket-27/consumer/DerivedData-InkMarkdownLaTeXConsumer/Build/Intermediates.noindex/InkMarkdownConsumerSmoke.build/Debug-iphonesimulator/InkMarkdownLaTeXConsumer.build/InkMarkdownLaTeXConsumer.modulemap

WriteAuxiliaryFile /Users/shizihan/DailyUse/Github/InkMarkdown/.scratch/architecture-deepening-2026-09-07/evidence/20260907-1415-ticket-27/consumer/DerivedData-InkMarkdownLaTeXConsumer/Build/Intermediates.noindex/InkMarkdownConsumerSmoke.build/Debug-iphonesimulator/InkMarkdownLaTeXConsumer.build/InkMarkdownLaTeXConsumer.DependencyStaticMetadataFileList (in target 'InkMarkdownLaTeXConsumer' from project 'InkMarkdownConsumerSmoke')
    cd /Users/shizihan/DailyUse/Github/InkMarkdown/.github/fixtures/consumer-smoke
    write-file /Users/shizihan/DailyUse/Github/InkMarkdown/.scratch/architecture-deepening-2026-09-07/evidence/20260907-1415-ticket-27/consumer/DerivedData-InkMarkdownLaTeXConsumer/Build/Intermediates.noindex/InkMarkdownConsumerSmoke.build/Debug-iphonesimulator/InkMarkdownLaTeXConsumer.build/InkMarkdownLaTeXConsumer.DependencyStaticMetadataFileList

WriteAuxiliaryFile /Users/shizihan/DailyUse/Github/InkMarkdown/.scratch/architecture-deepening-2026-09-07/evidence/20260907-1415-ticket-27/consumer/DerivedData-InkMarkdownLaTeXConsumer/Build/Intermediates.noindex/InkMarkdownConsumerSmoke.build/Debug-iphonesimulator/InkMarkdownLaTeXConsumer.build/Objects-normal/arm64/InkMarkdownLaTeXConsumer.SwiftConstValuesFileList (in target 'InkMarkdownLaTeXConsumer' from project 'InkMarkdownConsumerSmoke')
    cd /Users/shizihan/DailyUse/Github/InkMarkdown/.github/fixtures/consumer-smoke
    write-file /Users/shizihan/DailyUse/Github/InkMarkdown/.scratch/architecture-deepening-2026-09-07/evidence/20260907-1415-ticket-27/consumer/DerivedData-InkMarkdownLaTeXConsumer/Build/Intermediates.noindex/InkMarkdownConsumerSmoke.build/Debug-iphonesimulator/InkMarkdownLaTeXConsumer.build/Objects-normal/arm64/InkMarkdownLaTeXConsumer.SwiftConstValuesFileList

WriteAuxiliaryFile /Users/shizihan/DailyUse/Github/InkMarkdown/.scratch/architecture-deepening-2026-09-07/evidence/20260907-1415-ticket-27/consumer/DerivedData-InkMarkdownLaTeXConsumer/Build/Intermediates.noindex/InkMarkdownConsumerSmoke.build/Debug-iphonesimulator/InkMarkdownLaTeXConsumer.build/InkMarkdownLaTeXConsumer.DependencyMetadataFileList (in target 'InkMarkdownLaTeXConsumer' from project 'InkMarkdownConsumerSmoke')
    cd /Users/shizihan/DailyUse/Github/InkMarkdown/.github/fixtures/consumer-smoke
    write-file /Users/shizihan/DailyUse/Github/InkMarkdown/.scratch/architecture-deepening-2026-09-07/evidence/20260907-1415-ticket-27/consumer/DerivedData-InkMarkdownLaTeXConsumer/Build/Intermediates.noindex/InkMarkdownConsumerSmoke.build/Debug-iphonesimulator/InkMarkdownLaTeXConsumer.build/InkMarkdownLaTeXConsumer.DependencyMetadataFileList

WriteAuxiliaryFile /Users/shizihan/DailyUse/Github/InkMarkdown/.scratch/architecture-deepening-2026-09-07/evidence/20260907-1415-ticket-27/consumer/DerivedData-InkMarkdownLaTeXConsumer/Build/Intermediates.noindex/InkMarkdown.build/Debug-iphonesimulator/InkMarkdownLaTeX.build/Objects-normal/arm64/InkMarkdownLaTeX_const_extract_protocols.json (in target 'InkMarkdownLaTeX' from project 'InkMarkdown')
    cd /Users/shizihan/DailyUse/Github/InkMarkdown
    write-file /Users/shizihan/DailyUse/Github/InkMarkdown/.scratch/architecture-deepening-2026-09-07/evidence/20260907-1415-ticket-27/consumer/DerivedData-InkMarkdownLaTeXConsumer/Build/Intermediates.noindex/InkMarkdown.build/Debug-iphonesimulator/InkMarkdownLaTeX.build/Objects-normal/arm64/InkMarkdownLaTeX_const_extract_protocols.json

WriteAuxiliaryFile /Users/shizihan/DailyUse/Github/InkMarkdown/.scratch/architecture-deepening-2026-09-07/evidence/20260907-1415-ticket-27/consumer/DerivedData-InkMarkdownLaTeXConsumer/Build/Intermediates.noindex/InkMarkdown.build/Debug-iphonesimulator/InkMarkdownLaTeX.build/Objects-normal/arm64/InkMarkdownLaTeX.SwiftFileList (in target 'InkMarkdownLaTeX' from project 'InkMarkdown')
    cd /Users/shizihan/DailyUse/Github/InkMarkdown
    write-file /Users/shizihan/DailyUse/Github/InkMarkdown/.scratch/architecture-deepening-2026-09-07/evidence/20260907-1415-ticket-27/consumer/DerivedData-InkMarkdownLaTeXConsumer/Build/Intermediates.noindex/InkMarkdown.build/Debug-iphonesimulator/InkMarkdownLaTeX.build/Objects-normal/arm64/InkMarkdownLaTeX.SwiftFileList

WriteAuxiliaryFile /Users/shizihan/DailyUse/Github/InkMarkdown/.scratch/architecture-deepening-2026-09-07/evidence/20260907-1415-ticket-27/consumer/DerivedData-InkMarkdownLaTeXConsumer/Build/Intermediates.noindex/InkMarkdown.build/Debug-iphonesimulator/InkMarkdownLaTeX.build/Objects-normal/arm64/InkMarkdownLaTeX.SwiftConstValuesFileList (in target 'InkMarkdownLaTeX' from project 'InkMarkdown')
    cd /Users/shizihan/DailyUse/Github/InkMarkdown
    write-file /Users/shizihan/DailyUse/Github/InkMarkdown/.scratch/architecture-deepening-2026-09-07/evidence/20260907-1415-ticket-27/consumer/DerivedData-InkMarkdownLaTeXConsumer/Build/Intermediates.noindex/InkMarkdown.build/Debug-iphonesimulator/InkMarkdownLaTeX.build/Objects-normal/arm64/InkMarkdownLaTeX.SwiftConstValuesFileList

WriteAuxiliaryFile /Users/shizihan/DailyUse/Github/InkMarkdown/.scratch/architecture-deepening-2026-09-07/evidence/20260907-1415-ticket-27/consumer/DerivedData-InkMarkdownLaTeXConsumer/Build/Intermediates.noindex/InkMarkdown.build/Debug-iphonesimulator/InkMarkdownLaTeX.build/Objects-normal/arm64/InkMarkdownLaTeX.LinkFileList (in target 'InkMarkdownLaTeX' from project 'InkMarkdown')
    cd /Users/shizihan/DailyUse/Github/InkMarkdown
    write-file /Users/shizihan/DailyUse/Github/InkMarkdown/.scratch/architecture-deepening-2026-09-07/evidence/20260907-1415-ticket-27/consumer/DerivedData-InkMarkdownLaTeXConsumer/Build/Intermediates.noindex/InkMarkdown.build/Debug-iphonesimulator/InkMarkdownLaTeX.build/Objects-normal/arm64/InkMarkdownLaTeX.LinkFileList

WriteAuxiliaryFile /Users/shizihan/DailyUse/Github/InkMarkdown/.scratch/architecture-deepening-2026-09-07/evidence/20260907-1415-ticket-27/consumer/DerivedData-InkMarkdownLaTeXConsumer/Build/Intermediates.noindex/InkMarkdown.build/Debug-iphonesimulator/InkMarkdownLaTeX.build/Objects-normal/arm64/InkMarkdownLaTeX-OutputFileMap.json (in target 'InkMarkdownLaTeX' from project 'InkMarkdown')
    cd /Users/shizihan/DailyUse/Github/InkMarkdown
    write-file /Users/shizihan/DailyUse/Github/InkMarkdown/.scratch/architecture-deepening-2026-09-07/evidence/20260907-1415-ticket-27/consumer/DerivedData-InkMarkdownLaTeXConsumer/Build/Intermediates.noindex/InkMarkdown.build/Debug-iphonesimulator/InkMarkdownLaTeX.build/Objects-normal/arm64/InkMarkdownLaTeX-OutputFileMap.json

WriteAuxiliaryFile /Users/shizihan/DailyUse/Github/InkMarkdown/.scratch/architecture-deepening-2026-09-07/evidence/20260907-1415-ticket-27/consumer/DerivedData-InkMarkdownLaTeXConsumer/Build/Intermediates.noindex/InkMarkdown.build/Debug-iphonesimulator/InkMarkdownLaTeX.build/InkMarkdownLaTeX.modulemap (in target 'InkMarkdownLaTeX' from project 'InkMarkdown')
    cd /Users/shizihan/DailyUse/Github/InkMarkdown
    write-file /Users/shizihan/DailyUse/Github/InkMarkdown/.scratch/architecture-deepening-2026-09-07/evidence/20260907-1415-ticket-27/consumer/DerivedData-InkMarkdownLaTeXConsumer/Build/Intermediates.noindex/InkMarkdown.build/Debug-iphonesimulator/InkMarkdownLaTeX.build/InkMarkdownLaTeX.modulemap

Copy /Users/shizihan/DailyUse/Github/InkMarkdown/.scratch/architecture-deepening-2026-09-07/evidence/20260907-1415-ticket-27/consumer/DerivedData-InkMarkdownLaTeXConsumer/Build/Intermediates.noindex/GeneratedModuleMaps-iphonesimulator/InkMarkdownLaTeXConsumer.modulemap /Users/shizihan/DailyUse/Github/InkMarkdown/.scratch/architecture-deepening-2026-09-07/evidence/20260907-1415-ticket-27/consumer/DerivedData-InkMarkdownLaTeXConsumer/Build/Intermediates.noindex/InkMarkdownConsumerSmoke.build/Debug-iphonesimulator/InkMarkdownLaTeXConsumer.build/InkMarkdownLaTeXConsumer.modulemap (in target 'InkMarkdownLaTeXConsumer' from project 'InkMarkdownConsumerSmoke')
    cd /Users/shizihan/DailyUse/Github/InkMarkdown/.github/fixtures/consumer-smoke
    builtin-copy -exclude .DS_Store -exclude CVS -exclude .svn -exclude .git -exclude .hg -resolve-src-symlinks /Users/shizihan/DailyUse/Github/InkMarkdown/.scratch/architecture-deepening-2026-09-07/evidence/20260907-1415-ticket-27/consumer/DerivedData-InkMarkdownLaTeXConsumer/Build/Intermediates.noindex/InkMarkdownConsumerSmoke.build/Debug-iphonesimulator/InkMarkdownLaTeXConsumer.build/InkMarkdownLaTeXConsumer.modulemap /Users/shizihan/DailyUse/Github/InkMarkdown/.scratch/architecture-deepening-2026-09-07/evidence/20260907-1415-ticket-27/consumer/DerivedData-InkMarkdownLaTeXConsumer/Build/Intermediates.noindex/GeneratedModuleMaps-iphonesimulator

WriteAuxiliaryFile /Users/shizihan/DailyUse/Github/InkMarkdown/.scratch/architecture-deepening-2026-09-07/evidence/20260907-1415-ticket-27/consumer/DerivedData-InkMarkdownLaTeXConsumer/Build/Intermediates.noindex/InkMarkdown.build/Debug-iphonesimulator/InkMarkdownLaTeX.build/InkMarkdownLaTeX.DependencyStaticMetadataFileList (in target 'InkMarkdownLaTeX' from project 'InkMarkdown')
    cd /Users/shizihan/DailyUse/Github/InkMarkdown
    write-file /Users/shizihan/DailyUse/Github/InkMarkdown/.scratch/architecture-deepening-2026-09-07/evidence/20260907-1415-ticket-27/consumer/DerivedData-InkMarkdownLaTeXConsumer/Build/Intermediates.noindex/InkMarkdown.build/Debug-iphonesimulator/InkMarkdownLaTeX.build/InkMarkdownLaTeX.DependencyStaticMetadataFileList

WriteAuxiliaryFile /Users/shizihan/DailyUse/Github/InkMarkdown/.scratch/architecture-deepening-2026-09-07/evidence/20260907-1415-ticket-27/consumer/DerivedData-InkMarkdownLaTeXConsumer/Build/Intermediates.noindex/InkMarkdown.build/Debug-iphonesimulator/InkMarkdownLaTeX.build/InkMarkdownLaTeX.DependencyMetadataFileList (in target 'InkMarkdownLaTeX' from project 'InkMarkdown')
    cd /Users/shizihan/DailyUse/Github/InkMarkdown
    write-file /Users/shizihan/DailyUse/Github/InkMarkdown/.scratch/architecture-deepening-2026-09-07/evidence/20260907-1415-ticket-27/consumer/DerivedData-InkMarkdownLaTeXConsumer/Build/Intermediates.noindex/InkMarkdown.build/Debug-iphonesimulator/InkMarkdownLaTeX.build/InkMarkdownLaTeX.DependencyMetadataFileList

WriteAuxiliaryFile /Users/shizihan/DailyUse/Github/InkMarkdown/.scratch/architecture-deepening-2026-09-07/evidence/20260907-1415-ticket-27/consumer/DerivedData-InkMarkdownLaTeXConsumer/Build/Intermediates.noindex/InkMarkdown.build/Debug-iphonesimulator/InkMarkdown.build/Objects-normal/arm64/InkMarkdown.SwiftConstValuesFileList (in target 'InkMarkdown' from project 'InkMarkdown')
    cd /Users/shizihan/DailyUse/Github/InkMarkdown
    write-file /Users/shizihan/DailyUse/Github/InkMarkdown/.scratch/architecture-deepening-2026-09-07/evidence/20260907-1415-ticket-27/consumer/DerivedData-InkMarkdownLaTeXConsumer/Build/Intermediates.noindex/InkMarkdown.build/Debug-iphonesimulator/InkMarkdown.build/Objects-normal/arm64/InkMarkdown.SwiftConstValuesFileList

WriteAuxiliaryFile /Users/shizihan/DailyUse/Github/InkMarkdown/.scratch/architecture-deepening-2026-09-07/evidence/20260907-1415-ticket-27/consumer/DerivedData-InkMarkdownLaTeXConsumer/Build/Intermediates.noindex/InkMarkdown.build/Debug-iphonesimulator/InkMarkdown.build/Objects-normal/arm64/InkMarkdown_const_extract_protocols.json (in target 'InkMarkdown' from project 'InkMarkdown')
    cd /Users/shizihan/DailyUse/Github/InkMarkdown
    write-file /Users/shizihan/DailyUse/Github/InkMarkdown/.scratch/architecture-deepening-2026-09-07/evidence/20260907-1415-ticket-27/consumer/DerivedData-InkMarkdownLaTeXConsumer/Build/Intermediates.noindex/InkMarkdown.build/Debug-iphonesimulator/InkMarkdown.build/Objects-normal/arm64/InkMarkdown_const_extract_protocols.json

WriteAuxiliaryFile /Users/shizihan/DailyUse/Github/InkMarkdown/.scratch/architecture-deepening-2026-09-07/evidence/20260907-1415-ticket-27/consumer/DerivedData-InkMarkdownLaTeXConsumer/Build/Intermediates.noindex/InkMarkdown.build/Debug-iphonesimulator/InkMarkdown.build/Objects-normal/arm64/InkMarkdown.SwiftFileList (in target 'InkMarkdown' from project 'InkMarkdown')
    cd /Users/shizihan/DailyUse/Github/InkMarkdown
    write-file /Users/shizihan/DailyUse/Github/InkMarkdown/.scratch/architecture-deepening-2026-09-07/evidence/20260907-1415-ticket-27/consumer/DerivedData-InkMarkdownLaTeXConsumer/Build/Intermediates.noindex/InkMarkdown.build/Debug-iphonesimulator/InkMarkdown.build/Objects-normal/arm64/InkMarkdown.SwiftFileList

WriteAuxiliaryFile /Users/shizihan/DailyUse/Github/InkMarkdown/.scratch/architecture-deepening-2026-09-07/evidence/20260907-1415-ticket-27/consumer/DerivedData-InkMarkdownLaTeXConsumer/Build/Intermediates.noindex/InkMarkdown.build/Debug-iphonesimulator/InkMarkdown.build/Objects-normal/arm64/InkMarkdown-OutputFileMap.json (in target 'InkMarkdown' from project 'InkMarkdown')
    cd /Users/shizihan/DailyUse/Github/InkMarkdown
    write-file /Users/shizihan/DailyUse/Github/InkMarkdown/.scratch/architecture-deepening-2026-09-07/evidence/20260907-1415-ticket-27/consumer/DerivedData-InkMarkdownLaTeXConsumer/Build/Intermediates.noindex/InkMarkdown.build/Debug-iphonesimulator/InkMarkdown.build/Objects-normal/arm64/InkMarkdown-OutputFileMap.json

WriteAuxiliaryFile /Users/shizihan/DailyUse/Github/InkMarkdown/.scratch/architecture-deepening-2026-09-07/evidence/20260907-1415-ticket-27/consumer/DerivedData-InkMarkdownLaTeXConsumer/Build/Intermediates.noindex/InkMarkdown.build/Debug-iphonesimulator/InkMarkdown.build/Objects-normal/arm64/InkMarkdown.LinkFileList (in target 'InkMarkdown' from project 'InkMarkdown')
    cd /Users/shizihan/DailyUse/Github/InkMarkdown
    write-file /Users/shizihan/DailyUse/Github/InkMarkdown/.scratch/architecture-deepening-2026-09-07/evidence/20260907-1415-ticket-27/consumer/DerivedData-InkMarkdownLaTeXConsumer/Build/Intermediates.noindex/InkMarkdown.build/Debug-iphonesimulator/InkMarkdown.build/Objects-normal/arm64/InkMarkdown.LinkFileList

WriteAuxiliaryFile /Users/shizihan/DailyUse/Github/InkMarkdown/.scratch/architecture-deepening-2026-09-07/evidence/20260907-1415-ticket-27/consumer/DerivedData-InkMarkdownLaTeXConsumer/Build/Intermediates.noindex/InkMarkdown.build/Debug-iphonesimulator/InkMarkdown.build/InkMarkdown.modulemap (in target 'InkMarkdown' from project 'InkMarkdown')
    cd /Users/shizihan/DailyUse/Github/InkMarkdown
    write-file /Users/shizihan/DailyUse/Github/InkMarkdown/.scratch/architecture-deepening-2026-09-07/evidence/20260907-1415-ticket-27/consumer/DerivedData-InkMarkdownLaTeXConsumer/Build/Intermediates.noindex/InkMarkdown.build/Debug-iphonesimulator/InkMarkdown.build/InkMarkdown.modulemap

Copy /Users/shizihan/DailyUse/Github/InkMarkdown/.scratch/architecture-deepening-2026-09-07/evidence/20260907-1415-ticket-27/consumer/DerivedData-InkMarkdownLaTeXConsumer/Build/Intermediates.noindex/GeneratedModuleMaps-iphonesimulator/InkMarkdownLaTeX.modulemap /Users/shizihan/DailyUse/Github/InkMarkdown/.scratch/architecture-deepening-2026-09-07/evidence/20260907-1415-ticket-27/consumer/DerivedData-InkMarkdownLaTeXConsumer/Build/Intermediates.noindex/InkMarkdown.build/Debug-iphonesimulator/InkMarkdownLaTeX.build/InkMarkdownLaTeX.modulemap (in target 'InkMarkdownLaTeX' from project 'InkMarkdown')
    cd /Users/shizihan/DailyUse/Github/InkMarkdown
    builtin-copy -exclude .DS_Store -exclude CVS -exclude .svn -exclude .git -exclude .hg -resolve-src-symlinks /Users/shizihan/DailyUse/Github/InkMarkdown/.scratch/architecture-deepening-2026-09-07/evidence/20260907-1415-ticket-27/consumer/DerivedData-InkMarkdownLaTeXConsumer/Build/Intermediates.noindex/InkMarkdown.build/Debug-iphonesimulator/InkMarkdownLaTeX.build/InkMarkdownLaTeX.modulemap /Users/shizihan/DailyUse/Github/InkMarkdown/.scratch/architecture-deepening-2026-09-07/evidence/20260907-1415-ticket-27/consumer/DerivedData-InkMarkdownLaTeXConsumer/Build/Intermediates.noindex/GeneratedModuleMaps-iphonesimulator

WriteAuxiliaryFile /Users/shizihan/DailyUse/Github/InkMarkdown/.scratch/architecture-deepening-2026-09-07/evidence/20260907-1415-ticket-27/consumer/DerivedData-InkMarkdownLaTeXConsumer/Build/Intermediates.noindex/InkMarkdown.build/Debug-iphonesimulator/InkMarkdown.build/InkMarkdown.DependencyStaticMetadataFileList (in target 'InkMarkdown' from project 'InkMarkdown')
    cd /Users/shizihan/DailyUse/Github/InkMarkdown
    write-file /Users/shizihan/DailyUse/Github/InkMarkdown/.scratch/architecture-deepening-2026-09-07/evidence/20260907-1415-ticket-27/consumer/DerivedData-InkMarkdownLaTeXConsumer/Build/Intermediates.noindex/InkMarkdown.build/Debug-iphonesimulator/InkMarkdown.build/InkMarkdown.DependencyStaticMetadataFileList

WriteAuxiliaryFile /Users/shizihan/DailyUse/Github/InkMarkdown/.scratch/architecture-deepening-2026-09-07/evidence/20260907-1415-ticket-27/consumer/DerivedData-InkMarkdownLaTeXConsumer/Build/Intermediates.noindex/InkMarkdown.build/Debug-iphonesimulator/InkMarkdown.build/InkMarkdown.DependencyMetadataFileList (in target 'InkMarkdown' from project 'InkMarkdown')
    cd /Users/shizihan/DailyUse/Github/InkMarkdown
    write-file /Users/shizihan/DailyUse/Github/InkMarkdown/.scratch/architecture-deepening-2026-09-07/evidence/20260907-1415-ticket-27/consumer/DerivedData-InkMarkdownLaTeXConsumer/Build/Intermediates.noindex/InkMarkdown.build/Debug-iphonesimulator/InkMarkdown.build/InkMarkdown.DependencyMetadataFileList

WriteAuxiliaryFile /Users/shizihan/DailyUse/Github/InkMarkdown/.scratch/architecture-deepening-2026-09-07/evidence/20260907-1415-ticket-27/consumer/DerivedData-InkMarkdownLaTeXConsumer/Build/Intermediates.noindex/swift-markdown.build/Debug-iphonesimulator/CAtomic.build/Objects-normal/arm64/CAtomic.LinkFileList (in target 'CAtomic' from project 'swift-markdown')
    cd /Users/shizihan/DailyUse/Github/InkMarkdown/Packages/Caches/swift-markdown
    write-file /Users/shizihan/DailyUse/Github/InkMarkdown/.scratch/architecture-deepening-2026-09-07/evidence/20260907-1415-ticket-27/consumer/DerivedData-InkMarkdownLaTeXConsumer/Build/Intermediates.noindex/swift-markdown.build/Debug-iphonesimulator/CAtomic.build/Objects-normal/arm64/CAtomic.LinkFileList

WriteAuxiliaryFile /Users/shizihan/DailyUse/Github/InkMarkdown/.scratch/architecture-deepening-2026-09-07/evidence/20260907-1415-ticket-27/consumer/DerivedData-InkMarkdownLaTeXConsumer/Build/Intermediates.noindex/swift-markdown.build/Debug-iphonesimulator/CAtomic.build/Objects-normal/arm64/7187679823f38a2a940e0043cdf9d637-common-args.resp (in target 'CAtomic' from project 'swift-markdown')
    cd /Users/shizihan/DailyUse/Github/InkMarkdown/Packages/Caches/swift-markdown
    write-file /Users/shizihan/DailyUse/Github/InkMarkdown/.scratch/architecture-deepening-2026-09-07/evidence/20260907-1415-ticket-27/consumer/DerivedData-InkMarkdownLaTeXConsumer/Build/Intermediates.noindex/swift-markdown.build/Debug-iphonesimulator/CAtomic.build/Objects-normal/arm64/7187679823f38a2a940e0043cdf9d637-common-args.resp
-fmodules -gmodules '-fmodules-cache-path=/Users/shizihan/DailyUse/Github/InkMarkdown/.scratch/architecture-deepening-2026-09-07/evidence/20260907-1415-ticket-27/consumer/DerivedData-InkMarkdownLaTeXConsumer/ModuleCache.noindex' '-fmodule-name=CAtomic' -fpascal-strings -O0 -DSWIFT_PACKAGE '-DDEBUG=1' -g -I/Users/shizihan/DailyUse/Github/InkMarkdown/.scratch/architecture-deepening-2026-09-07/evidence/20260907-1415-ticket-27/consumer/DerivedData-InkMarkdownLaTeXConsumer/Build/Products/Debug-iphonesimulator/include -I/Users/shizihan/DailyUse/Github/InkMarkdown/Packages/Caches/swift-markdown/Sources/CAtomic/include -I/Users/shizihan/DailyUse/Github/InkMarkdown/.scratch/architecture-deepening-2026-09-07/evidence/20260907-1415-ticket-27/consumer/DerivedData-InkMarkdownLaTeXConsumer/Build/Intermediates.noindex/swift-markdown.build/Debug-iphonesimulator/CAtomic.build/DerivedSources-normal/arm64 -I/Users/shizihan/DailyUse/Github/InkMarkdown/.scratch/architecture-deepening-2026-09-07/evidence/20260907-1415-ticket-27/consumer/DerivedData-InkMarkdownLaTeXConsumer/Build/Intermediates.noindex/swift-markdown.build/Debug-iphonesimulator/CAtomic.build/DerivedSources/arm64 -I/Users/shizihan/DailyUse/Github/InkMarkdown/.scratch/architecture-deepening-2026-09-07/evidence/20260907-1415-ticket-27/consumer/DerivedData-InkMarkdownLaTeXConsumer/Build/Intermediates.noindex/swift-markdown.build/Debug-iphonesimulator/CAtomic.build/DerivedSources -F/Users/shizihan/DailyUse/Github/InkMarkdown/.scratch/architecture-deepening-2026-09-07/evidence/20260907-1415-ticket-27/consumer/DerivedData-InkMarkdownLaTeXConsumer/Build/Products/Debug-iphonesimulator -iframework /Applications/Xcode.app/Contents/Developer/Platforms/iPhoneSimulator.platform/Developer/Library/Frameworks -iframework /Applications/Xcode.app/Contents/Developer/Platforms/iPhoneSimulator.platform/Developer/SDKs/iPhoneSimulator26.5.sdk/Developer/Library/Frameworks -DXcode

WriteAuxiliaryFile /Users/shizihan/DailyUse/Github/InkMarkdown/.scratch/architecture-deepening-2026-09-07/evidence/20260907-1415-ticket-27/consumer/DerivedData-InkMarkdownLaTeXConsumer/Build/Intermediates.noindex/swift-markdown.build/Debug-iphonesimulator/CAtomic.build/CAtomic.DependencyStaticMetadataFileList (in target 'CAtomic' from project 'swift-markdown')
    cd /Users/shizihan/DailyUse/Github/InkMarkdown/Packages/Caches/swift-markdown
    write-file /Users/shizihan/DailyUse/Github/InkMarkdown/.scratch/architecture-deepening-2026-09-07/evidence/20260907-1415-ticket-27/consumer/DerivedData-InkMarkdownLaTeXConsumer/Build/Intermediates.noindex/swift-markdown.build/Debug-iphonesimulator/CAtomic.build/CAtomic.DependencyStaticMetadataFileList

WriteAuxiliaryFile /Users/shizihan/DailyUse/Github/InkMarkdown/.scratch/architecture-deepening-2026-09-07/evidence/20260907-1415-ticket-27/consumer/DerivedData-InkMarkdownLaTeXConsumer/Build/Intermediates.noindex/swift-markdown.build/Debug-iphonesimulator/CAtomic.build/CAtomic.DependencyMetadataFileList (in target 'CAtomic' from project 'swift-markdown')
    cd /Users/shizihan/DailyUse/Github/InkMarkdown/Packages/Caches/swift-markdown
    write-file /Users/shizihan/DailyUse/Github/InkMarkdown/.scratch/architecture-deepening-2026-09-07/evidence/20260907-1415-ticket-27/consumer/DerivedData-InkMarkdownLaTeXConsumer/Build/Intermediates.noindex/swift-markdown.build/Debug-iphonesimulator/CAtomic.build/CAtomic.DependencyMetadataFileList

Copy /Users/shizihan/DailyUse/Github/InkMarkdown/.scratch/architecture-deepening-2026-09-07/evidence/20260907-1415-ticket-27/consumer/DerivedData-InkMarkdownLaTeXConsumer/Build/Intermediates.noindex/GeneratedModuleMaps-iphonesimulator/InkMarkdown.modulemap /Users/shizihan/DailyUse/Github/InkMarkdown/.scratch/architecture-deepening-2026-09-07/evidence/20260907-1415-ticket-27/consumer/DerivedData-InkMarkdownLaTeXConsumer/Build/Intermediates.noindex/InkMarkdown.build/Debug-iphonesimulator/InkMarkdown.build/InkMarkdown.modulemap (in target 'InkMarkdown' from project 'InkMarkdown')
    cd /Users/shizihan/DailyUse/Github/InkMarkdown
    builtin-copy -exclude .DS_Store -exclude CVS -exclude .svn -exclude .git -exclude .hg -resolve-src-symlinks /Users/shizihan/DailyUse/Github/InkMarkdown/.scratch/architecture-deepening-2026-09-07/evidence/20260907-1415-ticket-27/consumer/DerivedData-InkMarkdownLaTeXConsumer/Build/Intermediates.noindex/InkMarkdown.build/Debug-iphonesimulator/InkMarkdown.build/InkMarkdown.modulemap /Users/shizihan/DailyUse/Github/InkMarkdown/.scratch/architecture-deepening-2026-09-07/evidence/20260907-1415-ticket-27/consumer/DerivedData-InkMarkdownLaTeXConsumer/Build/Intermediates.noindex/GeneratedModuleMaps-iphonesimulator

CpResource /Users/shizihan/DailyUse/Github/InkMarkdown/.scratch/architecture-deepening-2026-09-07/evidence/20260907-1415-ticket-27/consumer/DerivedData-InkMarkdownLaTeXConsumer/Build/Products/Debug-iphonesimulator/iosMath_iosMath.bundle/fonts /Users/shizihan/DailyUse/Github/InkMarkdown/Packages/Caches/iosMath/iosMath/fonts (in target 'iosMath_iosMath' from project 'iosMath')
    cd /Users/shizihan/DailyUse/Github/InkMarkdown/Packages/Caches/iosMath
    builtin-copy -exclude .DS_Store -exclude CVS -exclude .svn -exclude .git -exclude .hg -resolve-src-symlinks /Users/shizihan/DailyUse/Github/InkMarkdown/Packages/Caches/iosMath/iosMath/fonts /Users/shizihan/DailyUse/Github/InkMarkdown/.scratch/architecture-deepening-2026-09-07/evidence/20260907-1415-ticket-27/consumer/DerivedData-InkMarkdownLaTeXConsumer/Build/Products/Debug-iphonesimulator/iosMath_iosMath.bundle

ProcessInfoPlistFile /Users/shizihan/DailyUse/Github/InkMarkdown/.scratch/architecture-deepening-2026-09-07/evidence/20260907-1415-ticket-27/consumer/DerivedData-InkMarkdownLaTeXConsumer/Build/Products/Debug-iphonesimulator/iosMath_iosMath.bundle/Info.plist /Users/shizihan/DailyUse/Github/InkMarkdown/.scratch/architecture-deepening-2026-09-07/evidence/20260907-1415-ticket-27/consumer/DerivedData-InkMarkdownLaTeXConsumer/Build/Intermediates.noindex/iosMath.build/Debug-iphonesimulator/iosMath_iosMath.build/empty-iosMath_iosMath.plist (in target 'iosMath_iosMath' from project 'iosMath')
    cd /Users/shizihan/DailyUse/Github/InkMarkdown/Packages/Caches/iosMath
    builtin-infoPlistUtility /Users/shizihan/DailyUse/Github/InkMarkdown/.scratch/architecture-deepening-2026-09-07/evidence/20260907-1415-ticket-27/consumer/DerivedData-InkMarkdownLaTeXConsumer/Build/Intermediates.noindex/iosMath.build/Debug-iphonesimulator/iosMath_iosMath.build/empty-iosMath_iosMath.plist -producttype com.apple.product-type.bundle -expandbuildsettings -format binary -platform iphonesimulator -o /Users/shizihan/DailyUse/Github/InkMarkdown/.scratch/architecture-deepening-2026-09-07/evidence/20260907-1415-ticket-27/consumer/DerivedData-InkMarkdownLaTeXConsumer/Build/Products/Debug-iphonesimulator/iosMath_iosMath.bundle/Info.plist

CodeSign /Users/shizihan/DailyUse/Github/InkMarkdown/.scratch/architecture-deepening-2026-09-07/evidence/20260907-1415-ticket-27/consumer/DerivedData-InkMarkdownLaTeXConsumer/Build/Products/Debug-iphonesimulator/iosMath_iosMath.bundle (in target 'iosMath_iosMath' from project 'iosMath')
    cd /Users/shizihan/DailyUse/Github/InkMarkdown/Packages/Caches/iosMath
    
    Signing Identity:     "Sign to Run Locally"
    
    /usr/bin/codesign --force --sign - --timestamp\=none --generate-entitlement-der /Users/shizihan/DailyUse/Github/InkMarkdown/.scratch/architecture-deepening-2026-09-07/evidence/20260907-1415-ticket-27/consumer/DerivedData-InkMarkdownLaTeXConsumer/Build/Products/Debug-iphonesimulator/iosMath_iosMath.bundle

RegisterExecutionPolicyException /Users/shizihan/DailyUse/Github/InkMarkdown/.scratch/architecture-deepening-2026-09-07/evidence/20260907-1415-ticket-27/consumer/DerivedData-InkMarkdownLaTeXConsumer/Build/Products/Debug-iphonesimulator/iosMath_iosMath.bundle (in target 'iosMath_iosMath' from project 'iosMath')
    cd /Users/shizihan/DailyUse/Github/InkMarkdown/Packages/Caches/iosMath
    builtin-RegisterExecutionPolicyException /Users/shizihan/DailyUse/Github/InkMarkdown/.scratch/architecture-deepening-2026-09-07/evidence/20260907-1415-ticket-27/consumer/DerivedData-InkMarkdownLaTeXConsumer/Build/Products/Debug-iphonesimulator/iosMath_iosMath.bundle

Touch /Users/shizihan/DailyUse/Github/InkMarkdown/.scratch/architecture-deepening-2026-09-07/evidence/20260907-1415-ticket-27/consumer/DerivedData-InkMarkdownLaTeXConsumer/Build/Products/Debug-iphonesimulator/iosMath_iosMath.bundle (in target 'iosMath_iosMath' from project 'iosMath')
    cd /Users/shizihan/DailyUse/Github/InkMarkdown/Packages/Caches/iosMath
    /usr/bin/touch -c /Users/shizihan/DailyUse/Github/InkMarkdown/.scratch/architecture-deepening-2026-09-07/evidence/20260907-1415-ticket-27/consumer/DerivedData-InkMarkdownLaTeXConsumer/Build/Products/Debug-iphonesimulator/iosMath_iosMath.bundle

ScanDependencies /Users/shizihan/DailyUse/Github/InkMarkdown/.scratch/architecture-deepening-2026-09-07/evidence/20260907-1415-ticket-27/consumer/DerivedData-InkMarkdownLaTeXConsumer/Build/Intermediates.noindex/iosMath.build/Debug-iphonesimulator/iosMath.build/Objects-normal/arm64/MTTypesetter.o /Users/shizihan/DailyUse/Github/InkMarkdown/Packages/Caches/iosMath/iosMath/render/internal/MTTypesetter.m normal arm64 objective-c com.apple.compilers.llvm.clang.1_0.compiler (in target 'iosMath' from project 'iosMath')
    cd /Users/shizihan/DailyUse/Github/InkMarkdown/.github/fixtures/consumer-smoke/.swiftpm/xcode
    
    Using response file: /Users/shizihan/DailyUse/Github/InkMarkdown/.scratch/architecture-deepening-2026-09-07/evidence/20260907-1415-ticket-27/consumer/DerivedData-InkMarkdownLaTeXConsumer/Build/Intermediates.noindex/iosMath.build/Debug-iphonesimulator/iosMath.build/Objects-normal/arm64/e6072d4f65d7061329687fe24e3d63a7-common-args.resp
    
    builtin-ScanDependencies -o /Users/shizihan/DailyUse/Github/InkMarkdown/.scratch/architecture-deepening-2026-09-07/evidence/20260907-1415-ticket-27/consumer/DerivedData-InkMarkdownLaTeXConsumer/Build/Intermediates.noindex/iosMath.build/Debug-iphonesimulator/iosMath.build/Objects-normal/arm64/MTTypesetter.o.scan -- /Applications/Xcode.app/Contents/Developer/Toolchains/XcodeDefault.xctoolchain/usr/bin/clang -x objective-c -ivfsstatcache /Users/shizihan/DailyUse/Github/InkMarkdown/.scratch/architecture-deepening-2026-09-07/evidence/20260907-1415-ticket-27/consumer/DerivedData-InkMarkdownLaTeXConsumer/SDKStatCaches.noindex/iphonesimulator26.5-23F81a-6cfe768891a92b912361537c460fe42b.sdkstatcache -target arm64-apple-ios13.0-simulator -fmessage-length\=0 -fdiagnostics-show-note-include-stack -fmacro-backtrace-limit\=0 -fno-color-diagnostics -fmodules-prune-interval\=86400 -fmodules-prune-after\=345600 -fbuild-session-file\=/Users/shizihan/DailyUse/Github/InkMarkdown/.scratch/architecture-deepening-2026-09-07/evidence/20260907-1415-ticket-27/consumer/DerivedData-InkMarkdownLaTeXConsumer/ModuleCache.noindex/Session.modulevalidation -fmodules-validate-once-per-build-session -Wnon-modular-include-in-framework-module -Werror\=non-modular-include-in-framework-module -Wno-trigraphs -Wno-missing-field-initializers -Wno-missing-prototypes -Wno-return-type -Wno-implicit-atomic-properties -Wno-objc-interface-ivars -Wno-arc-repeated-use-of-weak -Wno-missing-braces -Wparentheses -Wswitch -Wno-unused-function -Wno-unused-label -Wno-unused-parameter -Wno-unused-variable -Wunused-value -Wno-empty-body -Wno-uninitialized -Wno-unknown-pragmas -w -Wno-shadow -Wno-four-char-constants -Wno-conversion -Wno-constant-conversion -Wno-int-conversion -Wno-bool-conversion -Wno-enum-conversion -Wno-float-conversion -Wno-non-literal-null-conversion -Wno-objc-literal-conversion -Wshorten-64-to-32 -Wpointer-sign -Wno-newline-eof -Wno-selector -Wno-strict-selector-match -Wno-undeclared-selector -Wno-deprecated-implementations -Wno-implicit-fallthrough -isysroot /Applications/Xcode.app/Contents/Developer/Platforms/iPhoneSimulator.platform/Developer/SDKs/iPhoneSimulator26.5.sdk -fstrict-aliasing -Wprotocol -Wdeprecated-declarations -Wno-sign-conversion -Wno-infinite-recursion -Wno-comma -Wno-block-capture-autoreleasing -Wno-strict-prototypes -Wno-semicolon-before-method-body -index-store-path /Users/shizihan/DailyUse/Github/InkMarkdown/.scratch/architecture-deepening-2026-09-07/evidence/20260907-1415-ticket-27/consumer/DerivedData-InkMarkdownLaTeXConsumer/Index.noindex/DataStore @/Users/shizihan/DailyUse/Github/InkMarkdown/.scratch/architecture-deepening-2026-09-07/evidence/20260907-1415-ticket-27/consumer/DerivedData-InkMarkdownLaTeXConsumer/Build/Intermediates.noindex/iosMath.build/Debug-iphonesimulator/iosMath.build/Objects-normal/arm64/e6072d4f65d7061329687fe24e3d63a7-common-args.resp -include /Users/shizihan/DailyUse/Github/InkMarkdown/.scratch/architecture-deepening-2026-09-07/evidence/20260907-1415-ticket-27/consumer/DerivedData-InkMarkdownLaTeXConsumer/Build/Intermediates.noindex/iosMath.build/Debug-iphonesimulator/iosMath.build/DerivedSources/resource_bundle_accessor.h -MMD -MT dependencies -MF /Users/shizihan/DailyUse/Github/InkMarkdown/.scratch/architecture-deepening-2026-09-07/evidence/20260907-1415-ticket-27/consumer/DerivedData-InkMarkdownLaTeXConsumer/Build/Intermediates.noindex/iosMath.build/Debug-iphonesimulator/iosMath.build/Objects-normal/arm64/MTTypesetter.d --serialize-diagnostics /Users/shizihan/DailyUse/Github/InkMarkdown/.scratch/architecture-deepening-2026-09-07/evidence/20260907-1415-ticket-27/consumer/DerivedData-InkMarkdownLaTeXConsumer/Build/Intermediates.noindex/iosMath.build/Debug-iphonesimulator/iosMath.build/Objects-normal/arm64/MTTypesetter.dia -c /Users/shizihan/DailyUse/Github/InkMarkdown/Packages/Caches/iosMath/iosMath/render/internal/MTTypesetter.m -o /Users/shizihan/DailyUse/Github/InkMarkdown/.scratch/architecture-deepening-2026-09-07/evidence/20260907-1415-ticket-27/consumer/DerivedData-InkMarkdownLaTeXConsumer/Build/Intermediates.noindex/iosMath.build/Debug-iphonesimulator/iosMath.build/Objects-normal/arm64/MTTypesetter.o -index-unit-output-path /iosMath.build/Debug-iphonesimulator/iosMath.build/Objects-normal/arm64/MTTypesetter.o

ScanDependencies /Users/shizihan/DailyUse/Github/InkMarkdown/.scratch/architecture-deepening-2026-09-07/evidence/20260907-1415-ticket-27/consumer/DerivedData-InkMarkdownLaTeXConsumer/Build/Intermediates.noindex/iosMath.build/Debug-iphonesimulator/iosMath.build/Objects-normal/arm64/UIColor+HexString.o /Users/shizihan/DailyUse/Github/InkMarkdown/Packages/Caches/iosMath/iosMath/render/UIColor+HexString.m normal arm64 objective-c com.apple.compilers.llvm.clang.1_0.compiler (in target 'iosMath' from project 'iosMath')
    cd /Users/shizihan/DailyUse/Github/InkMarkdown/.github/fixtures/consumer-smoke/.swiftpm/xcode
    
    Using response file: /Users/shizihan/DailyUse/Github/InkMarkdown/.scratch/architecture-deepening-2026-09-07/evidence/20260907-1415-ticket-27/consumer/DerivedData-InkMarkdownLaTeXConsumer/Build/Intermediates.noindex/iosMath.build/Debug-iphonesimulator/iosMath.build/Objects-normal/arm64/e6072d4f65d7061329687fe24e3d63a7-common-args.resp
    
    builtin-ScanDependencies -o /Users/shizihan/DailyUse/Github/InkMarkdown/.scratch/architecture-deepening-2026-09-07/evidence/20260907-1415-ticket-27/consumer/DerivedData-InkMarkdownLaTeXConsumer/Build/Intermediates.noindex/iosMath.build/Debug-iphonesimulator/iosMath.build/Objects-normal/arm64/UIColor+HexString.o.scan -- /Applications/Xcode.app/Contents/Developer/Toolchains/XcodeDefault.xctoolchain/usr/bin/clang -x objective-c -ivfsstatcache /Users/shizihan/DailyUse/Github/InkMarkdown/.scratch/architecture-deepening-2026-09-07/evidence/20260907-1415-ticket-27/consumer/DerivedData-InkMarkdownLaTeXConsumer/SDKStatCaches.noindex/iphonesimulator26.5-23F81a-6cfe768891a92b912361537c460fe42b.sdkstatcache -target arm64-apple-ios13.0-simulator -fmessage-length\=0 -fdiagnostics-show-note-include-stack -fmacro-backtrace-limit\=0 -fno-color-diagnostics -fmodules-prune-interval\=86400 -fmodules-prune-after\=345600 -fbuild-session-file\=/Users/shizihan/DailyUse/Github/InkMarkdown/.scratch/architecture-deepening-2026-09-07/evidence/20260907-1415-ticket-27/consumer/DerivedData-InkMarkdownLaTeXConsumer/ModuleCache.noindex/Session.modulevalidation -fmodules-validate-once-per-build-session -Wnon-modular-include-in-framework-module -Werror\=non-modular-include-in-framework-module -Wno-trigraphs -Wno-missing-field-initializers -Wno-missing-prototypes -Wno-return-type -Wno-implicit-atomic-properties -Wno-objc-interface-ivars -Wno-arc-repeated-use-of-weak -Wno-missing-braces -Wparentheses -Wswitch -Wno-unused-function -Wno-unused-label -Wno-unused-parameter -Wno-unused-variable -Wunused-value -Wno-empty-body -Wno-uninitialized -Wno-unknown-pragmas -w -Wno-shadow -Wno-four-char-constants -Wno-conversion -Wno-constant-conversion -Wno-int-conversion -Wno-bool-conversion -Wno-enum-conversion -Wno-float-conversion -Wno-non-literal-null-conversion -Wno-objc-literal-conversion -Wshorten-64-to-32 -Wpointer-sign -Wno-newline-eof -Wno-selector -Wno-strict-selector-match -Wno-undeclared-selector -Wno-deprecated-implementations -Wno-implicit-fallthrough -isysroot /Applications/Xcode.app/Contents/Developer/Platforms/iPhoneSimulator.platform/Developer/SDKs/iPhoneSimulator26.5.sdk -fstrict-aliasing -Wprotocol -Wdeprecated-declarations -Wno-sign-conversion -Wno-infinite-recursion -Wno-comma -Wno-block-capture-autoreleasing -Wno-strict-prototypes -Wno-semicolon-before-method-body -index-store-path /Users/shizihan/DailyUse/Github/InkMarkdown/.scratch/architecture-deepening-2026-09-07/evidence/20260907-1415-ticket-27/consumer/DerivedData-InkMarkdownLaTeXConsumer/Index.noindex/DataStore @/Users/shizihan/DailyUse/Github/InkMarkdown/.scratch/architecture-deepening-2026-09-07/evidence/20260907-1415-ticket-27/consumer/DerivedData-InkMarkdownLaTeXConsumer/Build/Intermediates.noindex/iosMath.build/Debug-iphonesimulator/iosMath.build/Objects-normal/arm64/e6072d4f65d7061329687fe24e3d63a7-common-args.resp -include /Users/shizihan/DailyUse/Github/InkMarkdown/.scratch/architecture-deepening-2026-09-07/evidence/20260907-1415-ticket-27/consumer/DerivedData-InkMarkdownLaTeXConsumer/Build/Intermediates.noindex/iosMath.build/Debug-iphonesimulator/iosMath.build/DerivedSources/resource_bundle_accessor.h -MMD -MT dependencies -MF /Users/shizihan/DailyUse/Github/InkMarkdown/.scratch/architecture-deepening-2026-09-07/evidence/20260907-1415-ticket-27/consumer/DerivedData-InkMarkdownLaTeXConsumer/Build/Intermediates.noindex/iosMath.build/Debug-iphonesimulator/iosMath.build/Objects-normal/arm64/UIColor+HexString.d --serialize-diagnostics /Users/shizihan/DailyUse/Github/InkMarkdown/.scratch/architecture-deepening-2026-09-07/evidence/20260907-1415-ticket-27/consumer/DerivedData-InkMarkdownLaTeXConsumer/Build/Intermediates.noindex/iosMath.build/Debug-iphonesimulator/iosMath.build/Objects-normal/arm64/UIColor+HexString.dia -c /Users/shizihan/DailyUse/Github/InkMarkdown/Packages/Caches/iosMath/iosMath/render/UIColor+HexString.m -o /Users/shizihan/DailyUse/Github/InkMarkdown/.scratch/architecture-deepening-2026-09-07/evidence/20260907-1415-ticket-27/consumer/DerivedData-InkMarkdownLaTeXConsumer/Build/Intermediates.noindex/iosMath.build/Debug-iphonesimulator/iosMath.build/Objects-normal/arm64/UIColor+HexString.o -index-unit-output-path /iosMath.build/Debug-iphonesimulator/iosMath.build/Objects-normal/arm64/UIColor+HexString.o

ScanDependencies /Users/shizihan/DailyUse/Github/InkMarkdown/.scratch/architecture-deepening-2026-09-07/evidence/20260907-1415-ticket-27/consumer/DerivedData-InkMarkdownLaTeXConsumer/Build/Intermediates.noindex/iosMath.build/Debug-iphonesimulator/iosMath.build/Objects-normal/arm64/NSColor+HexString.o /Users/shizihan/DailyUse/Github/InkMarkdown/Packages/Caches/iosMath/iosMath/render/NSColor+HexString.m normal arm64 objective-c com.apple.compilers.llvm.clang.1_0.compiler (in target 'iosMath' from project 'iosMath')
    cd /Users/shizihan/DailyUse/Github/InkMarkdown/.github/fixtures/consumer-smoke/.swiftpm/xcode
    
    Using response file: /Users/shizihan/DailyUse/Github/InkMarkdown/.scratch/architecture-deepening-2026-09-07/evidence/20260907-1415-ticket-27/consumer/DerivedData-InkMarkdownLaTeXConsumer/Build/Intermediates.noindex/iosMath.build/Debug-iphonesimulator/iosMath.build/Objects-normal/arm64/e6072d4f65d7061329687fe24e3d63a7-common-args.resp
    
    builtin-ScanDependencies -o /Users/shizihan/DailyUse/Github/InkMarkdown/.scratch/architecture-deepening-2026-09-07/evidence/20260907-1415-ticket-27/consumer/DerivedData-InkMarkdownLaTeXConsumer/Build/Intermediates.noindex/iosMath.build/Debug-iphonesimulator/iosMath.build/Objects-normal/arm64/NSColor+HexString.o.scan -- /Applications/Xcode.app/Contents/Developer/Toolchains/XcodeDefault.xctoolchain/usr/bin/clang -x objective-c -ivfsstatcache /Users/shizihan/DailyUse/Github/InkMarkdown/.scratch/architecture-deepening-2026-09-07/evidence/20260907-1415-ticket-27/consumer/DerivedData-InkMarkdownLaTeXConsumer/SDKStatCaches.noindex/iphonesimulator26.5-23F81a-6cfe768891a92b912361537c460fe42b.sdkstatcache -target arm64-apple-ios13.0-simulator -fmessage-length\=0 -fdiagnostics-show-note-include-stack -fmacro-backtrace-limit\=0 -fno-color-diagnostics -fmodules-prune-interval\=86400 -fmodules-prune-after\=345600 -fbuild-session-file\=/Users/shizihan/DailyUse/Github/InkMarkdown/.scratch/architecture-deepening-2026-09-07/evidence/20260907-1415-ticket-27/consumer/DerivedData-InkMarkdownLaTeXConsumer/ModuleCache.noindex/Session.modulevalidation -fmodules-validate-once-per-build-session -Wnon-modular-include-in-framework-module -Werror\=non-modular-include-in-framework-module -Wno-trigraphs -Wno-missing-field-initializers -Wno-missing-prototypes -Wno-return-type -Wno-implicit-atomic-properties -Wno-objc-interface-ivars -Wno-arc-repeated-use-of-weak -Wno-missing-braces -Wparentheses -Wswitch -Wno-unused-function -Wno-unused-label -Wno-unused-parameter -Wno-unused-variable -Wunused-value -Wno-empty-body -Wno-uninitialized -Wno-unknown-pragmas -w -Wno-shadow -Wno-four-char-constants -Wno-conversion -Wno-constant-conversion -Wno-int-conversion -Wno-bool-conversion -Wno-enum-conversion -Wno-float-conversion -Wno-non-literal-null-conversion -Wno-objc-literal-conversion -Wshorten-64-to-32 -Wpointer-sign -Wno-newline-eof -Wno-selector -Wno-strict-selector-match -Wno-undeclared-selector -Wno-deprecated-implementations -Wno-implicit-fallthrough -isysroot /Applications/Xcode.app/Contents/Developer/Platforms/iPhoneSimulator.platform/Developer/SDKs/iPhoneSimulator26.5.sdk -fstrict-aliasing -Wprotocol -Wdeprecated-declarations -Wno-sign-conversion -Wno-infinite-recursion -Wno-comma -Wno-block-capture-autoreleasing -Wno-strict-prototypes -Wno-semicolon-before-method-body -index-store-path /Users/shizihan/DailyUse/Github/InkMarkdown/.scratch/architecture-deepening-2026-09-07/evidence/20260907-1415-ticket-27/consumer/DerivedData-InkMarkdownLaTeXConsumer/Index.noindex/DataStore @/Users/shizihan/DailyUse/Github/InkMarkdown/.scratch/architecture-deepening-2026-09-07/evidence/20260907-1415-ticket-27/consumer/DerivedData-InkMarkdownLaTeXConsumer/Build/Intermediates.noindex/iosMath.build/Debug-iphonesimulator/iosMath.build/Objects-normal/arm64/e6072d4f65d7061329687fe24e3d63a7-common-args.resp -include /Users/shizihan/DailyUse/Github/InkMarkdown/.scratch/architecture-deepening-2026-09-07/evidence/20260907-1415-ticket-27/consumer/DerivedData-InkMarkdownLaTeXConsumer/Build/Intermediates.noindex/iosMath.build/Debug-iphonesimulator/iosMath.build/DerivedSources/resource_bundle_accessor.h -MMD -MT dependencies -MF /Users/shizihan/DailyUse/Github/InkMarkdown/.scratch/architecture-deepening-2026-09-07/evidence/20260907-1415-ticket-27/consumer/DerivedData-InkMarkdownLaTeXConsumer/Build/Intermediates.noindex/iosMath.build/Debug-iphonesimulator/iosMath.build/Objects-normal/arm64/NSColor+HexString.d --serialize-diagnostics /Users/shizihan/DailyUse/Github/InkMarkdown/.scratch/architecture-deepening-2026-09-07/evidence/20260907-1415-ticket-27/consumer/DerivedData-InkMarkdownLaTeXConsumer/Build/Intermediates.noindex/iosMath.build/Debug-iphonesimulator/iosMath.build/Objects-normal/arm64/NSColor+HexString.dia -c /Users/shizihan/DailyUse/Github/InkMarkdown/Packages/Caches/iosMath/iosMath/render/NSColor+HexString.m -o /Users/shizihan/DailyUse/Github/InkMarkdown/.scratch/architecture-deepening-2026-09-07/evidence/20260907-1415-ticket-27/consumer/DerivedData-InkMarkdownLaTeXConsumer/Build/Intermediates.noindex/iosMath.build/Debug-iphonesimulator/iosMath.build/Objects-normal/arm64/NSColor+HexString.o -index-unit-output-path /iosMath.build/Debug-iphonesimulator/iosMath.build/Objects-normal/arm64/NSColor+HexString.o

ScanDependencies /Users/shizihan/DailyUse/Github/InkMarkdown/.scratch/architecture-deepening-2026-09-07/evidence/20260907-1415-ticket-27/consumer/DerivedData-InkMarkdownLaTeXConsumer/Build/Intermediates.noindex/iosMath.build/Debug-iphonesimulator/iosMath.build/Objects-normal/arm64/MTMathUILabel.o /Users/shizihan/DailyUse/Github/InkMarkdown/Packages/Caches/iosMath/iosMath/render/MTMathUILabel.m normal arm64 objective-c com.apple.compilers.llvm.clang.1_0.compiler (in target 'iosMath' from project 'iosMath')
    cd /Users/shizihan/DailyUse/Github/InkMarkdown/.github/fixtures/consumer-smoke/.swiftpm/xcode
    
    Using response file: /Users/shizihan/DailyUse/Github/InkMarkdown/.scratch/architecture-deepening-2026-09-07/evidence/20260907-1415-ticket-27/consumer/DerivedData-InkMarkdownLaTeXConsumer/Build/Intermediates.noindex/iosMath.build/Debug-iphonesimulator/iosMath.build/Objects-normal/arm64/e6072d4f65d7061329687fe24e3d63a7-common-args.resp
    
    builtin-ScanDependencies -o /Users/shizihan/DailyUse/Github/InkMarkdown/.scratch/architecture-deepening-2026-09-07/evidence/20260907-1415-ticket-27/consumer/DerivedData-InkMarkdownLaTeXConsumer/Build/Intermediates.noindex/iosMath.build/Debug-iphonesimulator/iosMath.build/Objects-normal/arm64/MTMathUILabel.o.scan -- /Applications/Xcode.app/Contents/Developer/Toolchains/XcodeDefault.xctoolchain/usr/bin/clang -x objective-c -ivfsstatcache /Users/shizihan/DailyUse/Github/InkMarkdown/.scratch/architecture-deepening-2026-09-07/evidence/20260907-1415-ticket-27/consumer/DerivedData-InkMarkdownLaTeXConsumer/SDKStatCaches.noindex/iphonesimulator26.5-23F81a-6cfe768891a92b912361537c460fe42b.sdkstatcache -target arm64-apple-ios13.0-simulator -fmessage-length\=0 -fdiagnostics-show-note-include-stack -fmacro-backtrace-limit\=0 -fno-color-diagnostics -fmodules-prune-interval\=86400 -fmodules-prune-after\=345600 -fbuild-session-file\=/Users/shizihan/DailyUse/Github/InkMarkdown/.scratch/architecture-deepening-2026-09-07/evidence/20260907-1415-ticket-27/consumer/DerivedData-InkMarkdownLaTeXConsumer/ModuleCache.noindex/Session.modulevalidation -fmodules-validate-once-per-build-session -Wnon-modular-include-in-framework-module -Werror\=non-modular-include-in-framework-module -Wno-trigraphs -Wno-missing-field-initializers -Wno-missing-prototypes -Wno-return-type -Wno-implicit-atomic-properties -Wno-objc-interface-ivars -Wno-arc-repeated-use-of-weak -Wno-missing-braces -Wparentheses -Wswitch -Wno-unused-function -Wno-unused-label -Wno-unused-parameter -Wno-unused-variable -Wunused-value -Wno-empty-body -Wno-uninitialized -Wno-unknown-pragmas -w -Wno-shadow -Wno-four-char-constants -Wno-conversion -Wno-constant-conversion -Wno-int-conversion -Wno-bool-conversion -Wno-enum-conversion -Wno-float-conversion -Wno-non-literal-null-conversion -Wno-objc-literal-conversion -Wshorten-64-to-32 -Wpointer-sign -Wno-newline-eof -Wno-selector -Wno-strict-selector-match -Wno-undeclared-selector -Wno-deprecated-implementations -Wno-implicit-fallthrough -isysroot /Applications/Xcode.app/Contents/Developer/Platforms/iPhoneSimulator.platform/Developer/SDKs/iPhoneSimulator26.5.sdk -fstrict-aliasing -Wprotocol -Wdeprecated-declarations -Wno-sign-conversion -Wno-infinite-recursion -Wno-comma -Wno-block-capture-autoreleasing -Wno-strict-prototypes -Wno-semicolon-before-method-body -index-store-path /Users/shizihan/DailyUse/Github/InkMarkdown/.scratch/architecture-deepening-2026-09-07/evidence/20260907-1415-ticket-27/consumer/DerivedData-InkMarkdownLaTeXConsumer/Index.noindex/DataStore @/Users/shizihan/DailyUse/Github/InkMarkdown/.scratch/architecture-deepening-2026-09-07/evidence/20260907-1415-ticket-27/consumer/DerivedData-InkMarkdownLaTeXConsumer/Build/Intermediates.noindex/iosMath.build/Debug-iphonesimulator/iosMath.build/Objects-normal/arm64/e6072d4f65d7061329687fe24e3d63a7-common-args.resp -include /Users/shizihan/DailyUse/Github/InkMarkdown/.scratch/architecture-deepening-2026-09-07/evidence/20260907-1415-ticket-27/consumer/DerivedData-InkMarkdownLaTeXConsumer/Build/Intermediates.noindex/iosMath.build/Debug-iphonesimulator/iosMath.build/DerivedSources/resource_bundle_accessor.h -MMD -MT dependencies -MF /Users/shizihan/DailyUse/Github/InkMarkdown/.scratch/architecture-deepening-2026-09-07/evidence/20260907-1415-ticket-27/consumer/DerivedData-InkMarkdownLaTeXConsumer/Build/Intermediates.noindex/iosMath.build/Debug-iphonesimulator/iosMath.build/Objects-normal/arm64/MTMathUILabel.d --serialize-diagnostics /Users/shizihan/DailyUse/Github/InkMarkdown/.scratch/architecture-deepening-2026-09-07/evidence/20260907-1415-ticket-27/consumer/DerivedData-InkMarkdownLaTeXConsumer/Build/Intermediates.noindex/iosMath.build/Debug-iphonesimulator/iosMath.build/Objects-normal/arm64/MTMathUILabel.dia -c /Users/shizihan/DailyUse/Github/InkMarkdown/Packages/Caches/iosMath/iosMath/render/MTMathUILabel.m -o /Users/shizihan/DailyUse/Github/InkMarkdown/.scratch/architecture-deepening-2026-09-07/evidence/20260907-1415-ticket-27/consumer/DerivedData-InkMarkdownLaTeXConsumer/Build/Intermediates.noindex/iosMath.build/Debug-iphonesimulator/iosMath.build/Objects-normal/arm64/MTMathUILabel.o -index-unit-output-path /iosMath.build/Debug-iphonesimulator/iosMath.build/Objects-normal/arm64/MTMathUILabel.o

ScanDependencies /Users/shizihan/DailyUse/Github/InkMarkdown/.scratch/architecture-deepening-2026-09-07/evidence/20260907-1415-ticket-27/consumer/DerivedData-InkMarkdownLaTeXConsumer/Build/Intermediates.noindex/iosMath.build/Debug-iphonesimulator/iosMath.build/Objects-normal/arm64/resource_bundle_accessor.o /Users/shizihan/DailyUse/Github/InkMarkdown/.scratch/architecture-deepening-2026-09-07/evidence/20260907-1415-ticket-27/consumer/DerivedData-InkMarkdownLaTeXConsumer/Build/Intermediates.noindex/iosMath.build/Debug-iphonesimulator/iosMath.build/DerivedSources/resource_bundle_accessor.m normal arm64 objective-c com.apple.compilers.llvm.clang.1_0.compiler (in target 'iosMath' from project 'iosMath')
    cd /Users/shizihan/DailyUse/Github/InkMarkdown/.github/fixtures/consumer-smoke/.swiftpm/xcode
    
    Using response file: /Users/shizihan/DailyUse/Github/InkMarkdown/.scratch/architecture-deepening-2026-09-07/evidence/20260907-1415-ticket-27/consumer/DerivedData-InkMarkdownLaTeXConsumer/Build/Intermediates.noindex/iosMath.build/Debug-iphonesimulator/iosMath.build/Objects-normal/arm64/e6072d4f65d7061329687fe24e3d63a7-common-args.resp
    
    builtin-ScanDependencies -o /Users/shizihan/DailyUse/Github/InkMarkdown/.scratch/architecture-deepening-2026-09-07/evidence/20260907-1415-ticket-27/consumer/DerivedData-InkMarkdownLaTeXConsumer/Build/Intermediates.noindex/iosMath.build/Debug-iphonesimulator/iosMath.build/Objects-normal/arm64/resource_bundle_accessor.o.scan -- /Applications/Xcode.app/Contents/Developer/Toolchains/XcodeDefault.xctoolchain/usr/bin/clang -x objective-c -ivfsstatcache /Users/shizihan/DailyUse/Github/InkMarkdown/.scratch/architecture-deepening-2026-09-07/evidence/20260907-1415-ticket-27/consumer/DerivedData-InkMarkdownLaTeXConsumer/SDKStatCaches.noindex/iphonesimulator26.5-23F81a-6cfe768891a92b912361537c460fe42b.sdkstatcache -target arm64-apple-ios13.0-simulator -fmessage-length\=0 -fdiagnostics-show-note-include-stack -fmacro-backtrace-limit\=0 -fno-color-diagnostics -fmodules-prune-interval\=86400 -fmodules-prune-after\=345600 -fbuild-session-file\=/Users/shizihan/DailyUse/Github/InkMarkdown/.scratch/architecture-deepening-2026-09-07/evidence/20260907-1415-ticket-27/consumer/DerivedData-InkMarkdownLaTeXConsumer/ModuleCache.noindex/Session.modulevalidation -fmodules-validate-once-per-build-session -Wnon-modular-include-in-framework-module -Werror\=non-modular-include-in-framework-module -Wno-trigraphs -Wno-missing-field-initializers -Wno-missing-prototypes -Wno-return-type -Wno-implicit-atomic-properties -Wno-objc-interface-ivars -Wno-arc-repeated-use-of-weak -Wno-missing-braces -Wparentheses -Wswitch -Wno-unused-function -Wno-unused-label -Wno-unused-parameter -Wno-unused-variable -Wunused-value -Wno-empty-body -Wno-uninitialized -Wno-unknown-pragmas -w -Wno-shadow -Wno-four-char-constants -Wno-conversion -Wno-constant-conversion -Wno-int-conversion -Wno-bool-conversion -Wno-enum-conversion -Wno-float-conversion -Wno-non-literal-null-conversion -Wno-objc-literal-conversion -Wshorten-64-to-32 -Wpointer-sign -Wno-newline-eof -Wno-selector -Wno-strict-selector-match -Wno-undeclared-selector -Wno-deprecated-implementations -Wno-implicit-fallthrough -isysroot /Applications/Xcode.app/Contents/Developer/Platforms/iPhoneSimulator.platform/Developer/SDKs/iPhoneSimulator26.5.sdk -fstrict-aliasing -Wprotocol -Wdeprecated-declarations -Wno-sign-conversion -Wno-infinite-recursion -Wno-comma -Wno-block-capture-autoreleasing -Wno-strict-prototypes -Wno-semicolon-before-method-body -index-store-path /Users/shizihan/DailyUse/Github/InkMarkdown/.scratch/architecture-deepening-2026-09-07/evidence/20260907-1415-ticket-27/consumer/DerivedData-InkMarkdownLaTeXConsumer/Index.noindex/DataStore @/Users/shizihan/DailyUse/Github/InkMarkdown/.scratch/architecture-deepening-2026-09-07/evidence/20260907-1415-ticket-27/consumer/DerivedData-InkMarkdownLaTeXConsumer/Build/Intermediates.noindex/iosMath.build/Debug-iphonesimulator/iosMath.build/Objects-normal/arm64/e6072d4f65d7061329687fe24e3d63a7-common-args.resp -include /Users/shizihan/DailyUse/Github/InkMarkdown/.scratch/architecture-deepening-2026-09-07/evidence/20260907-1415-ticket-27/consumer/DerivedData-InkMarkdownLaTeXConsumer/Build/Intermediates.noindex/iosMath.build/Debug-iphonesimulator/iosMath.build/DerivedSources/resource_bundle_accessor.h -MMD -MT dependencies -MF /Users/shizihan/DailyUse/Github/InkMarkdown/.scratch/architecture-deepening-2026-09-07/evidence/20260907-1415-ticket-27/consumer/DerivedData-InkMarkdownLaTeXConsumer/Build/Intermediates.noindex/iosMath.build/Debug-iphonesimulator/iosMath.build/Objects-normal/arm64/resource_bundle_accessor.d --serialize-diagnostics /Users/shizihan/DailyUse/Github/InkMarkdown/.scratch/architecture-deepening-2026-09-07/evidence/20260907-1415-ticket-27/consumer/DerivedData-InkMarkdownLaTeXConsumer/Build/Intermediates.noindex/iosMath.build/Debug-iphonesimulator/iosMath.build/Objects-normal/arm64/resource_bundle_accessor.dia -c /Users/shizihan/DailyUse/Github/InkMarkdown/.scratch/architecture-deepening-2026-09-07/evidence/20260907-1415-ticket-27/consumer/DerivedData-InkMarkdownLaTeXConsumer/Build/Intermediates.noindex/iosMath.build/Debug-iphonesimulator/iosMath.build/DerivedSources/resource_bundle_accessor.m -o /Users/shizihan/DailyUse/Github/InkMarkdown/.scratch/architecture-deepening-2026-09-07/evidence/20260907-1415-ticket-27/consumer/DerivedData-InkMarkdownLaTeXConsumer/Build/Intermediates.noindex/iosMath.build/Debug-iphonesimulator/iosMath.build/Objects-normal/arm64/resource_bundle_accessor.o -index-unit-output-path /iosMath.build/Debug-iphonesimulator/iosMath.build/Objects-normal/arm64/resource_bundle_accessor.o

ScanDependencies /Users/shizihan/DailyUse/Github/InkMarkdown/.scratch/architecture-deepening-2026-09-07/evidence/20260907-1415-ticket-27/consumer/DerivedData-InkMarkdownLaTeXConsumer/Build/Intermediates.noindex/iosMath.build/Debug-iphonesimulator/iosMath.build/Objects-normal/arm64/MTFontMathTable.o /Users/shizihan/DailyUse/Github/InkMarkdown/Packages/Caches/iosMath/iosMath/render/internal/MTFontMathTable.m normal arm64 objective-c com.apple.compilers.llvm.clang.1_0.compiler (in target 'iosMath' from project 'iosMath')
    cd /Users/shizihan/DailyUse/Github/InkMarkdown/.github/fixtures/consumer-smoke/.swiftpm/xcode
    
    Using response file: /Users/shizihan/DailyUse/Github/InkMarkdown/.scratch/architecture-deepening-2026-09-07/evidence/20260907-1415-ticket-27/consumer/DerivedData-InkMarkdownLaTeXConsumer/Build/Intermediates.noindex/iosMath.build/Debug-iphonesimulator/iosMath.build/Objects-normal/arm64/e6072d4f65d7061329687fe24e3d63a7-common-args.resp
    
    builtin-ScanDependencies -o /Users/shizihan/DailyUse/Github/InkMarkdown/.scratch/architecture-deepening-2026-09-07/evidence/20260907-1415-ticket-27/consumer/DerivedData-InkMarkdownLaTeXConsumer/Build/Intermediates.noindex/iosMath.build/Debug-iphonesimulator/iosMath.build/Objects-normal/arm64/MTFontMathTable.o.scan -- /Applications/Xcode.app/Contents/Developer/Toolchains/XcodeDefault.xctoolchain/usr/bin/clang -x objective-c -ivfsstatcache /Users/shizihan/DailyUse/Github/InkMarkdown/.scratch/architecture-deepening-2026-09-07/evidence/20260907-1415-ticket-27/consumer/DerivedData-InkMarkdownLaTeXConsumer/SDKStatCaches.noindex/iphonesimulator26.5-23F81a-6cfe768891a92b912361537c460fe42b.sdkstatcache -target arm64-apple-ios13.0-simulator -fmessage-length\=0 -fdiagnostics-show-note-include-stack -fmacro-backtrace-limit\=0 -fno-color-diagnostics -fmodules-prune-interval\=86400 -fmodules-prune-after\=345600 -fbuild-session-file\=/Users/shizihan/DailyUse/Github/InkMarkdown/.scratch/architecture-deepening-2026-09-07/evidence/20260907-1415-ticket-27/consumer/DerivedData-InkMarkdownLaTeXConsumer/ModuleCache.noindex/Session.modulevalidation -fmodules-validate-once-per-build-session -Wnon-modular-include-in-framework-module -Werror\=non-modular-include-in-framework-module -Wno-trigraphs -Wno-missing-field-initializers -Wno-missing-prototypes -Wno-return-type -Wno-implicit-atomic-properties -Wno-objc-interface-ivars -Wno-arc-repeated-use-of-weak -Wno-missing-braces -Wparentheses -Wswitch -Wno-unused-function -Wno-unused-label -Wno-unused-parameter -Wno-unused-variable -Wunused-value -Wno-empty-body -Wno-uninitialized -Wno-unknown-pragmas -w -Wno-shadow -Wno-four-char-constants -Wno-conversion -Wno-constant-conversion -Wno-int-conversion -Wno-bool-conversion -Wno-enum-conversion -Wno-float-conversion -Wno-non-literal-null-conversion -Wno-objc-literal-conversion -Wshorten-64-to-32 -Wpointer-sign -Wno-newline-eof -Wno-selector -Wno-strict-selector-match -Wno-undeclared-selector -Wno-deprecated-implementations -Wno-implicit-fallthrough -isysroot /Applications/Xcode.app/Contents/Developer/Platforms/iPhoneSimulator.platform/Developer/SDKs/iPhoneSimulator26.5.sdk -fstrict-aliasing -Wprotocol -Wdeprecated-declarations -Wno-sign-conversion -Wno-infinite-recursion -Wno-comma -Wno-block-capture-autoreleasing -Wno-strict-prototypes -Wno-semicolon-before-method-body -index-store-path /Users/shizihan/DailyUse/Github/InkMarkdown/.scratch/architecture-deepening-2026-09-07/evidence/20260907-1415-ticket-27/consumer/DerivedData-InkMarkdownLaTeXConsumer/Index.noindex/DataStore @/Users/shizihan/DailyUse/Github/InkMarkdown/.scratch/architecture-deepening-2026-09-07/evidence/20260907-1415-ticket-27/consumer/DerivedData-InkMarkdownLaTeXConsumer/Build/Intermediates.noindex/iosMath.build/Debug-iphonesimulator/iosMath.build/Objects-normal/arm64/e6072d4f65d7061329687fe24e3d63a7-common-args.resp -include /Users/shizihan/DailyUse/Github/InkMarkdown/.scratch/architecture-deepening-2026-09-07/evidence/20260907-1415-ticket-27/consumer/DerivedData-InkMarkdownLaTeXConsumer/Build/Intermediates.noindex/iosMath.build/Debug-iphonesimulator/iosMath.build/DerivedSources/resource_bundle_accessor.h -MMD -MT dependencies -MF /Users/shizihan/DailyUse/Github/InkMarkdown/.scratch/architecture-deepening-2026-09-07/evidence/20260907-1415-ticket-27/consumer/DerivedData-InkMarkdownLaTeXConsumer/Build/Intermediates.noindex/iosMath.build/Debug-iphonesimulator/iosMath.build/Objects-normal/arm64/MTFontMathTable.d --serialize-diagnostics /Users/shizihan/DailyUse/Github/InkMarkdown/.scratch/architecture-deepening-2026-09-07/evidence/20260907-1415-ticket-27/consumer/DerivedData-InkMarkdownLaTeXConsumer/Build/Intermediates.noindex/iosMath.build/Debug-iphonesimulator/iosMath.build/Objects-normal/arm64/MTFontMathTable.dia -c /Users/shizihan/DailyUse/Github/InkMarkdown/Packages/Caches/iosMath/iosMath/render/internal/MTFontMathTable.m -o /Users/shizihan/DailyUse/Github/InkMarkdown/.scratch/architecture-deepening-2026-09-07/evidence/20260907-1415-ticket-27/consumer/DerivedData-InkMarkdownLaTeXConsumer/Build/Intermediates.noindex/iosMath.build/Debug-iphonesimulator/iosMath.build/Objects-normal/arm64/MTFontMathTable.o -index-unit-output-path /iosMath.build/Debug-iphonesimulator/iosMath.build/Objects-normal/arm64/MTFontMathTable.o

ScanDependencies /Users/shizihan/DailyUse/Github/InkMarkdown/.scratch/architecture-deepening-2026-09-07/evidence/20260907-1415-ticket-27/consumer/DerivedData-InkMarkdownLaTeXConsumer/Build/Intermediates.noindex/iosMath.build/Debug-iphonesimulator/iosMath.build/Objects-normal/arm64/NSBezierPath+addLineToPoint.o /Users/shizihan/DailyUse/Github/InkMarkdown/Packages/Caches/iosMath/iosMath/render/NSBezierPath+addLineToPoint.m normal arm64 objective-c com.apple.compilers.llvm.clang.1_0.compiler (in target 'iosMath' from project 'iosMath')
    cd /Users/shizihan/DailyUse/Github/InkMarkdown/.github/fixtures/consumer-smoke/.swiftpm/xcode
    
    Using response file: /Users/shizihan/DailyUse/Github/InkMarkdown/.scratch/architecture-deepening-2026-09-07/evidence/20260907-1415-ticket-27/consumer/DerivedData-InkMarkdownLaTeXConsumer/Build/Intermediates.noindex/iosMath.build/Debug-iphonesimulator/iosMath.build/Objects-normal/arm64/e6072d4f65d7061329687fe24e3d63a7-common-args.resp
    
    builtin-ScanDependencies -o /Users/shizihan/DailyUse/Github/InkMarkdown/.scratch/architecture-deepening-2026-09-07/evidence/20260907-1415-ticket-27/consumer/DerivedData-InkMarkdownLaTeXConsumer/Build/Intermediates.noindex/iosMath.build/Debug-iphonesimulator/iosMath.build/Objects-normal/arm64/NSBezierPath+addLineToPoint.o.scan -- /Applications/Xcode.app/Contents/Developer/Toolchains/XcodeDefault.xctoolchain/usr/bin/clang -x objective-c -ivfsstatcache /Users/shizihan/DailyUse/Github/InkMarkdown/.scratch/architecture-deepening-2026-09-07/evidence/20260907-1415-ticket-27/consumer/DerivedData-InkMarkdownLaTeXConsumer/SDKStatCaches.noindex/iphonesimulator26.5-23F81a-6cfe768891a92b912361537c460fe42b.sdkstatcache -target arm64-apple-ios13.0-simulator -fmessage-length\=0 -fdiagnostics-show-note-include-stack -fmacro-backtrace-limit\=0 -fno-color-diagnostics -fmodules-prune-interval\=86400 -fmodules-prune-after\=345600 -fbuild-session-file\=/Users/shizihan/DailyUse/Github/InkMarkdown/.scratch/architecture-deepening-2026-09-07/evidence/20260907-1415-ticket-27/consumer/DerivedData-InkMarkdownLaTeXConsumer/ModuleCache.noindex/Session.modulevalidation -fmodules-validate-once-per-build-session -Wnon-modular-include-in-framework-module -Werror\=non-modular-include-in-framework-module -Wno-trigraphs -Wno-missing-field-initializers -Wno-missing-prototypes -Wno-return-type -Wno-implicit-atomic-properties -Wno-objc-interface-ivars -Wno-arc-repeated-use-of-weak -Wno-missing-braces -Wparentheses -Wswitch -Wno-unused-function -Wno-unused-label -Wno-unused-parameter -Wno-unused-variable -Wunused-value -Wno-empty-body -Wno-uninitialized -Wno-unknown-pragmas -w -Wno-shadow -Wno-four-char-constants -Wno-conversion -Wno-constant-conversion -Wno-int-conversion -Wno-bool-conversion -Wno-enum-conversion -Wno-float-conversion -Wno-non-literal-null-conversion -Wno-objc-literal-conversion -Wshorten-64-to-32 -Wpointer-sign -Wno-newline-eof -Wno-selector -Wno-strict-selector-match -Wno-undeclared-selector -Wno-deprecated-implementations -Wno-implicit-fallthrough -isysroot /Applications/Xcode.app/Contents/Developer/Platforms/iPhoneSimulator.platform/Developer/SDKs/iPhoneSimulator26.5.sdk -fstrict-aliasing -Wprotocol -Wdeprecated-declarations -Wno-sign-conversion -Wno-infinite-recursion -Wno-comma -Wno-block-capture-autoreleasing -Wno-strict-prototypes -Wno-semicolon-before-method-body -index-store-path /Users/shizihan/DailyUse/Github/InkMarkdown/.scratch/architecture-deepening-2026-09-07/evidence/20260907-1415-ticket-27/consumer/DerivedData-InkMarkdownLaTeXConsumer/Index.noindex/DataStore @/Users/shizihan/DailyUse/Github/InkMarkdown/.scratch/architecture-deepening-2026-09-07/evidence/20260907-1415-ticket-27/consumer/DerivedData-InkMarkdownLaTeXConsumer/Build/Intermediates.noindex/iosMath.build/Debug-iphonesimulator/iosMath.build/Objects-normal/arm64/e6072d4f65d7061329687fe24e3d63a7-common-args.resp -include /Users/shizihan/DailyUse/Github/InkMarkdown/.scratch/architecture-deepening-2026-09-07/evidence/20260907-1415-ticket-27/consumer/DerivedData-InkMarkdownLaTeXConsumer/Build/Intermediates.noindex/iosMath.build/Debug-iphonesimulator/iosMath.build/DerivedSources/resource_bundle_accessor.h -MMD -MT dependencies -MF /Users/shizihan/DailyUse/Github/InkMarkdown/.scratch/architecture-deepening-2026-09-07/evidence/20260907-1415-ticket-27/consumer/DerivedData-InkMarkdownLaTeXConsumer/Build/Intermediates.noindex/iosMath.build/Debug-iphonesimulator/iosMath.build/Objects-normal/arm64/NSBezierPath+addLineToPoint.d --serialize-diagnostics /Users/shizihan/DailyUse/Github/InkMarkdown/.scratch/architecture-deepening-2026-09-07/evidence/20260907-1415-ticket-27/consumer/DerivedData-InkMarkdownLaTeXConsumer/Build/Intermediates.noindex/iosMath.build/Debug-iphonesimulator/iosMath.build/Objects-normal/arm64/NSBezierPath+addLineToPoint.dia -c /Users/shizihan/DailyUse/Github/InkMarkdown/Packages/Caches/iosMath/iosMath/render/NSBezierPath+addLineToPoint.m -o /Users/shizihan/DailyUse/Github/InkMarkdown/.scratch/architecture-deepening-2026-09-07/evidence/20260907-1415-ticket-27/consumer/DerivedData-InkMarkdownLaTeXConsumer/Build/Intermediates.noindex/iosMath.build/Debug-iphonesimulator/iosMath.build/Objects-normal/arm64/NSBezierPath+addLineToPoint.o -index-unit-output-path /iosMath.build/Debug-iphonesimulator/iosMath.build/Objects-normal/arm64/NSBezierPath+addLineToPoint.o

ScanDependencies /Users/shizihan/DailyUse/Github/InkMarkdown/.scratch/architecture-deepening-2026-09-07/evidence/20260907-1415-ticket-27/consumer/DerivedData-InkMarkdownLaTeXConsumer/Build/Intermediates.noindex/iosMath.build/Debug-iphonesimulator/iosMath.build/Objects-normal/arm64/NSView+backgroundColor.o /Users/shizihan/DailyUse/Github/InkMarkdown/Packages/Caches/iosMath/iosMath/render/NSView+backgroundColor.m normal arm64 objective-c com.apple.compilers.llvm.clang.1_0.compiler (in target 'iosMath' from project 'iosMath')
    cd /Users/shizihan/DailyUse/Github/InkMarkdown/.github/fixtures/consumer-smoke/.swiftpm/xcode
    
    Using response file: /Users/shizihan/DailyUse/Github/InkMarkdown/.scratch/architecture-deepening-2026-09-07/evidence/20260907-1415-ticket-27/consumer/DerivedData-InkMarkdownLaTeXConsumer/Build/Intermediates.noindex/iosMath.build/Debug-iphonesimulator/iosMath.build/Objects-normal/arm64/e6072d4f65d7061329687fe24e3d63a7-common-args.resp
    
    builtin-ScanDependencies -o /Users/shizihan/DailyUse/Github/InkMarkdown/.scratch/architecture-deepening-2026-09-07/evidence/20260907-1415-ticket-27/consumer/DerivedData-InkMarkdownLaTeXConsumer/Build/Intermediates.noindex/iosMath.build/Debug-iphonesimulator/iosMath.build/Objects-normal/arm64/NSView+backgroundColor.o.scan -- /Applications/Xcode.app/Contents/Developer/Toolchains/XcodeDefault.xctoolchain/usr/bin/clang -x objective-c -ivfsstatcache /Users/shizihan/DailyUse/Github/InkMarkdown/.scratch/architecture-deepening-2026-09-07/evidence/20260907-1415-ticket-27/consumer/DerivedData-InkMarkdownLaTeXConsumer/SDKStatCaches.noindex/iphonesimulator26.5-23F81a-6cfe768891a92b912361537c460fe42b.sdkstatcache -target arm64-apple-ios13.0-simulator -fmessage-length\=0 -fdiagnostics-show-note-include-stack -fmacro-backtrace-limit\=0 -fno-color-diagnostics -fmodules-prune-interval\=86400 -fmodules-prune-after\=345600 -fbuild-session-file\=/Users/shizihan/DailyUse/Github/InkMarkdown/.scratch/architecture-deepening-2026-09-07/evidence/20260907-1415-ticket-27/consumer/DerivedData-InkMarkdownLaTeXConsumer/ModuleCache.noindex/Session.modulevalidation -fmodules-validate-once-per-build-session -Wnon-modular-include-in-framework-module -Werror\=non-modular-include-in-framework-module -Wno-trigraphs -Wno-missing-field-initializers -Wno-missing-prototypes -Wno-return-type -Wno-implicit-atomic-properties -Wno-objc-interface-ivars -Wno-arc-repeated-use-of-weak -Wno-missing-braces -Wparentheses -Wswitch -Wno-unused-function -Wno-unused-label -Wno-unused-parameter -Wno-unused-variable -Wunused-value -Wno-empty-body -Wno-uninitialized -Wno-unknown-pragmas -w -Wno-shadow -Wno-four-char-constants -Wno-conversion -Wno-constant-conversion -Wno-int-conversion -Wno-bool-conversion -Wno-enum-conversion -Wno-float-conversion -Wno-non-literal-null-conversion -Wno-objc-literal-conversion -Wshorten-64-to-32 -Wpointer-sign -Wno-newline-eof -Wno-selector -Wno-strict-selector-match -Wno-undeclared-selector -Wno-deprecated-implementations -Wno-implicit-fallthrough -isysroot /Applications/Xcode.app/Contents/Developer/Platforms/iPhoneSimulator.platform/Developer/SDKs/iPhoneSimulator26.5.sdk -fstrict-aliasing -Wprotocol -Wdeprecated-declarations -Wno-sign-conversion -Wno-infinite-recursion -Wno-comma -Wno-block-capture-autoreleasing -Wno-strict-prototypes -Wno-semicolon-before-method-body -index-store-path /Users/shizihan/DailyUse/Github/InkMarkdown/.scratch/architecture-deepening-2026-09-07/evidence/20260907-1415-ticket-27/consumer/DerivedData-InkMarkdownLaTeXConsumer/Index.noindex/DataStore @/Users/shizihan/DailyUse/Github/InkMarkdown/.scratch/architecture-deepening-2026-09-07/evidence/20260907-1415-ticket-27/consumer/DerivedData-InkMarkdownLaTeXConsumer/Build/Intermediates.noindex/iosMath.build/Debug-iphonesimulator/iosMath.build/Objects-normal/arm64/e6072d4f65d7061329687fe24e3d63a7-common-args.resp -include /Users/shizihan/DailyUse/Github/InkMarkdown/.scratch/architecture-deepening-2026-09-07/evidence/20260907-1415-ticket-27/consumer/DerivedData-InkMarkdownLaTeXConsumer/Build/Intermediates.noindex/iosMath.build/Debug-iphonesimulator/iosMath.build/DerivedSources/resource_bundle_accessor.h -MMD -MT dependencies -MF /Users/shizihan/DailyUse/Github/InkMarkdown/.scratch/architecture-deepening-2026-09-07/evidence/20260907-1415-ticket-27/consumer/DerivedData-InkMarkdownLaTeXConsumer/Build/Intermediates.noindex/iosMath.build/Debug-iphonesimulator/iosMath.build/Objects-normal/arm64/NSView+backgroundColor.d --serialize-diagnostics /Users/shizihan/DailyUse/Github/InkMarkdown/.scratch/architecture-deepening-2026-09-07/evidence/20260907-1415-ticket-27/consumer/DerivedData-InkMarkdownLaTeXConsumer/Build/Intermediates.noindex/iosMath.build/Debug-iphonesimulator/iosMath.build/Objects-normal/arm64/NSView+backgroundColor.dia -c /Users/shizihan/DailyUse/Github/InkMarkdown/Packages/Caches/iosMath/iosMath/render/NSView+backgroundColor.m -o /Users/shizihan/DailyUse/Github/InkMarkdown/.scratch/architecture-deepening-2026-09-07/evidence/20260907-1415-ticket-27/consumer/DerivedData-InkMarkdownLaTeXConsumer/Build/Intermediates.noindex/iosMath.build/Debug-iphonesimulator/iosMath.build/Objects-normal/arm64/NSView+backgroundColor.o -index-unit-output-path /iosMath.build/Debug-iphonesimulator/iosMath.build/Objects-normal/arm64/NSView+backgroundColor.o

ScanDependencies /Users/shizihan/DailyUse/Github/InkMarkdown/.scratch/architecture-deepening-2026-09-07/evidence/20260907-1415-ticket-27/consumer/DerivedData-InkMarkdownLaTeXConsumer/Build/Intermediates.noindex/iosMath.build/Debug-iphonesimulator/iosMath.build/Objects-normal/arm64/MTUnicode.o /Users/shizihan/DailyUse/Github/InkMarkdown/Packages/Caches/iosMath/iosMath/lib/MTUnicode.m normal arm64 objective-c com.apple.compilers.llvm.clang.1_0.compiler (in target 'iosMath' from project 'iosMath')
    cd /Users/shizihan/DailyUse/Github/InkMarkdown/.github/fixtures/consumer-smoke/.swiftpm/xcode
    
    Using response file: /Users/shizihan/DailyUse/Github/InkMarkdown/.scratch/architecture-deepening-2026-09-07/evidence/20260907-1415-ticket-27/consumer/DerivedData-InkMarkdownLaTeXConsumer/Build/Intermediates.noindex/iosMath.build/Debug-iphonesimulator/iosMath.build/Objects-normal/arm64/e6072d4f65d7061329687fe24e3d63a7-common-args.resp
    
    builtin-ScanDependencies -o /Users/shizihan/DailyUse/Github/InkMarkdown/.scratch/architecture-deepening-2026-09-07/evidence/20260907-1415-ticket-27/consumer/DerivedData-InkMarkdownLaTeXConsumer/Build/Intermediates.noindex/iosMath.build/Debug-iphonesimulator/iosMath.build/Objects-normal/arm64/MTUnicode.o.scan -- /Applications/Xcode.app/Contents/Developer/Toolchains/XcodeDefault.xctoolchain/usr/bin/clang -x objective-c -ivfsstatcache /Users/shizihan/DailyUse/Github/InkMarkdown/.scratch/architecture-deepening-2026-09-07/evidence/20260907-1415-ticket-27/consumer/DerivedData-InkMarkdownLaTeXConsumer/SDKStatCaches.noindex/iphonesimulator26.5-23F81a-6cfe768891a92b912361537c460fe42b.sdkstatcache -target arm64-apple-ios13.0-simulator -fmessage-length\=0 -fdiagnostics-show-note-include-stack -fmacro-backtrace-limit\=0 -fno-color-diagnostics -fmodules-prune-interval\=86400 -fmodules-prune-after\=345600 -fbuild-session-file\=/Users/shizihan/DailyUse/Github/InkMarkdown/.scratch/architecture-deepening-2026-09-07/evidence/20260907-1415-ticket-27/consumer/DerivedData-InkMarkdownLaTeXConsumer/ModuleCache.noindex/Session.modulevalidation -fmodules-validate-once-per-build-session -Wnon-modular-include-in-framework-module -Werror\=non-modular-include-in-framework-module -Wno-trigraphs -Wno-missing-field-initializers -Wno-missing-prototypes -Wno-return-type -Wno-implicit-atomic-properties -Wno-objc-interface-ivars -Wno-arc-repeated-use-of-weak -Wno-missing-braces -Wparentheses -Wswitch -Wno-unused-function -Wno-unused-label -Wno-unused-parameter -Wno-unused-variable -Wunused-value -Wno-empty-body -Wno-uninitialized -Wno-unknown-pragmas -w -Wno-shadow -Wno-four-char-constants -Wno-conversion -Wno-constant-conversion -Wno-int-conversion -Wno-bool-conversion -Wno-enum-conversion -Wno-float-conversion -Wno-non-literal-null-conversion -Wno-objc-literal-conversion -Wshorten-64-to-32 -Wpointer-sign -Wno-newline-eof -Wno-selector -Wno-strict-selector-match -Wno-undeclared-selector -Wno-deprecated-implementations -Wno-implicit-fallthrough -isysroot /Applications/Xcode.app/Contents/Developer/Platforms/iPhoneSimulator.platform/Developer/SDKs/iPhoneSimulator26.5.sdk -fstrict-aliasing -Wprotocol -Wdeprecated-declarations -Wno-sign-conversion -Wno-infinite-recursion -Wno-comma -Wno-block-capture-autoreleasing -Wno-strict-prototypes -Wno-semicolon-before-method-body -index-store-path /Users/shizihan/DailyUse/Github/InkMarkdown/.scratch/architecture-deepening-2026-09-07/evidence/20260907-1415-ticket-27/consumer/DerivedData-InkMarkdownLaTeXConsumer/Index.noindex/DataStore @/Users/shizihan/DailyUse/Github/InkMarkdown/.scratch/architecture-deepening-2026-09-07/evidence/20260907-1415-ticket-27/consumer/DerivedData-InkMarkdownLaTeXConsumer/Build/Intermediates.noindex/iosMath.build/Debug-iphonesimulator/iosMath.build/Objects-normal/arm64/e6072d4f65d7061329687fe24e3d63a7-common-args.resp -include /Users/shizihan/DailyUse/Github/InkMarkdown/.scratch/architecture-deepening-2026-09-07/evidence/20260907-1415-ticket-27/consumer/DerivedData-InkMarkdownLaTeXConsumer/Build/Intermediates.noindex/iosMath.build/Debug-iphonesimulator/iosMath.build/DerivedSources/resource_bundle_accessor.h -MMD -MT dependencies -MF /Users/shizihan/DailyUse/Github/InkMarkdown/.scratch/architecture-deepening-2026-09-07/evidence/20260907-1415-ticket-27/consumer/DerivedData-InkMarkdownLaTeXConsumer/Build/Intermediates.noindex/iosMath.build/Debug-iphonesimulator/iosMath.build/Objects-normal/arm64/MTUnicode.d --serialize-diagnostics /Users/shizihan/DailyUse/Github/InkMarkdown/.scratch/architecture-deepening-2026-09-07/evidence/20260907-1415-ticket-27/consumer/DerivedData-InkMarkdownLaTeXConsumer/Build/Intermediates.noindex/iosMath.build/Debug-iphonesimulator/iosMath.build/Objects-normal/arm64/MTUnicode.dia -c /Users/shizihan/DailyUse/Github/InkMarkdown/Packages/Caches/iosMath/iosMath/lib/MTUnicode.m -o /Users/shizihan/DailyUse/Github/InkMarkdown/.scratch/architecture-deepening-2026-09-07/evidence/20260907-1415-ticket-27/consumer/DerivedData-InkMarkdownLaTeXConsumer/Build/Intermediates.noindex/iosMath.build/Debug-iphonesimulator/iosMath.build/Objects-normal/arm64/MTUnicode.o -index-unit-output-path /iosMath.build/Debug-iphonesimulator/iosMath.build/Objects-normal/arm64/MTUnicode.o

ScanDependencies /Users/shizihan/DailyUse/Github/InkMarkdown/.scratch/architecture-deepening-2026-09-07/evidence/20260907-1415-ticket-27/consumer/DerivedData-InkMarkdownLaTeXConsumer/Build/Intermediates.noindex/iosMath.build/Debug-iphonesimulator/iosMath.build/Objects-normal/arm64/MTMathListIndex.o /Users/shizihan/DailyUse/Github/InkMarkdown/Packages/Caches/iosMath/iosMath/lib/MTMathListIndex.m normal arm64 objective-c com.apple.compilers.llvm.clang.1_0.compiler (in target 'iosMath' from project 'iosMath')
    cd /Users/shizihan/DailyUse/Github/InkMarkdown/.github/fixtures/consumer-smoke/.swiftpm/xcode
    
    Using response file: /Users/shizihan/DailyUse/Github/InkMarkdown/.scratch/architecture-deepening-2026-09-07/evidence/20260907-1415-ticket-27/consumer/DerivedData-InkMarkdownLaTeXConsumer/Build/Intermediates.noindex/iosMath.build/Debug-iphonesimulator/iosMath.build/Objects-normal/arm64/e6072d4f65d7061329687fe24e3d63a7-common-args.resp
    
    builtin-ScanDependencies -o /Users/shizihan/DailyUse/Github/InkMarkdown/.scratch/architecture-deepening-2026-09-07/evidence/20260907-1415-ticket-27/consumer/DerivedData-InkMarkdownLaTeXConsumer/Build/Intermediates.noindex/iosMath.build/Debug-iphonesimulator/iosMath.build/Objects-normal/arm64/MTMathListIndex.o.scan -- /Applications/Xcode.app/Contents/Developer/Toolchains/XcodeDefault.xctoolchain/usr/bin/clang -x objective-c -ivfsstatcache /Users/shizihan/DailyUse/Github/InkMarkdown/.scratch/architecture-deepening-2026-09-07/evidence/20260907-1415-ticket-27/consumer/DerivedData-InkMarkdownLaTeXConsumer/SDKStatCaches.noindex/iphonesimulator26.5-23F81a-6cfe768891a92b912361537c460fe42b.sdkstatcache -target arm64-apple-ios13.0-simulator -fmessage-length\=0 -fdiagnostics-show-note-include-stack -fmacro-backtrace-limit\=0 -fno-color-diagnostics -fmodules-prune-interval\=86400 -fmodules-prune-after\=345600 -fbuild-session-file\=/Users/shizihan/DailyUse/Github/InkMarkdown/.scratch/architecture-deepening-2026-09-07/evidence/20260907-1415-ticket-27/consumer/DerivedData-InkMarkdownLaTeXConsumer/ModuleCache.noindex/Session.modulevalidation -fmodules-validate-once-per-build-session -Wnon-modular-include-in-framework-module -Werror\=non-modular-include-in-framework-module -Wno-trigraphs -Wno-missing-field-initializers -Wno-missing-prototypes -Wno-return-type -Wno-implicit-atomic-properties -Wno-objc-interface-ivars -Wno-arc-repeated-use-of-weak -Wno-missing-braces -Wparentheses -Wswitch -Wno-unused-function -Wno-unused-label -Wno-unused-parameter -Wno-unused-variable -Wunused-value -Wno-empty-body -Wno-uninitialized -Wno-unknown-pragmas -w -Wno-shadow -Wno-four-char-constants -Wno-conversion -Wno-constant-conversion -Wno-int-conversion -Wno-bool-conversion -Wno-enum-conversion -Wno-float-conversion -Wno-non-literal-null-conversion -Wno-objc-literal-conversion -Wshorten-64-to-32 -Wpointer-sign -Wno-newline-eof -Wno-selector -Wno-strict-selector-match -Wno-undeclared-selector -Wno-deprecated-implementations -Wno-implicit-fallthrough -isysroot /Applications/Xcode.app/Contents/Developer/Platforms/iPhoneSimulator.platform/Developer/SDKs/iPhoneSimulator26.5.sdk -fstrict-aliasing -Wprotocol -Wdeprecated-declarations -Wno-sign-conversion -Wno-infinite-recursion -Wno-comma -Wno-block-capture-autoreleasing -Wno-strict-prototypes -Wno-semicolon-before-method-body -index-store-path /Users/shizihan/DailyUse/Github/InkMarkdown/.scratch/architecture-deepening-2026-09-07/evidence/20260907-1415-ticket-27/consumer/DerivedData-InkMarkdownLaTeXConsumer/Index.noindex/DataStore @/Users/shizihan/DailyUse/Github/InkMarkdown/.scratch/architecture-deepening-2026-09-07/evidence/20260907-1415-ticket-27/consumer/DerivedData-InkMarkdownLaTeXConsumer/Build/Intermediates.noindex/iosMath.build/Debug-iphonesimulator/iosMath.build/Objects-normal/arm64/e6072d4f65d7061329687fe24e3d63a7-common-args.resp -include /Users/shizihan/DailyUse/Github/InkMarkdown/.scratch/architecture-deepening-2026-09-07/evidence/20260907-1415-ticket-27/consumer/DerivedData-InkMarkdownLaTeXConsumer/Build/Intermediates.noindex/iosMath.build/Debug-iphonesimulator/iosMath.build/DerivedSources/resource_bundle_accessor.h -MMD -MT dependencies -MF /Users/shizihan/DailyUse/Github/InkMarkdown/.scratch/architecture-deepening-2026-09-07/evidence/20260907-1415-ticket-27/consumer/DerivedData-InkMarkdownLaTeXConsumer/Build/Intermediates.noindex/iosMath.build/Debug-iphonesimulator/iosMath.build/Objects-normal/arm64/MTMathListIndex.d --serialize-diagnostics /Users/shizihan/DailyUse/Github/InkMarkdown/.scratch/architecture-deepening-2026-09-07/evidence/20260907-1415-ticket-27/consumer/DerivedData-InkMarkdownLaTeXConsumer/Build/Intermediates.noindex/iosMath.build/Debug-iphonesimulator/iosMath.build/Objects-normal/arm64/MTMathListIndex.dia -c /Users/shizihan/DailyUse/Github/InkMarkdown/Packages/Caches/iosMath/iosMath/lib/MTMathListIndex.m -o /Users/shizihan/DailyUse/Github/InkMarkdown/.scratch/architecture-deepening-2026-09-07/evidence/20260907-1415-ticket-27/consumer/DerivedData-InkMarkdownLaTeXConsumer/Build/Intermediates.noindex/iosMath.build/Debug-iphonesimulator/iosMath.build/Objects-normal/arm64/MTMathListIndex.o -index-unit-output-path /iosMath.build/Debug-iphonesimulator/iosMath.build/Objects-normal/arm64/MTMathListIndex.o

SwiftDriver Markdown normal arm64 com.apple.xcode.tools.swift.compiler (in target 'Markdown' from project 'swift-markdown')
    cd /Users/shizihan/DailyUse/Github/InkMarkdown/.github/fixtures/consumer-smoke/.swiftpm/xcode
    builtin-SwiftDriver -- /Applications/Xcode.app/Contents/Developer/Toolchains/XcodeDefault.xctoolchain/usr/bin/swiftc -module-name Markdown -Onone @/Users/shizihan/DailyUse/Github/InkMarkdown/.scratch/architecture-deepening-2026-09-07/evidence/20260907-1415-ticket-27/consumer/DerivedData-InkMarkdownLaTeXConsumer/Build/Intermediates.noindex/swift-markdown.build/Debug-iphonesimulator/Markdown.build/Objects-normal/arm64/Markdown.SwiftFileList -DSWIFT_PACKAGE -DDEBUG -DSWIFT_MODULE_RESOURCE_BUNDLE_UNAVAILABLE -DXcode -plugin-path /Applications/Xcode.app/Contents/Developer/Toolchains/XcodeDefault.xctoolchain/usr/lib/swift/host/plugins/testing -enable-experimental-feature DebugDescriptionMacro -sdk /Applications/Xcode.app/Contents/Developer/Platforms/iPhoneSimulator.platform/Developer/SDKs/iPhoneSimulator26.5.sdk -target arm64-apple-ios12.0-simulator -g -module-cache-path /Users/shizihan/DailyUse/Github/InkMarkdown/.scratch/architecture-deepening-2026-09-07/evidence/20260907-1415-ticket-27/consumer/DerivedData-InkMarkdownLaTeXConsumer/ModuleCache.noindex -Xfrontend -serialize-debugging-options -enable-testing -suppress-warnings -index-store-path /Users/shizihan/DailyUse/Github/InkMarkdown/.scratch/architecture-deepening-2026-09-07/evidence/20260907-1415-ticket-27/consumer/DerivedData-InkMarkdownLaTeXConsumer/Index.noindex/DataStore -Xcc -D_LIBCPP_HARDENING_MODE\=_LIBCPP_HARDENING_MODE_DEBUG -swift-version 5 -I /Users/shizihan/DailyUse/Github/InkMarkdown/.scratch/architecture-deepening-2026-09-07/evidence/20260907-1415-ticket-27/consumer/DerivedData-InkMarkdownLaTeXConsumer/Build/Products/Debug-iphonesimulator -Isystem /Applications/Xcode.app/Contents/Developer/Platforms/iPhoneSimulator.platform/Developer/usr/lib -F /Users/shizihan/DailyUse/Github/InkMarkdown/.scratch/architecture-deepening-2026-09-07/evidence/20260907-1415-ticket-27/consumer/DerivedData-InkMarkdownLaTeXConsumer/Build/Products/Debug-iphonesimulator/PackageFrameworks -F /Users/shizihan/DailyUse/Github/InkMarkdown/.scratch/architecture-deepening-2026-09-07/evidence/20260907-1415-ticket-27/consumer/DerivedData-InkMarkdownLaTeXConsumer/Build/Products/Debug-iphonesimulator/PackageFrameworks -F /Users/shizihan/DailyUse/Github/InkMarkdown/.scratch/architecture-deepening-2026-09-07/evidence/20260907-1415-ticket-27/consumer/DerivedData-InkMarkdownLaTeXConsumer/Build/Products/Debug-iphonesimulator/PackageFrameworks -F /Users/shizihan/DailyUse/Github/InkMarkdown/.scratch/architecture-deepening-2026-09-07/evidence/20260907-1415-ticket-27/consumer/DerivedData-InkMarkdownLaTeXConsumer/Build/Products/Debug-iphonesimulator -F /Applications/Xcode.app/Contents/Developer/Platforms/iPhoneSimulator.platform/Developer/Library/Frameworks -F /Applications/Xcode.app/Contents/Developer/Platforms/iPhoneSimulator.platform/Developer/SDKs/iPhoneSimulator26.5.sdk/Developer/Library/Frameworks -c -j10 -enable-batch-mode -incremental -Xcc -ivfsstatcache -Xcc /Users/shizihan/DailyUse/Github/InkMarkdown/.scratch/architecture-deepening-2026-09-07/evidence/20260907-1415-ticket-27/consumer/DerivedData-InkMarkdownLaTeXConsumer/SDKStatCaches.noindex/iphonesimulator26.5-23F81a-6cfe768891a92b912361537c460fe42b.sdkstatcache -output-file-map /Users/shizihan/DailyUse/Github/InkMarkdown/.scratch/architecture-deepening-2026-09-07/evidence/20260907-1415-ticket-27/consumer/DerivedData-InkMarkdownLaTeXConsumer/Build/Intermediates.noindex/swift-markdown.build/Debug-iphonesimulator/Markdown.build/Objects-normal/arm64/Markdown-OutputFileMap.json -use-frontend-parseable-output -save-temps -no-color-diagnostics -explicit-module-build -module-cache-path /Users/shizihan/DailyUse/Github/InkMarkdown/.scratch/architecture-deepening-2026-09-07/evidence/20260907-1415-ticket-27/consumer/DerivedData-InkMarkdownLaTeXConsumer/Build/Intermediates.noindex/SwiftExplicitPrecompiledModules -clang-scanner-module-cache-path /Users/shizihan/DailyUse/Github/InkMarkdown/.scratch/architecture-deepening-2026-09-07/evidence/20260907-1415-ticket-27/consumer/DerivedData-InkMarkdownLaTeXConsumer/ModuleCache.noindex -sdk-module-cache-path /Users/shizihan/DailyUse/Github/InkMarkdown/.scratch/architecture-deepening-2026-09-07/evidence/20260907-1415-ticket-27/consumer/DerivedData-InkMarkdownLaTeXConsumer/ModuleCache.noindex -serialize-diagnostics -emit-dependencies -emit-module -emit-module-path /Users/shizihan/DailyUse/Github/InkMarkdown/.scratch/architecture-deepening-2026-09-07/evidence/20260907-1415-ticket-27/consumer/DerivedData-InkMarkdownLaTeXConsumer/Build/Intermediates.noindex/swift-markdown.build/Debug-iphonesimulator/Markdown.build/Objects-normal/arm64/Markdown.swiftmodule -validate-clang-modules-once -clang-build-session-file /Users/shizihan/DailyUse/Github/InkMarkdown/.scratch/architecture-deepening-2026-09-07/evidence/20260907-1415-ticket-27/consumer/DerivedData-InkMarkdownLaTeXConsumer/ModuleCache.noindex/Session.modulevalidation -package-name swift_markdown -Xcc -I/Users/shizihan/DailyUse/Github/InkMarkdown/.scratch/architecture-deepening-2026-09-07/evidence/20260907-1415-ticket-27/consumer/DerivedData-InkMarkdownLaTeXConsumer/Build/Intermediates.noindex/swift-markdown.build/Debug-iphonesimulator/Markdown.build/swift-overrides.hmap -emit-const-values -Xfrontend -const-gather-protocols-file -Xfrontend /Users/shizihan/DailyUse/Github/InkMarkdown/.scratch/architecture-deepening-2026-09-07/evidence/20260907-1415-ticket-27/consumer/DerivedData-InkMarkdownLaTeXConsumer/Build/Intermediates.noindex/swift-markdown.build/Debug-iphonesimulator/Markdown.build/Objects-normal/arm64/Markdown_const_extract_protocols.json -Xcc -I/Users/shizihan/DailyUse/Github/InkMarkdown/Packages/Caches/swift-cmark/src/include -Xcc -I/Users/shizihan/DailyUse/Github/InkMarkdown/Packages/Caches/swift-cmark/extensions/include -Xcc -I/Users/shizihan/DailyUse/Github/InkMarkdown/Packages/Caches/swift-markdown/Sources/CAtomic/include -Xcc -I/Users/shizihan/DailyUse/Github/InkMarkdown/.scratch/architecture-deepening-2026-09-07/evidence/20260907-1415-ticket-27/consumer/DerivedData-InkMarkdownLaTeXConsumer/Build/Products/Debug-iphonesimulator/include -Xcc -I/Users/shizihan/DailyUse/Github/InkMarkdown/.scratch/architecture-deepening-2026-09-07/evidence/20260907-1415-ticket-27/consumer/DerivedData-InkMarkdownLaTeXConsumer/Build/Intermediates.noindex/swift-markdown.build/Debug-iphonesimulator/Markdown.build/DerivedSources-normal/arm64 -Xcc -I/Users/shizihan/DailyUse/Github/InkMarkdown/.scratch/architecture-deepening-2026-09-07/evidence/20260907-1415-ticket-27/consumer/DerivedData-InkMarkdownLaTeXConsumer/Build/Intermediates.noindex/swift-markdown.build/Debug-iphonesimulator/Markdown.build/DerivedSources/arm64 -Xcc -I/Users/shizihan/DailyUse/Github/InkMarkdown/.scratch/architecture-deepening-2026-09-07/evidence/20260907-1415-ticket-27/consumer/DerivedData-InkMarkdownLaTeXConsumer/Build/Intermediates.noindex/swift-markdown.build/Debug-iphonesimulator/Markdown.build/DerivedSources -Xcc -DSWIFT_PACKAGE -Xcc -DDEBUG\=1 -emit-objc-header -emit-objc-header-path /Users/shizihan/DailyUse/Github/InkMarkdown/.scratch/architecture-deepening-2026-09-07/evidence/20260907-1415-ticket-27/consumer/DerivedData-InkMarkdownLaTeXConsumer/Build/Intermediates.noindex/swift-markdown.build/Debug-iphonesimulator/Markdown.build/Objects-normal/arm64/Markdown-Swift.h -working-directory /Users/shizihan/DailyUse/Github/InkMarkdown/.github/fixtures/consumer-smoke/.swiftpm/xcode -experimental-emit-module-separately -disable-cmo

ScanDependencies /Users/shizihan/DailyUse/Github/InkMarkdown/.scratch/architecture-deepening-2026-09-07/evidence/20260907-1415-ticket-27/consumer/DerivedData-InkMarkdownLaTeXConsumer/Build/Intermediates.noindex/iosMath.build/Debug-iphonesimulator/iosMath.build/Objects-normal/arm64/MTMathListDisplay.o /Users/shizihan/DailyUse/Github/InkMarkdown/Packages/Caches/iosMath/iosMath/render/MTMathListDisplay.m normal arm64 objective-c com.apple.compilers.llvm.clang.1_0.compiler (in target 'iosMath' from project 'iosMath')
    cd /Users/shizihan/DailyUse/Github/InkMarkdown/.github/fixtures/consumer-smoke/.swiftpm/xcode
    
    Using response file: /Users/shizihan/DailyUse/Github/InkMarkdown/.scratch/architecture-deepening-2026-09-07/evidence/20260907-1415-ticket-27/consumer/DerivedData-InkMarkdownLaTeXConsumer/Build/Intermediates.noindex/iosMath.build/Debug-iphonesimulator/iosMath.build/Objects-normal/arm64/e6072d4f65d7061329687fe24e3d63a7-common-args.resp
    
    builtin-ScanDependencies -o /Users/shizihan/DailyUse/Github/InkMarkdown/.scratch/architecture-deepening-2026-09-07/evidence/20260907-1415-ticket-27/consumer/DerivedData-InkMarkdownLaTeXConsumer/Build/Intermediates.noindex/iosMath.build/Debug-iphonesimulator/iosMath.build/Objects-normal/arm64/MTMathListDisplay.o.scan -- /Applications/Xcode.app/Contents/Developer/Toolchains/XcodeDefault.xctoolchain/usr/bin/clang -x objective-c -ivfsstatcache /Users/shizihan/DailyUse/Github/InkMarkdown/.scratch/architecture-deepening-2026-09-07/evidence/20260907-1415-ticket-27/consumer/DerivedData-InkMarkdownLaTeXConsumer/SDKStatCaches.noindex/iphonesimulator26.5-23F81a-6cfe768891a92b912361537c460fe42b.sdkstatcache -target arm64-apple-ios13.0-simulator -fmessage-length\=0 -fdiagnostics-show-note-include-stack -fmacro-backtrace-limit\=0 -fno-color-diagnostics -fmodules-prune-interval\=86400 -fmodules-prune-after\=345600 -fbuild-session-file\=/Users/shizihan/DailyUse/Github/InkMarkdown/.scratch/architecture-deepening-2026-09-07/evidence/20260907-1415-ticket-27/consumer/DerivedData-InkMarkdownLaTeXConsumer/ModuleCache.noindex/Session.modulevalidation -fmodules-validate-once-per-build-session -Wnon-modular-include-in-framework-module -Werror\=non-modular-include-in-framework-module -Wno-trigraphs -Wno-missing-field-initializers -Wno-missing-prototypes -Wno-return-type -Wno-implicit-atomic-properties -Wno-objc-interface-ivars -Wno-arc-repeated-use-of-weak -Wno-missing-braces -Wparentheses -Wswitch -Wno-unused-function -Wno-unused-label -Wno-unused-parameter -Wno-unused-variable -Wunused-value -Wno-empty-body -Wno-uninitialized -Wno-unknown-pragmas -w -Wno-shadow -Wno-four-char-constants -Wno-conversion -Wno-constant-conversion -Wno-int-conversion -Wno-bool-conversion -Wno-enum-conversion -Wno-float-conversion -Wno-non-literal-null-conversion -Wno-objc-literal-conversion -Wshorten-64-to-32 -Wpointer-sign -Wno-newline-eof -Wno-selector -Wno-strict-selector-match -Wno-undeclared-selector -Wno-deprecated-implementations -Wno-implicit-fallthrough -isysroot /Applications/Xcode.app/Contents/Developer/Platforms/iPhoneSimulator.platform/Developer/SDKs/iPhoneSimulator26.5.sdk -fstrict-aliasing -Wprotocol -Wdeprecated-declarations -Wno-sign-conversion -Wno-infinite-recursion -Wno-comma -Wno-block-capture-autoreleasing -Wno-strict-prototypes -Wno-semicolon-before-method-body -index-store-path /Users/shizihan/DailyUse/Github/InkMarkdown/.scratch/architecture-deepening-2026-09-07/evidence/20260907-1415-ticket-27/consumer/DerivedData-InkMarkdownLaTeXConsumer/Index.noindex/DataStore @/Users/shizihan/DailyUse/Github/InkMarkdown/.scratch/architecture-deepening-2026-09-07/evidence/20260907-1415-ticket-27/consumer/DerivedData-InkMarkdownLaTeXConsumer/Build/Intermediates.noindex/iosMath.build/Debug-iphonesimulator/iosMath.build/Objects-normal/arm64/e6072d4f65d7061329687fe24e3d63a7-common-args.resp -include /Users/shizihan/DailyUse/Github/InkMarkdown/.scratch/architecture-deepening-2026-09-07/evidence/20260907-1415-ticket-27/consumer/DerivedData-InkMarkdownLaTeXConsumer/Build/Intermediates.noindex/iosMath.build/Debug-iphonesimulator/iosMath.build/DerivedSources/resource_bundle_accessor.h -MMD -MT dependencies -MF /Users/shizihan/DailyUse/Github/InkMarkdown/.scratch/architecture-deepening-2026-09-07/evidence/20260907-1415-ticket-27/consumer/DerivedData-InkMarkdownLaTeXConsumer/Build/Intermediates.noindex/iosMath.build/Debug-iphonesimulator/iosMath.build/Objects-normal/arm64/MTMathListDisplay.d --serialize-diagnostics /Users/shizihan/DailyUse/Github/InkMarkdown/.scratch/architecture-deepening-2026-09-07/evidence/20260907-1415-ticket-27/consumer/DerivedData-InkMarkdownLaTeXConsumer/Build/Intermediates.noindex/iosMath.build/Debug-iphonesimulator/iosMath.build/Objects-normal/arm64/MTMathListDisplay.dia -c /Users/shizihan/DailyUse/Github/InkMarkdown/Packages/Caches/iosMath/iosMath/render/MTMathListDisplay.m -o /Users/shizihan/DailyUse/Github/InkMarkdown/.scratch/architecture-deepening-2026-09-07/evidence/20260907-1415-ticket-27/consumer/DerivedData-InkMarkdownLaTeXConsumer/Build/Intermediates.noindex/iosMath.build/Debug-iphonesimulator/iosMath.build/Objects-normal/arm64/MTMathListDisplay.o -index-unit-output-path /iosMath.build/Debug-iphonesimulator/iosMath.build/Objects-normal/arm64/MTMathListDisplay.o

ScanDependencies /Users/shizihan/DailyUse/Github/InkMarkdown/.scratch/architecture-deepening-2026-09-07/evidence/20260907-1415-ticket-27/consumer/DerivedData-InkMarkdownLaTeXConsumer/Build/Intermediates.noindex/iosMath.build/Debug-iphonesimulator/iosMath.build/Objects-normal/arm64/MTMathListBuilder.o /Users/shizihan/DailyUse/Github/InkMarkdown/Packages/Caches/iosMath/iosMath/lib/MTMathListBuilder.m normal arm64 objective-c com.apple.compilers.llvm.clang.1_0.compiler (in target 'iosMath' from project 'iosMath')
    cd /Users/shizihan/DailyUse/Github/InkMarkdown/.github/fixtures/consumer-smoke/.swiftpm/xcode
    
    Using response file: /Users/shizihan/DailyUse/Github/InkMarkdown/.scratch/architecture-deepening-2026-09-07/evidence/20260907-1415-ticket-27/consumer/DerivedData-InkMarkdownLaTeXConsumer/Build/Intermediates.noindex/iosMath.build/Debug-iphonesimulator/iosMath.build/Objects-normal/arm64/e6072d4f65d7061329687fe24e3d63a7-common-args.resp
    
    builtin-ScanDependencies -o /Users/shizihan/DailyUse/Github/InkMarkdown/.scratch/architecture-deepening-2026-09-07/evidence/20260907-1415-ticket-27/consumer/DerivedData-InkMarkdownLaTeXConsumer/Build/Intermediates.noindex/iosMath.build/Debug-iphonesimulator/iosMath.build/Objects-normal/arm64/MTMathListBuilder.o.scan -- /Applications/Xcode.app/Contents/Developer/Toolchains/XcodeDefault.xctoolchain/usr/bin/clang -x objective-c -ivfsstatcache /Users/shizihan/DailyUse/Github/InkMarkdown/.scratch/architecture-deepening-2026-09-07/evidence/20260907-1415-ticket-27/consumer/DerivedData-InkMarkdownLaTeXConsumer/SDKStatCaches.noindex/iphonesimulator26.5-23F81a-6cfe768891a92b912361537c460fe42b.sdkstatcache -target arm64-apple-ios13.0-simulator -fmessage-length\=0 -fdiagnostics-show-note-include-stack -fmacro-backtrace-limit\=0 -fno-color-diagnostics -fmodules-prune-interval\=86400 -fmodules-prune-after\=345600 -fbuild-session-file\=/Users/shizihan/DailyUse/Github/InkMarkdown/.scratch/architecture-deepening-2026-09-07/evidence/20260907-1415-ticket-27/consumer/DerivedData-InkMarkdownLaTeXConsumer/ModuleCache.noindex/Session.modulevalidation -fmodules-validate-once-per-build-session -Wnon-modular-include-in-framework-module -Werror\=non-modular-include-in-framework-module -Wno-trigraphs -Wno-missing-field-initializers -Wno-missing-prototypes -Wno-return-type -Wno-implicit-atomic-properties -Wno-objc-interface-ivars -Wno-arc-repeated-use-of-weak -Wno-missing-braces -Wparentheses -Wswitch -Wno-unused-function -Wno-unused-label -Wno-unused-parameter -Wno-unused-variable -Wunused-value -Wno-empty-body -Wno-uninitialized -Wno-unknown-pragmas -w -Wno-shadow -Wno-four-char-constants -Wno-conversion -Wno-constant-conversion -Wno-int-conversion -Wno-bool-conversion -Wno-enum-conversion -Wno-float-conversion -Wno-non-literal-null-conversion -Wno-objc-literal-conversion -Wshorten-64-to-32 -Wpointer-sign -Wno-newline-eof -Wno-selector -Wno-strict-selector-match -Wno-undeclared-selector -Wno-deprecated-implementations -Wno-implicit-fallthrough -isysroot /Applications/Xcode.app/Contents/Developer/Platforms/iPhoneSimulator.platform/Developer/SDKs/iPhoneSimulator26.5.sdk -fstrict-aliasing -Wprotocol -Wdeprecated-declarations -Wno-sign-conversion -Wno-infinite-recursion -Wno-comma -Wno-block-capture-autoreleasing -Wno-strict-prototypes -Wno-semicolon-before-method-body -index-store-path /Users/shizihan/DailyUse/Github/InkMarkdown/.scratch/architecture-deepening-2026-09-07/evidence/20260907-1415-ticket-27/consumer/DerivedData-InkMarkdownLaTeXConsumer/Index.noindex/DataStore @/Users/shizihan/DailyUse/Github/InkMarkdown/.scratch/architecture-deepening-2026-09-07/evidence/20260907-1415-ticket-27/consumer/DerivedData-InkMarkdownLaTeXConsumer/Build/Intermediates.noindex/iosMath.build/Debug-iphonesimulator/iosMath.build/Objects-normal/arm64/e6072d4f65d7061329687fe24e3d63a7-common-args.resp -include /Users/shizihan/DailyUse/Github/InkMarkdown/.scratch/architecture-deepening-2026-09-07/evidence/20260907-1415-ticket-27/consumer/DerivedData-InkMarkdownLaTeXConsumer/Build/Intermediates.noindex/iosMath.build/Debug-iphonesimulator/iosMath.build/DerivedSources/resource_bundle_accessor.h -MMD -MT dependencies -MF /Users/shizihan/DailyUse/Github/InkMarkdown/.scratch/architecture-deepening-2026-09-07/evidence/20260907-1415-ticket-27/consumer/DerivedData-InkMarkdownLaTeXConsumer/Build/Intermediates.noindex/iosMath.build/Debug-iphonesimulator/iosMath.build/Objects-normal/arm64/MTMathListBuilder.d --serialize-diagnostics /Users/shizihan/DailyUse/Github/InkMarkdown/.scratch/architecture-deepening-2026-09-07/evidence/20260907-1415-ticket-27/consumer/DerivedData-InkMarkdownLaTeXConsumer/Build/Intermediates.noindex/iosMath.build/Debug-iphonesimulator/iosMath.build/Objects-normal/arm64/MTMathListBuilder.dia -c /Users/shizihan/DailyUse/Github/InkMarkdown/Packages/Caches/iosMath/iosMath/lib/MTMathListBuilder.m -o /Users/shizihan/DailyUse/Github/InkMarkdown/.scratch/architecture-deepening-2026-09-07/evidence/20260907-1415-ticket-27/consumer/DerivedData-InkMarkdownLaTeXConsumer/Build/Intermediates.noindex/iosMath.build/Debug-iphonesimulator/iosMath.build/Objects-normal/arm64/MTMathListBuilder.o -index-unit-output-path /iosMath.build/Debug-iphonesimulator/iosMath.build/Objects-normal/arm64/MTMathListBuilder.o

ScanDependencies /Users/shizihan/DailyUse/Github/InkMarkdown/.scratch/architecture-deepening-2026-09-07/evidence/20260907-1415-ticket-27/consumer/DerivedData-InkMarkdownLaTeXConsumer/Build/Intermediates.noindex/iosMath.build/Debug-iphonesimulator/iosMath.build/Objects-normal/arm64/MTMathList.o /Users/shizihan/DailyUse/Github/InkMarkdown/Packages/Caches/iosMath/iosMath/lib/MTMathList.m normal arm64 objective-c com.apple.compilers.llvm.clang.1_0.compiler (in target 'iosMath' from project 'iosMath')
    cd /Users/shizihan/DailyUse/Github/InkMarkdown/.github/fixtures/consumer-smoke/.swiftpm/xcode
    
    Using response file: /Users/shizihan/DailyUse/Github/InkMarkdown/.scratch/architecture-deepening-2026-09-07/evidence/20260907-1415-ticket-27/consumer/DerivedData-InkMarkdownLaTeXConsumer/Build/Intermediates.noindex/iosMath.build/Debug-iphonesimulator/iosMath.build/Objects-normal/arm64/e6072d4f65d7061329687fe24e3d63a7-common-args.resp
    
    builtin-ScanDependencies -o /Users/shizihan/DailyUse/Github/InkMarkdown/.scratch/architecture-deepening-2026-09-07/evidence/20260907-1415-ticket-27/consumer/DerivedData-InkMarkdownLaTeXConsumer/Build/Intermediates.noindex/iosMath.build/Debug-iphonesimulator/iosMath.build/Objects-normal/arm64/MTMathList.o.scan -- /Applications/Xcode.app/Contents/Developer/Toolchains/XcodeDefault.xctoolchain/usr/bin/clang -x objective-c -ivfsstatcache /Users/shizihan/DailyUse/Github/InkMarkdown/.scratch/architecture-deepening-2026-09-07/evidence/20260907-1415-ticket-27/consumer/DerivedData-InkMarkdownLaTeXConsumer/SDKStatCaches.noindex/iphonesimulator26.5-23F81a-6cfe768891a92b912361537c460fe42b.sdkstatcache -target arm64-apple-ios13.0-simulator -fmessage-length\=0 -fdiagnostics-show-note-include-stack -fmacro-backtrace-limit\=0 -fno-color-diagnostics -fmodules-prune-interval\=86400 -fmodules-prune-after\=345600 -fbuild-session-file\=/Users/shizihan/DailyUse/Github/InkMarkdown/.scratch/architecture-deepening-2026-09-07/evidence/20260907-1415-ticket-27/consumer/DerivedData-InkMarkdownLaTeXConsumer/ModuleCache.noindex/Session.modulevalidation -fmodules-validate-once-per-build-session -Wnon-modular-include-in-framework-module -Werror\=non-modular-include-in-framework-module -Wno-trigraphs -Wno-missing-field-initializers -Wno-missing-prototypes -Wno-return-type -Wno-implicit-atomic-properties -Wno-objc-interface-ivars -Wno-arc-repeated-use-of-weak -Wno-missing-braces -Wparentheses -Wswitch -Wno-unused-function -Wno-unused-label -Wno-unused-parameter -Wno-unused-variable -Wunused-value -Wno-empty-body -Wno-uninitialized -Wno-unknown-pragmas -w -Wno-shadow -Wno-four-char-constants -Wno-conversion -Wno-constant-conversion -Wno-int-conversion -Wno-bool-conversion -Wno-enum-conversion -Wno-float-conversion -Wno-non-literal-null-conversion -Wno-objc-literal-conversion -Wshorten-64-to-32 -Wpointer-sign -Wno-newline-eof -Wno-selector -Wno-strict-selector-match -Wno-undeclared-selector -Wno-deprecated-implementations -Wno-implicit-fallthrough -isysroot /Applications/Xcode.app/Contents/Developer/Platforms/iPhoneSimulator.platform/Developer/SDKs/iPhoneSimulator26.5.sdk -fstrict-aliasing -Wprotocol -Wdeprecated-declarations -Wno-sign-conversion -Wno-infinite-recursion -Wno-comma -Wno-block-capture-autoreleasing -Wno-strict-prototypes -Wno-semicolon-before-method-body -index-store-path /Users/shizihan/DailyUse/Github/InkMarkdown/.scratch/architecture-deepening-2026-09-07/evidence/20260907-1415-ticket-27/consumer/DerivedData-InkMarkdownLaTeXConsumer/Index.noindex/DataStore @/Users/shizihan/DailyUse/Github/InkMarkdown/.scratch/architecture-deepening-2026-09-07/evidence/20260907-1415-ticket-27/consumer/DerivedData-InkMarkdownLaTeXConsumer/Build/Intermediates.noindex/iosMath.build/Debug-iphonesimulator/iosMath.build/Objects-normal/arm64/e6072d4f65d7061329687fe24e3d63a7-common-args.resp -include /Users/shizihan/DailyUse/Github/InkMarkdown/.scratch/architecture-deepening-2026-09-07/evidence/20260907-1415-ticket-27/consumer/DerivedData-InkMarkdownLaTeXConsumer/Build/Intermediates.noindex/iosMath.build/Debug-iphonesimulator/iosMath.build/DerivedSources/resource_bundle_accessor.h -MMD -MT dependencies -MF /Users/shizihan/DailyUse/Github/InkMarkdown/.scratch/architecture-deepening-2026-09-07/evidence/20260907-1415-ticket-27/consumer/DerivedData-InkMarkdownLaTeXConsumer/Build/Intermediates.noindex/iosMath.build/Debug-iphonesimulator/iosMath.build/Objects-normal/arm64/MTMathList.d --serialize-diagnostics /Users/shizihan/DailyUse/Github/InkMarkdown/.scratch/architecture-deepening-2026-09-07/evidence/20260907-1415-ticket-27/consumer/DerivedData-InkMarkdownLaTeXConsumer/Build/Intermediates.noindex/iosMath.build/Debug-iphonesimulator/iosMath.build/Objects-normal/arm64/MTMathList.dia -c /Users/shizihan/DailyUse/Github/InkMarkdown/Packages/Caches/iosMath/iosMath/lib/MTMathList.m -o /Users/shizihan/DailyUse/Github/InkMarkdown/.scratch/architecture-deepening-2026-09-07/evidence/20260907-1415-ticket-27/consumer/DerivedData-InkMarkdownLaTeXConsumer/Build/Intermediates.noindex/iosMath.build/Debug-iphonesimulator/iosMath.build/Objects-normal/arm64/MTMathList.o -index-unit-output-path /iosMath.build/Debug-iphonesimulator/iosMath.build/Objects-normal/arm64/MTMathList.o

ScanDependencies /Users/shizihan/DailyUse/Github/InkMarkdown/.scratch/architecture-deepening-2026-09-07/evidence/20260907-1415-ticket-27/consumer/DerivedData-InkMarkdownLaTeXConsumer/Build/Intermediates.noindex/iosMath.build/Debug-iphonesimulator/iosMath.build/Objects-normal/arm64/MTMathAtomFactory.o /Users/shizihan/DailyUse/Github/InkMarkdown/Packages/Caches/iosMath/iosMath/lib/MTMathAtomFactory.m normal arm64 objective-c com.apple.compilers.llvm.clang.1_0.compiler (in target 'iosMath' from project 'iosMath')
    cd /Users/shizihan/DailyUse/Github/InkMarkdown/.github/fixtures/consumer-smoke/.swiftpm/xcode
    
    Using response file: /Users/shizihan/DailyUse/Github/InkMarkdown/.scratch/architecture-deepening-2026-09-07/evidence/20260907-1415-ticket-27/consumer/DerivedData-InkMarkdownLaTeXConsumer/Build/Intermediates.noindex/iosMath.build/Debug-iphonesimulator/iosMath.build/Objects-normal/arm64/e6072d4f65d7061329687fe24e3d63a7-common-args.resp
    
    builtin-ScanDependencies -o /Users/shizihan/DailyUse/Github/InkMarkdown/.scratch/architecture-deepening-2026-09-07/evidence/20260907-1415-ticket-27/consumer/DerivedData-InkMarkdownLaTeXConsumer/Build/Intermediates.noindex/iosMath.build/Debug-iphonesimulator/iosMath.build/Objects-normal/arm64/MTMathAtomFactory.o.scan -- /Applications/Xcode.app/Contents/Developer/Toolchains/XcodeDefault.xctoolchain/usr/bin/clang -x objective-c -ivfsstatcache /Users/shizihan/DailyUse/Github/InkMarkdown/.scratch/architecture-deepening-2026-09-07/evidence/20260907-1415-ticket-27/consumer/DerivedData-InkMarkdownLaTeXConsumer/SDKStatCaches.noindex/iphonesimulator26.5-23F81a-6cfe768891a92b912361537c460fe42b.sdkstatcache -target arm64-apple-ios13.0-simulator -fmessage-length\=0 -fdiagnostics-show-note-include-stack -fmacro-backtrace-limit\=0 -fno-color-diagnostics -fmodules-prune-interval\=86400 -fmodules-prune-after\=345600 -fbuild-session-file\=/Users/shizihan/DailyUse/Github/InkMarkdown/.scratch/architecture-deepening-2026-09-07/evidence/20260907-1415-ticket-27/consumer/DerivedData-InkMarkdownLaTeXConsumer/ModuleCache.noindex/Session.modulevalidation -fmodules-validate-once-per-build-session -Wnon-modular-include-in-framework-module -Werror\=non-modular-include-in-framework-module -Wno-trigraphs -Wno-missing-field-initializers -Wno-missing-prototypes -Wno-return-type -Wno-implicit-atomic-properties -Wno-objc-interface-ivars -Wno-arc-repeated-use-of-weak -Wno-missing-braces -Wparentheses -Wswitch -Wno-unused-function -Wno-unused-label -Wno-unused-parameter -Wno-unused-variable -Wunused-value -Wno-empty-body -Wno-uninitialized -Wno-unknown-pragmas -w -Wno-shadow -Wno-four-char-constants -Wno-conversion -Wno-constant-conversion -Wno-int-conversion -Wno-bool-conversion -Wno-enum-conversion -Wno-float-conversion -Wno-non-literal-null-conversion -Wno-objc-literal-conversion -Wshorten-64-to-32 -Wpointer-sign -Wno-newline-eof -Wno-selector -Wno-strict-selector-match -Wno-undeclared-selector -Wno-deprecated-implementations -Wno-implicit-fallthrough -isysroot /Applications/Xcode.app/Contents/Developer/Platforms/iPhoneSimulator.platform/Developer/SDKs/iPhoneSimulator26.5.sdk -fstrict-aliasing -Wprotocol -Wdeprecated-declarations -Wno-sign-conversion -Wno-infinite-recursion -Wno-comma -Wno-block-capture-autoreleasing -Wno-strict-prototypes -Wno-semicolon-before-method-body -index-store-path /Users/shizihan/DailyUse/Github/InkMarkdown/.scratch/architecture-deepening-2026-09-07/evidence/20260907-1415-ticket-27/consumer/DerivedData-InkMarkdownLaTeXConsumer/Index.noindex/DataStore @/Users/shizihan/DailyUse/Github/InkMarkdown/.scratch/architecture-deepening-2026-09-07/evidence/20260907-1415-ticket-27/consumer/DerivedData-InkMarkdownLaTeXConsumer/Build/Intermediates.noindex/iosMath.build/Debug-iphonesimulator/iosMath.build/Objects-normal/arm64/e6072d4f65d7061329687fe24e3d63a7-common-args.resp -include /Users/shizihan/DailyUse/Github/InkMarkdown/.scratch/architecture-deepening-2026-09-07/evidence/20260907-1415-ticket-27/consumer/DerivedData-InkMarkdownLaTeXConsumer/Build/Intermediates.noindex/iosMath.build/Debug-iphonesimulator/iosMath.build/DerivedSources/resource_bundle_accessor.h -MMD -MT dependencies -MF /Users/shizihan/DailyUse/Github/InkMarkdown/.scratch/architecture-deepening-2026-09-07/evidence/20260907-1415-ticket-27/consumer/DerivedData-InkMarkdownLaTeXConsumer/Build/Intermediates.noindex/iosMath.build/Debug-iphonesimulator/iosMath.build/Objects-normal/arm64/MTMathAtomFactory.d --serialize-diagnostics /Users/shizihan/DailyUse/Github/InkMarkdown/.scratch/architecture-deepening-2026-09-07/evidence/20260907-1415-ticket-27/consumer/DerivedData-InkMarkdownLaTeXConsumer/Build/Intermediates.noindex/iosMath.build/Debug-iphonesimulator/iosMath.build/Objects-normal/arm64/MTMathAtomFactory.dia -c /Users/shizihan/DailyUse/Github/InkMarkdown/Packages/Caches/iosMath/iosMath/lib/MTMathAtomFactory.m -o /Users/shizihan/DailyUse/Github/InkMarkdown/.scratch/architecture-deepening-2026-09-07/evidence/20260907-1415-ticket-27/consumer/DerivedData-InkMarkdownLaTeXConsumer/Build/Intermediates.noindex/iosMath.build/Debug-iphonesimulator/iosMath.build/Objects-normal/arm64/MTMathAtomFactory.o -index-unit-output-path /iosMath.build/Debug-iphonesimulator/iosMath.build/Objects-normal/arm64/MTMathAtomFactory.o

ScanDependencies /Users/shizihan/DailyUse/Github/InkMarkdown/.scratch/architecture-deepening-2026-09-07/evidence/20260907-1415-ticket-27/consumer/DerivedData-InkMarkdownLaTeXConsumer/Build/Intermediates.noindex/iosMath.build/Debug-iphonesimulator/iosMath.build/Objects-normal/arm64/MTLabel.o /Users/shizihan/DailyUse/Github/InkMarkdown/Packages/Caches/iosMath/iosMath/render/MTLabel.m normal arm64 objective-c com.apple.compilers.llvm.clang.1_0.compiler (in target 'iosMath' from project 'iosMath')
    cd /Users/shizihan/DailyUse/Github/InkMarkdown/.github/fixtures/consumer-smoke/.swiftpm/xcode
    
    Using response file: /Users/shizihan/DailyUse/Github/InkMarkdown/.scratch/architecture-deepening-2026-09-07/evidence/20260907-1415-ticket-27/consumer/DerivedData-InkMarkdownLaTeXConsumer/Build/Intermediates.noindex/iosMath.build/Debug-iphonesimulator/iosMath.build/Objects-normal/arm64/e6072d4f65d7061329687fe24e3d63a7-common-args.resp
    
    builtin-ScanDependencies -o /Users/shizihan/DailyUse/Github/InkMarkdown/.scratch/architecture-deepening-2026-09-07/evidence/20260907-1415-ticket-27/consumer/DerivedData-InkMarkdownLaTeXConsumer/Build/Intermediates.noindex/iosMath.build/Debug-iphonesimulator/iosMath.build/Objects-normal/arm64/MTLabel.o.scan -- /Applications/Xcode.app/Contents/Developer/Toolchains/XcodeDefault.xctoolchain/usr/bin/clang -x objective-c -ivfsstatcache /Users/shizihan/DailyUse/Github/InkMarkdown/.scratch/architecture-deepening-2026-09-07/evidence/20260907-1415-ticket-27/consumer/DerivedData-InkMarkdownLaTeXConsumer/SDKStatCaches.noindex/iphonesimulator26.5-23F81a-6cfe768891a92b912361537c460fe42b.sdkstatcache -target arm64-apple-ios13.0-simulator -fmessage-length\=0 -fdiagnostics-show-note-include-stack -fmacro-backtrace-limit\=0 -fno-color-diagnostics -fmodules-prune-interval\=86400 -fmodules-prune-after\=345600 -fbuild-session-file\=/Users/shizihan/DailyUse/Github/InkMarkdown/.scratch/architecture-deepening-2026-09-07/evidence/20260907-1415-ticket-27/consumer/DerivedData-InkMarkdownLaTeXConsumer/ModuleCache.noindex/Session.modulevalidation -fmodules-validate-once-per-build-session -Wnon-modular-include-in-framework-module -Werror\=non-modular-include-in-framework-module -Wno-trigraphs -Wno-missing-field-initializers -Wno-missing-prototypes -Wno-return-type -Wno-implicit-atomic-properties -Wno-objc-interface-ivars -Wno-arc-repeated-use-of-weak -Wno-missing-braces -Wparentheses -Wswitch -Wno-unused-function -Wno-unused-label -Wno-unused-parameter -Wno-unused-variable -Wunused-value -Wno-empty-body -Wno-uninitialized -Wno-unknown-pragmas -w -Wno-shadow -Wno-four-char-constants -Wno-conversion -Wno-constant-conversion -Wno-int-conversion -Wno-bool-conversion -Wno-enum-conversion -Wno-float-conversion -Wno-non-literal-null-conversion -Wno-objc-literal-conversion -Wshorten-64-to-32 -Wpointer-sign -Wno-newline-eof -Wno-selector -Wno-strict-selector-match -Wno-undeclared-selector -Wno-deprecated-implementations -Wno-implicit-fallthrough -isysroot /Applications/Xcode.app/Contents/Developer/Platforms/iPhoneSimulator.platform/Developer/SDKs/iPhoneSimulator26.5.sdk -fstrict-aliasing -Wprotocol -Wdeprecated-declarations -Wno-sign-conversion -Wno-infinite-recursion -Wno-comma -Wno-block-capture-autoreleasing -Wno-strict-prototypes -Wno-semicolon-before-method-body -index-store-path /Users/shizihan/DailyUse/Github/InkMarkdown/.scratch/architecture-deepening-2026-09-07/evidence/20260907-1415-ticket-27/consumer/DerivedData-InkMarkdownLaTeXConsumer/Index.noindex/DataStore @/Users/shizihan/DailyUse/Github/InkMarkdown/.scratch/architecture-deepening-2026-09-07/evidence/20260907-1415-ticket-27/consumer/DerivedData-InkMarkdownLaTeXConsumer/Build/Intermediates.noindex/iosMath.build/Debug-iphonesimulator/iosMath.build/Objects-normal/arm64/e6072d4f65d7061329687fe24e3d63a7-common-args.resp -include /Users/shizihan/DailyUse/Github/InkMarkdown/.scratch/architecture-deepening-2026-09-07/evidence/20260907-1415-ticket-27/consumer/DerivedData-InkMarkdownLaTeXConsumer/Build/Intermediates.noindex/iosMath.build/Debug-iphonesimulator/iosMath.build/DerivedSources/resource_bundle_accessor.h -MMD -MT dependencies -MF /Users/shizihan/DailyUse/Github/InkMarkdown/.scratch/architecture-deepening-2026-09-07/evidence/20260907-1415-ticket-27/consumer/DerivedData-InkMarkdownLaTeXConsumer/Build/Intermediates.noindex/iosMath.build/Debug-iphonesimulator/iosMath.build/Objects-normal/arm64/MTLabel.d --serialize-diagnostics /Users/shizihan/DailyUse/Github/InkMarkdown/.scratch/architecture-deepening-2026-09-07/evidence/20260907-1415-ticket-27/consumer/DerivedData-InkMarkdownLaTeXConsumer/Build/Intermediates.noindex/iosMath.build/Debug-iphonesimulator/iosMath.build/Objects-normal/arm64/MTLabel.dia -c /Users/shizihan/DailyUse/Github/InkMarkdown/Packages/Caches/iosMath/iosMath/render/MTLabel.m -o /Users/shizihan/DailyUse/Github/InkMarkdown/.scratch/architecture-deepening-2026-09-07/evidence/20260907-1415-ticket-27/consumer/DerivedData-InkMarkdownLaTeXConsumer/Build/Intermediates.noindex/iosMath.build/Debug-iphonesimulator/iosMath.build/Objects-normal/arm64/MTLabel.o -index-unit-output-path /iosMath.build/Debug-iphonesimulator/iosMath.build/Objects-normal/arm64/MTLabel.o

PrecompileModule /Users/shizihan/DailyUse/Github/InkMarkdown/.scratch/architecture-deepening-2026-09-07/evidence/20260907-1415-ticket-27/consumer/DerivedData-InkMarkdownLaTeXConsumer/Build/Intermediates.noindex/ExplicitPrecompiledModules/ptrcheck-85BQXLA3LQ15G9FP24G8W9WKZ.scan
    cd /
    builtin-precompileModule /Users/shizihan/DailyUse/Github/InkMarkdown/.scratch/architecture-deepening-2026-09-07/evidence/20260907-1415-ticket-27/consumer/DerivedData-InkMarkdownLaTeXConsumer/Build/Intermediates.noindex/ExplicitPrecompiledModules/ptrcheck-85BQXLA3LQ15G9FP24G8W9WKZ.scan

PrecompileModule /Users/shizihan/DailyUse/Github/InkMarkdown/.scratch/architecture-deepening-2026-09-07/evidence/20260907-1415-ticket-27/consumer/DerivedData-InkMarkdownLaTeXConsumer/Build/Intermediates.noindex/ExplicitPrecompiledModules/_Builtin_stdbool-3ZV7HJJHHGOYEHX5PBHJIDW6H.scan
    cd /
    builtin-precompileModule /Users/shizihan/DailyUse/Github/InkMarkdown/.scratch/architecture-deepening-2026-09-07/evidence/20260907-1415-ticket-27/consumer/DerivedData-InkMarkdownLaTeXConsumer/Build/Intermediates.noindex/ExplicitPrecompiledModules/_Builtin_stdbool-3ZV7HJJHHGOYEHX5PBHJIDW6H.scan

PrecompileModule /Users/shizihan/DailyUse/Github/InkMarkdown/.scratch/architecture-deepening-2026-09-07/evidence/20260907-1415-ticket-27/consumer/DerivedData-InkMarkdownLaTeXConsumer/Build/Intermediates.noindex/ExplicitPrecompiledModules/_Builtin_stdarg-EB9MDXXO9WHCO2Q2P0JA000G8.scan
    cd /
    builtin-precompileModule /Users/shizihan/DailyUse/Github/InkMarkdown/.scratch/architecture-deepening-2026-09-07/evidence/20260907-1415-ticket-27/consumer/DerivedData-InkMarkdownLaTeXConsumer/Build/Intermediates.noindex/ExplicitPrecompiledModules/_Builtin_stdarg-EB9MDXXO9WHCO2Q2P0JA000G8.scan

PrecompileModule /Users/shizihan/DailyUse/Github/InkMarkdown/.scratch/architecture-deepening-2026-09-07/evidence/20260907-1415-ticket-27/consumer/DerivedData-InkMarkdownLaTeXConsumer/Build/Intermediates.noindex/ExplicitPrecompiledModules/_Builtin_float-C0O9REYWTNN49ME3B1S6YVJL3.scan
    cd /
    builtin-precompileModule /Users/shizihan/DailyUse/Github/InkMarkdown/.scratch/architecture-deepening-2026-09-07/evidence/20260907-1415-ticket-27/consumer/DerivedData-InkMarkdownLaTeXConsumer/Build/Intermediates.noindex/ExplicitPrecompiledModules/_Builtin_float-C0O9REYWTNN49ME3B1S6YVJL3.scan

PrecompileModule /Users/shizihan/DailyUse/Github/InkMarkdown/.scratch/architecture-deepening-2026-09-07/evidence/20260907-1415-ticket-27/consumer/DerivedData-InkMarkdownLaTeXConsumer/Build/Intermediates.noindex/ExplicitPrecompiledModules/_Builtin_stddef-93NKPO10ZH3TV1JZJ4QGWIL8T.scan
    cd /
    builtin-precompileModule /Users/shizihan/DailyUse/Github/InkMarkdown/.scratch/architecture-deepening-2026-09-07/evidence/20260907-1415-ticket-27/consumer/DerivedData-InkMarkdownLaTeXConsumer/Build/Intermediates.noindex/ExplicitPrecompiledModules/_Builtin_stddef-93NKPO10ZH3TV1JZJ4QGWIL8T.scan

PrecompileModule /Users/shizihan/DailyUse/Github/InkMarkdown/.scratch/architecture-deepening-2026-09-07/evidence/20260907-1415-ticket-27/consumer/DerivedData-InkMarkdownLaTeXConsumer/Build/Intermediates.noindex/ExplicitPrecompiledModules/_AvailabilityInternal-AIJZDU73AKQT6CKWV0LGY63GV.scan
    cd /
    builtin-precompileModule /Users/shizihan/DailyUse/Github/InkMarkdown/.scratch/architecture-deepening-2026-09-07/evidence/20260907-1415-ticket-27/consumer/DerivedData-InkMarkdownLaTeXConsumer/Build/Intermediates.noindex/ExplicitPrecompiledModules/_AvailabilityInternal-AIJZDU73AKQT6CKWV0LGY63GV.scan

PrecompileModule /Users/shizihan/DailyUse/Github/InkMarkdown/.scratch/architecture-deepening-2026-09-07/evidence/20260907-1415-ticket-27/consumer/DerivedData-InkMarkdownLaTeXConsumer/Build/Intermediates.noindex/ExplicitPrecompiledModules/ptrauth-5LDN05121Q5AS26HLBHIPYIKD.scan
    cd /
    builtin-precompileModule /Users/shizihan/DailyUse/Github/InkMarkdown/.scratch/architecture-deepening-2026-09-07/evidence/20260907-1415-ticket-27/consumer/DerivedData-InkMarkdownLaTeXConsumer/Build/Intermediates.noindex/ExplicitPrecompiledModules/ptrauth-5LDN05121Q5AS26HLBHIPYIKD.scan

ScanDependencies /Users/shizihan/DailyUse/Github/InkMarkdown/.scratch/architecture-deepening-2026-09-07/evidence/20260907-1415-ticket-27/consumer/DerivedData-InkMarkdownLaTeXConsumer/Build/Intermediates.noindex/iosMath.build/Debug-iphonesimulator/iosMath.build/Objects-normal/arm64/MTFontManager.o /Users/shizihan/DailyUse/Github/InkMarkdown/Packages/Caches/iosMath/iosMath/render/MTFontManager.m normal arm64 objective-c com.apple.compilers.llvm.clang.1_0.compiler (in target 'iosMath' from project 'iosMath')
    cd /Users/shizihan/DailyUse/Github/InkMarkdown/.github/fixtures/consumer-smoke/.swiftpm/xcode
    
    Using response file: /Users/shizihan/DailyUse/Github/InkMarkdown/.scratch/architecture-deepening-2026-09-07/evidence/20260907-1415-ticket-27/consumer/DerivedData-InkMarkdownLaTeXConsumer/Build/Intermediates.noindex/iosMath.build/Debug-iphonesimulator/iosMath.build/Objects-normal/arm64/e6072d4f65d7061329687fe24e3d63a7-common-args.resp
    
    builtin-ScanDependencies -o /Users/shizihan/DailyUse/Github/InkMarkdown/.scratch/architecture-deepening-2026-09-07/evidence/20260907-1415-ticket-27/consumer/DerivedData-InkMarkdownLaTeXConsumer/Build/Intermediates.noindex/iosMath.build/Debug-iphonesimulator/iosMath.build/Objects-normal/arm64/MTFontManager.o.scan -- /Applications/Xcode.app/Contents/Developer/Toolchains/XcodeDefault.xctoolchain/usr/bin/clang -x objective-c -ivfsstatcache /Users/shizihan/DailyUse/Github/InkMarkdown/.scratch/architecture-deepening-2026-09-07/evidence/20260907-1415-ticket-27/consumer/DerivedData-InkMarkdownLaTeXConsumer/SDKStatCaches.noindex/iphonesimulator26.5-23F81a-6cfe768891a92b912361537c460fe42b.sdkstatcache -target arm64-apple-ios13.0-simulator -fmessage-length\=0 -fdiagnostics-show-note-include-stack -fmacro-backtrace-limit\=0 -fno-color-diagnostics -fmodules-prune-interval\=86400 -fmodules-prune-after\=345600 -fbuild-session-file\=/Users/shizihan/DailyUse/Github/InkMarkdown/.scratch/architecture-deepening-2026-09-07/evidence/20260907-1415-ticket-27/consumer/DerivedData-InkMarkdownLaTeXConsumer/ModuleCache.noindex/Session.modulevalidation -fmodules-validate-once-per-build-session -Wnon-modular-include-in-framework-module -Werror\=non-modular-include-in-framework-module -Wno-trigraphs -Wno-missing-field-initializers -Wno-missing-prototypes -Wno-return-type -Wno-implicit-atomic-properties -Wno-objc-interface-ivars -Wno-arc-repeated-use-of-weak -Wno-missing-braces -Wparentheses -Wswitch -Wno-unused-function -Wno-unused-label -Wno-unused-parameter -Wno-unused-variable -Wunused-value -Wno-empty-body -Wno-uninitialized -Wno-unknown-pragmas -w -Wno-shadow -Wno-four-char-constants -Wno-conversion -Wno-constant-conversion -Wno-int-conversion -Wno-bool-conversion -Wno-enum-conversion -Wno-float-conversion -Wno-non-literal-null-conversion -Wno-objc-literal-conversion -Wshorten-64-to-32 -Wpointer-sign -Wno-newline-eof -Wno-selector -Wno-strict-selector-match -Wno-undeclared-selector -Wno-deprecated-implementations -Wno-implicit-fallthrough -isysroot /Applications/Xcode.app/Contents/Developer/Platforms/iPhoneSimulator.platform/Developer/SDKs/iPhoneSimulator26.5.sdk -fstrict-aliasing -Wprotocol -Wdeprecated-declarations -Wno-sign-conversion -Wno-infinite-recursion -Wno-comma -Wno-block-capture-autoreleasing -Wno-strict-prototypes -Wno-semicolon-before-method-body -index-store-path /Users/shizihan/DailyUse/Github/InkMarkdown/.scratch/architecture-deepening-2026-09-07/evidence/20260907-1415-ticket-27/consumer/DerivedData-InkMarkdownLaTeXConsumer/Index.noindex/DataStore @/Users/shizihan/DailyUse/Github/InkMarkdown/.scratch/architecture-deepening-2026-09-07/evidence/20260907-1415-ticket-27/consumer/DerivedData-InkMarkdownLaTeXConsumer/Build/Intermediates.noindex/iosMath.build/Debug-iphonesimulator/iosMath.build/Objects-normal/arm64/e6072d4f65d7061329687fe24e3d63a7-common-args.resp -include /Users/shizihan/DailyUse/Github/InkMarkdown/.scratch/architecture-deepening-2026-09-07/evidence/20260907-1415-ticket-27/consumer/DerivedData-InkMarkdownLaTeXConsumer/Build/Intermediates.noindex/iosMath.build/Debug-iphonesimulator/iosMath.build/DerivedSources/resource_bundle_accessor.h -MMD -MT dependencies -MF /Users/shizihan/DailyUse/Github/InkMarkdown/.scratch/architecture-deepening-2026-09-07/evidence/20260907-1415-ticket-27/consumer/DerivedData-InkMarkdownLaTeXConsumer/Build/Intermediates.noindex/iosMath.build/Debug-iphonesimulator/iosMath.build/Objects-normal/arm64/MTFontManager.d --serialize-diagnostics /Users/shizihan/DailyUse/Github/InkMarkdown/.scratch/architecture-deepening-2026-09-07/evidence/20260907-1415-ticket-27/consumer/DerivedData-InkMarkdownLaTeXConsumer/Build/Intermediates.noindex/iosMath.build/Debug-iphonesimulator/iosMath.build/Objects-normal/arm64/MTFontManager.dia -c /Users/shizihan/DailyUse/Github/InkMarkdown/Packages/Caches/iosMath/iosMath/render/MTFontManager.m -o /Users/shizihan/DailyUse/Github/InkMarkdown/.scratch/architecture-deepening-2026-09-07/evidence/20260907-1415-ticket-27/consumer/DerivedData-InkMarkdownLaTeXConsumer/Build/Intermediates.noindex/iosMath.build/Debug-iphonesimulator/iosMath.build/Objects-normal/arm64/MTFontManager.o -index-unit-output-path /iosMath.build/Debug-iphonesimulator/iosMath.build/Objects-normal/arm64/MTFontManager.o

ScanDependencies /Users/shizihan/DailyUse/Github/InkMarkdown/.scratch/architecture-deepening-2026-09-07/evidence/20260907-1415-ticket-27/consumer/DerivedData-InkMarkdownLaTeXConsumer/Build/Intermediates.noindex/iosMath.build/Debug-iphonesimulator/iosMath.build/Objects-normal/arm64/MTFont.o /Users/shizihan/DailyUse/Github/InkMarkdown/Packages/Caches/iosMath/iosMath/render/MTFont.m normal arm64 objective-c com.apple.compilers.llvm.clang.1_0.compiler (in target 'iosMath' from project 'iosMath')
    cd /Users/shizihan/DailyUse/Github/InkMarkdown/.github/fixtures/consumer-smoke/.swiftpm/xcode
    
    Using response file: /Users/shizihan/DailyUse/Github/InkMarkdown/.scratch/architecture-deepening-2026-09-07/evidence/20260907-1415-ticket-27/consumer/DerivedData-InkMarkdownLaTeXConsumer/Build/Intermediates.noindex/iosMath.build/Debug-iphonesimulator/iosMath.build/Objects-normal/arm64/e6072d4f65d7061329687fe24e3d63a7-common-args.resp
    
    builtin-ScanDependencies -o /Users/shizihan/DailyUse/Github/InkMarkdown/.scratch/architecture-deepening-2026-09-07/evidence/20260907-1415-ticket-27/consumer/DerivedData-InkMarkdownLaTeXConsumer/Build/Intermediates.noindex/iosMath.build/Debug-iphonesimulator/iosMath.build/Objects-normal/arm64/MTFont.o.scan -- /Applications/Xcode.app/Contents/Developer/Toolchains/XcodeDefault.xctoolchain/usr/bin/clang -x objective-c -ivfsstatcache /Users/shizihan/DailyUse/Github/InkMarkdown/.scratch/architecture-deepening-2026-09-07/evidence/20260907-1415-ticket-27/consumer/DerivedData-InkMarkdownLaTeXConsumer/SDKStatCaches.noindex/iphonesimulator26.5-23F81a-6cfe768891a92b912361537c460fe42b.sdkstatcache -target arm64-apple-ios13.0-simulator -fmessage-length\=0 -fdiagnostics-show-note-include-stack -fmacro-backtrace-limit\=0 -fno-color-diagnostics -fmodules-prune-interval\=86400 -fmodules-prune-after\=345600 -fbuild-session-file\=/Users/shizihan/DailyUse/Github/InkMarkdown/.scratch/architecture-deepening-2026-09-07/evidence/20260907-1415-ticket-27/consumer/DerivedData-InkMarkdownLaTeXConsumer/ModuleCache.noindex/Session.modulevalidation -fmodules-validate-once-per-build-session -Wnon-modular-include-in-framework-module -Werror\=non-modular-include-in-framework-module -Wno-trigraphs -Wno-missing-field-initializers -Wno-missing-prototypes -Wno-return-type -Wno-implicit-atomic-properties -Wno-objc-interface-ivars -Wno-arc-repeated-use-of-weak -Wno-missing-braces -Wparentheses -Wswitch -Wno-unused-function -Wno-unused-label -Wno-unused-parameter -Wno-unused-variable -Wunused-value -Wno-empty-body -Wno-uninitialized -Wno-unknown-pragmas -w -Wno-shadow -Wno-four-char-constants -Wno-conversion -Wno-constant-conversion -Wno-int-conversion -Wno-bool-conversion -Wno-enum-conversion -Wno-float-conversion -Wno-non-literal-null-conversion -Wno-objc-literal-conversion -Wshorten-64-to-32 -Wpointer-sign -Wno-newline-eof -Wno-selector -Wno-strict-selector-match -Wno-undeclared-selector -Wno-deprecated-implementations -Wno-implicit-fallthrough -isysroot /Applications/Xcode.app/Contents/Developer/Platforms/iPhoneSimulator.platform/Developer/SDKs/iPhoneSimulator26.5.sdk -fstrict-aliasing -Wprotocol -Wdeprecated-declarations -Wno-sign-conversion -Wno-infinite-recursion -Wno-comma -Wno-block-capture-autoreleasing -Wno-strict-prototypes -Wno-semicolon-before-method-body -index-store-path /Users/shizihan/DailyUse/Github/InkMarkdown/.scratch/architecture-deepening-2026-09-07/evidence/20260907-1415-ticket-27/consumer/DerivedData-InkMarkdownLaTeXConsumer/Index.noindex/DataStore @/Users/shizihan/DailyUse/Github/InkMarkdown/.scratch/architecture-deepening-2026-09-07/evidence/20260907-1415-ticket-27/consumer/DerivedData-InkMarkdownLaTeXConsumer/Build/Intermediates.noindex/iosMath.build/Debug-iphonesimulator/iosMath.build/Objects-normal/arm64/e6072d4f65d7061329687fe24e3d63a7-common-args.resp -include /Users/shizihan/DailyUse/Github/InkMarkdown/.scratch/architecture-deepening-2026-09-07/evidence/20260907-1415-ticket-27/consumer/DerivedData-InkMarkdownLaTeXConsumer/Build/Intermediates.noindex/iosMath.build/Debug-iphonesimulator/iosMath.build/DerivedSources/resource_bundle_accessor.h -MMD -MT dependencies -MF /Users/shizihan/DailyUse/Github/InkMarkdown/.scratch/architecture-deepening-2026-09-07/evidence/20260907-1415-ticket-27/consumer/DerivedData-InkMarkdownLaTeXConsumer/Build/Intermediates.noindex/iosMath.build/Debug-iphonesimulator/iosMath.build/Objects-normal/arm64/MTFont.d --serialize-diagnostics /Users/shizihan/DailyUse/Github/InkMarkdown/.scratch/architecture-deepening-2026-09-07/evidence/20260907-1415-ticket-27/consumer/DerivedData-InkMarkdownLaTeXConsumer/Build/Intermediates.noindex/iosMath.build/Debug-iphonesimulator/iosMath.build/Objects-normal/arm64/MTFont.dia -c /Users/shizihan/DailyUse/Github/InkMarkdown/Packages/Caches/iosMath/iosMath/render/MTFont.m -o /Users/shizihan/DailyUse/Github/InkMarkdown/.scratch/architecture-deepening-2026-09-07/evidence/20260907-1415-ticket-27/consumer/DerivedData-InkMarkdownLaTeXConsumer/Build/Intermediates.noindex/iosMath.build/Debug-iphonesimulator/iosMath.build/Objects-normal/arm64/MTFont.o -index-unit-output-path /iosMath.build/Debug-iphonesimulator/iosMath.build/Objects-normal/arm64/MTFont.o

ScanDependencies /Users/shizihan/DailyUse/Github/InkMarkdown/.scratch/architecture-deepening-2026-09-07/evidence/20260907-1415-ticket-27/consumer/DerivedData-InkMarkdownLaTeXConsumer/Build/Intermediates.noindex/cmark-gfm.build/Debug-iphonesimulator/cmark-gfm-extensions.build/Objects-normal/arm64/tasklist.o /Users/shizihan/DailyUse/Github/InkMarkdown/Packages/Caches/swift-cmark/extensions/tasklist.c normal arm64 c com.apple.compilers.llvm.clang.1_0.compiler (in target 'cmark-gfm-extensions' from project 'cmark-gfm')
    cd /Users/shizihan/DailyUse/Github/InkMarkdown/.github/fixtures/consumer-smoke/.swiftpm/xcode
    
    Using response file: /Users/shizihan/DailyUse/Github/InkMarkdown/.scratch/architecture-deepening-2026-09-07/evidence/20260907-1415-ticket-27/consumer/DerivedData-InkMarkdownLaTeXConsumer/Build/Intermediates.noindex/cmark-gfm.build/Debug-iphonesimulator/cmark-gfm-extensions.build/Objects-normal/arm64/7187679823f38a2a940e0043cdf9d637-common-args.resp
    
    builtin-ScanDependencies -o /Users/shizihan/DailyUse/Github/InkMarkdown/.scratch/architecture-deepening-2026-09-07/evidence/20260907-1415-ticket-27/consumer/DerivedData-InkMarkdownLaTeXConsumer/Build/Intermediates.noindex/cmark-gfm.build/Debug-iphonesimulator/cmark-gfm-extensions.build/Objects-normal/arm64/tasklist.o.scan -- /Applications/Xcode.app/Contents/Developer/Toolchains/XcodeDefault.xctoolchain/usr/bin/clang -x c -ivfsstatcache /Users/shizihan/DailyUse/Github/InkMarkdown/.scratch/architecture-deepening-2026-09-07/evidence/20260907-1415-ticket-27/consumer/DerivedData-InkMarkdownLaTeXConsumer/SDKStatCaches.noindex/iphonesimulator26.5-23F81a-6cfe768891a92b912361537c460fe42b.sdkstatcache -target arm64-apple-ios12.0-simulator -fmessage-length\=0 -fdiagnostics-show-note-include-stack -fmacro-backtrace-limit\=0 -fno-color-diagnostics -fmodules-prune-interval\=86400 -fmodules-prune-after\=345600 -fbuild-session-file\=/Users/shizihan/DailyUse/Github/InkMarkdown/.scratch/architecture-deepening-2026-09-07/evidence/20260907-1415-ticket-27/consumer/DerivedData-InkMarkdownLaTeXConsumer/ModuleCache.noindex/Session.modulevalidation -fmodules-validate-once-per-build-session -Wnon-modular-include-in-framework-module -Werror\=non-modular-include-in-framework-module -Wno-trigraphs -Wno-missing-field-initializers -Wno-missing-prototypes -Wno-return-type -Wno-missing-braces -Wparentheses -Wswitch -Wno-unused-function -Wno-unused-label -Wno-unused-parameter -Wno-unused-variable -Wunused-value -Wno-empty-body -Wno-uninitialized -Wno-unknown-pragmas -w -Wno-shadow -Wno-four-char-constants -Wno-conversion -Wno-constant-conversion -Wno-int-conversion -Wno-bool-conversion -Wno-enum-conversion -Wno-float-conversion -Wno-non-literal-null-conversion -Wno-objc-literal-conversion -Wshorten-64-to-32 -Wpointer-sign -Wno-newline-eof -Wno-implicit-fallthrough -isysroot /Applications/Xcode.app/Contents/Developer/Platforms/iPhoneSimulator.platform/Developer/SDKs/iPhoneSimulator26.5.sdk -fstrict-aliasing -Wdeprecated-declarations -Wno-sign-conversion -Wno-infinite-recursion -Wno-comma -Wno-block-capture-autoreleasing -Wno-strict-prototypes -Wno-semicolon-before-method-body -index-store-path /Users/shizihan/DailyUse/Github/InkMarkdown/.scratch/architecture-deepening-2026-09-07/evidence/20260907-1415-ticket-27/consumer/DerivedData-InkMarkdownLaTeXConsumer/Index.noindex/DataStore @/Users/shizihan/DailyUse/Github/InkMarkdown/.scratch/architecture-deepening-2026-09-07/evidence/20260907-1415-ticket-27/consumer/DerivedData-InkMarkdownLaTeXConsumer/Build/Intermediates.noindex/cmark-gfm.build/Debug-iphonesimulator/cmark-gfm-extensions.build/Objects-normal/arm64/7187679823f38a2a940e0043cdf9d637-common-args.resp -MMD -MT dependencies -MF /Users/shizihan/DailyUse/Github/InkMarkdown/.scratch/architecture-deepening-2026-09-07/evidence/20260907-1415-ticket-27/consumer/DerivedData-InkMarkdownLaTeXConsumer/Build/Intermediates.noindex/cmark-gfm.build/Debug-iphonesimulator/cmark-gfm-extensions.build/Objects-normal/arm64/tasklist.d --serialize-diagnostics /Users/shizihan/DailyUse/Github/InkMarkdown/.scratch/architecture-deepening-2026-09-07/evidence/20260907-1415-ticket-27/consumer/DerivedData-InkMarkdownLaTeXConsumer/Build/Intermediates.noindex/cmark-gfm.build/Debug-iphonesimulator/cmark-gfm-extensions.build/Objects-normal/arm64/tasklist.dia -c /Users/shizihan/DailyUse/Github/InkMarkdown/Packages/Caches/swift-cmark/extensions/tasklist.c -o /Users/shizihan/DailyUse/Github/InkMarkdown/.scratch/architecture-deepening-2026-09-07/evidence/20260907-1415-ticket-27/consumer/DerivedData-InkMarkdownLaTeXConsumer/Build/Intermediates.noindex/cmark-gfm.build/Debug-iphonesimulator/cmark-gfm-extensions.build/Objects-normal/arm64/tasklist.o -index-unit-output-path /cmark-gfm.build/Debug-iphonesimulator/cmark-gfm-extensions.build/Objects-normal/arm64/tasklist.o

ScanDependencies /Users/shizihan/DailyUse/Github/InkMarkdown/.scratch/architecture-deepening-2026-09-07/evidence/20260907-1415-ticket-27/consumer/DerivedData-InkMarkdownLaTeXConsumer/Build/Intermediates.noindex/cmark-gfm.build/Debug-iphonesimulator/cmark-gfm-extensions.build/Objects-normal/arm64/tagfilter.o /Users/shizihan/DailyUse/Github/InkMarkdown/Packages/Caches/swift-cmark/extensions/tagfilter.c normal arm64 c com.apple.compilers.llvm.clang.1_0.compiler (in target 'cmark-gfm-extensions' from project 'cmark-gfm')
    cd /Users/shizihan/DailyUse/Github/InkMarkdown/.github/fixtures/consumer-smoke/.swiftpm/xcode
    
    Using response file: /Users/shizihan/DailyUse/Github/InkMarkdown/.scratch/architecture-deepening-2026-09-07/evidence/20260907-1415-ticket-27/consumer/DerivedData-InkMarkdownLaTeXConsumer/Build/Intermediates.noindex/cmark-gfm.build/Debug-iphonesimulator/cmark-gfm-extensions.build/Objects-normal/arm64/7187679823f38a2a940e0043cdf9d637-common-args.resp
    
    builtin-ScanDependencies -o /Users/shizihan/DailyUse/Github/InkMarkdown/.scratch/architecture-deepening-2026-09-07/evidence/20260907-1415-ticket-27/consumer/DerivedData-InkMarkdownLaTeXConsumer/Build/Intermediates.noindex/cmark-gfm.build/Debug-iphonesimulator/cmark-gfm-extensions.build/Objects-normal/arm64/tagfilter.o.scan -- /Applications/Xcode.app/Contents/Developer/Toolchains/XcodeDefault.xctoolchain/usr/bin/clang -x c -ivfsstatcache /Users/shizihan/DailyUse/Github/InkMarkdown/.scratch/architecture-deepening-2026-09-07/evidence/20260907-1415-ticket-27/consumer/DerivedData-InkMarkdownLaTeXConsumer/SDKStatCaches.noindex/iphonesimulator26.5-23F81a-6cfe768891a92b912361537c460fe42b.sdkstatcache -target arm64-apple-ios12.0-simulator -fmessage-length\=0 -fdiagnostics-show-note-include-stack -fmacro-backtrace-limit\=0 -fno-color-diagnostics -fmodules-prune-interval\=86400 -fmodules-prune-after\=345600 -fbuild-session-file\=/Users/shizihan/DailyUse/Github/InkMarkdown/.scratch/architecture-deepening-2026-09-07/evidence/20260907-1415-ticket-27/consumer/DerivedData-InkMarkdownLaTeXConsumer/ModuleCache.noindex/Session.modulevalidation -fmodules-validate-once-per-build-session -Wnon-modular-include-in-framework-module -Werror\=non-modular-include-in-framework-module -Wno-trigraphs -Wno-missing-field-initializers -Wno-missing-prototypes -Wno-return-type -Wno-missing-braces -Wparentheses -Wswitch -Wno-unused-function -Wno-unused-label -Wno-unused-parameter -Wno-unused-variable -Wunused-value -Wno-empty-body -Wno-uninitialized -Wno-unknown-pragmas -w -Wno-shadow -Wno-four-char-constants -Wno-conversion -Wno-constant-conversion -Wno-int-conversion -Wno-bool-conversion -Wno-enum-conversion -Wno-float-conversion -Wno-non-literal-null-conversion -Wno-objc-literal-conversion -Wshorten-64-to-32 -Wpointer-sign -Wno-newline-eof -Wno-implicit-fallthrough -isysroot /Applications/Xcode.app/Contents/Developer/Platforms/iPhoneSimulator.platform/Developer/SDKs/iPhoneSimulator26.5.sdk -fstrict-aliasing -Wdeprecated-declarations -Wno-sign-conversion -Wno-infinite-recursion -Wno-comma -Wno-block-capture-autoreleasing -Wno-strict-prototypes -Wno-semicolon-before-method-body -index-store-path /Users/shizihan/DailyUse/Github/InkMarkdown/.scratch/architecture-deepening-2026-09-07/evidence/20260907-1415-ticket-27/consumer/DerivedData-InkMarkdownLaTeXConsumer/Index.noindex/DataStore @/Users/shizihan/DailyUse/Github/InkMarkdown/.scratch/architecture-deepening-2026-09-07/evidence/20260907-1415-ticket-27/consumer/DerivedData-InkMarkdownLaTeXConsumer/Build/Intermediates.noindex/cmark-gfm.build/Debug-iphonesimulator/cmark-gfm-extensions.build/Objects-normal/arm64/7187679823f38a2a940e0043cdf9d637-common-args.resp -MMD -MT dependencies -MF /Users/shizihan/DailyUse/Github/InkMarkdown/.scratch/architecture-deepening-2026-09-07/evidence/20260907-1415-ticket-27/consumer/DerivedData-InkMarkdownLaTeXConsumer/Build/Intermediates.noindex/cmark-gfm.build/Debug-iphonesimulator/cmark-gfm-extensions.build/Objects-normal/arm64/tagfilter.d --serialize-diagnostics /Users/shizihan/DailyUse/Github/InkMarkdown/.scratch/architecture-deepening-2026-09-07/evidence/20260907-1415-ticket-27/consumer/DerivedData-InkMarkdownLaTeXConsumer/Build/Intermediates.noindex/cmark-gfm.build/Debug-iphonesimulator/cmark-gfm-extensions.build/Objects-normal/arm64/tagfilter.dia -c /Users/shizihan/DailyUse/Github/InkMarkdown/Packages/Caches/swift-cmark/extensions/tagfilter.c -o /Users/shizihan/DailyUse/Github/InkMarkdown/.scratch/architecture-deepening-2026-09-07/evidence/20260907-1415-ticket-27/consumer/DerivedData-InkMarkdownLaTeXConsumer/Build/Intermediates.noindex/cmark-gfm.build/Debug-iphonesimulator/cmark-gfm-extensions.build/Objects-normal/arm64/tagfilter.o -index-unit-output-path /cmark-gfm.build/Debug-iphonesimulator/cmark-gfm-extensions.build/Objects-normal/arm64/tagfilter.o

ScanDependencies /Users/shizihan/DailyUse/Github/InkMarkdown/.scratch/architecture-deepening-2026-09-07/evidence/20260907-1415-ticket-27/consumer/DerivedData-InkMarkdownLaTeXConsumer/Build/Intermediates.noindex/cmark-gfm.build/Debug-iphonesimulator/cmark-gfm-extensions.build/Objects-normal/arm64/table.o /Users/shizihan/DailyUse/Github/InkMarkdown/Packages/Caches/swift-cmark/extensions/table.c normal arm64 c com.apple.compilers.llvm.clang.1_0.compiler (in target 'cmark-gfm-extensions' from project 'cmark-gfm')
    cd /Users/shizihan/DailyUse/Github/InkMarkdown/.github/fixtures/consumer-smoke/.swiftpm/xcode
    
    Using response file: /Users/shizihan/DailyUse/Github/InkMarkdown/.scratch/architecture-deepening-2026-09-07/evidence/20260907-1415-ticket-27/consumer/DerivedData-InkMarkdownLaTeXConsumer/Build/Intermediates.noindex/cmark-gfm.build/Debug-iphonesimulator/cmark-gfm-extensions.build/Objects-normal/arm64/7187679823f38a2a940e0043cdf9d637-common-args.resp
    
    builtin-ScanDependencies -o /Users/shizihan/DailyUse/Github/InkMarkdown/.scratch/architecture-deepening-2026-09-07/evidence/20260907-1415-ticket-27/consumer/DerivedData-InkMarkdownLaTeXConsumer/Build/Intermediates.noindex/cmark-gfm.build/Debug-iphonesimulator/cmark-gfm-extensions.build/Objects-normal/arm64/table.o.scan -- /Applications/Xcode.app/Contents/Developer/Toolchains/XcodeDefault.xctoolchain/usr/bin/clang -x c -ivfsstatcache /Users/shizihan/DailyUse/Github/InkMarkdown/.scratch/architecture-deepening-2026-09-07/evidence/20260907-1415-ticket-27/consumer/DerivedData-InkMarkdownLaTeXConsumer/SDKStatCaches.noindex/iphonesimulator26.5-23F81a-6cfe768891a92b912361537c460fe42b.sdkstatcache -target arm64-apple-ios12.0-simulator -fmessage-length\=0 -fdiagnostics-show-note-include-stack -fmacro-backtrace-limit\=0 -fno-color-diagnostics -fmodules-prune-interval\=86400 -fmodules-prune-after\=345600 -fbuild-session-file\=/Users/shizihan/DailyUse/Github/InkMarkdown/.scratch/architecture-deepening-2026-09-07/evidence/20260907-1415-ticket-27/consumer/DerivedData-InkMarkdownLaTeXConsumer/ModuleCache.noindex/Session.modulevalidation -fmodules-validate-once-per-build-session -Wnon-modular-include-in-framework-module -Werror\=non-modular-include-in-framework-module -Wno-trigraphs -Wno-missing-field-initializers -Wno-missing-prototypes -Wno-return-type -Wno-missing-braces -Wparentheses -Wswitch -Wno-unused-function -Wno-unused-label -Wno-unused-parameter -Wno-unused-variable -Wunused-value -Wno-empty-body -Wno-uninitialized -Wno-unknown-pragmas -w -Wno-shadow -Wno-four-char-constants -Wno-conversion -Wno-constant-conversion -Wno-int-conversion -Wno-bool-conversion -Wno-enum-conversion -Wno-float-conversion -Wno-non-literal-null-conversion -Wno-objc-literal-conversion -Wshorten-64-to-32 -Wpointer-sign -Wno-newline-eof -Wno-implicit-fallthrough -isysroot /Applications/Xcode.app/Contents/Developer/Platforms/iPhoneSimulator.platform/Developer/SDKs/iPhoneSimulator26.5.sdk -fstrict-aliasing -Wdeprecated-declarations -Wno-sign-conversion -Wno-infinite-recursion -Wno-comma -Wno-block-capture-autoreleasing -Wno-strict-prototypes -Wno-semicolon-before-method-body -index-store-path /Users/shizihan/DailyUse/Github/InkMarkdown/.scratch/architecture-deepening-2026-09-07/evidence/20260907-1415-ticket-27/consumer/DerivedData-InkMarkdownLaTeXConsumer/Index.noindex/DataStore @/Users/shizihan/DailyUse/Github/InkMarkdown/.scratch/architecture-deepening-2026-09-07/evidence/20260907-1415-ticket-27/consumer/DerivedData-InkMarkdownLaTeXConsumer/Build/Intermediates.noindex/cmark-gfm.build/Debug-iphonesimulator/cmark-gfm-extensions.build/Objects-normal/arm64/7187679823f38a2a940e0043cdf9d637-common-args.resp -MMD -MT dependencies -MF /Users/shizihan/DailyUse/Github/InkMarkdown/.scratch/architecture-deepening-2026-09-07/evidence/20260907-1415-ticket-27/consumer/DerivedData-InkMarkdownLaTeXConsumer/Build/Intermediates.noindex/cmark-gfm.build/Debug-iphonesimulator/cmark-gfm-extensions.build/Objects-normal/arm64/table.d --serialize-diagnostics /Users/shizihan/DailyUse/Github/InkMarkdown/.scratch/architecture-deepening-2026-09-07/evidence/20260907-1415-ticket-27/consumer/DerivedData-InkMarkdownLaTeXConsumer/Build/Intermediates.noindex/cmark-gfm.build/Debug-iphonesimulator/cmark-gfm-extensions.build/Objects-normal/arm64/table.dia -c /Users/shizihan/DailyUse/Github/InkMarkdown/Packages/Caches/swift-cmark/extensions/table.c -o /Users/shizihan/DailyUse/Github/InkMarkdown/.scratch/architecture-deepening-2026-09-07/evidence/20260907-1415-ticket-27/consumer/DerivedData-InkMarkdownLaTeXConsumer/Build/Intermediates.noindex/cmark-gfm.build/Debug-iphonesimulator/cmark-gfm-extensions.build/Objects-normal/arm64/table.o -index-unit-output-path /cmark-gfm.build/Debug-iphonesimulator/cmark-gfm-extensions.build/Objects-normal/arm64/table.o

ScanDependencies /Users/shizihan/DailyUse/Github/InkMarkdown/.scratch/architecture-deepening-2026-09-07/evidence/20260907-1415-ticket-27/consumer/DerivedData-InkMarkdownLaTeXConsumer/Build/Intermediates.noindex/cmark-gfm.build/Debug-iphonesimulator/cmark-gfm-extensions.build/Objects-normal/arm64/strikethrough.o /Users/shizihan/DailyUse/Github/InkMarkdown/Packages/Caches/swift-cmark/extensions/strikethrough.c normal arm64 c com.apple.compilers.llvm.clang.1_0.compiler (in target 'cmark-gfm-extensions' from project 'cmark-gfm')
    cd /Users/shizihan/DailyUse/Github/InkMarkdown/.github/fixtures/consumer-smoke/.swiftpm/xcode
    
    Using response file: /Users/shizihan/DailyUse/Github/InkMarkdown/.scratch/architecture-deepening-2026-09-07/evidence/20260907-1415-ticket-27/consumer/DerivedData-InkMarkdownLaTeXConsumer/Build/Intermediates.noindex/cmark-gfm.build/Debug-iphonesimulator/cmark-gfm-extensions.build/Objects-normal/arm64/7187679823f38a2a940e0043cdf9d637-common-args.resp
    
    builtin-ScanDependencies -o /Users/shizihan/DailyUse/Github/InkMarkdown/.scratch/architecture-deepening-2026-09-07/evidence/20260907-1415-ticket-27/consumer/DerivedData-InkMarkdownLaTeXConsumer/Build/Intermediates.noindex/cmark-gfm.build/Debug-iphonesimulator/cmark-gfm-extensions.build/Objects-normal/arm64/strikethrough.o.scan -- /Applications/Xcode.app/Contents/Developer/Toolchains/XcodeDefault.xctoolchain/usr/bin/clang -x c -ivfsstatcache /Users/shizihan/DailyUse/Github/InkMarkdown/.scratch/architecture-deepening-2026-09-07/evidence/20260907-1415-ticket-27/consumer/DerivedData-InkMarkdownLaTeXConsumer/SDKStatCaches.noindex/iphonesimulator26.5-23F81a-6cfe768891a92b912361537c460fe42b.sdkstatcache -target arm64-apple-ios12.0-simulator -fmessage-length\=0 -fdiagnostics-show-note-include-stack -fmacro-backtrace-limit\=0 -fno-color-diagnostics -fmodules-prune-interval\=86400 -fmodules-prune-after\=345600 -fbuild-session-file\=/Users/shizihan/DailyUse/Github/InkMarkdown/.scratch/architecture-deepening-2026-09-07/evidence/20260907-1415-ticket-27/consumer/DerivedData-InkMarkdownLaTeXConsumer/ModuleCache.noindex/Session.modulevalidation -fmodules-validate-once-per-build-session -Wnon-modular-include-in-framework-module -Werror\=non-modular-include-in-framework-module -Wno-trigraphs -Wno-missing-field-initializers -Wno-missing-prototypes -Wno-return-type -Wno-missing-braces -Wparentheses -Wswitch -Wno-unused-function -Wno-unused-label -Wno-unused-parameter -Wno-unused-variable -Wunused-value -Wno-empty-body -Wno-uninitialized -Wno-unknown-pragmas -w -Wno-shadow -Wno-four-char-constants -Wno-conversion -Wno-constant-conversion -Wno-int-conversion -Wno-bool-conversion -Wno-enum-conversion -Wno-float-conversion -Wno-non-literal-null-conversion -Wno-objc-literal-conversion -Wshorten-64-to-32 -Wpointer-sign -Wno-newline-eof -Wno-implicit-fallthrough -isysroot /Applications/Xcode.app/Contents/Developer/Platforms/iPhoneSimulator.platform/Developer/SDKs/iPhoneSimulator26.5.sdk -fstrict-aliasing -Wdeprecated-declarations -Wno-sign-conversion -Wno-infinite-recursion -Wno-comma -Wno-block-capture-autoreleasing -Wno-strict-prototypes -Wno-semicolon-before-method-body -index-store-path /Users/shizihan/DailyUse/Github/InkMarkdown/.scratch/architecture-deepening-2026-09-07/evidence/20260907-1415-ticket-27/consumer/DerivedData-InkMarkdownLaTeXConsumer/Index.noindex/DataStore @/Users/shizihan/DailyUse/Github/InkMarkdown/.scratch/architecture-deepening-2026-09-07/evidence/20260907-1415-ticket-27/consumer/DerivedData-InkMarkdownLaTeXConsumer/Build/Intermediates.noindex/cmark-gfm.build/Debug-iphonesimulator/cmark-gfm-extensions.build/Objects-normal/arm64/7187679823f38a2a940e0043cdf9d637-common-args.resp -MMD -MT dependencies -MF /Users/shizihan/DailyUse/Github/InkMarkdown/.scratch/architecture-deepening-2026-09-07/evidence/20260907-1415-ticket-27/consumer/DerivedData-InkMarkdownLaTeXConsumer/Build/Intermediates.noindex/cmark-gfm.build/Debug-iphonesimulator/cmark-gfm-extensions.build/Objects-normal/arm64/strikethrough.d --serialize-diagnostics /Users/shizihan/DailyUse/Github/InkMarkdown/.scratch/architecture-deepening-2026-09-07/evidence/20260907-1415-ticket-27/consumer/DerivedData-InkMarkdownLaTeXConsumer/Build/Intermediates.noindex/cmark-gfm.build/Debug-iphonesimulator/cmark-gfm-extensions.build/Objects-normal/arm64/strikethrough.dia -c /Users/shizihan/DailyUse/Github/InkMarkdown/Packages/Caches/swift-cmark/extensions/strikethrough.c -o /Users/shizihan/DailyUse/Github/InkMarkdown/.scratch/architecture-deepening-2026-09-07/evidence/20260907-1415-ticket-27/consumer/DerivedData-InkMarkdownLaTeXConsumer/Build/Intermediates.noindex/cmark-gfm.build/Debug-iphonesimulator/cmark-gfm-extensions.build/Objects-normal/arm64/strikethrough.o -index-unit-output-path /cmark-gfm.build/Debug-iphonesimulator/cmark-gfm-extensions.build/Objects-normal/arm64/strikethrough.o

PrecompileModule /Users/shizihan/DailyUse/Github/InkMarkdown/.scratch/architecture-deepening-2026-09-07/evidence/20260907-1415-ticket-27/consumer/DerivedData-InkMarkdownLaTeXConsumer/Build/Intermediates.noindex/ExplicitPrecompiledModules/_DarwinFoundation1-3B97FBI1JEL3PIJIUNJAG73UM.scan
    cd /
    builtin-precompileModule /Users/shizihan/DailyUse/Github/InkMarkdown/.scratch/architecture-deepening-2026-09-07/evidence/20260907-1415-ticket-27/consumer/DerivedData-InkMarkdownLaTeXConsumer/Build/Intermediates.noindex/ExplicitPrecompiledModules/_DarwinFoundation1-3B97FBI1JEL3PIJIUNJAG73UM.scan

ScanDependencies /Users/shizihan/DailyUse/Github/InkMarkdown/.scratch/architecture-deepening-2026-09-07/evidence/20260907-1415-ticket-27/consumer/DerivedData-InkMarkdownLaTeXConsumer/Build/Intermediates.noindex/cmark-gfm.build/Debug-iphonesimulator/cmark-gfm-extensions.build/Objects-normal/arm64/ext_scanners.o /Users/shizihan/DailyUse/Github/InkMarkdown/Packages/Caches/swift-cmark/extensions/ext_scanners.c normal arm64 c com.apple.compilers.llvm.clang.1_0.compiler (in target 'cmark-gfm-extensions' from project 'cmark-gfm')
    cd /Users/shizihan/DailyUse/Github/InkMarkdown/.github/fixtures/consumer-smoke/.swiftpm/xcode
    
    Using response file: /Users/shizihan/DailyUse/Github/InkMarkdown/.scratch/architecture-deepening-2026-09-07/evidence/20260907-1415-ticket-27/consumer/DerivedData-InkMarkdownLaTeXConsumer/Build/Intermediates.noindex/cmark-gfm.build/Debug-iphonesimulator/cmark-gfm-extensions.build/Objects-normal/arm64/7187679823f38a2a940e0043cdf9d637-common-args.resp
    
    builtin-ScanDependencies -o /Users/shizihan/DailyUse/Github/InkMarkdown/.scratch/architecture-deepening-2026-09-07/evidence/20260907-1415-ticket-27/consumer/DerivedData-InkMarkdownLaTeXConsumer/Build/Intermediates.noindex/cmark-gfm.build/Debug-iphonesimulator/cmark-gfm-extensions.build/Objects-normal/arm64/ext_scanners.o.scan -- /Applications/Xcode.app/Contents/Developer/Toolchains/XcodeDefault.xctoolchain/usr/bin/clang -x c -ivfsstatcache /Users/shizihan/DailyUse/Github/InkMarkdown/.scratch/architecture-deepening-2026-09-07/evidence/20260907-1415-ticket-27/consumer/DerivedData-InkMarkdownLaTeXConsumer/SDKStatCaches.noindex/iphonesimulator26.5-23F81a-6cfe768891a92b912361537c460fe42b.sdkstatcache -target arm64-apple-ios12.0-simulator -fmessage-length\=0 -fdiagnostics-show-note-include-stack -fmacro-backtrace-limit\=0 -fno-color-diagnostics -fmodules-prune-interval\=86400 -fmodules-prune-after\=345600 -fbuild-session-file\=/Users/shizihan/DailyUse/Github/InkMarkdown/.scratch/architecture-deepening-2026-09-07/evidence/20260907-1415-ticket-27/consumer/DerivedData-InkMarkdownLaTeXConsumer/ModuleCache.noindex/Session.modulevalidation -fmodules-validate-once-per-build-session -Wnon-modular-include-in-framework-module -Werror\=non-modular-include-in-framework-module -Wno-trigraphs -Wno-missing-field-initializers -Wno-missing-prototypes -Wno-return-type -Wno-missing-braces -Wparentheses -Wswitch -Wno-unused-function -Wno-unused-label -Wno-unused-parameter -Wno-unused-variable -Wunused-value -Wno-empty-body -Wno-uninitialized -Wno-unknown-pragmas -w -Wno-shadow -Wno-four-char-constants -Wno-conversion -Wno-constant-conversion -Wno-int-conversion -Wno-bool-conversion -Wno-enum-conversion -Wno-float-conversion -Wno-non-literal-null-conversion -Wno-objc-literal-conversion -Wshorten-64-to-32 -Wpointer-sign -Wno-newline-eof -Wno-implicit-fallthrough -isysroot /Applications/Xcode.app/Contents/Developer/Platforms/iPhoneSimulator.platform/Developer/SDKs/iPhoneSimulator26.5.sdk -fstrict-aliasing -Wdeprecated-declarations -Wno-sign-conversion -Wno-infinite-recursion -Wno-comma -Wno-block-capture-autoreleasing -Wno-strict-prototypes -Wno-semicolon-before-method-body -index-store-path /Users/shizihan/DailyUse/Github/InkMarkdown/.scratch/architecture-deepening-2026-09-07/evidence/20260907-1415-ticket-27/consumer/DerivedData-InkMarkdownLaTeXConsumer/Index.noindex/DataStore @/Users/shizihan/DailyUse/Github/InkMarkdown/.scratch/architecture-deepening-2026-09-07/evidence/20260907-1415-ticket-27/consumer/DerivedData-InkMarkdownLaTeXConsumer/Build/Intermediates.noindex/cmark-gfm.build/Debug-iphonesimulator/cmark-gfm-extensions.build/Objects-normal/arm64/7187679823f38a2a940e0043cdf9d637-common-args.resp -MMD -MT dependencies -MF /Users/shizihan/DailyUse/Github/InkMarkdown/.scratch/architecture-deepening-2026-09-07/evidence/20260907-1415-ticket-27/consumer/DerivedData-InkMarkdownLaTeXConsumer/Build/Intermediates.noindex/cmark-gfm.build/Debug-iphonesimulator/cmark-gfm-extensions.build/Objects-normal/arm64/ext_scanners.d --serialize-diagnostics /Users/shizihan/DailyUse/Github/InkMarkdown/.scratch/architecture-deepening-2026-09-07/evidence/20260907-1415-ticket-27/consumer/DerivedData-InkMarkdownLaTeXConsumer/Build/Intermediates.noindex/cmark-gfm.build/Debug-iphonesimulator/cmark-gfm-extensions.build/Objects-normal/arm64/ext_scanners.dia -c /Users/shizihan/DailyUse/Github/InkMarkdown/Packages/Caches/swift-cmark/extensions/ext_scanners.c -o /Users/shizihan/DailyUse/Github/InkMarkdown/.scratch/architecture-deepening-2026-09-07/evidence/20260907-1415-ticket-27/consumer/DerivedData-InkMarkdownLaTeXConsumer/Build/Intermediates.noindex/cmark-gfm.build/Debug-iphonesimulator/cmark-gfm-extensions.build/Objects-normal/arm64/ext_scanners.o -index-unit-output-path /cmark-gfm.build/Debug-iphonesimulator/cmark-gfm-extensions.build/Objects-normal/arm64/ext_scanners.o

ScanDependencies /Users/shizihan/DailyUse/Github/InkMarkdown/.scratch/architecture-deepening-2026-09-07/evidence/20260907-1415-ticket-27/consumer/DerivedData-InkMarkdownLaTeXConsumer/Build/Intermediates.noindex/cmark-gfm.build/Debug-iphonesimulator/cmark-gfm-extensions.build/Objects-normal/arm64/core-extensions.o /Users/shizihan/DailyUse/Github/InkMarkdown/Packages/Caches/swift-cmark/extensions/core-extensions.c normal arm64 c com.apple.compilers.llvm.clang.1_0.compiler (in target 'cmark-gfm-extensions' from project 'cmark-gfm')
    cd /Users/shizihan/DailyUse/Github/InkMarkdown/.github/fixtures/consumer-smoke/.swiftpm/xcode
    
    Using response file: /Users/shizihan/DailyUse/Github/InkMarkdown/.scratch/architecture-deepening-2026-09-07/evidence/20260907-1415-ticket-27/consumer/DerivedData-InkMarkdownLaTeXConsumer/Build/Intermediates.noindex/cmark-gfm.build/Debug-iphonesimulator/cmark-gfm-extensions.build/Objects-normal/arm64/7187679823f38a2a940e0043cdf9d637-common-args.resp
    
    builtin-ScanDependencies -o /Users/shizihan/DailyUse/Github/InkMarkdown/.scratch/architecture-deepening-2026-09-07/evidence/20260907-1415-ticket-27/consumer/DerivedData-InkMarkdownLaTeXConsumer/Build/Intermediates.noindex/cmark-gfm.build/Debug-iphonesimulator/cmark-gfm-extensions.build/Objects-normal/arm64/core-extensions.o.scan -- /Applications/Xcode.app/Contents/Developer/Toolchains/XcodeDefault.xctoolchain/usr/bin/clang -x c -ivfsstatcache /Users/shizihan/DailyUse/Github/InkMarkdown/.scratch/architecture-deepening-2026-09-07/evidence/20260907-1415-ticket-27/consumer/DerivedData-InkMarkdownLaTeXConsumer/SDKStatCaches.noindex/iphonesimulator26.5-23F81a-6cfe768891a92b912361537c460fe42b.sdkstatcache -target arm64-apple-ios12.0-simulator -fmessage-length\=0 -fdiagnostics-show-note-include-stack -fmacro-backtrace-limit\=0 -fno-color-diagnostics -fmodules-prune-interval\=86400 -fmodules-prune-after\=345600 -fbuild-session-file\=/Users/shizihan/DailyUse/Github/InkMarkdown/.scratch/architecture-deepening-2026-09-07/evidence/20260907-1415-ticket-27/consumer/DerivedData-InkMarkdownLaTeXConsumer/ModuleCache.noindex/Session.modulevalidation -fmodules-validate-once-per-build-session -Wnon-modular-include-in-framework-module -Werror\=non-modular-include-in-framework-module -Wno-trigraphs -Wno-missing-field-initializers -Wno-missing-prototypes -Wno-return-type -Wno-missing-braces -Wparentheses -Wswitch -Wno-unused-function -Wno-unused-label -Wno-unused-parameter -Wno-unused-variable -Wunused-value -Wno-empty-body -Wno-uninitialized -Wno-unknown-pragmas -w -Wno-shadow -Wno-four-char-constants -Wno-conversion -Wno-constant-conversion -Wno-int-conversion -Wno-bool-conversion -Wno-enum-conversion -Wno-float-conversion -Wno-non-literal-null-conversion -Wno-objc-literal-conversion -Wshorten-64-to-32 -Wpointer-sign -Wno-newline-eof -Wno-implicit-fallthrough -isysroot /Applications/Xcode.app/Contents/Developer/Platforms/iPhoneSimulator.platform/Developer/SDKs/iPhoneSimulator26.5.sdk -fstrict-aliasing -Wdeprecated-declarations -Wno-sign-conversion -Wno-infinite-recursion -Wno-comma -Wno-block-capture-autoreleasing -Wno-strict-prototypes -Wno-semicolon-before-method-body -index-store-path /Users/shizihan/DailyUse/Github/InkMarkdown/.scratch/architecture-deepening-2026-09-07/evidence/20260907-1415-ticket-27/consumer/DerivedData-InkMarkdownLaTeXConsumer/Index.noindex/DataStore @/Users/shizihan/DailyUse/Github/InkMarkdown/.scratch/architecture-deepening-2026-09-07/evidence/20260907-1415-ticket-27/consumer/DerivedData-InkMarkdownLaTeXConsumer/Build/Intermediates.noindex/cmark-gfm.build/Debug-iphonesimulator/cmark-gfm-extensions.build/Objects-normal/arm64/7187679823f38a2a940e0043cdf9d637-common-args.resp -MMD -MT dependencies -MF /Users/shizihan/DailyUse/Github/InkMarkdown/.scratch/architecture-deepening-2026-09-07/evidence/20260907-1415-ticket-27/consumer/DerivedData-InkMarkdownLaTeXConsumer/Build/Intermediates.noindex/cmark-gfm.build/Debug-iphonesimulator/cmark-gfm-extensions.build/Objects-normal/arm64/core-extensions.d --serialize-diagnostics /Users/shizihan/DailyUse/Github/InkMarkdown/.scratch/architecture-deepening-2026-09-07/evidence/20260907-1415-ticket-27/consumer/DerivedData-InkMarkdownLaTeXConsumer/Build/Intermediates.noindex/cmark-gfm.build/Debug-iphonesimulator/cmark-gfm-extensions.build/Objects-normal/arm64/core-extensions.dia -c /Users/shizihan/DailyUse/Github/InkMarkdown/Packages/Caches/swift-cmark/extensions/core-extensions.c -o /Users/shizihan/DailyUse/Github/InkMarkdown/.scratch/architecture-deepening-2026-09-07/evidence/20260907-1415-ticket-27/consumer/DerivedData-InkMarkdownLaTeXConsumer/Build/Intermediates.noindex/cmark-gfm.build/Debug-iphonesimulator/cmark-gfm-extensions.build/Objects-normal/arm64/core-extensions.o -index-unit-output-path /cmark-gfm.build/Debug-iphonesimulator/cmark-gfm-extensions.build/Objects-normal/arm64/core-extensions.o

ScanDependencies /Users/shizihan/DailyUse/Github/InkMarkdown/.scratch/architecture-deepening-2026-09-07/evidence/20260907-1415-ticket-27/consumer/DerivedData-InkMarkdownLaTeXConsumer/Build/Intermediates.noindex/cmark-gfm.build/Debug-iphonesimulator/cmark-gfm-extensions.build/Objects-normal/arm64/autolink.o /Users/shizihan/DailyUse/Github/InkMarkdown/Packages/Caches/swift-cmark/extensions/autolink.c normal arm64 c com.apple.compilers.llvm.clang.1_0.compiler (in target 'cmark-gfm-extensions' from project 'cmark-gfm')
    cd /Users/shizihan/DailyUse/Github/InkMarkdown/.github/fixtures/consumer-smoke/.swiftpm/xcode
    
    Using response file: /Users/shizihan/DailyUse/Github/InkMarkdown/.scratch/architecture-deepening-2026-09-07/evidence/20260907-1415-ticket-27/consumer/DerivedData-InkMarkdownLaTeXConsumer/Build/Intermediates.noindex/cmark-gfm.build/Debug-iphonesimulator/cmark-gfm-extensions.build/Objects-normal/arm64/7187679823f38a2a940e0043cdf9d637-common-args.resp
    
    builtin-ScanDependencies -o /Users/shizihan/DailyUse/Github/InkMarkdown/.scratch/architecture-deepening-2026-09-07/evidence/20260907-1415-ticket-27/consumer/DerivedData-InkMarkdownLaTeXConsumer/Build/Intermediates.noindex/cmark-gfm.build/Debug-iphonesimulator/cmark-gfm-extensions.build/Objects-normal/arm64/autolink.o.scan -- /Applications/Xcode.app/Contents/Developer/Toolchains/XcodeDefault.xctoolchain/usr/bin/clang -x c -ivfsstatcache /Users/shizihan/DailyUse/Github/InkMarkdown/.scratch/architecture-deepening-2026-09-07/evidence/20260907-1415-ticket-27/consumer/DerivedData-InkMarkdownLaTeXConsumer/SDKStatCaches.noindex/iphonesimulator26.5-23F81a-6cfe768891a92b912361537c460fe42b.sdkstatcache -target arm64-apple-ios12.0-simulator -fmessage-length\=0 -fdiagnostics-show-note-include-stack -fmacro-backtrace-limit\=0 -fno-color-diagnostics -fmodules-prune-interval\=86400 -fmodules-prune-after\=345600 -fbuild-session-file\=/Users/shizihan/DailyUse/Github/InkMarkdown/.scratch/architecture-deepening-2026-09-07/evidence/20260907-1415-ticket-27/consumer/DerivedData-InkMarkdownLaTeXConsumer/ModuleCache.noindex/Session.modulevalidation -fmodules-validate-once-per-build-session -Wnon-modular-include-in-framework-module -Werror\=non-modular-include-in-framework-module -Wno-trigraphs -Wno-missing-field-initializers -Wno-missing-prototypes -Wno-return-type -Wno-missing-braces -Wparentheses -Wswitch -Wno-unused-function -Wno-unused-label -Wno-unused-parameter -Wno-unused-variable -Wunused-value -Wno-empty-body -Wno-uninitialized -Wno-unknown-pragmas -w -Wno-shadow -Wno-four-char-constants -Wno-conversion -Wno-constant-conversion -Wno-int-conversion -Wno-bool-conversion -Wno-enum-conversion -Wno-float-conversion -Wno-non-literal-null-conversion -Wno-objc-literal-conversion -Wshorten-64-to-32 -Wpointer-sign -Wno-newline-eof -Wno-implicit-fallthrough -isysroot /Applications/Xcode.app/Contents/Developer/Platforms/iPhoneSimulator.platform/Developer/SDKs/iPhoneSimulator26.5.sdk -fstrict-aliasing -Wdeprecated-declarations -Wno-sign-conversion -Wno-infinite-recursion -Wno-comma -Wno-block-capture-autoreleasing -Wno-strict-prototypes -Wno-semicolon-before-method-body -index-store-path /Users/shizihan/DailyUse/Github/InkMarkdown/.scratch/architecture-deepening-2026-09-07/evidence/20260907-1415-ticket-27/consumer/DerivedData-InkMarkdownLaTeXConsumer/Index.noindex/DataStore @/Users/shizihan/DailyUse/Github/InkMarkdown/.scratch/architecture-deepening-2026-09-07/evidence/20260907-1415-ticket-27/consumer/DerivedData-InkMarkdownLaTeXConsumer/Build/Intermediates.noindex/cmark-gfm.build/Debug-iphonesimulator/cmark-gfm-extensions.build/Objects-normal/arm64/7187679823f38a2a940e0043cdf9d637-common-args.resp -MMD -MT dependencies -MF /Users/shizihan/DailyUse/Github/InkMarkdown/.scratch/architecture-deepening-2026-09-07/evidence/20260907-1415-ticket-27/consumer/DerivedData-InkMarkdownLaTeXConsumer/Build/Intermediates.noindex/cmark-gfm.build/Debug-iphonesimulator/cmark-gfm-extensions.build/Objects-normal/arm64/autolink.d --serialize-diagnostics /Users/shizihan/DailyUse/Github/InkMarkdown/.scratch/architecture-deepening-2026-09-07/evidence/20260907-1415-ticket-27/consumer/DerivedData-InkMarkdownLaTeXConsumer/Build/Intermediates.noindex/cmark-gfm.build/Debug-iphonesimulator/cmark-gfm-extensions.build/Objects-normal/arm64/autolink.dia -c /Users/shizihan/DailyUse/Github/InkMarkdown/Packages/Caches/swift-cmark/extensions/autolink.c -o /Users/shizihan/DailyUse/Github/InkMarkdown/.scratch/architecture-deepening-2026-09-07/evidence/20260907-1415-ticket-27/consumer/DerivedData-InkMarkdownLaTeXConsumer/Build/Intermediates.noindex/cmark-gfm.build/Debug-iphonesimulator/cmark-gfm-extensions.build/Objects-normal/arm64/autolink.o -index-unit-output-path /cmark-gfm.build/Debug-iphonesimulator/cmark-gfm-extensions.build/Objects-normal/arm64/autolink.o

ScanDependencies /Users/shizihan/DailyUse/Github/InkMarkdown/.scratch/architecture-deepening-2026-09-07/evidence/20260907-1415-ticket-27/consumer/DerivedData-InkMarkdownLaTeXConsumer/Build/Intermediates.noindex/cmark-gfm.build/Debug-iphonesimulator/cmark-gfm.build/Objects-normal/arm64/xml.o /Users/shizihan/DailyUse/Github/InkMarkdown/Packages/Caches/swift-cmark/src/xml.c normal arm64 c com.apple.compilers.llvm.clang.1_0.compiler (in target 'cmark-gfm' from project 'cmark-gfm')
    cd /Users/shizihan/DailyUse/Github/InkMarkdown/.github/fixtures/consumer-smoke/.swiftpm/xcode
    
    Using response file: /Users/shizihan/DailyUse/Github/InkMarkdown/.scratch/architecture-deepening-2026-09-07/evidence/20260907-1415-ticket-27/consumer/DerivedData-InkMarkdownLaTeXConsumer/Build/Intermediates.noindex/cmark-gfm.build/Debug-iphonesimulator/cmark-gfm.build/Objects-normal/arm64/7187679823f38a2a940e0043cdf9d637-common-args.resp
    
    builtin-ScanDependencies -o /Users/shizihan/DailyUse/Github/InkMarkdown/.scratch/architecture-deepening-2026-09-07/evidence/20260907-1415-ticket-27/consumer/DerivedData-InkMarkdownLaTeXConsumer/Build/Intermediates.noindex/cmark-gfm.build/Debug-iphonesimulator/cmark-gfm.build/Objects-normal/arm64/xml.o.scan -- /Applications/Xcode.app/Contents/Developer/Toolchains/XcodeDefault.xctoolchain/usr/bin/clang -x c -ivfsstatcache /Users/shizihan/DailyUse/Github/InkMarkdown/.scratch/architecture-deepening-2026-09-07/evidence/20260907-1415-ticket-27/consumer/DerivedData-InkMarkdownLaTeXConsumer/SDKStatCaches.noindex/iphonesimulator26.5-23F81a-6cfe768891a92b912361537c460fe42b.sdkstatcache -target arm64-apple-ios12.0-simulator -fmessage-length\=0 -fdiagnostics-show-note-include-stack -fmacro-backtrace-limit\=0 -fno-color-diagnostics -fmodules-prune-interval\=86400 -fmodules-prune-after\=345600 -fbuild-session-file\=/Users/shizihan/DailyUse/Github/InkMarkdown/.scratch/architecture-deepening-2026-09-07/evidence/20260907-1415-ticket-27/consumer/DerivedData-InkMarkdownLaTeXConsumer/ModuleCache.noindex/Session.modulevalidation -fmodules-validate-once-per-build-session -Wnon-modular-include-in-framework-module -Werror\=non-modular-include-in-framework-module -Wno-trigraphs -Wno-missing-field-initializers -Wno-missing-prototypes -Wno-return-type -Wno-missing-braces -Wparentheses -Wswitch -Wno-unused-function -Wno-unused-label -Wno-unused-parameter -Wno-unused-variable -Wunused-value -Wno-empty-body -Wno-uninitialized -Wno-unknown-pragmas -w -Wno-shadow -Wno-four-char-constants -Wno-conversion -Wno-constant-conversion -Wno-int-conversion -Wno-bool-conversion -Wno-enum-conversion -Wno-float-conversion -Wno-non-literal-null-conversion -Wno-objc-literal-conversion -Wshorten-64-to-32 -Wpointer-sign -Wno-newline-eof -Wno-implicit-fallthrough -isysroot /Applications/Xcode.app/Contents/Developer/Platforms/iPhoneSimulator.platform/Developer/SDKs/iPhoneSimulator26.5.sdk -fstrict-aliasing -Wdeprecated-declarations -Wno-sign-conversion -Wno-infinite-recursion -Wno-comma -Wno-block-capture-autoreleasing -Wno-strict-prototypes -Wno-semicolon-before-method-body -index-store-path /Users/shizihan/DailyUse/Github/InkMarkdown/.scratch/architecture-deepening-2026-09-07/evidence/20260907-1415-ticket-27/consumer/DerivedData-InkMarkdownLaTeXConsumer/Index.noindex/DataStore @/Users/shizihan/DailyUse/Github/InkMarkdown/.scratch/architecture-deepening-2026-09-07/evidence/20260907-1415-ticket-27/consumer/DerivedData-InkMarkdownLaTeXConsumer/Build/Intermediates.noindex/cmark-gfm.build/Debug-iphonesimulator/cmark-gfm.build/Objects-normal/arm64/7187679823f38a2a940e0043cdf9d637-common-args.resp -MMD -MT dependencies -MF /Users/shizihan/DailyUse/Github/InkMarkdown/.scratch/architecture-deepening-2026-09-07/evidence/20260907-1415-ticket-27/consumer/DerivedData-InkMarkdownLaTeXConsumer/Build/Intermediates.noindex/cmark-gfm.build/Debug-iphonesimulator/cmark-gfm.build/Objects-normal/arm64/xml.d --serialize-diagnostics /Users/shizihan/DailyUse/Github/InkMarkdown/.scratch/architecture-deepening-2026-09-07/evidence/20260907-1415-ticket-27/consumer/DerivedData-InkMarkdownLaTeXConsumer/Build/Intermediates.noindex/cmark-gfm.build/Debug-iphonesimulator/cmark-gfm.build/Objects-normal/arm64/xml.dia -c /Users/shizihan/DailyUse/Github/InkMarkdown/Packages/Caches/swift-cmark/src/xml.c -o /Users/shizihan/DailyUse/Github/InkMarkdown/.scratch/architecture-deepening-2026-09-07/evidence/20260907-1415-ticket-27/consumer/DerivedData-InkMarkdownLaTeXConsumer/Build/Intermediates.noindex/cmark-gfm.build/Debug-iphonesimulator/cmark-gfm.build/Objects-normal/arm64/xml.o -index-unit-output-path /cmark-gfm.build/Debug-iphonesimulator/cmark-gfm.build/Objects-normal/arm64/xml.o

ScanDependencies /Users/shizihan/DailyUse/Github/InkMarkdown/.scratch/architecture-deepening-2026-09-07/evidence/20260907-1415-ticket-27/consumer/DerivedData-InkMarkdownLaTeXConsumer/Build/Intermediates.noindex/cmark-gfm.build/Debug-iphonesimulator/cmark-gfm.build/Objects-normal/arm64/utf8.o /Users/shizihan/DailyUse/Github/InkMarkdown/Packages/Caches/swift-cmark/src/utf8.c normal arm64 c com.apple.compilers.llvm.clang.1_0.compiler (in target 'cmark-gfm' from project 'cmark-gfm')
    cd /Users/shizihan/DailyUse/Github/InkMarkdown/.github/fixtures/consumer-smoke/.swiftpm/xcode
    
    Using response file: /Users/shizihan/DailyUse/Github/InkMarkdown/.scratch/architecture-deepening-2026-09-07/evidence/20260907-1415-ticket-27/consumer/DerivedData-InkMarkdownLaTeXConsumer/Build/Intermediates.noindex/cmark-gfm.build/Debug-iphonesimulator/cmark-gfm.build/Objects-normal/arm64/7187679823f38a2a940e0043cdf9d637-common-args.resp
    
    builtin-ScanDependencies -o /Users/shizihan/DailyUse/Github/InkMarkdown/.scratch/architecture-deepening-2026-09-07/evidence/20260907-1415-ticket-27/consumer/DerivedData-InkMarkdownLaTeXConsumer/Build/Intermediates.noindex/cmark-gfm.build/Debug-iphonesimulator/cmark-gfm.build/Objects-normal/arm64/utf8.o.scan -- /Applications/Xcode.app/Contents/Developer/Toolchains/XcodeDefault.xctoolchain/usr/bin/clang -x c -ivfsstatcache /Users/shizihan/DailyUse/Github/InkMarkdown/.scratch/architecture-deepening-2026-09-07/evidence/20260907-1415-ticket-27/consumer/DerivedData-InkMarkdownLaTeXConsumer/SDKStatCaches.noindex/iphonesimulator26.5-23F81a-6cfe768891a92b912361537c460fe42b.sdkstatcache -target arm64-apple-ios12.0-simulator -fmessage-length\=0 -fdiagnostics-show-note-include-stack -fmacro-backtrace-limit\=0 -fno-color-diagnostics -fmodules-prune-interval\=86400 -fmodules-prune-after\=345600 -fbuild-session-file\=/Users/shizihan/DailyUse/Github/InkMarkdown/.scratch/architecture-deepening-2026-09-07/evidence/20260907-1415-ticket-27/consumer/DerivedData-InkMarkdownLaTeXConsumer/ModuleCache.noindex/Session.modulevalidation -fmodules-validate-once-per-build-session -Wnon-modular-include-in-framework-module -Werror\=non-modular-include-in-framework-module -Wno-trigraphs -Wno-missing-field-initializers -Wno-missing-prototypes -Wno-return-type -Wno-missing-braces -Wparentheses -Wswitch -Wno-unused-function -Wno-unused-label -Wno-unused-parameter -Wno-unused-variable -Wunused-value -Wno-empty-body -Wno-uninitialized -Wno-unknown-pragmas -w -Wno-shadow -Wno-four-char-constants -Wno-conversion -Wno-constant-conversion -Wno-int-conversion -Wno-bool-conversion -Wno-enum-conversion -Wno-float-conversion -Wno-non-literal-null-conversion -Wno-objc-literal-conversion -Wshorten-64-to-32 -Wpointer-sign -Wno-newline-eof -Wno-implicit-fallthrough -isysroot /Applications/Xcode.app/Contents/Developer/Platforms/iPhoneSimulator.platform/Developer/SDKs/iPhoneSimulator26.5.sdk -fstrict-aliasing -Wdeprecated-declarations -Wno-sign-conversion -Wno-infinite-recursion -Wno-comma -Wno-block-capture-autoreleasing -Wno-strict-prototypes -Wno-semicolon-before-method-body -index-store-path /Users/shizihan/DailyUse/Github/InkMarkdown/.scratch/architecture-deepening-2026-09-07/evidence/20260907-1415-ticket-27/consumer/DerivedData-InkMarkdownLaTeXConsumer/Index.noindex/DataStore @/Users/shizihan/DailyUse/Github/InkMarkdown/.scratch/architecture-deepening-2026-09-07/evidence/20260907-1415-ticket-27/consumer/DerivedData-InkMarkdownLaTeXConsumer/Build/Intermediates.noindex/cmark-gfm.build/Debug-iphonesimulator/cmark-gfm.build/Objects-normal/arm64/7187679823f38a2a940e0043cdf9d637-common-args.resp -MMD -MT dependencies -MF /Users/shizihan/DailyUse/Github/InkMarkdown/.scratch/architecture-deepening-2026-09-07/evidence/20260907-1415-ticket-27/consumer/DerivedData-InkMarkdownLaTeXConsumer/Build/Intermediates.noindex/cmark-gfm.build/Debug-iphonesimulator/cmark-gfm.build/Objects-normal/arm64/utf8.d --serialize-diagnostics /Users/shizihan/DailyUse/Github/InkMarkdown/.scratch/architecture-deepening-2026-09-07/evidence/20260907-1415-ticket-27/consumer/DerivedData-InkMarkdownLaTeXConsumer/Build/Intermediates.noindex/cmark-gfm.build/Debug-iphonesimulator/cmark-gfm.build/Objects-normal/arm64/utf8.dia -c /Users/shizihan/DailyUse/Github/InkMarkdown/Packages/Caches/swift-cmark/src/utf8.c -o /Users/shizihan/DailyUse/Github/InkMarkdown/.scratch/architecture-deepening-2026-09-07/evidence/20260907-1415-ticket-27/consumer/DerivedData-InkMarkdownLaTeXConsumer/Build/Intermediates.noindex/cmark-gfm.build/Debug-iphonesimulator/cmark-gfm.build/Objects-normal/arm64/utf8.o -index-unit-output-path /cmark-gfm.build/Debug-iphonesimulator/cmark-gfm.build/Objects-normal/arm64/utf8.o

ScanDependencies /Users/shizihan/DailyUse/Github/InkMarkdown/.scratch/architecture-deepening-2026-09-07/evidence/20260907-1415-ticket-27/consumer/DerivedData-InkMarkdownLaTeXConsumer/Build/Intermediates.noindex/cmark-gfm.build/Debug-iphonesimulator/cmark-gfm.build/Objects-normal/arm64/syntax_extension.o /Users/shizihan/DailyUse/Github/InkMarkdown/Packages/Caches/swift-cmark/src/syntax_extension.c normal arm64 c com.apple.compilers.llvm.clang.1_0.compiler (in target 'cmark-gfm' from project 'cmark-gfm')
    cd /Users/shizihan/DailyUse/Github/InkMarkdown/.github/fixtures/consumer-smoke/.swiftpm/xcode
    
    Using response file: /Users/shizihan/DailyUse/Github/InkMarkdown/.scratch/architecture-deepening-2026-09-07/evidence/20260907-1415-ticket-27/consumer/DerivedData-InkMarkdownLaTeXConsumer/Build/Intermediates.noindex/cmark-gfm.build/Debug-iphonesimulator/cmark-gfm.build/Objects-normal/arm64/7187679823f38a2a940e0043cdf9d637-common-args.resp
    
    builtin-ScanDependencies -o /Users/shizihan/DailyUse/Github/InkMarkdown/.scratch/architecture-deepening-2026-09-07/evidence/20260907-1415-ticket-27/consumer/DerivedData-InkMarkdownLaTeXConsumer/Build/Intermediates.noindex/cmark-gfm.build/Debug-iphonesimulator/cmark-gfm.build/Objects-normal/arm64/syntax_extension.o.scan -- /Applications/Xcode.app/Contents/Developer/Toolchains/XcodeDefault.xctoolchain/usr/bin/clang -x c -ivfsstatcache /Users/shizihan/DailyUse/Github/InkMarkdown/.scratch/architecture-deepening-2026-09-07/evidence/20260907-1415-ticket-27/consumer/DerivedData-InkMarkdownLaTeXConsumer/SDKStatCaches.noindex/iphonesimulator26.5-23F81a-6cfe768891a92b912361537c460fe42b.sdkstatcache -target arm64-apple-ios12.0-simulator -fmessage-length\=0 -fdiagnostics-show-note-include-stack -fmacro-backtrace-limit\=0 -fno-color-diagnostics -fmodules-prune-interval\=86400 -fmodules-prune-after\=345600 -fbuild-session-file\=/Users/shizihan/DailyUse/Github/InkMarkdown/.scratch/architecture-deepening-2026-09-07/evidence/20260907-1415-ticket-27/consumer/DerivedData-InkMarkdownLaTeXConsumer/ModuleCache.noindex/Session.modulevalidation -fmodules-validate-once-per-build-session -Wnon-modular-include-in-framework-module -Werror\=non-modular-include-in-framework-module -Wno-trigraphs -Wno-missing-field-initializers -Wno-missing-prototypes -Wno-return-type -Wno-missing-braces -Wparentheses -Wswitch -Wno-unused-function -Wno-unused-label -Wno-unused-parameter -Wno-unused-variable -Wunused-value -Wno-empty-body -Wno-uninitialized -Wno-unknown-pragmas -w -Wno-shadow -Wno-four-char-constants -Wno-conversion -Wno-constant-conversion -Wno-int-conversion -Wno-bool-conversion -Wno-enum-conversion -Wno-float-conversion -Wno-non-literal-null-conversion -Wno-objc-literal-conversion -Wshorten-64-to-32 -Wpointer-sign -Wno-newline-eof -Wno-implicit-fallthrough -isysroot /Applications/Xcode.app/Contents/Developer/Platforms/iPhoneSimulator.platform/Developer/SDKs/iPhoneSimulator26.5.sdk -fstrict-aliasing -Wdeprecated-declarations -Wno-sign-conversion -Wno-infinite-recursion -Wno-comma -Wno-block-capture-autoreleasing -Wno-strict-prototypes -Wno-semicolon-before-method-body -index-store-path /Users/shizihan/DailyUse/Github/InkMarkdown/.scratch/architecture-deepening-2026-09-07/evidence/20260907-1415-ticket-27/consumer/DerivedData-InkMarkdownLaTeXConsumer/Index.noindex/DataStore @/Users/shizihan/DailyUse/Github/InkMarkdown/.scratch/architecture-deepening-2026-09-07/evidence/20260907-1415-ticket-27/consumer/DerivedData-InkMarkdownLaTeXConsumer/Build/Intermediates.noindex/cmark-gfm.build/Debug-iphonesimulator/cmark-gfm.build/Objects-normal/arm64/7187679823f38a2a940e0043cdf9d637-common-args.resp -MMD -MT dependencies -MF /Users/shizihan/DailyUse/Github/InkMarkdown/.scratch/architecture-deepening-2026-09-07/evidence/20260907-1415-ticket-27/consumer/DerivedData-InkMarkdownLaTeXConsumer/Build/Intermediates.noindex/cmark-gfm.build/Debug-iphonesimulator/cmark-gfm.build/Objects-normal/arm64/syntax_extension.d --serialize-diagnostics /Users/shizihan/DailyUse/Github/InkMarkdown/.scratch/architecture-deepening-2026-09-07/evidence/20260907-1415-ticket-27/consumer/DerivedData-InkMarkdownLaTeXConsumer/Build/Intermediates.noindex/cmark-gfm.build/Debug-iphonesimulator/cmark-gfm.build/Objects-normal/arm64/syntax_extension.dia -c /Users/shizihan/DailyUse/Github/InkMarkdown/Packages/Caches/swift-cmark/src/syntax_extension.c -o /Users/shizihan/DailyUse/Github/InkMarkdown/.scratch/architecture-deepening-2026-09-07/evidence/20260907-1415-ticket-27/consumer/DerivedData-InkMarkdownLaTeXConsumer/Build/Intermediates.noindex/cmark-gfm.build/Debug-iphonesimulator/cmark-gfm.build/Objects-normal/arm64/syntax_extension.o -index-unit-output-path /cmark-gfm.build/Debug-iphonesimulator/cmark-gfm.build/Objects-normal/arm64/syntax_extension.o

ScanDependencies /Users/shizihan/DailyUse/Github/InkMarkdown/.scratch/architecture-deepening-2026-09-07/evidence/20260907-1415-ticket-27/consumer/DerivedData-InkMarkdownLaTeXConsumer/Build/Intermediates.noindex/cmark-gfm.build/Debug-iphonesimulator/cmark-gfm.build/Objects-normal/arm64/scanners.o /Users/shizihan/DailyUse/Github/InkMarkdown/Packages/Caches/swift-cmark/src/scanners.c normal arm64 c com.apple.compilers.llvm.clang.1_0.compiler (in target 'cmark-gfm' from project 'cmark-gfm')
    cd /Users/shizihan/DailyUse/Github/InkMarkdown/.github/fixtures/consumer-smoke/.swiftpm/xcode
    
    Using response file: /Users/shizihan/DailyUse/Github/InkMarkdown/.scratch/architecture-deepening-2026-09-07/evidence/20260907-1415-ticket-27/consumer/DerivedData-InkMarkdownLaTeXConsumer/Build/Intermediates.noindex/cmark-gfm.build/Debug-iphonesimulator/cmark-gfm.build/Objects-normal/arm64/7187679823f38a2a940e0043cdf9d637-common-args.resp
    
    builtin-ScanDependencies -o /Users/shizihan/DailyUse/Github/InkMarkdown/.scratch/architecture-deepening-2026-09-07/evidence/20260907-1415-ticket-27/consumer/DerivedData-InkMarkdownLaTeXConsumer/Build/Intermediates.noindex/cmark-gfm.build/Debug-iphonesimulator/cmark-gfm.build/Objects-normal/arm64/scanners.o.scan -- /Applications/Xcode.app/Contents/Developer/Toolchains/XcodeDefault.xctoolchain/usr/bin/clang -x c -ivfsstatcache /Users/shizihan/DailyUse/Github/InkMarkdown/.scratch/architecture-deepening-2026-09-07/evidence/20260907-1415-ticket-27/consumer/DerivedData-InkMarkdownLaTeXConsumer/SDKStatCaches.noindex/iphonesimulator26.5-23F81a-6cfe768891a92b912361537c460fe42b.sdkstatcache -target arm64-apple-ios12.0-simulator -fmessage-length\=0 -fdiagnostics-show-note-include-stack -fmacro-backtrace-limit\=0 -fno-color-diagnostics -fmodules-prune-interval\=86400 -fmodules-prune-after\=345600 -fbuild-session-file\=/Users/shizihan/DailyUse/Github/InkMarkdown/.scratch/architecture-deepening-2026-09-07/evidence/20260907-1415-ticket-27/consumer/DerivedData-InkMarkdownLaTeXConsumer/ModuleCache.noindex/Session.modulevalidation -fmodules-validate-once-per-build-session -Wnon-modular-include-in-framework-module -Werror\=non-modular-include-in-framework-module -Wno-trigraphs -Wno-missing-field-initializers -Wno-missing-prototypes -Wno-return-type -Wno-missing-braces -Wparentheses -Wswitch -Wno-unused-function -Wno-unused-label -Wno-unused-parameter -Wno-unused-variable -Wunused-value -Wno-empty-body -Wno-uninitialized -Wno-unknown-pragmas -w -Wno-shadow -Wno-four-char-constants -Wno-conversion -Wno-constant-conversion -Wno-int-conversion -Wno-bool-conversion -Wno-enum-conversion -Wno-float-conversion -Wno-non-literal-null-conversion -Wno-objc-literal-conversion -Wshorten-64-to-32 -Wpointer-sign -Wno-newline-eof -Wno-implicit-fallthrough -isysroot /Applications/Xcode.app/Contents/Developer/Platforms/iPhoneSimulator.platform/Developer/SDKs/iPhoneSimulator26.5.sdk -fstrict-aliasing -Wdeprecated-declarations -Wno-sign-conversion -Wno-infinite-recursion -Wno-comma -Wno-block-capture-autoreleasing -Wno-strict-prototypes -Wno-semicolon-before-method-body -index-store-path /Users/shizihan/DailyUse/Github/InkMarkdown/.scratch/architecture-deepening-2026-09-07/evidence/20260907-1415-ticket-27/consumer/DerivedData-InkMarkdownLaTeXConsumer/Index.noindex/DataStore @/Users/shizihan/DailyUse/Github/InkMarkdown/.scratch/architecture-deepening-2026-09-07/evidence/20260907-1415-ticket-27/consumer/DerivedData-InkMarkdownLaTeXConsumer/Build/Intermediates.noindex/cmark-gfm.build/Debug-iphonesimulator/cmark-gfm.build/Objects-normal/arm64/7187679823f38a2a940e0043cdf9d637-common-args.resp -MMD -MT dependencies -MF /Users/shizihan/DailyUse/Github/InkMarkdown/.scratch/architecture-deepening-2026-09-07/evidence/20260907-1415-ticket-27/consumer/DerivedData-InkMarkdownLaTeXConsumer/Build/Intermediates.noindex/cmark-gfm.build/Debug-iphonesimulator/cmark-gfm.build/Objects-normal/arm64/scanners.d --serialize-diagnostics /Users/shizihan/DailyUse/Github/InkMarkdown/.scratch/architecture-deepening-2026-09-07/evidence/20260907-1415-ticket-27/consumer/DerivedData-InkMarkdownLaTeXConsumer/Build/Intermediates.noindex/cmark-gfm.build/Debug-iphonesimulator/cmark-gfm.build/Objects-normal/arm64/scanners.dia -c /Users/shizihan/DailyUse/Github/InkMarkdown/Packages/Caches/swift-cmark/src/scanners.c -o /Users/shizihan/DailyUse/Github/InkMarkdown/.scratch/architecture-deepening-2026-09-07/evidence/20260907-1415-ticket-27/consumer/DerivedData-InkMarkdownLaTeXConsumer/Build/Intermediates.noindex/cmark-gfm.build/Debug-iphonesimulator/cmark-gfm.build/Objects-normal/arm64/scanners.o -index-unit-output-path /cmark-gfm.build/Debug-iphonesimulator/cmark-gfm.build/Objects-normal/arm64/scanners.o

ScanDependencies /Users/shizihan/DailyUse/Github/InkMarkdown/.scratch/architecture-deepening-2026-09-07/evidence/20260907-1415-ticket-27/consumer/DerivedData-InkMarkdownLaTeXConsumer/Build/Intermediates.noindex/cmark-gfm.build/Debug-iphonesimulator/cmark-gfm.build/Objects-normal/arm64/render.o /Users/shizihan/DailyUse/Github/InkMarkdown/Packages/Caches/swift-cmark/src/render.c normal arm64 c com.apple.compilers.llvm.clang.1_0.compiler (in target 'cmark-gfm' from project 'cmark-gfm')
    cd /Users/shizihan/DailyUse/Github/InkMarkdown/.github/fixtures/consumer-smoke/.swiftpm/xcode
    
    Using response file: /Users/shizihan/DailyUse/Github/InkMarkdown/.scratch/architecture-deepening-2026-09-07/evidence/20260907-1415-ticket-27/consumer/DerivedData-InkMarkdownLaTeXConsumer/Build/Intermediates.noindex/cmark-gfm.build/Debug-iphonesimulator/cmark-gfm.build/Objects-normal/arm64/7187679823f38a2a940e0043cdf9d637-common-args.resp
    
    builtin-ScanDependencies -o /Users/shizihan/DailyUse/Github/InkMarkdown/.scratch/architecture-deepening-2026-09-07/evidence/20260907-1415-ticket-27/consumer/DerivedData-InkMarkdownLaTeXConsumer/Build/Intermediates.noindex/cmark-gfm.build/Debug-iphonesimulator/cmark-gfm.build/Objects-normal/arm64/render.o.scan -- /Applications/Xcode.app/Contents/Developer/Toolchains/XcodeDefault.xctoolchain/usr/bin/clang -x c -ivfsstatcache /Users/shizihan/DailyUse/Github/InkMarkdown/.scratch/architecture-deepening-2026-09-07/evidence/20260907-1415-ticket-27/consumer/DerivedData-InkMarkdownLaTeXConsumer/SDKStatCaches.noindex/iphonesimulator26.5-23F81a-6cfe768891a92b912361537c460fe42b.sdkstatcache -target arm64-apple-ios12.0-simulator -fmessage-length\=0 -fdiagnostics-show-note-include-stack -fmacro-backtrace-limit\=0 -fno-color-diagnostics -fmodules-prune-interval\=86400 -fmodules-prune-after\=345600 -fbuild-session-file\=/Users/shizihan/DailyUse/Github/InkMarkdown/.scratch/architecture-deepening-2026-09-07/evidence/20260907-1415-ticket-27/consumer/DerivedData-InkMarkdownLaTeXConsumer/ModuleCache.noindex/Session.modulevalidation -fmodules-validate-once-per-build-session -Wnon-modular-include-in-framework-module -Werror\=non-modular-include-in-framework-module -Wno-trigraphs -Wno-missing-field-initializers -Wno-missing-prototypes -Wno-return-type -Wno-missing-braces -Wparentheses -Wswitch -Wno-unused-function -Wno-unused-label -Wno-unused-parameter -Wno-unused-variable -Wunused-value -Wno-empty-body -Wno-uninitialized -Wno-unknown-pragmas -w -Wno-shadow -Wno-four-char-constants -Wno-conversion -Wno-constant-conversion -Wno-int-conversion -Wno-bool-conversion -Wno-enum-conversion -Wno-float-conversion -Wno-non-literal-null-conversion -Wno-objc-literal-conversion -Wshorten-64-to-32 -Wpointer-sign -Wno-newline-eof -Wno-implicit-fallthrough -isysroot /Applications/Xcode.app/Contents/Developer/Platforms/iPhoneSimulator.platform/Developer/SDKs/iPhoneSimulator26.5.sdk -fstrict-aliasing -Wdeprecated-declarations -Wno-sign-conversion -Wno-infinite-recursion -Wno-comma -Wno-block-capture-autoreleasing -Wno-strict-prototypes -Wno-semicolon-before-method-body -index-store-path /Users/shizihan/DailyUse/Github/InkMarkdown/.scratch/architecture-deepening-2026-09-07/evidence/20260907-1415-ticket-27/consumer/DerivedData-InkMarkdownLaTeXConsumer/Index.noindex/DataStore @/Users/shizihan/DailyUse/Github/InkMarkdown/.scratch/architecture-deepening-2026-09-07/evidence/20260907-1415-ticket-27/consumer/DerivedData-InkMarkdownLaTeXConsumer/Build/Intermediates.noindex/cmark-gfm.build/Debug-iphonesimulator/cmark-gfm.build/Objects-normal/arm64/7187679823f38a2a940e0043cdf9d637-common-args.resp -MMD -MT dependencies -MF /Users/shizihan/DailyUse/Github/InkMarkdown/.scratch/architecture-deepening-2026-09-07/evidence/20260907-1415-ticket-27/consumer/DerivedData-InkMarkdownLaTeXConsumer/Build/Intermediates.noindex/cmark-gfm.build/Debug-iphonesimulator/cmark-gfm.build/Objects-normal/arm64/render.d --serialize-diagnostics /Users/shizihan/DailyUse/Github/InkMarkdown/.scratch/architecture-deepening-2026-09-07/evidence/20260907-1415-ticket-27/consumer/DerivedData-InkMarkdownLaTeXConsumer/Build/Intermediates.noindex/cmark-gfm.build/Debug-iphonesimulator/cmark-gfm.build/Objects-normal/arm64/render.dia -c /Users/shizihan/DailyUse/Github/InkMarkdown/Packages/Caches/swift-cmark/src/render.c -o /Users/shizihan/DailyUse/Github/InkMarkdown/.scratch/architecture-deepening-2026-09-07/evidence/20260907-1415-ticket-27/consumer/DerivedData-InkMarkdownLaTeXConsumer/Build/Intermediates.noindex/cmark-gfm.build/Debug-iphonesimulator/cmark-gfm.build/Objects-normal/arm64/render.o -index-unit-output-path /cmark-gfm.build/Debug-iphonesimulator/cmark-gfm.build/Objects-normal/arm64/render.o

PrecompileModule /Users/shizihan/DailyUse/Github/InkMarkdown/.scratch/architecture-deepening-2026-09-07/evidence/20260907-1415-ticket-27/consumer/DerivedData-InkMarkdownLaTeXConsumer/Build/Intermediates.noindex/ExplicitPrecompiledModules/_AvailabilityInternal-9EXTB5CL0D1PG8SZU69PQ3PIM.scan
    cd /
    builtin-precompileModule /Users/shizihan/DailyUse/Github/InkMarkdown/.scratch/architecture-deepening-2026-09-07/evidence/20260907-1415-ticket-27/consumer/DerivedData-InkMarkdownLaTeXConsumer/Build/Intermediates.noindex/ExplicitPrecompiledModules/_AvailabilityInternal-9EXTB5CL0D1PG8SZU69PQ3PIM.scan

PrecompileModule /Users/shizihan/DailyUse/Github/InkMarkdown/.scratch/architecture-deepening-2026-09-07/evidence/20260907-1415-ticket-27/consumer/DerivedData-InkMarkdownLaTeXConsumer/Build/Intermediates.noindex/ExplicitPrecompiledModules/_Builtin_stdbool-BCQJNNDM6QOSIGWP0LRMS147C.scan
    cd /
    builtin-precompileModule /Users/shizihan/DailyUse/Github/InkMarkdown/.scratch/architecture-deepening-2026-09-07/evidence/20260907-1415-ticket-27/consumer/DerivedData-InkMarkdownLaTeXConsumer/Build/Intermediates.noindex/ExplicitPrecompiledModules/_Builtin_stdbool-BCQJNNDM6QOSIGWP0LRMS147C.scan

PrecompileModule /Users/shizihan/DailyUse/Github/InkMarkdown/.scratch/architecture-deepening-2026-09-07/evidence/20260907-1415-ticket-27/consumer/DerivedData-InkMarkdownLaTeXConsumer/Build/Intermediates.noindex/ExplicitPrecompiledModules/_Builtin_stdarg-86W2ITG42R9F03GLVUQF67O8Z.scan
    cd /
    builtin-precompileModule /Users/shizihan/DailyUse/Github/InkMarkdown/.scratch/architecture-deepening-2026-09-07/evidence/20260907-1415-ticket-27/consumer/DerivedData-InkMarkdownLaTeXConsumer/Build/Intermediates.noindex/ExplicitPrecompiledModules/_Builtin_stdarg-86W2ITG42R9F03GLVUQF67O8Z.scan

PrecompileModule /Users/shizihan/DailyUse/Github/InkMarkdown/.scratch/architecture-deepening-2026-09-07/evidence/20260907-1415-ticket-27/consumer/DerivedData-InkMarkdownLaTeXConsumer/Build/Intermediates.noindex/ExplicitPrecompiledModules/ptrcheck-BUBQBNVUGIT0PIYXY6QXZBZ77.scan
    cd /
    builtin-precompileModule /Users/shizihan/DailyUse/Github/InkMarkdown/.scratch/architecture-deepening-2026-09-07/evidence/20260907-1415-ticket-27/consumer/DerivedData-InkMarkdownLaTeXConsumer/Build/Intermediates.noindex/ExplicitPrecompiledModules/ptrcheck-BUBQBNVUGIT0PIYXY6QXZBZ77.scan

PrecompileModule /Users/shizihan/DailyUse/Github/InkMarkdown/.scratch/architecture-deepening-2026-09-07/evidence/20260907-1415-ticket-27/consumer/DerivedData-InkMarkdownLaTeXConsumer/Build/Intermediates.noindex/ExplicitPrecompiledModules/_Builtin_stddef-EUVD5ONA5LXGFWOETEAAJTIRU.scan
    cd /
    builtin-precompileModule /Users/shizihan/DailyUse/Github/InkMarkdown/.scratch/architecture-deepening-2026-09-07/evidence/20260907-1415-ticket-27/consumer/DerivedData-InkMarkdownLaTeXConsumer/Build/Intermediates.noindex/ExplicitPrecompiledModules/_Builtin_stddef-EUVD5ONA5LXGFWOETEAAJTIRU.scan

ScanDependencies /Users/shizihan/DailyUse/Github/InkMarkdown/.scratch/architecture-deepening-2026-09-07/evidence/20260907-1415-ticket-27/consumer/DerivedData-InkMarkdownLaTeXConsumer/Build/Intermediates.noindex/cmark-gfm.build/Debug-iphonesimulator/cmark-gfm.build/Objects-normal/arm64/registry.o /Users/shizihan/DailyUse/Github/InkMarkdown/Packages/Caches/swift-cmark/src/registry.c normal arm64 c com.apple.compilers.llvm.clang.1_0.compiler (in target 'cmark-gfm' from project 'cmark-gfm')
    cd /Users/shizihan/DailyUse/Github/InkMarkdown/.github/fixtures/consumer-smoke/.swiftpm/xcode
    
    Using response file: /Users/shizihan/DailyUse/Github/InkMarkdown/.scratch/architecture-deepening-2026-09-07/evidence/20260907-1415-ticket-27/consumer/DerivedData-InkMarkdownLaTeXConsumer/Build/Intermediates.noindex/cmark-gfm.build/Debug-iphonesimulator/cmark-gfm.build/Objects-normal/arm64/7187679823f38a2a940e0043cdf9d637-common-args.resp
    
    builtin-ScanDependencies -o /Users/shizihan/DailyUse/Github/InkMarkdown/.scratch/architecture-deepening-2026-09-07/evidence/20260907-1415-ticket-27/consumer/DerivedData-InkMarkdownLaTeXConsumer/Build/Intermediates.noindex/cmark-gfm.build/Debug-iphonesimulator/cmark-gfm.build/Objects-normal/arm64/registry.o.scan -- /Applications/Xcode.app/Contents/Developer/Toolchains/XcodeDefault.xctoolchain/usr/bin/clang -x c -ivfsstatcache /Users/shizihan/DailyUse/Github/InkMarkdown/.scratch/architecture-deepening-2026-09-07/evidence/20260907-1415-ticket-27/consumer/DerivedData-InkMarkdownLaTeXConsumer/SDKStatCaches.noindex/iphonesimulator26.5-23F81a-6cfe768891a92b912361537c460fe42b.sdkstatcache -target arm64-apple-ios12.0-simulator -fmessage-length\=0 -fdiagnostics-show-note-include-stack -fmacro-backtrace-limit\=0 -fno-color-diagnostics -fmodules-prune-interval\=86400 -fmodules-prune-after\=345600 -fbuild-session-file\=/Users/shizihan/DailyUse/Github/InkMarkdown/.scratch/architecture-deepening-2026-09-07/evidence/20260907-1415-ticket-27/consumer/DerivedData-InkMarkdownLaTeXConsumer/ModuleCache.noindex/Session.modulevalidation -fmodules-validate-once-per-build-session -Wnon-modular-include-in-framework-module -Werror\=non-modular-include-in-framework-module -Wno-trigraphs -Wno-missing-field-initializers -Wno-missing-prototypes -Wno-return-type -Wno-missing-braces -Wparentheses -Wswitch -Wno-unused-function -Wno-unused-label -Wno-unused-parameter -Wno-unused-variable -Wunused-value -Wno-empty-body -Wno-uninitialized -Wno-unknown-pragmas -w -Wno-shadow -Wno-four-char-constants -Wno-conversion -Wno-constant-conversion -Wno-int-conversion -Wno-bool-conversion -Wno-enum-conversion -Wno-float-conversion -Wno-non-literal-null-conversion -Wno-objc-literal-conversion -Wshorten-64-to-32 -Wpointer-sign -Wno-newline-eof -Wno-implicit-fallthrough -isysroot /Applications/Xcode.app/Contents/Developer/Platforms/iPhoneSimulator.platform/Developer/SDKs/iPhoneSimulator26.5.sdk -fstrict-aliasing -Wdeprecated-declarations -Wno-sign-conversion -Wno-infinite-recursion -Wno-comma -Wno-block-capture-autoreleasing -Wno-strict-prototypes -Wno-semicolon-before-method-body -index-store-path /Users/shizihan/DailyUse/Github/InkMarkdown/.scratch/architecture-deepening-2026-09-07/evidence/20260907-1415-ticket-27/consumer/DerivedData-InkMarkdownLaTeXConsumer/Index.noindex/DataStore @/Users/shizihan/DailyUse/Github/InkMarkdown/.scratch/architecture-deepening-2026-09-07/evidence/20260907-1415-ticket-27/consumer/DerivedData-InkMarkdownLaTeXConsumer/Build/Intermediates.noindex/cmark-gfm.build/Debug-iphonesimulator/cmark-gfm.build/Objects-normal/arm64/7187679823f38a2a940e0043cdf9d637-common-args.resp -MMD -MT dependencies -MF /Users/shizihan/DailyUse/Github/InkMarkdown/.scratch/architecture-deepening-2026-09-07/evidence/20260907-1415-ticket-27/consumer/DerivedData-InkMarkdownLaTeXConsumer/Build/Intermediates.noindex/cmark-gfm.build/Debug-iphonesimulator/cmark-gfm.build/Objects-normal/arm64/registry.d --serialize-diagnostics /Users/shizihan/DailyUse/Github/InkMarkdown/.scratch/architecture-deepening-2026-09-07/evidence/20260907-1415-ticket-27/consumer/DerivedData-InkMarkdownLaTeXConsumer/Build/Intermediates.noindex/cmark-gfm.build/Debug-iphonesimulator/cmark-gfm.build/Objects-normal/arm64/registry.dia -c /Users/shizihan/DailyUse/Github/InkMarkdown/Packages/Caches/swift-cmark/src/registry.c -o /Users/shizihan/DailyUse/Github/InkMarkdown/.scratch/architecture-deepening-2026-09-07/evidence/20260907-1415-ticket-27/consumer/DerivedData-InkMarkdownLaTeXConsumer/Build/Intermediates.noindex/cmark-gfm.build/Debug-iphonesimulator/cmark-gfm.build/Objects-normal/arm64/registry.o -index-unit-output-path /cmark-gfm.build/Debug-iphonesimulator/cmark-gfm.build/Objects-normal/arm64/registry.o

ScanDependencies /Users/shizihan/DailyUse/Github/InkMarkdown/.scratch/architecture-deepening-2026-09-07/evidence/20260907-1415-ticket-27/consumer/DerivedData-InkMarkdownLaTeXConsumer/Build/Intermediates.noindex/cmark-gfm.build/Debug-iphonesimulator/cmark-gfm.build/Objects-normal/arm64/references.o /Users/shizihan/DailyUse/Github/InkMarkdown/Packages/Caches/swift-cmark/src/references.c normal arm64 c com.apple.compilers.llvm.clang.1_0.compiler (in target 'cmark-gfm' from project 'cmark-gfm')
    cd /Users/shizihan/DailyUse/Github/InkMarkdown/.github/fixtures/consumer-smoke/.swiftpm/xcode
    
    Using response file: /Users/shizihan/DailyUse/Github/InkMarkdown/.scratch/architecture-deepening-2026-09-07/evidence/20260907-1415-ticket-27/consumer/DerivedData-InkMarkdownLaTeXConsumer/Build/Intermediates.noindex/cmark-gfm.build/Debug-iphonesimulator/cmark-gfm.build/Objects-normal/arm64/7187679823f38a2a940e0043cdf9d637-common-args.resp
    
    builtin-ScanDependencies -o /Users/shizihan/DailyUse/Github/InkMarkdown/.scratch/architecture-deepening-2026-09-07/evidence/20260907-1415-ticket-27/consumer/DerivedData-InkMarkdownLaTeXConsumer/Build/Intermediates.noindex/cmark-gfm.build/Debug-iphonesimulator/cmark-gfm.build/Objects-normal/arm64/references.o.scan -- /Applications/Xcode.app/Contents/Developer/Toolchains/XcodeDefault.xctoolchain/usr/bin/clang -x c -ivfsstatcache /Users/shizihan/DailyUse/Github/InkMarkdown/.scratch/architecture-deepening-2026-09-07/evidence/20260907-1415-ticket-27/consumer/DerivedData-InkMarkdownLaTeXConsumer/SDKStatCaches.noindex/iphonesimulator26.5-23F81a-6cfe768891a92b912361537c460fe42b.sdkstatcache -target arm64-apple-ios12.0-simulator -fmessage-length\=0 -fdiagnostics-show-note-include-stack -fmacro-backtrace-limit\=0 -fno-color-diagnostics -fmodules-prune-interval\=86400 -fmodules-prune-after\=345600 -fbuild-session-file\=/Users/shizihan/DailyUse/Github/InkMarkdown/.scratch/architecture-deepening-2026-09-07/evidence/20260907-1415-ticket-27/consumer/DerivedData-InkMarkdownLaTeXConsumer/ModuleCache.noindex/Session.modulevalidation -fmodules-validate-once-per-build-session -Wnon-modular-include-in-framework-module -Werror\=non-modular-include-in-framework-module -Wno-trigraphs -Wno-missing-field-initializers -Wno-missing-prototypes -Wno-return-type -Wno-missing-braces -Wparentheses -Wswitch -Wno-unused-function -Wno-unused-label -Wno-unused-parameter -Wno-unused-variable -Wunused-value -Wno-empty-body -Wno-uninitialized -Wno-unknown-pragmas -w -Wno-shadow -Wno-four-char-constants -Wno-conversion -Wno-constant-conversion -Wno-int-conversion -Wno-bool-conversion -Wno-enum-conversion -Wno-float-conversion -Wno-non-literal-null-conversion -Wno-objc-literal-conversion -Wshorten-64-to-32 -Wpointer-sign -Wno-newline-eof -Wno-implicit-fallthrough -isysroot /Applications/Xcode.app/Contents/Developer/Platforms/iPhoneSimulator.platform/Developer/SDKs/iPhoneSimulator26.5.sdk -fstrict-aliasing -Wdeprecated-declarations -Wno-sign-conversion -Wno-infinite-recursion -Wno-comma -Wno-block-capture-autoreleasing -Wno-strict-prototypes -Wno-semicolon-before-method-body -index-store-path /Users/shizihan/DailyUse/Github/InkMarkdown/.scratch/architecture-deepening-2026-09-07/evidence/20260907-1415-ticket-27/consumer/DerivedData-InkMarkdownLaTeXConsumer/Index.noindex/DataStore @/Users/shizihan/DailyUse/Github/InkMarkdown/.scratch/architecture-deepening-2026-09-07/evidence/20260907-1415-ticket-27/consumer/DerivedData-InkMarkdownLaTeXConsumer/Build/Intermediates.noindex/cmark-gfm.build/Debug-iphonesimulator/cmark-gfm.build/Objects-normal/arm64/7187679823f38a2a940e0043cdf9d637-common-args.resp -MMD -MT dependencies -MF /Users/shizihan/DailyUse/Github/InkMarkdown/.scratch/architecture-deepening-2026-09-07/evidence/20260907-1415-ticket-27/consumer/DerivedData-InkMarkdownLaTeXConsumer/Build/Intermediates.noindex/cmark-gfm.build/Debug-iphonesimulator/cmark-gfm.build/Objects-normal/arm64/references.d --serialize-diagnostics /Users/shizihan/DailyUse/Github/InkMarkdown/.scratch/architecture-deepening-2026-09-07/evidence/20260907-1415-ticket-27/consumer/DerivedData-InkMarkdownLaTeXConsumer/Build/Intermediates.noindex/cmark-gfm.build/Debug-iphonesimulator/cmark-gfm.build/Objects-normal/arm64/references.dia -c /Users/shizihan/DailyUse/Github/InkMarkdown/Packages/Caches/swift-cmark/src/references.c -o /Users/shizihan/DailyUse/Github/InkMarkdown/.scratch/architecture-deepening-2026-09-07/evidence/20260907-1415-ticket-27/consumer/DerivedData-InkMarkdownLaTeXConsumer/Build/Intermediates.noindex/cmark-gfm.build/Debug-iphonesimulator/cmark-gfm.build/Objects-normal/arm64/references.o -index-unit-output-path /cmark-gfm.build/Debug-iphonesimulator/cmark-gfm.build/Objects-normal/arm64/references.o

PrecompileModule /Users/shizihan/DailyUse/Github/InkMarkdown/.scratch/architecture-deepening-2026-09-07/evidence/20260907-1415-ticket-27/consumer/DerivedData-InkMarkdownLaTeXConsumer/Build/Intermediates.noindex/ExplicitPrecompiledModules/_Builtin_limits-D508CSC9UWD0MOTBQY0Y8EJWC.scan
    cd /
    builtin-precompileModule /Users/shizihan/DailyUse/Github/InkMarkdown/.scratch/architecture-deepening-2026-09-07/evidence/20260907-1415-ticket-27/consumer/DerivedData-InkMarkdownLaTeXConsumer/Build/Intermediates.noindex/ExplicitPrecompiledModules/_Builtin_limits-D508CSC9UWD0MOTBQY0Y8EJWC.scan

PrecompileModule /Users/shizihan/DailyUse/Github/InkMarkdown/.scratch/architecture-deepening-2026-09-07/evidence/20260907-1415-ticket-27/consumer/DerivedData-InkMarkdownLaTeXConsumer/Build/Intermediates.noindex/ExplicitPrecompiledModules/_DarwinFoundation2-3F77P7U8XGNKR1S0NA9L76VRU.scan
    cd /
    builtin-precompileModule /Users/shizihan/DailyUse/Github/InkMarkdown/.scratch/architecture-deepening-2026-09-07/evidence/20260907-1415-ticket-27/consumer/DerivedData-InkMarkdownLaTeXConsumer/Build/Intermediates.noindex/ExplicitPrecompiledModules/_DarwinFoundation2-3F77P7U8XGNKR1S0NA9L76VRU.scan

ScanDependencies /Users/shizihan/DailyUse/Github/InkMarkdown/.scratch/architecture-deepening-2026-09-07/evidence/20260907-1415-ticket-27/consumer/DerivedData-InkMarkdownLaTeXConsumer/Build/Intermediates.noindex/cmark-gfm.build/Debug-iphonesimulator/cmark-gfm.build/Objects-normal/arm64/plugin.o /Users/shizihan/DailyUse/Github/InkMarkdown/Packages/Caches/swift-cmark/src/plugin.c normal arm64 c com.apple.compilers.llvm.clang.1_0.compiler (in target 'cmark-gfm' from project 'cmark-gfm')
    cd /Users/shizihan/DailyUse/Github/InkMarkdown/.github/fixtures/consumer-smoke/.swiftpm/xcode
    
    Using response file: /Users/shizihan/DailyUse/Github/InkMarkdown/.scratch/architecture-deepening-2026-09-07/evidence/20260907-1415-ticket-27/consumer/DerivedData-InkMarkdownLaTeXConsumer/Build/Intermediates.noindex/cmark-gfm.build/Debug-iphonesimulator/cmark-gfm.build/Objects-normal/arm64/7187679823f38a2a940e0043cdf9d637-common-args.resp
    
    builtin-ScanDependencies -o /Users/shizihan/DailyUse/Github/InkMarkdown/.scratch/architecture-deepening-2026-09-07/evidence/20260907-1415-ticket-27/consumer/DerivedData-InkMarkdownLaTeXConsumer/Build/Intermediates.noindex/cmark-gfm.build/Debug-iphonesimulator/cmark-gfm.build/Objects-normal/arm64/plugin.o.scan -- /Applications/Xcode.app/Contents/Developer/Toolchains/XcodeDefault.xctoolchain/usr/bin/clang -x c -ivfsstatcache /Users/shizihan/DailyUse/Github/InkMarkdown/.scratch/architecture-deepening-2026-09-07/evidence/20260907-1415-ticket-27/consumer/DerivedData-InkMarkdownLaTeXConsumer/SDKStatCaches.noindex/iphonesimulator26.5-23F81a-6cfe768891a92b912361537c460fe42b.sdkstatcache -target arm64-apple-ios12.0-simulator -fmessage-length\=0 -fdiagnostics-show-note-include-stack -fmacro-backtrace-limit\=0 -fno-color-diagnostics -fmodules-prune-interval\=86400 -fmodules-prune-after\=345600 -fbuild-session-file\=/Users/shizihan/DailyUse/Github/InkMarkdown/.scratch/architecture-deepening-2026-09-07/evidence/20260907-1415-ticket-27/consumer/DerivedData-InkMarkdownLaTeXConsumer/ModuleCache.noindex/Session.modulevalidation -fmodules-validate-once-per-build-session -Wnon-modular-include-in-framework-module -Werror\=non-modular-include-in-framework-module -Wno-trigraphs -Wno-missing-field-initializers -Wno-missing-prototypes -Wno-return-type -Wno-missing-braces -Wparentheses -Wswitch -Wno-unused-function -Wno-unused-label -Wno-unused-parameter -Wno-unused-variable -Wunused-value -Wno-empty-body -Wno-uninitialized -Wno-unknown-pragmas -w -Wno-shadow -Wno-four-char-constants -Wno-conversion -Wno-constant-conversion -Wno-int-conversion -Wno-bool-conversion -Wno-enum-conversion -Wno-float-conversion -Wno-non-literal-null-conversion -Wno-objc-literal-conversion -Wshorten-64-to-32 -Wpointer-sign -Wno-newline-eof -Wno-implicit-fallthrough -isysroot /Applications/Xcode.app/Contents/Developer/Platforms/iPhoneSimulator.platform/Developer/SDKs/iPhoneSimulator26.5.sdk -fstrict-aliasing -Wdeprecated-declarations -Wno-sign-conversion -Wno-infinite-recursion -Wno-comma -Wno-block-capture-autoreleasing -Wno-strict-prototypes -Wno-semicolon-before-method-body -index-store-path /Users/shizihan/DailyUse/Github/InkMarkdown/.scratch/architecture-deepening-2026-09-07/evidence/20260907-1415-ticket-27/consumer/DerivedData-InkMarkdownLaTeXConsumer/Index.noindex/DataStore @/Users/shizihan/DailyUse/Github/InkMarkdown/.scratch/architecture-deepening-2026-09-07/evidence/20260907-1415-ticket-27/consumer/DerivedData-InkMarkdownLaTeXConsumer/Build/Intermediates.noindex/cmark-gfm.build/Debug-iphonesimulator/cmark-gfm.build/Objects-normal/arm64/7187679823f38a2a940e0043cdf9d637-common-args.resp -MMD -MT dependencies -MF /Users/shizihan/DailyUse/Github/InkMarkdown/.scratch/architecture-deepening-2026-09-07/evidence/20260907-1415-ticket-27/consumer/DerivedData-InkMarkdownLaTeXConsumer/Build/Intermediates.noindex/cmark-gfm.build/Debug-iphonesimulator/cmark-gfm.build/Objects-normal/arm64/plugin.d --serialize-diagnostics /Users/shizihan/DailyUse/Github/InkMarkdown/.scratch/architecture-deepening-2026-09-07/evidence/20260907-1415-ticket-27/consumer/DerivedData-InkMarkdownLaTeXConsumer/Build/Intermediates.noindex/cmark-gfm.build/Debug-iphonesimulator/cmark-gfm.build/Objects-normal/arm64/plugin.dia -c /Users/shizihan/DailyUse/Github/InkMarkdown/Packages/Caches/swift-cmark/src/plugin.c -o /Users/shizihan/DailyUse/Github/InkMarkdown/.scratch/architecture-deepening-2026-09-07/evidence/20260907-1415-ticket-27/consumer/DerivedData-InkMarkdownLaTeXConsumer/Build/Intermediates.noindex/cmark-gfm.build/Debug-iphonesimulator/cmark-gfm.build/Objects-normal/arm64/plugin.o -index-unit-output-path /cmark-gfm.build/Debug-iphonesimulator/cmark-gfm.build/Objects-normal/arm64/plugin.o

ScanDependencies /Users/shizihan/DailyUse/Github/InkMarkdown/.scratch/architecture-deepening-2026-09-07/evidence/20260907-1415-ticket-27/consumer/DerivedData-InkMarkdownLaTeXConsumer/Build/Intermediates.noindex/cmark-gfm.build/Debug-iphonesimulator/cmark-gfm.build/Objects-normal/arm64/plaintext.o /Users/shizihan/DailyUse/Github/InkMarkdown/Packages/Caches/swift-cmark/src/plaintext.c normal arm64 c com.apple.compilers.llvm.clang.1_0.compiler (in target 'cmark-gfm' from project 'cmark-gfm')
    cd /Users/shizihan/DailyUse/Github/InkMarkdown/.github/fixtures/consumer-smoke/.swiftpm/xcode
    
    Using response file: /Users/shizihan/DailyUse/Github/InkMarkdown/.scratch/architecture-deepening-2026-09-07/evidence/20260907-1415-ticket-27/consumer/DerivedData-InkMarkdownLaTeXConsumer/Build/Intermediates.noindex/cmark-gfm.build/Debug-iphonesimulator/cmark-gfm.build/Objects-normal/arm64/7187679823f38a2a940e0043cdf9d637-common-args.resp
    
    builtin-ScanDependencies -o /Users/shizihan/DailyUse/Github/InkMarkdown/.scratch/architecture-deepening-2026-09-07/evidence/20260907-1415-ticket-27/consumer/DerivedData-InkMarkdownLaTeXConsumer/Build/Intermediates.noindex/cmark-gfm.build/Debug-iphonesimulator/cmark-gfm.build/Objects-normal/arm64/plaintext.o.scan -- /Applications/Xcode.app/Contents/Developer/Toolchains/XcodeDefault.xctoolchain/usr/bin/clang -x c -ivfsstatcache /Users/shizihan/DailyUse/Github/InkMarkdown/.scratch/architecture-deepening-2026-09-07/evidence/20260907-1415-ticket-27/consumer/DerivedData-InkMarkdownLaTeXConsumer/SDKStatCaches.noindex/iphonesimulator26.5-23F81a-6cfe768891a92b912361537c460fe42b.sdkstatcache -target arm64-apple-ios12.0-simulator -fmessage-length\=0 -fdiagnostics-show-note-include-stack -fmacro-backtrace-limit\=0 -fno-color-diagnostics -fmodules-prune-interval\=86400 -fmodules-prune-after\=345600 -fbuild-session-file\=/Users/shizihan/DailyUse/Github/InkMarkdown/.scratch/architecture-deepening-2026-09-07/evidence/20260907-1415-ticket-27/consumer/DerivedData-InkMarkdownLaTeXConsumer/ModuleCache.noindex/Session.modulevalidation -fmodules-validate-once-per-build-session -Wnon-modular-include-in-framework-module -Werror\=non-modular-include-in-framework-module -Wno-trigraphs -Wno-missing-field-initializers -Wno-missing-prototypes -Wno-return-type -Wno-missing-braces -Wparentheses -Wswitch -Wno-unused-function -Wno-unused-label -Wno-unused-parameter -Wno-unused-variable -Wunused-value -Wno-empty-body -Wno-uninitialized -Wno-unknown-pragmas -w -Wno-shadow -Wno-four-char-constants -Wno-conversion -Wno-constant-conversion -Wno-int-conversion -Wno-bool-conversion -Wno-enum-conversion -Wno-float-conversion -Wno-non-literal-null-conversion -Wno-objc-literal-conversion -Wshorten-64-to-32 -Wpointer-sign -Wno-newline-eof -Wno-implicit-fallthrough -isysroot /Applications/Xcode.app/Contents/Developer/Platforms/iPhoneSimulator.platform/Developer/SDKs/iPhoneSimulator26.5.sdk -fstrict-aliasing -Wdeprecated-declarations -Wno-sign-conversion -Wno-infinite-recursion -Wno-comma -Wno-block-capture-autoreleasing -Wno-strict-prototypes -Wno-semicolon-before-method-body -index-store-path /Users/shizihan/DailyUse/Github/InkMarkdown/.scratch/architecture-deepening-2026-09-07/evidence/20260907-1415-ticket-27/consumer/DerivedData-InkMarkdownLaTeXConsumer/Index.noindex/DataStore @/Users/shizihan/DailyUse/Github/InkMarkdown/.scratch/architecture-deepening-2026-09-07/evidence/20260907-1415-ticket-27/consumer/DerivedData-InkMarkdownLaTeXConsumer/Build/Intermediates.noindex/cmark-gfm.build/Debug-iphonesimulator/cmark-gfm.build/Objects-normal/arm64/7187679823f38a2a940e0043cdf9d637-common-args.resp -MMD -MT dependencies -MF /Users/shizihan/DailyUse/Github/InkMarkdown/.scratch/architecture-deepening-2026-09-07/evidence/20260907-1415-ticket-27/consumer/DerivedData-InkMarkdownLaTeXConsumer/Build/Intermediates.noindex/cmark-gfm.build/Debug-iphonesimulator/cmark-gfm.build/Objects-normal/arm64/plaintext.d --serialize-diagnostics /Users/shizihan/DailyUse/Github/InkMarkdown/.scratch/architecture-deepening-2026-09-07/evidence/20260907-1415-ticket-27/consumer/DerivedData-InkMarkdownLaTeXConsumer/Build/Intermediates.noindex/cmark-gfm.build/Debug-iphonesimulator/cmark-gfm.build/Objects-normal/arm64/plaintext.dia -c /Users/shizihan/DailyUse/Github/InkMarkdown/Packages/Caches/swift-cmark/src/plaintext.c -o /Users/shizihan/DailyUse/Github/InkMarkdown/.scratch/architecture-deepening-2026-09-07/evidence/20260907-1415-ticket-27/consumer/DerivedData-InkMarkdownLaTeXConsumer/Build/Intermediates.noindex/cmark-gfm.build/Debug-iphonesimulator/cmark-gfm.build/Objects-normal/arm64/plaintext.o -index-unit-output-path /cmark-gfm.build/Debug-iphonesimulator/cmark-gfm.build/Objects-normal/arm64/plaintext.o

ScanDependencies /Users/shizihan/DailyUse/Github/InkMarkdown/.scratch/architecture-deepening-2026-09-07/evidence/20260907-1415-ticket-27/consumer/DerivedData-InkMarkdownLaTeXConsumer/Build/Intermediates.noindex/cmark-gfm.build/Debug-iphonesimulator/cmark-gfm.build/Objects-normal/arm64/node.o /Users/shizihan/DailyUse/Github/InkMarkdown/Packages/Caches/swift-cmark/src/node.c normal arm64 c com.apple.compilers.llvm.clang.1_0.compiler (in target 'cmark-gfm' from project 'cmark-gfm')
    cd /Users/shizihan/DailyUse/Github/InkMarkdown/.github/fixtures/consumer-smoke/.swiftpm/xcode
    
    Using response file: /Users/shizihan/DailyUse/Github/InkMarkdown/.scratch/architecture-deepening-2026-09-07/evidence/20260907-1415-ticket-27/consumer/DerivedData-InkMarkdownLaTeXConsumer/Build/Intermediates.noindex/cmark-gfm.build/Debug-iphonesimulator/cmark-gfm.build/Objects-normal/arm64/7187679823f38a2a940e0043cdf9d637-common-args.resp
    
    builtin-ScanDependencies -o /Users/shizihan/DailyUse/Github/InkMarkdown/.scratch/architecture-deepening-2026-09-07/evidence/20260907-1415-ticket-27/consumer/DerivedData-InkMarkdownLaTeXConsumer/Build/Intermediates.noindex/cmark-gfm.build/Debug-iphonesimulator/cmark-gfm.build/Objects-normal/arm64/node.o.scan -- /Applications/Xcode.app/Contents/Developer/Toolchains/XcodeDefault.xctoolchain/usr/bin/clang -x c -ivfsstatcache /Users/shizihan/DailyUse/Github/InkMarkdown/.scratch/architecture-deepening-2026-09-07/evidence/20260907-1415-ticket-27/consumer/DerivedData-InkMarkdownLaTeXConsumer/SDKStatCaches.noindex/iphonesimulator26.5-23F81a-6cfe768891a92b912361537c460fe42b.sdkstatcache -target arm64-apple-ios12.0-simulator -fmessage-length\=0 -fdiagnostics-show-note-include-stack -fmacro-backtrace-limit\=0 -fno-color-diagnostics -fmodules-prune-interval\=86400 -fmodules-prune-after\=345600 -fbuild-session-file\=/Users/shizihan/DailyUse/Github/InkMarkdown/.scratch/architecture-deepening-2026-09-07/evidence/20260907-1415-ticket-27/consumer/DerivedData-InkMarkdownLaTeXConsumer/ModuleCache.noindex/Session.modulevalidation -fmodules-validate-once-per-build-session -Wnon-modular-include-in-framework-module -Werror\=non-modular-include-in-framework-module -Wno-trigraphs -Wno-missing-field-initializers -Wno-missing-prototypes -Wno-return-type -Wno-missing-braces -Wparentheses -Wswitch -Wno-unused-function -Wno-unused-label -Wno-unused-parameter -Wno-unused-variable -Wunused-value -Wno-empty-body -Wno-uninitialized -Wno-unknown-pragmas -w -Wno-shadow -Wno-four-char-constants -Wno-conversion -Wno-constant-conversion -Wno-int-conversion -Wno-bool-conversion -Wno-enum-conversion -Wno-float-conversion -Wno-non-literal-null-conversion -Wno-objc-literal-conversion -Wshorten-64-to-32 -Wpointer-sign -Wno-newline-eof -Wno-implicit-fallthrough -isysroot /Applications/Xcode.app/Contents/Developer/Platforms/iPhoneSimulator.platform/Developer/SDKs/iPhoneSimulator26.5.sdk -fstrict-aliasing -Wdeprecated-declarations -Wno-sign-conversion -Wno-infinite-recursion -Wno-comma -Wno-block-capture-autoreleasing -Wno-strict-prototypes -Wno-semicolon-before-method-body -index-store-path /Users/shizihan/DailyUse/Github/InkMarkdown/.scratch/architecture-deepening-2026-09-07/evidence/20260907-1415-ticket-27/consumer/DerivedData-InkMarkdownLaTeXConsumer/Index.noindex/DataStore @/Users/shizihan/DailyUse/Github/InkMarkdown/.scratch/architecture-deepening-2026-09-07/evidence/20260907-1415-ticket-27/consumer/DerivedData-InkMarkdownLaTeXConsumer/Build/Intermediates.noindex/cmark-gfm.build/Debug-iphonesimulator/cmark-gfm.build/Objects-normal/arm64/7187679823f38a2a940e0043cdf9d637-common-args.resp -MMD -MT dependencies -MF /Users/shizihan/DailyUse/Github/InkMarkdown/.scratch/architecture-deepening-2026-09-07/evidence/20260907-1415-ticket-27/consumer/DerivedData-InkMarkdownLaTeXConsumer/Build/Intermediates.noindex/cmark-gfm.build/Debug-iphonesimulator/cmark-gfm.build/Objects-normal/arm64/node.d --serialize-diagnostics /Users/shizihan/DailyUse/Github/InkMarkdown/.scratch/architecture-deepening-2026-09-07/evidence/20260907-1415-ticket-27/consumer/DerivedData-InkMarkdownLaTeXConsumer/Build/Intermediates.noindex/cmark-gfm.build/Debug-iphonesimulator/cmark-gfm.build/Objects-normal/arm64/node.dia -c /Users/shizihan/DailyUse/Github/InkMarkdown/Packages/Caches/swift-cmark/src/node.c -o /Users/shizihan/DailyUse/Github/InkMarkdown/.scratch/architecture-deepening-2026-09-07/evidence/20260907-1415-ticket-27/consumer/DerivedData-InkMarkdownLaTeXConsumer/Build/Intermediates.noindex/cmark-gfm.build/Debug-iphonesimulator/cmark-gfm.build/Objects-normal/arm64/node.o -index-unit-output-path /cmark-gfm.build/Debug-iphonesimulator/cmark-gfm.build/Objects-normal/arm64/node.o

ScanDependencies /Users/shizihan/DailyUse/Github/InkMarkdown/.scratch/architecture-deepening-2026-09-07/evidence/20260907-1415-ticket-27/consumer/DerivedData-InkMarkdownLaTeXConsumer/Build/Intermediates.noindex/cmark-gfm.build/Debug-iphonesimulator/cmark-gfm.build/Objects-normal/arm64/map.o /Users/shizihan/DailyUse/Github/InkMarkdown/Packages/Caches/swift-cmark/src/map.c normal arm64 c com.apple.compilers.llvm.clang.1_0.compiler (in target 'cmark-gfm' from project 'cmark-gfm')
    cd /Users/shizihan/DailyUse/Github/InkMarkdown/.github/fixtures/consumer-smoke/.swiftpm/xcode
    
    Using response file: /Users/shizihan/DailyUse/Github/InkMarkdown/.scratch/architecture-deepening-2026-09-07/evidence/20260907-1415-ticket-27/consumer/DerivedData-InkMarkdownLaTeXConsumer/Build/Intermediates.noindex/cmark-gfm.build/Debug-iphonesimulator/cmark-gfm.build/Objects-normal/arm64/7187679823f38a2a940e0043cdf9d637-common-args.resp
    
    builtin-ScanDependencies -o /Users/shizihan/DailyUse/Github/InkMarkdown/.scratch/architecture-deepening-2026-09-07/evidence/20260907-1415-ticket-27/consumer/DerivedData-InkMarkdownLaTeXConsumer/Build/Intermediates.noindex/cmark-gfm.build/Debug-iphonesimulator/cmark-gfm.build/Objects-normal/arm64/map.o.scan -- /Applications/Xcode.app/Contents/Developer/Toolchains/XcodeDefault.xctoolchain/usr/bin/clang -x c -ivfsstatcache /Users/shizihan/DailyUse/Github/InkMarkdown/.scratch/architecture-deepening-2026-09-07/evidence/20260907-1415-ticket-27/consumer/DerivedData-InkMarkdownLaTeXConsumer/SDKStatCaches.noindex/iphonesimulator26.5-23F81a-6cfe768891a92b912361537c460fe42b.sdkstatcache -target arm64-apple-ios12.0-simulator -fmessage-length\=0 -fdiagnostics-show-note-include-stack -fmacro-backtrace-limit\=0 -fno-color-diagnostics -fmodules-prune-interval\=86400 -fmodules-prune-after\=345600 -fbuild-session-file\=/Users/shizihan/DailyUse/Github/InkMarkdown/.scratch/architecture-deepening-2026-09-07/evidence/20260907-1415-ticket-27/consumer/DerivedData-InkMarkdownLaTeXConsumer/ModuleCache.noindex/Session.modulevalidation -fmodules-validate-once-per-build-session -Wnon-modular-include-in-framework-module -Werror\=non-modular-include-in-framework-module -Wno-trigraphs -Wno-missing-field-initializers -Wno-missing-prototypes -Wno-return-type -Wno-missing-braces -Wparentheses -Wswitch -Wno-unused-function -Wno-unused-label -Wno-unused-parameter -Wno-unused-variable -Wunused-value -Wno-empty-body -Wno-uninitialized -Wno-unknown-pragmas -w -Wno-shadow -Wno-four-char-constants -Wno-conversion -Wno-constant-conversion -Wno-int-conversion -Wno-bool-conversion -Wno-enum-conversion -Wno-float-conversion -Wno-non-literal-null-conversion -Wno-objc-literal-conversion -Wshorten-64-to-32 -Wpointer-sign -Wno-newline-eof -Wno-implicit-fallthrough -isysroot /Applications/Xcode.app/Contents/Developer/Platforms/iPhoneSimulator.platform/Developer/SDKs/iPhoneSimulator26.5.sdk -fstrict-aliasing -Wdeprecated-declarations -Wno-sign-conversion -Wno-infinite-recursion -Wno-comma -Wno-block-capture-autoreleasing -Wno-strict-prototypes -Wno-semicolon-before-method-body -index-store-path /Users/shizihan/DailyUse/Github/InkMarkdown/.scratch/architecture-deepening-2026-09-07/evidence/20260907-1415-ticket-27/consumer/DerivedData-InkMarkdownLaTeXConsumer/Index.noindex/DataStore @/Users/shizihan/DailyUse/Github/InkMarkdown/.scratch/architecture-deepening-2026-09-07/evidence/20260907-1415-ticket-27/consumer/DerivedData-InkMarkdownLaTeXConsumer/Build/Intermediates.noindex/cmark-gfm.build/Debug-iphonesimulator/cmark-gfm.build/Objects-normal/arm64/7187679823f38a2a940e0043cdf9d637-common-args.resp -MMD -MT dependencies -MF /Users/shizihan/DailyUse/Github/InkMarkdown/.scratch/architecture-deepening-2026-09-07/evidence/20260907-1415-ticket-27/consumer/DerivedData-InkMarkdownLaTeXConsumer/Build/Intermediates.noindex/cmark-gfm.build/Debug-iphonesimulator/cmark-gfm.build/Objects-normal/arm64/map.d --serialize-diagnostics /Users/shizihan/DailyUse/Github/InkMarkdown/.scratch/architecture-deepening-2026-09-07/evidence/20260907-1415-ticket-27/consumer/DerivedData-InkMarkdownLaTeXConsumer/Build/Intermediates.noindex/cmark-gfm.build/Debug-iphonesimulator/cmark-gfm.build/Objects-normal/arm64/map.dia -c /Users/shizihan/DailyUse/Github/InkMarkdown/Packages/Caches/swift-cmark/src/map.c -o /Users/shizihan/DailyUse/Github/InkMarkdown/.scratch/architecture-deepening-2026-09-07/evidence/20260907-1415-ticket-27/consumer/DerivedData-InkMarkdownLaTeXConsumer/Build/Intermediates.noindex/cmark-gfm.build/Debug-iphonesimulator/cmark-gfm.build/Objects-normal/arm64/map.o -index-unit-output-path /cmark-gfm.build/Debug-iphonesimulator/cmark-gfm.build/Objects-normal/arm64/map.o

ScanDependencies /Users/shizihan/DailyUse/Github/InkMarkdown/.scratch/architecture-deepening-2026-09-07/evidence/20260907-1415-ticket-27/consumer/DerivedData-InkMarkdownLaTeXConsumer/Build/Intermediates.noindex/cmark-gfm.build/Debug-iphonesimulator/cmark-gfm.build/Objects-normal/arm64/man.o /Users/shizihan/DailyUse/Github/InkMarkdown/Packages/Caches/swift-cmark/src/man.c normal arm64 c com.apple.compilers.llvm.clang.1_0.compiler (in target 'cmark-gfm' from project 'cmark-gfm')
    cd /Users/shizihan/DailyUse/Github/InkMarkdown/.github/fixtures/consumer-smoke/.swiftpm/xcode
    
    Using response file: /Users/shizihan/DailyUse/Github/InkMarkdown/.scratch/architecture-deepening-2026-09-07/evidence/20260907-1415-ticket-27/consumer/DerivedData-InkMarkdownLaTeXConsumer/Build/Intermediates.noindex/cmark-gfm.build/Debug-iphonesimulator/cmark-gfm.build/Objects-normal/arm64/7187679823f38a2a940e0043cdf9d637-common-args.resp
    
    builtin-ScanDependencies -o /Users/shizihan/DailyUse/Github/InkMarkdown/.scratch/architecture-deepening-2026-09-07/evidence/20260907-1415-ticket-27/consumer/DerivedData-InkMarkdownLaTeXConsumer/Build/Intermediates.noindex/cmark-gfm.build/Debug-iphonesimulator/cmark-gfm.build/Objects-normal/arm64/man.o.scan -- /Applications/Xcode.app/Contents/Developer/Toolchains/XcodeDefault.xctoolchain/usr/bin/clang -x c -ivfsstatcache /Users/shizihan/DailyUse/Github/InkMarkdown/.scratch/architecture-deepening-2026-09-07/evidence/20260907-1415-ticket-27/consumer/DerivedData-InkMarkdownLaTeXConsumer/SDKStatCaches.noindex/iphonesimulator26.5-23F81a-6cfe768891a92b912361537c460fe42b.sdkstatcache -target arm64-apple-ios12.0-simulator -fmessage-length\=0 -fdiagnostics-show-note-include-stack -fmacro-backtrace-limit\=0 -fno-color-diagnostics -fmodules-prune-interval\=86400 -fmodules-prune-after\=345600 -fbuild-session-file\=/Users/shizihan/DailyUse/Github/InkMarkdown/.scratch/architecture-deepening-2026-09-07/evidence/20260907-1415-ticket-27/consumer/DerivedData-InkMarkdownLaTeXConsumer/ModuleCache.noindex/Session.modulevalidation -fmodules-validate-once-per-build-session -Wnon-modular-include-in-framework-module -Werror\=non-modular-include-in-framework-module -Wno-trigraphs -Wno-missing-field-initializers -Wno-missing-prototypes -Wno-return-type -Wno-missing-braces -Wparentheses -Wswitch -Wno-unused-function -Wno-unused-label -Wno-unused-parameter -Wno-unused-variable -Wunused-value -Wno-empty-body -Wno-uninitialized -Wno-unknown-pragmas -w -Wno-shadow -Wno-four-char-constants -Wno-conversion -Wno-constant-conversion -Wno-int-conversion -Wno-bool-conversion -Wno-enum-conversion -Wno-float-conversion -Wno-non-literal-null-conversion -Wno-objc-literal-conversion -Wshorten-64-to-32 -Wpointer-sign -Wno-newline-eof -Wno-implicit-fallthrough -isysroot /Applications/Xcode.app/Contents/Developer/Platforms/iPhoneSimulator.platform/Developer/SDKs/iPhoneSimulator26.5.sdk -fstrict-aliasing -Wdeprecated-declarations -Wno-sign-conversion -Wno-infinite-recursion -Wno-comma -Wno-block-capture-autoreleasing -Wno-strict-prototypes -Wno-semicolon-before-method-body -index-store-path /Users/shizihan/DailyUse/Github/InkMarkdown/.scratch/architecture-deepening-2026-09-07/evidence/20260907-1415-ticket-27/consumer/DerivedData-InkMarkdownLaTeXConsumer/Index.noindex/DataStore @/Users/shizihan/DailyUse/Github/InkMarkdown/.scratch/architecture-deepening-2026-09-07/evidence/20260907-1415-ticket-27/consumer/DerivedData-InkMarkdownLaTeXConsumer/Build/Intermediates.noindex/cmark-gfm.build/Debug-iphonesimulator/cmark-gfm.build/Objects-normal/arm64/7187679823f38a2a940e0043cdf9d637-common-args.resp -MMD -MT dependencies -MF /Users/shizihan/DailyUse/Github/InkMarkdown/.scratch/architecture-deepening-2026-09-07/evidence/20260907-1415-ticket-27/consumer/DerivedData-InkMarkdownLaTeXConsumer/Build/Intermediates.noindex/cmark-gfm.build/Debug-iphonesimulator/cmark-gfm.build/Objects-normal/arm64/man.d --serialize-diagnostics /Users/shizihan/DailyUse/Github/InkMarkdown/.scratch/architecture-deepening-2026-09-07/evidence/20260907-1415-ticket-27/consumer/DerivedData-InkMarkdownLaTeXConsumer/Build/Intermediates.noindex/cmark-gfm.build/Debug-iphonesimulator/cmark-gfm.build/Objects-normal/arm64/man.dia -c /Users/shizihan/DailyUse/Github/InkMarkdown/Packages/Caches/swift-cmark/src/man.c -o /Users/shizihan/DailyUse/Github/InkMarkdown/.scratch/architecture-deepening-2026-09-07/evidence/20260907-1415-ticket-27/consumer/DerivedData-InkMarkdownLaTeXConsumer/Build/Intermediates.noindex/cmark-gfm.build/Debug-iphonesimulator/cmark-gfm.build/Objects-normal/arm64/man.o -index-unit-output-path /cmark-gfm.build/Debug-iphonesimulator/cmark-gfm.build/Objects-normal/arm64/man.o

ScanDependencies /Users/shizihan/DailyUse/Github/InkMarkdown/.scratch/architecture-deepening-2026-09-07/evidence/20260907-1415-ticket-27/consumer/DerivedData-InkMarkdownLaTeXConsumer/Build/Intermediates.noindex/cmark-gfm.build/Debug-iphonesimulator/cmark-gfm.build/Objects-normal/arm64/linked_list.o /Users/shizihan/DailyUse/Github/InkMarkdown/Packages/Caches/swift-cmark/src/linked_list.c normal arm64 c com.apple.compilers.llvm.clang.1_0.compiler (in target 'cmark-gfm' from project 'cmark-gfm')
    cd /Users/shizihan/DailyUse/Github/InkMarkdown/.github/fixtures/consumer-smoke/.swiftpm/xcode
    
    Using response file: /Users/shizihan/DailyUse/Github/InkMarkdown/.scratch/architecture-deepening-2026-09-07/evidence/20260907-1415-ticket-27/consumer/DerivedData-InkMarkdownLaTeXConsumer/Build/Intermediates.noindex/cmark-gfm.build/Debug-iphonesimulator/cmark-gfm.build/Objects-normal/arm64/7187679823f38a2a940e0043cdf9d637-common-args.resp
    
    builtin-ScanDependencies -o /Users/shizihan/DailyUse/Github/InkMarkdown/.scratch/architecture-deepening-2026-09-07/evidence/20260907-1415-ticket-27/consumer/DerivedData-InkMarkdownLaTeXConsumer/Build/Intermediates.noindex/cmark-gfm.build/Debug-iphonesimulator/cmark-gfm.build/Objects-normal/arm64/linked_list.o.scan -- /Applications/Xcode.app/Contents/Developer/Toolchains/XcodeDefault.xctoolchain/usr/bin/clang -x c -ivfsstatcache /Users/shizihan/DailyUse/Github/InkMarkdown/.scratch/architecture-deepening-2026-09-07/evidence/20260907-1415-ticket-27/consumer/DerivedData-InkMarkdownLaTeXConsumer/SDKStatCaches.noindex/iphonesimulator26.5-23F81a-6cfe768891a92b912361537c460fe42b.sdkstatcache -target arm64-apple-ios12.0-simulator -fmessage-length\=0 -fdiagnostics-show-note-include-stack -fmacro-backtrace-limit\=0 -fno-color-diagnostics -fmodules-prune-interval\=86400 -fmodules-prune-after\=345600 -fbuild-session-file\=/Users/shizihan/DailyUse/Github/InkMarkdown/.scratch/architecture-deepening-2026-09-07/evidence/20260907-1415-ticket-27/consumer/DerivedData-InkMarkdownLaTeXConsumer/ModuleCache.noindex/Session.modulevalidation -fmodules-validate-once-per-build-session -Wnon-modular-include-in-framework-module -Werror\=non-modular-include-in-framework-module -Wno-trigraphs -Wno-missing-field-initializers -Wno-missing-prototypes -Wno-return-type -Wno-missing-braces -Wparentheses -Wswitch -Wno-unused-function -Wno-unused-label -Wno-unused-parameter -Wno-unused-variable -Wunused-value -Wno-empty-body -Wno-uninitialized -Wno-unknown-pragmas -w -Wno-shadow -Wno-four-char-constants -Wno-conversion -Wno-constant-conversion -Wno-int-conversion -Wno-bool-conversion -Wno-enum-conversion -Wno-float-conversion -Wno-non-literal-null-conversion -Wno-objc-literal-conversion -Wshorten-64-to-32 -Wpointer-sign -Wno-newline-eof -Wno-implicit-fallthrough -isysroot /Applications/Xcode.app/Contents/Developer/Platforms/iPhoneSimulator.platform/Developer/SDKs/iPhoneSimulator26.5.sdk -fstrict-aliasing -Wdeprecated-declarations -Wno-sign-conversion -Wno-infinite-recursion -Wno-comma -Wno-block-capture-autoreleasing -Wno-strict-prototypes -Wno-semicolon-before-method-body -index-store-path /Users/shizihan/DailyUse/Github/InkMarkdown/.scratch/architecture-deepening-2026-09-07/evidence/20260907-1415-ticket-27/consumer/DerivedData-InkMarkdownLaTeXConsumer/Index.noindex/DataStore @/Users/shizihan/DailyUse/Github/InkMarkdown/.scratch/architecture-deepening-2026-09-07/evidence/20260907-1415-ticket-27/consumer/DerivedData-InkMarkdownLaTeXConsumer/Build/Intermediates.noindex/cmark-gfm.build/Debug-iphonesimulator/cmark-gfm.build/Objects-normal/arm64/7187679823f38a2a940e0043cdf9d637-common-args.resp -MMD -MT dependencies -MF /Users/shizihan/DailyUse/Github/InkMarkdown/.scratch/architecture-deepening-2026-09-07/evidence/20260907-1415-ticket-27/consumer/DerivedData-InkMarkdownLaTeXConsumer/Build/Intermediates.noindex/cmark-gfm.build/Debug-iphonesimulator/cmark-gfm.build/Objects-normal/arm64/linked_list.d --serialize-diagnostics /Users/shizihan/DailyUse/Github/InkMarkdown/.scratch/architecture-deepening-2026-09-07/evidence/20260907-1415-ticket-27/consumer/DerivedData-InkMarkdownLaTeXConsumer/Build/Intermediates.noindex/cmark-gfm.build/Debug-iphonesimulator/cmark-gfm.build/Objects-normal/arm64/linked_list.dia -c /Users/shizihan/DailyUse/Github/InkMarkdown/Packages/Caches/swift-cmark/src/linked_list.c -o /Users/shizihan/DailyUse/Github/InkMarkdown/.scratch/architecture-deepening-2026-09-07/evidence/20260907-1415-ticket-27/consumer/DerivedData-InkMarkdownLaTeXConsumer/Build/Intermediates.noindex/cmark-gfm.build/Debug-iphonesimulator/cmark-gfm.build/Objects-normal/arm64/linked_list.o -index-unit-output-path /cmark-gfm.build/Debug-iphonesimulator/cmark-gfm.build/Objects-normal/arm64/linked_list.o

ScanDependencies /Users/shizihan/DailyUse/Github/InkMarkdown/.scratch/architecture-deepening-2026-09-07/evidence/20260907-1415-ticket-27/consumer/DerivedData-InkMarkdownLaTeXConsumer/Build/Intermediates.noindex/cmark-gfm.build/Debug-iphonesimulator/cmark-gfm.build/Objects-normal/arm64/latex.o /Users/shizihan/DailyUse/Github/InkMarkdown/Packages/Caches/swift-cmark/src/latex.c normal arm64 c com.apple.compilers.llvm.clang.1_0.compiler (in target 'cmark-gfm' from project 'cmark-gfm')
    cd /Users/shizihan/DailyUse/Github/InkMarkdown/.github/fixtures/consumer-smoke/.swiftpm/xcode
    
    Using response file: /Users/shizihan/DailyUse/Github/InkMarkdown/.scratch/architecture-deepening-2026-09-07/evidence/20260907-1415-ticket-27/consumer/DerivedData-InkMarkdownLaTeXConsumer/Build/Intermediates.noindex/cmark-gfm.build/Debug-iphonesimulator/cmark-gfm.build/Objects-normal/arm64/7187679823f38a2a940e0043cdf9d637-common-args.resp
    
    builtin-ScanDependencies -o /Users/shizihan/DailyUse/Github/InkMarkdown/.scratch/architecture-deepening-2026-09-07/evidence/20260907-1415-ticket-27/consumer/DerivedData-InkMarkdownLaTeXConsumer/Build/Intermediates.noindex/cmark-gfm.build/Debug-iphonesimulator/cmark-gfm.build/Objects-normal/arm64/latex.o.scan -- /Applications/Xcode.app/Contents/Developer/Toolchains/XcodeDefault.xctoolchain/usr/bin/clang -x c -ivfsstatcache /Users/shizihan/DailyUse/Github/InkMarkdown/.scratch/architecture-deepening-2026-09-07/evidence/20260907-1415-ticket-27/consumer/DerivedData-InkMarkdownLaTeXConsumer/SDKStatCaches.noindex/iphonesimulator26.5-23F81a-6cfe768891a92b912361537c460fe42b.sdkstatcache -target arm64-apple-ios12.0-simulator -fmessage-length\=0 -fdiagnostics-show-note-include-stack -fmacro-backtrace-limit\=0 -fno-color-diagnostics -fmodules-prune-interval\=86400 -fmodules-prune-after\=345600 -fbuild-session-file\=/Users/shizihan/DailyUse/Github/InkMarkdown/.scratch/architecture-deepening-2026-09-07/evidence/20260907-1415-ticket-27/consumer/DerivedData-InkMarkdownLaTeXConsumer/ModuleCache.noindex/Session.modulevalidation -fmodules-validate-once-per-build-session -Wnon-modular-include-in-framework-module -Werror\=non-modular-include-in-framework-module -Wno-trigraphs -Wno-missing-field-initializers -Wno-missing-prototypes -Wno-return-type -Wno-missing-braces -Wparentheses -Wswitch -Wno-unused-function -Wno-unused-label -Wno-unused-parameter -Wno-unused-variable -Wunused-value -Wno-empty-body -Wno-uninitialized -Wno-unknown-pragmas -w -Wno-shadow -Wno-four-char-constants -Wno-conversion -Wno-constant-conversion -Wno-int-conversion -Wno-bool-conversion -Wno-enum-conversion -Wno-float-conversion -Wno-non-literal-null-conversion -Wno-objc-literal-conversion -Wshorten-64-to-32 -Wpointer-sign -Wno-newline-eof -Wno-implicit-fallthrough -isysroot /Applications/Xcode.app/Contents/Developer/Platforms/iPhoneSimulator.platform/Developer/SDKs/iPhoneSimulator26.5.sdk -fstrict-aliasing -Wdeprecated-declarations -Wno-sign-conversion -Wno-infinite-recursion -Wno-comma -Wno-block-capture-autoreleasing -Wno-strict-prototypes -Wno-semicolon-before-method-body -index-store-path /Users/shizihan/DailyUse/Github/InkMarkdown/.scratch/architecture-deepening-2026-09-07/evidence/20260907-1415-ticket-27/consumer/DerivedData-InkMarkdownLaTeXConsumer/Index.noindex/DataStore @/Users/shizihan/DailyUse/Github/InkMarkdown/.scratch/architecture-deepening-2026-09-07/evidence/20260907-1415-ticket-27/consumer/DerivedData-InkMarkdownLaTeXConsumer/Build/Intermediates.noindex/cmark-gfm.build/Debug-iphonesimulator/cmark-gfm.build/Objects-normal/arm64/7187679823f38a2a940e0043cdf9d637-common-args.resp -MMD -MT dependencies -MF /Users/shizihan/DailyUse/Github/InkMarkdown/.scratch/architecture-deepening-2026-09-07/evidence/20260907-1415-ticket-27/consumer/DerivedData-InkMarkdownLaTeXConsumer/Build/Intermediates.noindex/cmark-gfm.build/Debug-iphonesimulator/cmark-gfm.build/Objects-normal/arm64/latex.d --serialize-diagnostics /Users/shizihan/DailyUse/Github/InkMarkdown/.scratch/architecture-deepening-2026-09-07/evidence/20260907-1415-ticket-27/consumer/DerivedData-InkMarkdownLaTeXConsumer/Build/Intermediates.noindex/cmark-gfm.build/Debug-iphonesimulator/cmark-gfm.build/Objects-normal/arm64/latex.dia -c /Users/shizihan/DailyUse/Github/InkMarkdown/Packages/Caches/swift-cmark/src/latex.c -o /Users/shizihan/DailyUse/Github/InkMarkdown/.scratch/architecture-deepening-2026-09-07/evidence/20260907-1415-ticket-27/consumer/DerivedData-InkMarkdownLaTeXConsumer/Build/Intermediates.noindex/cmark-gfm.build/Debug-iphonesimulator/cmark-gfm.build/Objects-normal/arm64/latex.o -index-unit-output-path /cmark-gfm.build/Debug-iphonesimulator/cmark-gfm.build/Objects-normal/arm64/latex.o

ScanDependencies /Users/shizihan/DailyUse/Github/InkMarkdown/.scratch/architecture-deepening-2026-09-07/evidence/20260907-1415-ticket-27/consumer/DerivedData-InkMarkdownLaTeXConsumer/Build/Intermediates.noindex/cmark-gfm.build/Debug-iphonesimulator/cmark-gfm.build/Objects-normal/arm64/iterator.o /Users/shizihan/DailyUse/Github/InkMarkdown/Packages/Caches/swift-cmark/src/iterator.c normal arm64 c com.apple.compilers.llvm.clang.1_0.compiler (in target 'cmark-gfm' from project 'cmark-gfm')
    cd /Users/shizihan/DailyUse/Github/InkMarkdown/.github/fixtures/consumer-smoke/.swiftpm/xcode
    
    Using response file: /Users/shizihan/DailyUse/Github/InkMarkdown/.scratch/architecture-deepening-2026-09-07/evidence/20260907-1415-ticket-27/consumer/DerivedData-InkMarkdownLaTeXConsumer/Build/Intermediates.noindex/cmark-gfm.build/Debug-iphonesimulator/cmark-gfm.build/Objects-normal/arm64/7187679823f38a2a940e0043cdf9d637-common-args.resp
    
    builtin-ScanDependencies -o /Users/shizihan/DailyUse/Github/InkMarkdown/.scratch/architecture-deepening-2026-09-07/evidence/20260907-1415-ticket-27/consumer/DerivedData-InkMarkdownLaTeXConsumer/Build/Intermediates.noindex/cmark-gfm.build/Debug-iphonesimulator/cmark-gfm.build/Objects-normal/arm64/iterator.o.scan -- /Applications/Xcode.app/Contents/Developer/Toolchains/XcodeDefault.xctoolchain/usr/bin/clang -x c -ivfsstatcache /Users/shizihan/DailyUse/Github/InkMarkdown/.scratch/architecture-deepening-2026-09-07/evidence/20260907-1415-ticket-27/consumer/DerivedData-InkMarkdownLaTeXConsumer/SDKStatCaches.noindex/iphonesimulator26.5-23F81a-6cfe768891a92b912361537c460fe42b.sdkstatcache -target arm64-apple-ios12.0-simulator -fmessage-length\=0 -fdiagnostics-show-note-include-stack -fmacro-backtrace-limit\=0 -fno-color-diagnostics -fmodules-prune-interval\=86400 -fmodules-prune-after\=345600 -fbuild-session-file\=/Users/shizihan/DailyUse/Github/InkMarkdown/.scratch/architecture-deepening-2026-09-07/evidence/20260907-1415-ticket-27/consumer/DerivedData-InkMarkdownLaTeXConsumer/ModuleCache.noindex/Session.modulevalidation -fmodules-validate-once-per-build-session -Wnon-modular-include-in-framework-module -Werror\=non-modular-include-in-framework-module -Wno-trigraphs -Wno-missing-field-initializers -Wno-missing-prototypes -Wno-return-type -Wno-missing-braces -Wparentheses -Wswitch -Wno-unused-function -Wno-unused-label -Wno-unused-parameter -Wno-unused-variable -Wunused-value -Wno-empty-body -Wno-uninitialized -Wno-unknown-pragmas -w -Wno-shadow -Wno-four-char-constants -Wno-conversion -Wno-constant-conversion -Wno-int-conversion -Wno-bool-conversion -Wno-enum-conversion -Wno-float-conversion -Wno-non-literal-null-conversion -Wno-objc-literal-conversion -Wshorten-64-to-32 -Wpointer-sign -Wno-newline-eof -Wno-implicit-fallthrough -isysroot /Applications/Xcode.app/Contents/Developer/Platforms/iPhoneSimulator.platform/Developer/SDKs/iPhoneSimulator26.5.sdk -fstrict-aliasing -Wdeprecated-declarations -Wno-sign-conversion -Wno-infinite-recursion -Wno-comma -Wno-block-capture-autoreleasing -Wno-strict-prototypes -Wno-semicolon-before-method-body -index-store-path /Users/shizihan/DailyUse/Github/InkMarkdown/.scratch/architecture-deepening-2026-09-07/evidence/20260907-1415-ticket-27/consumer/DerivedData-InkMarkdownLaTeXConsumer/Index.noindex/DataStore @/Users/shizihan/DailyUse/Github/InkMarkdown/.scratch/architecture-deepening-2026-09-07/evidence/20260907-1415-ticket-27/consumer/DerivedData-InkMarkdownLaTeXConsumer/Build/Intermediates.noindex/cmark-gfm.build/Debug-iphonesimulator/cmark-gfm.build/Objects-normal/arm64/7187679823f38a2a940e0043cdf9d637-common-args.resp -MMD -MT dependencies -MF /Users/shizihan/DailyUse/Github/InkMarkdown/.scratch/architecture-deepening-2026-09-07/evidence/20260907-1415-ticket-27/consumer/DerivedData-InkMarkdownLaTeXConsumer/Build/Intermediates.noindex/cmark-gfm.build/Debug-iphonesimulator/cmark-gfm.build/Objects-normal/arm64/iterator.d --serialize-diagnostics /Users/shizihan/DailyUse/Github/InkMarkdown/.scratch/architecture-deepening-2026-09-07/evidence/20260907-1415-ticket-27/consumer/DerivedData-InkMarkdownLaTeXConsumer/Build/Intermediates.noindex/cmark-gfm.build/Debug-iphonesimulator/cmark-gfm.build/Objects-normal/arm64/iterator.dia -c /Users/shizihan/DailyUse/Github/InkMarkdown/Packages/Caches/swift-cmark/src/iterator.c -o /Users/shizihan/DailyUse/Github/InkMarkdown/.scratch/architecture-deepening-2026-09-07/evidence/20260907-1415-ticket-27/consumer/DerivedData-InkMarkdownLaTeXConsumer/Build/Intermediates.noindex/cmark-gfm.build/Debug-iphonesimulator/cmark-gfm.build/Objects-normal/arm64/iterator.o -index-unit-output-path /cmark-gfm.build/Debug-iphonesimulator/cmark-gfm.build/Objects-normal/arm64/iterator.o

ScanDependencies /Users/shizihan/DailyUse/Github/InkMarkdown/.scratch/architecture-deepening-2026-09-07/evidence/20260907-1415-ticket-27/consumer/DerivedData-InkMarkdownLaTeXConsumer/Build/Intermediates.noindex/cmark-gfm.build/Debug-iphonesimulator/cmark-gfm.build/Objects-normal/arm64/inlines.o /Users/shizihan/DailyUse/Github/InkMarkdown/Packages/Caches/swift-cmark/src/inlines.c normal arm64 c com.apple.compilers.llvm.clang.1_0.compiler (in target 'cmark-gfm' from project 'cmark-gfm')
    cd /Users/shizihan/DailyUse/Github/InkMarkdown/.github/fixtures/consumer-smoke/.swiftpm/xcode
    
    Using response file: /Users/shizihan/DailyUse/Github/InkMarkdown/.scratch/architecture-deepening-2026-09-07/evidence/20260907-1415-ticket-27/consumer/DerivedData-InkMarkdownLaTeXConsumer/Build/Intermediates.noindex/cmark-gfm.build/Debug-iphonesimulator/cmark-gfm.build/Objects-normal/arm64/7187679823f38a2a940e0043cdf9d637-common-args.resp
    
    builtin-ScanDependencies -o /Users/shizihan/DailyUse/Github/InkMarkdown/.scratch/architecture-deepening-2026-09-07/evidence/20260907-1415-ticket-27/consumer/DerivedData-InkMarkdownLaTeXConsumer/Build/Intermediates.noindex/cmark-gfm.build/Debug-iphonesimulator/cmark-gfm.build/Objects-normal/arm64/inlines.o.scan -- /Applications/Xcode.app/Contents/Developer/Toolchains/XcodeDefault.xctoolchain/usr/bin/clang -x c -ivfsstatcache /Users/shizihan/DailyUse/Github/InkMarkdown/.scratch/architecture-deepening-2026-09-07/evidence/20260907-1415-ticket-27/consumer/DerivedData-InkMarkdownLaTeXConsumer/SDKStatCaches.noindex/iphonesimulator26.5-23F81a-6cfe768891a92b912361537c460fe42b.sdkstatcache -target arm64-apple-ios12.0-simulator -fmessage-length\=0 -fdiagnostics-show-note-include-stack -fmacro-backtrace-limit\=0 -fno-color-diagnostics -fmodules-prune-interval\=86400 -fmodules-prune-after\=345600 -fbuild-session-file\=/Users/shizihan/DailyUse/Github/InkMarkdown/.scratch/architecture-deepening-2026-09-07/evidence/20260907-1415-ticket-27/consumer/DerivedData-InkMarkdownLaTeXConsumer/ModuleCache.noindex/Session.modulevalidation -fmodules-validate-once-per-build-session -Wnon-modular-include-in-framework-module -Werror\=non-modular-include-in-framework-module -Wno-trigraphs -Wno-missing-field-initializers -Wno-missing-prototypes -Wno-return-type -Wno-missing-braces -Wparentheses -Wswitch -Wno-unused-function -Wno-unused-label -Wno-unused-parameter -Wno-unused-variable -Wunused-value -Wno-empty-body -Wno-uninitialized -Wno-unknown-pragmas -w -Wno-shadow -Wno-four-char-constants -Wno-conversion -Wno-constant-conversion -Wno-int-conversion -Wno-bool-conversion -Wno-enum-conversion -Wno-float-conversion -Wno-non-literal-null-conversion -Wno-objc-literal-conversion -Wshorten-64-to-32 -Wpointer-sign -Wno-newline-eof -Wno-implicit-fallthrough -isysroot /Applications/Xcode.app/Contents/Developer/Platforms/iPhoneSimulator.platform/Developer/SDKs/iPhoneSimulator26.5.sdk -fstrict-aliasing -Wdeprecated-declarations -Wno-sign-conversion -Wno-infinite-recursion -Wno-comma -Wno-block-capture-autoreleasing -Wno-strict-prototypes -Wno-semicolon-before-method-body -index-store-path /Users/shizihan/DailyUse/Github/InkMarkdown/.scratch/architecture-deepening-2026-09-07/evidence/20260907-1415-ticket-27/consumer/DerivedData-InkMarkdownLaTeXConsumer/Index.noindex/DataStore @/Users/shizihan/DailyUse/Github/InkMarkdown/.scratch/architecture-deepening-2026-09-07/evidence/20260907-1415-ticket-27/consumer/DerivedData-InkMarkdownLaTeXConsumer/Build/Intermediates.noindex/cmark-gfm.build/Debug-iphonesimulator/cmark-gfm.build/Objects-normal/arm64/7187679823f38a2a940e0043cdf9d637-common-args.resp -MMD -MT dependencies -MF /Users/shizihan/DailyUse/Github/InkMarkdown/.scratch/architecture-deepening-2026-09-07/evidence/20260907-1415-ticket-27/consumer/DerivedData-InkMarkdownLaTeXConsumer/Build/Intermediates.noindex/cmark-gfm.build/Debug-iphonesimulator/cmark-gfm.build/Objects-normal/arm64/inlines.d --serialize-diagnostics /Users/shizihan/DailyUse/Github/InkMarkdown/.scratch/architecture-deepening-2026-09-07/evidence/20260907-1415-ticket-27/consumer/DerivedData-InkMarkdownLaTeXConsumer/Build/Intermediates.noindex/cmark-gfm.build/Debug-iphonesimulator/cmark-gfm.build/Objects-normal/arm64/inlines.dia -c /Users/shizihan/DailyUse/Github/InkMarkdown/Packages/Caches/swift-cmark/src/inlines.c -o /Users/shizihan/DailyUse/Github/InkMarkdown/.scratch/architecture-deepening-2026-09-07/evidence/20260907-1415-ticket-27/consumer/DerivedData-InkMarkdownLaTeXConsumer/Build/Intermediates.noindex/cmark-gfm.build/Debug-iphonesimulator/cmark-gfm.build/Objects-normal/arm64/inlines.o -index-unit-output-path /cmark-gfm.build/Debug-iphonesimulator/cmark-gfm.build/Objects-normal/arm64/inlines.o

ScanDependencies /Users/shizihan/DailyUse/Github/InkMarkdown/.scratch/architecture-deepening-2026-09-07/evidence/20260907-1415-ticket-27/consumer/DerivedData-InkMarkdownLaTeXConsumer/Build/Intermediates.noindex/cmark-gfm.build/Debug-iphonesimulator/cmark-gfm.build/Objects-normal/arm64/html.o /Users/shizihan/DailyUse/Github/InkMarkdown/Packages/Caches/swift-cmark/src/html.c normal arm64 c com.apple.compilers.llvm.clang.1_0.compiler (in target 'cmark-gfm' from project 'cmark-gfm')
    cd /Users/shizihan/DailyUse/Github/InkMarkdown/.github/fixtures/consumer-smoke/.swiftpm/xcode
    
    Using response file: /Users/shizihan/DailyUse/Github/InkMarkdown/.scratch/architecture-deepening-2026-09-07/evidence/20260907-1415-ticket-27/consumer/DerivedData-InkMarkdownLaTeXConsumer/Build/Intermediates.noindex/cmark-gfm.build/Debug-iphonesimulator/cmark-gfm.build/Objects-normal/arm64/7187679823f38a2a940e0043cdf9d637-common-args.resp
    
    builtin-ScanDependencies -o /Users/shizihan/DailyUse/Github/InkMarkdown/.scratch/architecture-deepening-2026-09-07/evidence/20260907-1415-ticket-27/consumer/DerivedData-InkMarkdownLaTeXConsumer/Build/Intermediates.noindex/cmark-gfm.build/Debug-iphonesimulator/cmark-gfm.build/Objects-normal/arm64/html.o.scan -- /Applications/Xcode.app/Contents/Developer/Toolchains/XcodeDefault.xctoolchain/usr/bin/clang -x c -ivfsstatcache /Users/shizihan/DailyUse/Github/InkMarkdown/.scratch/architecture-deepening-2026-09-07/evidence/20260907-1415-ticket-27/consumer/DerivedData-InkMarkdownLaTeXConsumer/SDKStatCaches.noindex/iphonesimulator26.5-23F81a-6cfe768891a92b912361537c460fe42b.sdkstatcache -target arm64-apple-ios12.0-simulator -fmessage-length\=0 -fdiagnostics-show-note-include-stack -fmacro-backtrace-limit\=0 -fno-color-diagnostics -fmodules-prune-interval\=86400 -fmodules-prune-after\=345600 -fbuild-session-file\=/Users/shizihan/DailyUse/Github/InkMarkdown/.scratch/architecture-deepening-2026-09-07/evidence/20260907-1415-ticket-27/consumer/DerivedData-InkMarkdownLaTeXConsumer/ModuleCache.noindex/Session.modulevalidation -fmodules-validate-once-per-build-session -Wnon-modular-include-in-framework-module -Werror\=non-modular-include-in-framework-module -Wno-trigraphs -Wno-missing-field-initializers -Wno-missing-prototypes -Wno-return-type -Wno-missing-braces -Wparentheses -Wswitch -Wno-unused-function -Wno-unused-label -Wno-unused-parameter -Wno-unused-variable -Wunused-value -Wno-empty-body -Wno-uninitialized -Wno-unknown-pragmas -w -Wno-shadow -Wno-four-char-constants -Wno-conversion -Wno-constant-conversion -Wno-int-conversion -Wno-bool-conversion -Wno-enum-conversion -Wno-float-conversion -Wno-non-literal-null-conversion -Wno-objc-literal-conversion -Wshorten-64-to-32 -Wpointer-sign -Wno-newline-eof -Wno-implicit-fallthrough -isysroot /Applications/Xcode.app/Contents/Developer/Platforms/iPhoneSimulator.platform/Developer/SDKs/iPhoneSimulator26.5.sdk -fstrict-aliasing -Wdeprecated-declarations -Wno-sign-conversion -Wno-infinite-recursion -Wno-comma -Wno-block-capture-autoreleasing -Wno-strict-prototypes -Wno-semicolon-before-method-body -index-store-path /Users/shizihan/DailyUse/Github/InkMarkdown/.scratch/architecture-deepening-2026-09-07/evidence/20260907-1415-ticket-27/consumer/DerivedData-InkMarkdownLaTeXConsumer/Index.noindex/DataStore @/Users/shizihan/DailyUse/Github/InkMarkdown/.scratch/architecture-deepening-2026-09-07/evidence/20260907-1415-ticket-27/consumer/DerivedData-InkMarkdownLaTeXConsumer/Build/Intermediates.noindex/cmark-gfm.build/Debug-iphonesimulator/cmark-gfm.build/Objects-normal/arm64/7187679823f38a2a940e0043cdf9d637-common-args.resp -MMD -MT dependencies -MF /Users/shizihan/DailyUse/Github/InkMarkdown/.scratch/architecture-deepening-2026-09-07/evidence/20260907-1415-ticket-27/consumer/DerivedData-InkMarkdownLaTeXConsumer/Build/Intermediates.noindex/cmark-gfm.build/Debug-iphonesimulator/cmark-gfm.build/Objects-normal/arm64/html.d --serialize-diagnostics /Users/shizihan/DailyUse/Github/InkMarkdown/.scratch/architecture-deepening-2026-09-07/evidence/20260907-1415-ticket-27/consumer/DerivedData-InkMarkdownLaTeXConsumer/Build/Intermediates.noindex/cmark-gfm.build/Debug-iphonesimulator/cmark-gfm.build/Objects-normal/arm64/html.dia -c /Users/shizihan/DailyUse/Github/InkMarkdown/Packages/Caches/swift-cmark/src/html.c -o /Users/shizihan/DailyUse/Github/InkMarkdown/.scratch/architecture-deepening-2026-09-07/evidence/20260907-1415-ticket-27/consumer/DerivedData-InkMarkdownLaTeXConsumer/Build/Intermediates.noindex/cmark-gfm.build/Debug-iphonesimulator/cmark-gfm.build/Objects-normal/arm64/html.o -index-unit-output-path /cmark-gfm.build/Debug-iphonesimulator/cmark-gfm.build/Objects-normal/arm64/html.o

PrecompileModule /Users/shizihan/DailyUse/Github/InkMarkdown/.scratch/architecture-deepening-2026-09-07/evidence/20260907-1415-ticket-27/consumer/DerivedData-InkMarkdownLaTeXConsumer/Build/Intermediates.noindex/ExplicitPrecompiledModules/_DarwinFoundation1-8HQJT9XFKVWBFXW8KAHXJLMR3.scan
    cd /
    builtin-precompileModule /Users/shizihan/DailyUse/Github/InkMarkdown/.scratch/architecture-deepening-2026-09-07/evidence/20260907-1415-ticket-27/consumer/DerivedData-InkMarkdownLaTeXConsumer/Build/Intermediates.noindex/ExplicitPrecompiledModules/_DarwinFoundation1-8HQJT9XFKVWBFXW8KAHXJLMR3.scan

ScanDependencies /Users/shizihan/DailyUse/Github/InkMarkdown/.scratch/architecture-deepening-2026-09-07/evidence/20260907-1415-ticket-27/consumer/DerivedData-InkMarkdownLaTeXConsumer/Build/Intermediates.noindex/cmark-gfm.build/Debug-iphonesimulator/cmark-gfm.build/Objects-normal/arm64/houdini_html_u.o /Users/shizihan/DailyUse/Github/InkMarkdown/Packages/Caches/swift-cmark/src/houdini_html_u.c normal arm64 c com.apple.compilers.llvm.clang.1_0.compiler (in target 'cmark-gfm' from project 'cmark-gfm')
    cd /Users/shizihan/DailyUse/Github/InkMarkdown/.github/fixtures/consumer-smoke/.swiftpm/xcode
    
    Using response file: /Users/shizihan/DailyUse/Github/InkMarkdown/.scratch/architecture-deepening-2026-09-07/evidence/20260907-1415-ticket-27/consumer/DerivedData-InkMarkdownLaTeXConsumer/Build/Intermediates.noindex/cmark-gfm.build/Debug-iphonesimulator/cmark-gfm.build/Objects-normal/arm64/7187679823f38a2a940e0043cdf9d637-common-args.resp
    
    builtin-ScanDependencies -o /Users/shizihan/DailyUse/Github/InkMarkdown/.scratch/architecture-deepening-2026-09-07/evidence/20260907-1415-ticket-27/consumer/DerivedData-InkMarkdownLaTeXConsumer/Build/Intermediates.noindex/cmark-gfm.build/Debug-iphonesimulator/cmark-gfm.build/Objects-normal/arm64/houdini_html_u.o.scan -- /Applications/Xcode.app/Contents/Developer/Toolchains/XcodeDefault.xctoolchain/usr/bin/clang -x c -ivfsstatcache /Users/shizihan/DailyUse/Github/InkMarkdown/.scratch/architecture-deepening-2026-09-07/evidence/20260907-1415-ticket-27/consumer/DerivedData-InkMarkdownLaTeXConsumer/SDKStatCaches.noindex/iphonesimulator26.5-23F81a-6cfe768891a92b912361537c460fe42b.sdkstatcache -target arm64-apple-ios12.0-simulator -fmessage-length\=0 -fdiagnostics-show-note-include-stack -fmacro-backtrace-limit\=0 -fno-color-diagnostics -fmodules-prune-interval\=86400 -fmodules-prune-after\=345600 -fbuild-session-file\=/Users/shizihan/DailyUse/Github/InkMarkdown/.scratch/architecture-deepening-2026-09-07/evidence/20260907-1415-ticket-27/consumer/DerivedData-InkMarkdownLaTeXConsumer/ModuleCache.noindex/Session.modulevalidation -fmodules-validate-once-per-build-session -Wnon-modular-include-in-framework-module -Werror\=non-modular-include-in-framework-module -Wno-trigraphs -Wno-missing-field-initializers -Wno-missing-prototypes -Wno-return-type -Wno-missing-braces -Wparentheses -Wswitch -Wno-unused-function -Wno-unused-label -Wno-unused-parameter -Wno-unused-variable -Wunused-value -Wno-empty-body -Wno-uninitialized -Wno-unknown-pragmas -w -Wno-shadow -Wno-four-char-constants -Wno-conversion -Wno-constant-conversion -Wno-int-conversion -Wno-bool-conversion -Wno-enum-conversion -Wno-float-conversion -Wno-non-literal-null-conversion -Wno-objc-literal-conversion -Wshorten-64-to-32 -Wpointer-sign -Wno-newline-eof -Wno-implicit-fallthrough -isysroot /Applications/Xcode.app/Contents/Developer/Platforms/iPhoneSimulator.platform/Developer/SDKs/iPhoneSimulator26.5.sdk -fstrict-aliasing -Wdeprecated-declarations -Wno-sign-conversion -Wno-infinite-recursion -Wno-comma -Wno-block-capture-autoreleasing -Wno-strict-prototypes -Wno-semicolon-before-method-body -index-store-path /Users/shizihan/DailyUse/Github/InkMarkdown/.scratch/architecture-deepening-2026-09-07/evidence/20260907-1415-ticket-27/consumer/DerivedData-InkMarkdownLaTeXConsumer/Index.noindex/DataStore @/Users/shizihan/DailyUse/Github/InkMarkdown/.scratch/architecture-deepening-2026-09-07/evidence/20260907-1415-ticket-27/consumer/DerivedData-InkMarkdownLaTeXConsumer/Build/Intermediates.noindex/cmark-gfm.build/Debug-iphonesimulator/cmark-gfm.build/Objects-normal/arm64/7187679823f38a2a940e0043cdf9d637-common-args.resp -MMD -MT dependencies -MF /Users/shizihan/DailyUse/Github/InkMarkdown/.scratch/architecture-deepening-2026-09-07/evidence/20260907-1415-ticket-27/consumer/DerivedData-InkMarkdownLaTeXConsumer/Build/Intermediates.noindex/cmark-gfm.build/Debug-iphonesimulator/cmark-gfm.build/Objects-normal/arm64/houdini_html_u.d --serialize-diagnostics /Users/shizihan/DailyUse/Github/InkMarkdown/.scratch/architecture-deepening-2026-09-07/evidence/20260907-1415-ticket-27/consumer/DerivedData-InkMarkdownLaTeXConsumer/Build/Intermediates.noindex/cmark-gfm.build/Debug-iphonesimulator/cmark-gfm.build/Objects-normal/arm64/houdini_html_u.dia -c /Users/shizihan/DailyUse/Github/InkMarkdown/Packages/Caches/swift-cmark/src/houdini_html_u.c -o /Users/shizihan/DailyUse/Github/InkMarkdown/.scratch/architecture-deepening-2026-09-07/evidence/20260907-1415-ticket-27/consumer/DerivedData-InkMarkdownLaTeXConsumer/Build/Intermediates.noindex/cmark-gfm.build/Debug-iphonesimulator/cmark-gfm.build/Objects-normal/arm64/houdini_html_u.o -index-unit-output-path /cmark-gfm.build/Debug-iphonesimulator/cmark-gfm.build/Objects-normal/arm64/houdini_html_u.o

ScanDependencies /Users/shizihan/DailyUse/Github/InkMarkdown/.scratch/architecture-deepening-2026-09-07/evidence/20260907-1415-ticket-27/consumer/DerivedData-InkMarkdownLaTeXConsumer/Build/Intermediates.noindex/cmark-gfm.build/Debug-iphonesimulator/cmark-gfm.build/Objects-normal/arm64/houdini_html_e.o /Users/shizihan/DailyUse/Github/InkMarkdown/Packages/Caches/swift-cmark/src/houdini_html_e.c normal arm64 c com.apple.compilers.llvm.clang.1_0.compiler (in target 'cmark-gfm' from project 'cmark-gfm')
    cd /Users/shizihan/DailyUse/Github/InkMarkdown/.github/fixtures/consumer-smoke/.swiftpm/xcode
    
    Using response file: /Users/shizihan/DailyUse/Github/InkMarkdown/.scratch/architecture-deepening-2026-09-07/evidence/20260907-1415-ticket-27/consumer/DerivedData-InkMarkdownLaTeXConsumer/Build/Intermediates.noindex/cmark-gfm.build/Debug-iphonesimulator/cmark-gfm.build/Objects-normal/arm64/7187679823f38a2a940e0043cdf9d637-common-args.resp
    
    builtin-ScanDependencies -o /Users/shizihan/DailyUse/Github/InkMarkdown/.scratch/architecture-deepening-2026-09-07/evidence/20260907-1415-ticket-27/consumer/DerivedData-InkMarkdownLaTeXConsumer/Build/Intermediates.noindex/cmark-gfm.build/Debug-iphonesimulator/cmark-gfm.build/Objects-normal/arm64/houdini_html_e.o.scan -- /Applications/Xcode.app/Contents/Developer/Toolchains/XcodeDefault.xctoolchain/usr/bin/clang -x c -ivfsstatcache /Users/shizihan/DailyUse/Github/InkMarkdown/.scratch/architecture-deepening-2026-09-07/evidence/20260907-1415-ticket-27/consumer/DerivedData-InkMarkdownLaTeXConsumer/SDKStatCaches.noindex/iphonesimulator26.5-23F81a-6cfe768891a92b912361537c460fe42b.sdkstatcache -target arm64-apple-ios12.0-simulator -fmessage-length\=0 -fdiagnostics-show-note-include-stack -fmacro-backtrace-limit\=0 -fno-color-diagnostics -fmodules-prune-interval\=86400 -fmodules-prune-after\=345600 -fbuild-session-file\=/Users/shizihan/DailyUse/Github/InkMarkdown/.scratch/architecture-deepening-2026-09-07/evidence/20260907-1415-ticket-27/consumer/DerivedData-InkMarkdownLaTeXConsumer/ModuleCache.noindex/Session.modulevalidation -fmodules-validate-once-per-build-session -Wnon-modular-include-in-framework-module -Werror\=non-modular-include-in-framework-module -Wno-trigraphs -Wno-missing-field-initializers -Wno-missing-prototypes -Wno-return-type -Wno-missing-braces -Wparentheses -Wswitch -Wno-unused-function -Wno-unused-label -Wno-unused-parameter -Wno-unused-variable -Wunused-value -Wno-empty-body -Wno-uninitialized -Wno-unknown-pragmas -w -Wno-shadow -Wno-four-char-constants -Wno-conversion -Wno-constant-conversion -Wno-int-conversion -Wno-bool-conversion -Wno-enum-conversion -Wno-float-conversion -Wno-non-literal-null-conversion -Wno-objc-literal-conversion -Wshorten-64-to-32 -Wpointer-sign -Wno-newline-eof -Wno-implicit-fallthrough -isysroot /Applications/Xcode.app/Contents/Developer/Platforms/iPhoneSimulator.platform/Developer/SDKs/iPhoneSimulator26.5.sdk -fstrict-aliasing -Wdeprecated-declarations -Wno-sign-conversion -Wno-infinite-recursion -Wno-comma -Wno-block-capture-autoreleasing -Wno-strict-prototypes -Wno-semicolon-before-method-body -index-store-path /Users/shizihan/DailyUse/Github/InkMarkdown/.scratch/architecture-deepening-2026-09-07/evidence/20260907-1415-ticket-27/consumer/DerivedData-InkMarkdownLaTeXConsumer/Index.noindex/DataStore @/Users/shizihan/DailyUse/Github/InkMarkdown/.scratch/architecture-deepening-2026-09-07/evidence/20260907-1415-ticket-27/consumer/DerivedData-InkMarkdownLaTeXConsumer/Build/Intermediates.noindex/cmark-gfm.build/Debug-iphonesimulator/cmark-gfm.build/Objects-normal/arm64/7187679823f38a2a940e0043cdf9d637-common-args.resp -MMD -MT dependencies -MF /Users/shizihan/DailyUse/Github/InkMarkdown/.scratch/architecture-deepening-2026-09-07/evidence/20260907-1415-ticket-27/consumer/DerivedData-InkMarkdownLaTeXConsumer/Build/Intermediates.noindex/cmark-gfm.build/Debug-iphonesimulator/cmark-gfm.build/Objects-normal/arm64/houdini_html_e.d --serialize-diagnostics /Users/shizihan/DailyUse/Github/InkMarkdown/.scratch/architecture-deepening-2026-09-07/evidence/20260907-1415-ticket-27/consumer/DerivedData-InkMarkdownLaTeXConsumer/Build/Intermediates.noindex/cmark-gfm.build/Debug-iphonesimulator/cmark-gfm.build/Objects-normal/arm64/houdini_html_e.dia -c /Users/shizihan/DailyUse/Github/InkMarkdown/Packages/Caches/swift-cmark/src/houdini_html_e.c -o /Users/shizihan/DailyUse/Github/InkMarkdown/.scratch/architecture-deepening-2026-09-07/evidence/20260907-1415-ticket-27/consumer/DerivedData-InkMarkdownLaTeXConsumer/Build/Intermediates.noindex/cmark-gfm.build/Debug-iphonesimulator/cmark-gfm.build/Objects-normal/arm64/houdini_html_e.o -index-unit-output-path /cmark-gfm.build/Debug-iphonesimulator/cmark-gfm.build/Objects-normal/arm64/houdini_html_e.o

ScanDependencies /Users/shizihan/DailyUse/Github/InkMarkdown/.scratch/architecture-deepening-2026-09-07/evidence/20260907-1415-ticket-27/consumer/DerivedData-InkMarkdownLaTeXConsumer/Build/Intermediates.noindex/cmark-gfm.build/Debug-iphonesimulator/cmark-gfm.build/Objects-normal/arm64/houdini_href_e.o /Users/shizihan/DailyUse/Github/InkMarkdown/Packages/Caches/swift-cmark/src/houdini_href_e.c normal arm64 c com.apple.compilers.llvm.clang.1_0.compiler (in target 'cmark-gfm' from project 'cmark-gfm')
    cd /Users/shizihan/DailyUse/Github/InkMarkdown/.github/fixtures/consumer-smoke/.swiftpm/xcode
    
    Using response file: /Users/shizihan/DailyUse/Github/InkMarkdown/.scratch/architecture-deepening-2026-09-07/evidence/20260907-1415-ticket-27/consumer/DerivedData-InkMarkdownLaTeXConsumer/Build/Intermediates.noindex/cmark-gfm.build/Debug-iphonesimulator/cmark-gfm.build/Objects-normal/arm64/7187679823f38a2a940e0043cdf9d637-common-args.resp
    
    builtin-ScanDependencies -o /Users/shizihan/DailyUse/Github/InkMarkdown/.scratch/architecture-deepening-2026-09-07/evidence/20260907-1415-ticket-27/consumer/DerivedData-InkMarkdownLaTeXConsumer/Build/Intermediates.noindex/cmark-gfm.build/Debug-iphonesimulator/cmark-gfm.build/Objects-normal/arm64/houdini_href_e.o.scan -- /Applications/Xcode.app/Contents/Developer/Toolchains/XcodeDefault.xctoolchain/usr/bin/clang -x c -ivfsstatcache /Users/shizihan/DailyUse/Github/InkMarkdown/.scratch/architecture-deepening-2026-09-07/evidence/20260907-1415-ticket-27/consumer/DerivedData-InkMarkdownLaTeXConsumer/SDKStatCaches.noindex/iphonesimulator26.5-23F81a-6cfe768891a92b912361537c460fe42b.sdkstatcache -target arm64-apple-ios12.0-simulator -fmessage-length\=0 -fdiagnostics-show-note-include-stack -fmacro-backtrace-limit\=0 -fno-color-diagnostics -fmodules-prune-interval\=86400 -fmodules-prune-after\=345600 -fbuild-session-file\=/Users/shizihan/DailyUse/Github/InkMarkdown/.scratch/architecture-deepening-2026-09-07/evidence/20260907-1415-ticket-27/consumer/DerivedData-InkMarkdownLaTeXConsumer/ModuleCache.noindex/Session.modulevalidation -fmodules-validate-once-per-build-session -Wnon-modular-include-in-framework-module -Werror\=non-modular-include-in-framework-module -Wno-trigraphs -Wno-missing-field-initializers -Wno-missing-prototypes -Wno-return-type -Wno-missing-braces -Wparentheses -Wswitch -Wno-unused-function -Wno-unused-label -Wno-unused-parameter -Wno-unused-variable -Wunused-value -Wno-empty-body -Wno-uninitialized -Wno-unknown-pragmas -w -Wno-shadow -Wno-four-char-constants -Wno-conversion -Wno-constant-conversion -Wno-int-conversion -Wno-bool-conversion -Wno-enum-conversion -Wno-float-conversion -Wno-non-literal-null-conversion -Wno-objc-literal-conversion -Wshorten-64-to-32 -Wpointer-sign -Wno-newline-eof -Wno-implicit-fallthrough -isysroot /Applications/Xcode.app/Contents/Developer/Platforms/iPhoneSimulator.platform/Developer/SDKs/iPhoneSimulator26.5.sdk -fstrict-aliasing -Wdeprecated-declarations -Wno-sign-conversion -Wno-infinite-recursion -Wno-comma -Wno-block-capture-autoreleasing -Wno-strict-prototypes -Wno-semicolon-before-method-body -index-store-path /Users/shizihan/DailyUse/Github/InkMarkdown/.scratch/architecture-deepening-2026-09-07/evidence/20260907-1415-ticket-27/consumer/DerivedData-InkMarkdownLaTeXConsumer/Index.noindex/DataStore @/Users/shizihan/DailyUse/Github/InkMarkdown/.scratch/architecture-deepening-2026-09-07/evidence/20260907-1415-ticket-27/consumer/DerivedData-InkMarkdownLaTeXConsumer/Build/Intermediates.noindex/cmark-gfm.build/Debug-iphonesimulator/cmark-gfm.build/Objects-normal/arm64/7187679823f38a2a940e0043cdf9d637-common-args.resp -MMD -MT dependencies -MF /Users/shizihan/DailyUse/Github/InkMarkdown/.scratch/architecture-deepening-2026-09-07/evidence/20260907-1415-ticket-27/consumer/DerivedData-InkMarkdownLaTeXConsumer/Build/Intermediates.noindex/cmark-gfm.build/Debug-iphonesimulator/cmark-gfm.build/Objects-normal/arm64/houdini_href_e.d --serialize-diagnostics /Users/shizihan/DailyUse/Github/InkMarkdown/.scratch/architecture-deepening-2026-09-07/evidence/20260907-1415-ticket-27/consumer/DerivedData-InkMarkdownLaTeXConsumer/Build/Intermediates.noindex/cmark-gfm.build/Debug-iphonesimulator/cmark-gfm.build/Objects-normal/arm64/houdini_href_e.dia -c /Users/shizihan/DailyUse/Github/InkMarkdown/Packages/Caches/swift-cmark/src/houdini_href_e.c -o /Users/shizihan/DailyUse/Github/InkMarkdown/.scratch/architecture-deepening-2026-09-07/evidence/20260907-1415-ticket-27/consumer/DerivedData-InkMarkdownLaTeXConsumer/Build/Intermediates.noindex/cmark-gfm.build/Debug-iphonesimulator/cmark-gfm.build/Objects-normal/arm64/houdini_href_e.o -index-unit-output-path /cmark-gfm.build/Debug-iphonesimulator/cmark-gfm.build/Objects-normal/arm64/houdini_href_e.o

ScanDependencies /Users/shizihan/DailyUse/Github/InkMarkdown/.scratch/architecture-deepening-2026-09-07/evidence/20260907-1415-ticket-27/consumer/DerivedData-InkMarkdownLaTeXConsumer/Build/Intermediates.noindex/cmark-gfm.build/Debug-iphonesimulator/cmark-gfm.build/Objects-normal/arm64/footnotes.o /Users/shizihan/DailyUse/Github/InkMarkdown/Packages/Caches/swift-cmark/src/footnotes.c normal arm64 c com.apple.compilers.llvm.clang.1_0.compiler (in target 'cmark-gfm' from project 'cmark-gfm')
    cd /Users/shizihan/DailyUse/Github/InkMarkdown/.github/fixtures/consumer-smoke/.swiftpm/xcode
    
    Using response file: /Users/shizihan/DailyUse/Github/InkMarkdown/.scratch/architecture-deepening-2026-09-07/evidence/20260907-1415-ticket-27/consumer/DerivedData-InkMarkdownLaTeXConsumer/Build/Intermediates.noindex/cmark-gfm.build/Debug-iphonesimulator/cmark-gfm.build/Objects-normal/arm64/7187679823f38a2a940e0043cdf9d637-common-args.resp
    
    builtin-ScanDependencies -o /Users/shizihan/DailyUse/Github/InkMarkdown/.scratch/architecture-deepening-2026-09-07/evidence/20260907-1415-ticket-27/consumer/DerivedData-InkMarkdownLaTeXConsumer/Build/Intermediates.noindex/cmark-gfm.build/Debug-iphonesimulator/cmark-gfm.build/Objects-normal/arm64/footnotes.o.scan -- /Applications/Xcode.app/Contents/Developer/Toolchains/XcodeDefault.xctoolchain/usr/bin/clang -x c -ivfsstatcache /Users/shizihan/DailyUse/Github/InkMarkdown/.scratch/architecture-deepening-2026-09-07/evidence/20260907-1415-ticket-27/consumer/DerivedData-InkMarkdownLaTeXConsumer/SDKStatCaches.noindex/iphonesimulator26.5-23F81a-6cfe768891a92b912361537c460fe42b.sdkstatcache -target arm64-apple-ios12.0-simulator -fmessage-length\=0 -fdiagnostics-show-note-include-stack -fmacro-backtrace-limit\=0 -fno-color-diagnostics -fmodules-prune-interval\=86400 -fmodules-prune-after\=345600 -fbuild-session-file\=/Users/shizihan/DailyUse/Github/InkMarkdown/.scratch/architecture-deepening-2026-09-07/evidence/20260907-1415-ticket-27/consumer/DerivedData-InkMarkdownLaTeXConsumer/ModuleCache.noindex/Session.modulevalidation -fmodules-validate-once-per-build-session -Wnon-modular-include-in-framework-module -Werror\=non-modular-include-in-framework-module -Wno-trigraphs -Wno-missing-field-initializers -Wno-missing-prototypes -Wno-return-type -Wno-missing-braces -Wparentheses -Wswitch -Wno-unused-function -Wno-unused-label -Wno-unused-parameter -Wno-unused-variable -Wunused-value -Wno-empty-body -Wno-uninitialized -Wno-unknown-pragmas -w -Wno-shadow -Wno-four-char-constants -Wno-conversion -Wno-constant-conversion -Wno-int-conversion -Wno-bool-conversion -Wno-enum-conversion -Wno-float-conversion -Wno-non-literal-null-conversion -Wno-objc-literal-conversion -Wshorten-64-to-32 -Wpointer-sign -Wno-newline-eof -Wno-implicit-fallthrough -isysroot /Applications/Xcode.app/Contents/Developer/Platforms/iPhoneSimulator.platform/Developer/SDKs/iPhoneSimulator26.5.sdk -fstrict-aliasing -Wdeprecated-declarations -Wno-sign-conversion -Wno-infinite-recursion -Wno-comma -Wno-block-capture-autoreleasing -Wno-strict-prototypes -Wno-semicolon-before-method-body -index-store-path /Users/shizihan/DailyUse/Github/InkMarkdown/.scratch/architecture-deepening-2026-09-07/evidence/20260907-1415-ticket-27/consumer/DerivedData-InkMarkdownLaTeXConsumer/Index.noindex/DataStore @/Users/shizihan/DailyUse/Github/InkMarkdown/.scratch/architecture-deepening-2026-09-07/evidence/20260907-1415-ticket-27/consumer/DerivedData-InkMarkdownLaTeXConsumer/Build/Intermediates.noindex/cmark-gfm.build/Debug-iphonesimulator/cmark-gfm.build/Objects-normal/arm64/7187679823f38a2a940e0043cdf9d637-common-args.resp -MMD -MT dependencies -MF /Users/shizihan/DailyUse/Github/InkMarkdown/.scratch/architecture-deepening-2026-09-07/evidence/20260907-1415-ticket-27/consumer/DerivedData-InkMarkdownLaTeXConsumer/Build/Intermediates.noindex/cmark-gfm.build/Debug-iphonesimulator/cmark-gfm.build/Objects-normal/arm64/footnotes.d --serialize-diagnostics /Users/shizihan/DailyUse/Github/InkMarkdown/.scratch/architecture-deepening-2026-09-07/evidence/20260907-1415-ticket-27/consumer/DerivedData-InkMarkdownLaTeXConsumer/Build/Intermediates.noindex/cmark-gfm.build/Debug-iphonesimulator/cmark-gfm.build/Objects-normal/arm64/footnotes.dia -c /Users/shizihan/DailyUse/Github/InkMarkdown/Packages/Caches/swift-cmark/src/footnotes.c -o /Users/shizihan/DailyUse/Github/InkMarkdown/.scratch/architecture-deepening-2026-09-07/evidence/20260907-1415-ticket-27/consumer/DerivedData-InkMarkdownLaTeXConsumer/Build/Intermediates.noindex/cmark-gfm.build/Debug-iphonesimulator/cmark-gfm.build/Objects-normal/arm64/footnotes.o -index-unit-output-path /cmark-gfm.build/Debug-iphonesimulator/cmark-gfm.build/Objects-normal/arm64/footnotes.o

ScanDependencies /Users/shizihan/DailyUse/Github/InkMarkdown/.scratch/architecture-deepening-2026-09-07/evidence/20260907-1415-ticket-27/consumer/DerivedData-InkMarkdownLaTeXConsumer/Build/Intermediates.noindex/cmark-gfm.build/Debug-iphonesimulator/cmark-gfm.build/Objects-normal/arm64/commonmark.o /Users/shizihan/DailyUse/Github/InkMarkdown/Packages/Caches/swift-cmark/src/commonmark.c normal arm64 c com.apple.compilers.llvm.clang.1_0.compiler (in target 'cmark-gfm' from project 'cmark-gfm')
    cd /Users/shizihan/DailyUse/Github/InkMarkdown/.github/fixtures/consumer-smoke/.swiftpm/xcode
    
    Using response file: /Users/shizihan/DailyUse/Github/InkMarkdown/.scratch/architecture-deepening-2026-09-07/evidence/20260907-1415-ticket-27/consumer/DerivedData-InkMarkdownLaTeXConsumer/Build/Intermediates.noindex/cmark-gfm.build/Debug-iphonesimulator/cmark-gfm.build/Objects-normal/arm64/7187679823f38a2a940e0043cdf9d637-common-args.resp
    
    builtin-ScanDependencies -o /Users/shizihan/DailyUse/Github/InkMarkdown/.scratch/architecture-deepening-2026-09-07/evidence/20260907-1415-ticket-27/consumer/DerivedData-InkMarkdownLaTeXConsumer/Build/Intermediates.noindex/cmark-gfm.build/Debug-iphonesimulator/cmark-gfm.build/Objects-normal/arm64/commonmark.o.scan -- /Applications/Xcode.app/Contents/Developer/Toolchains/XcodeDefault.xctoolchain/usr/bin/clang -x c -ivfsstatcache /Users/shizihan/DailyUse/Github/InkMarkdown/.scratch/architecture-deepening-2026-09-07/evidence/20260907-1415-ticket-27/consumer/DerivedData-InkMarkdownLaTeXConsumer/SDKStatCaches.noindex/iphonesimulator26.5-23F81a-6cfe768891a92b912361537c460fe42b.sdkstatcache -target arm64-apple-ios12.0-simulator -fmessage-length\=0 -fdiagnostics-show-note-include-stack -fmacro-backtrace-limit\=0 -fno-color-diagnostics -fmodules-prune-interval\=86400 -fmodules-prune-after\=345600 -fbuild-session-file\=/Users/shizihan/DailyUse/Github/InkMarkdown/.scratch/architecture-deepening-2026-09-07/evidence/20260907-1415-ticket-27/consumer/DerivedData-InkMarkdownLaTeXConsumer/ModuleCache.noindex/Session.modulevalidation -fmodules-validate-once-per-build-session -Wnon-modular-include-in-framework-module -Werror\=non-modular-include-in-framework-module -Wno-trigraphs -Wno-missing-field-initializers -Wno-missing-prototypes -Wno-return-type -Wno-missing-braces -Wparentheses -Wswitch -Wno-unused-function -Wno-unused-label -Wno-unused-parameter -Wno-unused-variable -Wunused-value -Wno-empty-body -Wno-uninitialized -Wno-unknown-pragmas -w -Wno-shadow -Wno-four-char-constants -Wno-conversion -Wno-constant-conversion -Wno-int-conversion -Wno-bool-conversion -Wno-enum-conversion -Wno-float-conversion -Wno-non-literal-null-conversion -Wno-objc-literal-conversion -Wshorten-64-to-32 -Wpointer-sign -Wno-newline-eof -Wno-implicit-fallthrough -isysroot /Applications/Xcode.app/Contents/Developer/Platforms/iPhoneSimulator.platform/Developer/SDKs/iPhoneSimulator26.5.sdk -fstrict-aliasing -Wdeprecated-declarations -Wno-sign-conversion -Wno-infinite-recursion -Wno-comma -Wno-block-capture-autoreleasing -Wno-strict-prototypes -Wno-semicolon-before-method-body -index-store-path /Users/shizihan/DailyUse/Github/InkMarkdown/.scratch/architecture-deepening-2026-09-07/evidence/20260907-1415-ticket-27/consumer/DerivedData-InkMarkdownLaTeXConsumer/Index.noindex/DataStore @/Users/shizihan/DailyUse/Github/InkMarkdown/.scratch/architecture-deepening-2026-09-07/evidence/20260907-1415-ticket-27/consumer/DerivedData-InkMarkdownLaTeXConsumer/Build/Intermediates.noindex/cmark-gfm.build/Debug-iphonesimulator/cmark-gfm.build/Objects-normal/arm64/7187679823f38a2a940e0043cdf9d637-common-args.resp -MMD -MT dependencies -MF /Users/shizihan/DailyUse/Github/InkMarkdown/.scratch/architecture-deepening-2026-09-07/evidence/20260907-1415-ticket-27/consumer/DerivedData-InkMarkdownLaTeXConsumer/Build/Intermediates.noindex/cmark-gfm.build/Debug-iphonesimulator/cmark-gfm.build/Objects-normal/arm64/commonmark.d --serialize-diagnostics /Users/shizihan/DailyUse/Github/InkMarkdown/.scratch/architecture-deepening-2026-09-07/evidence/20260907-1415-ticket-27/consumer/DerivedData-InkMarkdownLaTeXConsumer/Build/Intermediates.noindex/cmark-gfm.build/Debug-iphonesimulator/cmark-gfm.build/Objects-normal/arm64/commonmark.dia -c /Users/shizihan/DailyUse/Github/InkMarkdown/Packages/Caches/swift-cmark/src/commonmark.c -o /Users/shizihan/DailyUse/Github/InkMarkdown/.scratch/architecture-deepening-2026-09-07/evidence/20260907-1415-ticket-27/consumer/DerivedData-InkMarkdownLaTeXConsumer/Build/Intermediates.noindex/cmark-gfm.build/Debug-iphonesimulator/cmark-gfm.build/Objects-normal/arm64/commonmark.o -index-unit-output-path /cmark-gfm.build/Debug-iphonesimulator/cmark-gfm.build/Objects-normal/arm64/commonmark.o

ScanDependencies /Users/shizihan/DailyUse/Github/InkMarkdown/.scratch/architecture-deepening-2026-09-07/evidence/20260907-1415-ticket-27/consumer/DerivedData-InkMarkdownLaTeXConsumer/Build/Intermediates.noindex/cmark-gfm.build/Debug-iphonesimulator/cmark-gfm.build/Objects-normal/arm64/cmark_ctype.o /Users/shizihan/DailyUse/Github/InkMarkdown/Packages/Caches/swift-cmark/src/cmark_ctype.c normal arm64 c com.apple.compilers.llvm.clang.1_0.compiler (in target 'cmark-gfm' from project 'cmark-gfm')
    cd /Users/shizihan/DailyUse/Github/InkMarkdown/.github/fixtures/consumer-smoke/.swiftpm/xcode
    
    Using response file: /Users/shizihan/DailyUse/Github/InkMarkdown/.scratch/architecture-deepening-2026-09-07/evidence/20260907-1415-ticket-27/consumer/DerivedData-InkMarkdownLaTeXConsumer/Build/Intermediates.noindex/cmark-gfm.build/Debug-iphonesimulator/cmark-gfm.build/Objects-normal/arm64/7187679823f38a2a940e0043cdf9d637-common-args.resp
    
    builtin-ScanDependencies -o /Users/shizihan/DailyUse/Github/InkMarkdown/.scratch/architecture-deepening-2026-09-07/evidence/20260907-1415-ticket-27/consumer/DerivedData-InkMarkdownLaTeXConsumer/Build/Intermediates.noindex/cmark-gfm.build/Debug-iphonesimulator/cmark-gfm.build/Objects-normal/arm64/cmark_ctype.o.scan -- /Applications/Xcode.app/Contents/Developer/Toolchains/XcodeDefault.xctoolchain/usr/bin/clang -x c -ivfsstatcache /Users/shizihan/DailyUse/Github/InkMarkdown/.scratch/architecture-deepening-2026-09-07/evidence/20260907-1415-ticket-27/consumer/DerivedData-InkMarkdownLaTeXConsumer/SDKStatCaches.noindex/iphonesimulator26.5-23F81a-6cfe768891a92b912361537c460fe42b.sdkstatcache -target arm64-apple-ios12.0-simulator -fmessage-length\=0 -fdiagnostics-show-note-include-stack -fmacro-backtrace-limit\=0 -fno-color-diagnostics -fmodules-prune-interval\=86400 -fmodules-prune-after\=345600 -fbuild-session-file\=/Users/shizihan/DailyUse/Github/InkMarkdown/.scratch/architecture-deepening-2026-09-07/evidence/20260907-1415-ticket-27/consumer/DerivedData-InkMarkdownLaTeXConsumer/ModuleCache.noindex/Session.modulevalidation -fmodules-validate-once-per-build-session -Wnon-modular-include-in-framework-module -Werror\=non-modular-include-in-framework-module -Wno-trigraphs -Wno-missing-field-initializers -Wno-missing-prototypes -Wno-return-type -Wno-missing-braces -Wparentheses -Wswitch -Wno-unused-function -Wno-unused-label -Wno-unused-parameter -Wno-unused-variable -Wunused-value -Wno-empty-body -Wno-uninitialized -Wno-unknown-pragmas -w -Wno-shadow -Wno-four-char-constants -Wno-conversion -Wno-constant-conversion -Wno-int-conversion -Wno-bool-conversion -Wno-enum-conversion -Wno-float-conversion -Wno-non-literal-null-conversion -Wno-objc-literal-conversion -Wshorten-64-to-32 -Wpointer-sign -Wno-newline-eof -Wno-implicit-fallthrough -isysroot /Applications/Xcode.app/Contents/Developer/Platforms/iPhoneSimulator.platform/Developer/SDKs/iPhoneSimulator26.5.sdk -fstrict-aliasing -Wdeprecated-declarations -Wno-sign-conversion -Wno-infinite-recursion -Wno-comma -Wno-block-capture-autoreleasing -Wno-strict-prototypes -Wno-semicolon-before-method-body -index-store-path /Users/shizihan/DailyUse/Github/InkMarkdown/.scratch/architecture-deepening-2026-09-07/evidence/20260907-1415-ticket-27/consumer/DerivedData-InkMarkdownLaTeXConsumer/Index.noindex/DataStore @/Users/shizihan/DailyUse/Github/InkMarkdown/.scratch/architecture-deepening-2026-09-07/evidence/20260907-1415-ticket-27/consumer/DerivedData-InkMarkdownLaTeXConsumer/Build/Intermediates.noindex/cmark-gfm.build/Debug-iphonesimulator/cmark-gfm.build/Objects-normal/arm64/7187679823f38a2a940e0043cdf9d637-common-args.resp -MMD -MT dependencies -MF /Users/shizihan/DailyUse/Github/InkMarkdown/.scratch/architecture-deepening-2026-09-07/evidence/20260907-1415-ticket-27/consumer/DerivedData-InkMarkdownLaTeXConsumer/Build/Intermediates.noindex/cmark-gfm.build/Debug-iphonesimulator/cmark-gfm.build/Objects-normal/arm64/cmark_ctype.d --serialize-diagnostics /Users/shizihan/DailyUse/Github/InkMarkdown/.scratch/architecture-deepening-2026-09-07/evidence/20260907-1415-ticket-27/consumer/DerivedData-InkMarkdownLaTeXConsumer/Build/Intermediates.noindex/cmark-gfm.build/Debug-iphonesimulator/cmark-gfm.build/Objects-normal/arm64/cmark_ctype.dia -c /Users/shizihan/DailyUse/Github/InkMarkdown/Packages/Caches/swift-cmark/src/cmark_ctype.c -o /Users/shizihan/DailyUse/Github/InkMarkdown/.scratch/architecture-deepening-2026-09-07/evidence/20260907-1415-ticket-27/consumer/DerivedData-InkMarkdownLaTeXConsumer/Build/Intermediates.noindex/cmark-gfm.build/Debug-iphonesimulator/cmark-gfm.build/Objects-normal/arm64/cmark_ctype.o -index-unit-output-path /cmark-gfm.build/Debug-iphonesimulator/cmark-gfm.build/Objects-normal/arm64/cmark_ctype.o

ScanDependencies /Users/shizihan/DailyUse/Github/InkMarkdown/.scratch/architecture-deepening-2026-09-07/evidence/20260907-1415-ticket-27/consumer/DerivedData-InkMarkdownLaTeXConsumer/Build/Intermediates.noindex/cmark-gfm.build/Debug-iphonesimulator/cmark-gfm.build/Objects-normal/arm64/cmark.o /Users/shizihan/DailyUse/Github/InkMarkdown/Packages/Caches/swift-cmark/src/cmark.c normal arm64 c com.apple.compilers.llvm.clang.1_0.compiler (in target 'cmark-gfm' from project 'cmark-gfm')
    cd /Users/shizihan/DailyUse/Github/InkMarkdown/.github/fixtures/consumer-smoke/.swiftpm/xcode
    
    Using response file: /Users/shizihan/DailyUse/Github/InkMarkdown/.scratch/architecture-deepening-2026-09-07/evidence/20260907-1415-ticket-27/consumer/DerivedData-InkMarkdownLaTeXConsumer/Build/Intermediates.noindex/cmark-gfm.build/Debug-iphonesimulator/cmark-gfm.build/Objects-normal/arm64/7187679823f38a2a940e0043cdf9d637-common-args.resp
    
    builtin-ScanDependencies -o /Users/shizihan/DailyUse/Github/InkMarkdown/.scratch/architecture-deepening-2026-09-07/evidence/20260907-1415-ticket-27/consumer/DerivedData-InkMarkdownLaTeXConsumer/Build/Intermediates.noindex/cmark-gfm.build/Debug-iphonesimulator/cmark-gfm.build/Objects-normal/arm64/cmark.o.scan -- /Applications/Xcode.app/Contents/Developer/Toolchains/XcodeDefault.xctoolchain/usr/bin/clang -x c -ivfsstatcache /Users/shizihan/DailyUse/Github/InkMarkdown/.scratch/architecture-deepening-2026-09-07/evidence/20260907-1415-ticket-27/consumer/DerivedData-InkMarkdownLaTeXConsumer/SDKStatCaches.noindex/iphonesimulator26.5-23F81a-6cfe768891a92b912361537c460fe42b.sdkstatcache -target arm64-apple-ios12.0-simulator -fmessage-length\=0 -fdiagnostics-show-note-include-stack -fmacro-backtrace-limit\=0 -fno-color-diagnostics -fmodules-prune-interval\=86400 -fmodules-prune-after\=345600 -fbuild-session-file\=/Users/shizihan/DailyUse/Github/InkMarkdown/.scratch/architecture-deepening-2026-09-07/evidence/20260907-1415-ticket-27/consumer/DerivedData-InkMarkdownLaTeXConsumer/ModuleCache.noindex/Session.modulevalidation -fmodules-validate-once-per-build-session -Wnon-modular-include-in-framework-module -Werror\=non-modular-include-in-framework-module -Wno-trigraphs -Wno-missing-field-initializers -Wno-missing-prototypes -Wno-return-type -Wno-missing-braces -Wparentheses -Wswitch -Wno-unused-function -Wno-unused-label -Wno-unused-parameter -Wno-unused-variable -Wunused-value -Wno-empty-body -Wno-uninitialized -Wno-unknown-pragmas -w -Wno-shadow -Wno-four-char-constants -Wno-conversion -Wno-constant-conversion -Wno-int-conversion -Wno-bool-conversion -Wno-enum-conversion -Wno-float-conversion -Wno-non-literal-null-conversion -Wno-objc-literal-conversion -Wshorten-64-to-32 -Wpointer-sign -Wno-newline-eof -Wno-implicit-fallthrough -isysroot /Applications/Xcode.app/Contents/Developer/Platforms/iPhoneSimulator.platform/Developer/SDKs/iPhoneSimulator26.5.sdk -fstrict-aliasing -Wdeprecated-declarations -Wno-sign-conversion -Wno-infinite-recursion -Wno-comma -Wno-block-capture-autoreleasing -Wno-strict-prototypes -Wno-semicolon-before-method-body -index-store-path /Users/shizihan/DailyUse/Github/InkMarkdown/.scratch/architecture-deepening-2026-09-07/evidence/20260907-1415-ticket-27/consumer/DerivedData-InkMarkdownLaTeXConsumer/Index.noindex/DataStore @/Users/shizihan/DailyUse/Github/InkMarkdown/.scratch/architecture-deepening-2026-09-07/evidence/20260907-1415-ticket-27/consumer/DerivedData-InkMarkdownLaTeXConsumer/Build/Intermediates.noindex/cmark-gfm.build/Debug-iphonesimulator/cmark-gfm.build/Objects-normal/arm64/7187679823f38a2a940e0043cdf9d637-common-args.resp -MMD -MT dependencies -MF /Users/shizihan/DailyUse/Github/InkMarkdown/.scratch/architecture-deepening-2026-09-07/evidence/20260907-1415-ticket-27/consumer/DerivedData-InkMarkdownLaTeXConsumer/Build/Intermediates.noindex/cmark-gfm.build/Debug-iphonesimulator/cmark-gfm.build/Objects-normal/arm64/cmark.d --serialize-diagnostics /Users/shizihan/DailyUse/Github/InkMarkdown/.scratch/architecture-deepening-2026-09-07/evidence/20260907-1415-ticket-27/consumer/DerivedData-InkMarkdownLaTeXConsumer/Build/Intermediates.noindex/cmark-gfm.build/Debug-iphonesimulator/cmark-gfm.build/Objects-normal/arm64/cmark.dia -c /Users/shizihan/DailyUse/Github/InkMarkdown/Packages/Caches/swift-cmark/src/cmark.c -o /Users/shizihan/DailyUse/Github/InkMarkdown/.scratch/architecture-deepening-2026-09-07/evidence/20260907-1415-ticket-27/consumer/DerivedData-InkMarkdownLaTeXConsumer/Build/Intermediates.noindex/cmark-gfm.build/Debug-iphonesimulator/cmark-gfm.build/Objects-normal/arm64/cmark.o -index-unit-output-path /cmark-gfm.build/Debug-iphonesimulator/cmark-gfm.build/Objects-normal/arm64/cmark.o

ScanDependencies /Users/shizihan/DailyUse/Github/InkMarkdown/.scratch/architecture-deepening-2026-09-07/evidence/20260907-1415-ticket-27/consumer/DerivedData-InkMarkdownLaTeXConsumer/Build/Intermediates.noindex/cmark-gfm.build/Debug-iphonesimulator/cmark-gfm.build/Objects-normal/arm64/buffer.o /Users/shizihan/DailyUse/Github/InkMarkdown/Packages/Caches/swift-cmark/src/buffer.c normal arm64 c com.apple.compilers.llvm.clang.1_0.compiler (in target 'cmark-gfm' from project 'cmark-gfm')
    cd /Users/shizihan/DailyUse/Github/InkMarkdown/.github/fixtures/consumer-smoke/.swiftpm/xcode
    
    Using response file: /Users/shizihan/DailyUse/Github/InkMarkdown/.scratch/architecture-deepening-2026-09-07/evidence/20260907-1415-ticket-27/consumer/DerivedData-InkMarkdownLaTeXConsumer/Build/Intermediates.noindex/cmark-gfm.build/Debug-iphonesimulator/cmark-gfm.build/Objects-normal/arm64/7187679823f38a2a940e0043cdf9d637-common-args.resp
    
    builtin-ScanDependencies -o /Users/shizihan/DailyUse/Github/InkMarkdown/.scratch/architecture-deepening-2026-09-07/evidence/20260907-1415-ticket-27/consumer/DerivedData-InkMarkdownLaTeXConsumer/Build/Intermediates.noindex/cmark-gfm.build/Debug-iphonesimulator/cmark-gfm.build/Objects-normal/arm64/buffer.o.scan -- /Applications/Xcode.app/Contents/Developer/Toolchains/XcodeDefault.xctoolchain/usr/bin/clang -x c -ivfsstatcache /Users/shizihan/DailyUse/Github/InkMarkdown/.scratch/architecture-deepening-2026-09-07/evidence/20260907-1415-ticket-27/consumer/DerivedData-InkMarkdownLaTeXConsumer/SDKStatCaches.noindex/iphonesimulator26.5-23F81a-6cfe768891a92b912361537c460fe42b.sdkstatcache -target arm64-apple-ios12.0-simulator -fmessage-length\=0 -fdiagnostics-show-note-include-stack -fmacro-backtrace-limit\=0 -fno-color-diagnostics -fmodules-prune-interval\=86400 -fmodules-prune-after\=345600 -fbuild-session-file\=/Users/shizihan/DailyUse/Github/InkMarkdown/.scratch/architecture-deepening-2026-09-07/evidence/20260907-1415-ticket-27/consumer/DerivedData-InkMarkdownLaTeXConsumer/ModuleCache.noindex/Session.modulevalidation -fmodules-validate-once-per-build-session -Wnon-modular-include-in-framework-module -Werror\=non-modular-include-in-framework-module -Wno-trigraphs -Wno-missing-field-initializers -Wno-missing-prototypes -Wno-return-type -Wno-missing-braces -Wparentheses -Wswitch -Wno-unused-function -Wno-unused-label -Wno-unused-parameter -Wno-unused-variable -Wunused-value -Wno-empty-body -Wno-uninitialized -Wno-unknown-pragmas -w -Wno-shadow -Wno-four-char-constants -Wno-conversion -Wno-constant-conversion -Wno-int-conversion -Wno-bool-conversion -Wno-enum-conversion -Wno-float-conversion -Wno-non-literal-null-conversion -Wno-objc-literal-conversion -Wshorten-64-to-32 -Wpointer-sign -Wno-newline-eof -Wno-implicit-fallthrough -isysroot /Applications/Xcode.app/Contents/Developer/Platforms/iPhoneSimulator.platform/Developer/SDKs/iPhoneSimulator26.5.sdk -fstrict-aliasing -Wdeprecated-declarations -Wno-sign-conversion -Wno-infinite-recursion -Wno-comma -Wno-block-capture-autoreleasing -Wno-strict-prototypes -Wno-semicolon-before-method-body -index-store-path /Users/shizihan/DailyUse/Github/InkMarkdown/.scratch/architecture-deepening-2026-09-07/evidence/20260907-1415-ticket-27/consumer/DerivedData-InkMarkdownLaTeXConsumer/Index.noindex/DataStore @/Users/shizihan/DailyUse/Github/InkMarkdown/.scratch/architecture-deepening-2026-09-07/evidence/20260907-1415-ticket-27/consumer/DerivedData-InkMarkdownLaTeXConsumer/Build/Intermediates.noindex/cmark-gfm.build/Debug-iphonesimulator/cmark-gfm.build/Objects-normal/arm64/7187679823f38a2a940e0043cdf9d637-common-args.resp -MMD -MT dependencies -MF /Users/shizihan/DailyUse/Github/InkMarkdown/.scratch/architecture-deepening-2026-09-07/evidence/20260907-1415-ticket-27/consumer/DerivedData-InkMarkdownLaTeXConsumer/Build/Intermediates.noindex/cmark-gfm.build/Debug-iphonesimulator/cmark-gfm.build/Objects-normal/arm64/buffer.d --serialize-diagnostics /Users/shizihan/DailyUse/Github/InkMarkdown/.scratch/architecture-deepening-2026-09-07/evidence/20260907-1415-ticket-27/consumer/DerivedData-InkMarkdownLaTeXConsumer/Build/Intermediates.noindex/cmark-gfm.build/Debug-iphonesimulator/cmark-gfm.build/Objects-normal/arm64/buffer.dia -c /Users/shizihan/DailyUse/Github/InkMarkdown/Packages/Caches/swift-cmark/src/buffer.c -o /Users/shizihan/DailyUse/Github/InkMarkdown/.scratch/architecture-deepening-2026-09-07/evidence/20260907-1415-ticket-27/consumer/DerivedData-InkMarkdownLaTeXConsumer/Build/Intermediates.noindex/cmark-gfm.build/Debug-iphonesimulator/cmark-gfm.build/Objects-normal/arm64/buffer.o -index-unit-output-path /cmark-gfm.build/Debug-iphonesimulator/cmark-gfm.build/Objects-normal/arm64/buffer.o

ScanDependencies /Users/shizihan/DailyUse/Github/InkMarkdown/.scratch/architecture-deepening-2026-09-07/evidence/20260907-1415-ticket-27/consumer/DerivedData-InkMarkdownLaTeXConsumer/Build/Intermediates.noindex/cmark-gfm.build/Debug-iphonesimulator/cmark-gfm.build/Objects-normal/arm64/blocks.o /Users/shizihan/DailyUse/Github/InkMarkdown/Packages/Caches/swift-cmark/src/blocks.c normal arm64 c com.apple.compilers.llvm.clang.1_0.compiler (in target 'cmark-gfm' from project 'cmark-gfm')
    cd /Users/shizihan/DailyUse/Github/InkMarkdown/.github/fixtures/consumer-smoke/.swiftpm/xcode
    
    Using response file: /Users/shizihan/DailyUse/Github/InkMarkdown/.scratch/architecture-deepening-2026-09-07/evidence/20260907-1415-ticket-27/consumer/DerivedData-InkMarkdownLaTeXConsumer/Build/Intermediates.noindex/cmark-gfm.build/Debug-iphonesimulator/cmark-gfm.build/Objects-normal/arm64/7187679823f38a2a940e0043cdf9d637-common-args.resp
    
    builtin-ScanDependencies -o /Users/shizihan/DailyUse/Github/InkMarkdown/.scratch/architecture-deepening-2026-09-07/evidence/20260907-1415-ticket-27/consumer/DerivedData-InkMarkdownLaTeXConsumer/Build/Intermediates.noindex/cmark-gfm.build/Debug-iphonesimulator/cmark-gfm.build/Objects-normal/arm64/blocks.o.scan -- /Applications/Xcode.app/Contents/Developer/Toolchains/XcodeDefault.xctoolchain/usr/bin/clang -x c -ivfsstatcache /Users/shizihan/DailyUse/Github/InkMarkdown/.scratch/architecture-deepening-2026-09-07/evidence/20260907-1415-ticket-27/consumer/DerivedData-InkMarkdownLaTeXConsumer/SDKStatCaches.noindex/iphonesimulator26.5-23F81a-6cfe768891a92b912361537c460fe42b.sdkstatcache -target arm64-apple-ios12.0-simulator -fmessage-length\=0 -fdiagnostics-show-note-include-stack -fmacro-backtrace-limit\=0 -fno-color-diagnostics -fmodules-prune-interval\=86400 -fmodules-prune-after\=345600 -fbuild-session-file\=/Users/shizihan/DailyUse/Github/InkMarkdown/.scratch/architecture-deepening-2026-09-07/evidence/20260907-1415-ticket-27/consumer/DerivedData-InkMarkdownLaTeXConsumer/ModuleCache.noindex/Session.modulevalidation -fmodules-validate-once-per-build-session -Wnon-modular-include-in-framework-module -Werror\=non-modular-include-in-framework-module -Wno-trigraphs -Wno-missing-field-initializers -Wno-missing-prototypes -Wno-return-type -Wno-missing-braces -Wparentheses -Wswitch -Wno-unused-function -Wno-unused-label -Wno-unused-parameter -Wno-unused-variable -Wunused-value -Wno-empty-body -Wno-uninitialized -Wno-unknown-pragmas -w -Wno-shadow -Wno-four-char-constants -Wno-conversion -Wno-constant-conversion -Wno-int-conversion -Wno-bool-conversion -Wno-enum-conversion -Wno-float-conversion -Wno-non-literal-null-conversion -Wno-objc-literal-conversion -Wshorten-64-to-32 -Wpointer-sign -Wno-newline-eof -Wno-implicit-fallthrough -isysroot /Applications/Xcode.app/Contents/Developer/Platforms/iPhoneSimulator.platform/Developer/SDKs/iPhoneSimulator26.5.sdk -fstrict-aliasing -Wdeprecated-declarations -Wno-sign-conversion -Wno-infinite-recursion -Wno-comma -Wno-block-capture-autoreleasing -Wno-strict-prototypes -Wno-semicolon-before-method-body -index-store-path /Users/shizihan/DailyUse/Github/InkMarkdown/.scratch/architecture-deepening-2026-09-07/evidence/20260907-1415-ticket-27/consumer/DerivedData-InkMarkdownLaTeXConsumer/Index.noindex/DataStore @/Users/shizihan/DailyUse/Github/InkMarkdown/.scratch/architecture-deepening-2026-09-07/evidence/20260907-1415-ticket-27/consumer/DerivedData-InkMarkdownLaTeXConsumer/Build/Intermediates.noindex/cmark-gfm.build/Debug-iphonesimulator/cmark-gfm.build/Objects-normal/arm64/7187679823f38a2a940e0043cdf9d637-common-args.resp -MMD -MT dependencies -MF /Users/shizihan/DailyUse/Github/InkMarkdown/.scratch/architecture-deepening-2026-09-07/evidence/20260907-1415-ticket-27/consumer/DerivedData-InkMarkdownLaTeXConsumer/Build/Intermediates.noindex/cmark-gfm.build/Debug-iphonesimulator/cmark-gfm.build/Objects-normal/arm64/blocks.d --serialize-diagnostics /Users/shizihan/DailyUse/Github/InkMarkdown/.scratch/architecture-deepening-2026-09-07/evidence/20260907-1415-ticket-27/consumer/DerivedData-InkMarkdownLaTeXConsumer/Build/Intermediates.noindex/cmark-gfm.build/Debug-iphonesimulator/cmark-gfm.build/Objects-normal/arm64/blocks.dia -c /Users/shizihan/DailyUse/Github/InkMarkdown/Packages/Caches/swift-cmark/src/blocks.c -o /Users/shizihan/DailyUse/Github/InkMarkdown/.scratch/architecture-deepening-2026-09-07/evidence/20260907-1415-ticket-27/consumer/DerivedData-InkMarkdownLaTeXConsumer/Build/Intermediates.noindex/cmark-gfm.build/Debug-iphonesimulator/cmark-gfm.build/Objects-normal/arm64/blocks.o -index-unit-output-path /cmark-gfm.build/Debug-iphonesimulator/cmark-gfm.build/Objects-normal/arm64/blocks.o

ScanDependencies /Users/shizihan/DailyUse/Github/InkMarkdown/.scratch/architecture-deepening-2026-09-07/evidence/20260907-1415-ticket-27/consumer/DerivedData-InkMarkdownLaTeXConsumer/Build/Intermediates.noindex/cmark-gfm.build/Debug-iphonesimulator/cmark-gfm.build/Objects-normal/arm64/arena.o /Users/shizihan/DailyUse/Github/InkMarkdown/Packages/Caches/swift-cmark/src/arena.c normal arm64 c com.apple.compilers.llvm.clang.1_0.compiler (in target 'cmark-gfm' from project 'cmark-gfm')
    cd /Users/shizihan/DailyUse/Github/InkMarkdown/.github/fixtures/consumer-smoke/.swiftpm/xcode
    
    Using response file: /Users/shizihan/DailyUse/Github/InkMarkdown/.scratch/architecture-deepening-2026-09-07/evidence/20260907-1415-ticket-27/consumer/DerivedData-InkMarkdownLaTeXConsumer/Build/Intermediates.noindex/cmark-gfm.build/Debug-iphonesimulator/cmark-gfm.build/Objects-normal/arm64/7187679823f38a2a940e0043cdf9d637-common-args.resp
    
    builtin-ScanDependencies -o /Users/shizihan/DailyUse/Github/InkMarkdown/.scratch/architecture-deepening-2026-09-07/evidence/20260907-1415-ticket-27/consumer/DerivedData-InkMarkdownLaTeXConsumer/Build/Intermediates.noindex/cmark-gfm.build/Debug-iphonesimulator/cmark-gfm.build/Objects-normal/arm64/arena.o.scan -- /Applications/Xcode.app/Contents/Developer/Toolchains/XcodeDefault.xctoolchain/usr/bin/clang -x c -ivfsstatcache /Users/shizihan/DailyUse/Github/InkMarkdown/.scratch/architecture-deepening-2026-09-07/evidence/20260907-1415-ticket-27/consumer/DerivedData-InkMarkdownLaTeXConsumer/SDKStatCaches.noindex/iphonesimulator26.5-23F81a-6cfe768891a92b912361537c460fe42b.sdkstatcache -target arm64-apple-ios12.0-simulator -fmessage-length\=0 -fdiagnostics-show-note-include-stack -fmacro-backtrace-limit\=0 -fno-color-diagnostics -fmodules-prune-interval\=86400 -fmodules-prune-after\=345600 -fbuild-session-file\=/Users/shizihan/DailyUse/Github/InkMarkdown/.scratch/architecture-deepening-2026-09-07/evidence/20260907-1415-ticket-27/consumer/DerivedData-InkMarkdownLaTeXConsumer/ModuleCache.noindex/Session.modulevalidation -fmodules-validate-once-per-build-session -Wnon-modular-include-in-framework-module -Werror\=non-modular-include-in-framework-module -Wno-trigraphs -Wno-missing-field-initializers -Wno-missing-prototypes -Wno-return-type -Wno-missing-braces -Wparentheses -Wswitch -Wno-unused-function -Wno-unused-label -Wno-unused-parameter -Wno-unused-variable -Wunused-value -Wno-empty-body -Wno-uninitialized -Wno-unknown-pragmas -w -Wno-shadow -Wno-four-char-constants -Wno-conversion -Wno-constant-conversion -Wno-int-conversion -Wno-bool-conversion -Wno-enum-conversion -Wno-float-conversion -Wno-non-literal-null-conversion -Wno-objc-literal-conversion -Wshorten-64-to-32 -Wpointer-sign -Wno-newline-eof -Wno-implicit-fallthrough -isysroot /Applications/Xcode.app/Contents/Developer/Platforms/iPhoneSimulator.platform/Developer/SDKs/iPhoneSimulator26.5.sdk -fstrict-aliasing -Wdeprecated-declarations -Wno-sign-conversion -Wno-infinite-recursion -Wno-comma -Wno-block-capture-autoreleasing -Wno-strict-prototypes -Wno-semicolon-before-method-body -index-store-path /Users/shizihan/DailyUse/Github/InkMarkdown/.scratch/architecture-deepening-2026-09-07/evidence/20260907-1415-ticket-27/consumer/DerivedData-InkMarkdownLaTeXConsumer/Index.noindex/DataStore @/Users/shizihan/DailyUse/Github/InkMarkdown/.scratch/architecture-deepening-2026-09-07/evidence/20260907-1415-ticket-27/consumer/DerivedData-InkMarkdownLaTeXConsumer/Build/Intermediates.noindex/cmark-gfm.build/Debug-iphonesimulator/cmark-gfm.build/Objects-normal/arm64/7187679823f38a2a940e0043cdf9d637-common-args.resp -MMD -MT dependencies -MF /Users/shizihan/DailyUse/Github/InkMarkdown/.scratch/architecture-deepening-2026-09-07/evidence/20260907-1415-ticket-27/consumer/DerivedData-InkMarkdownLaTeXConsumer/Build/Intermediates.noindex/cmark-gfm.build/Debug-iphonesimulator/cmark-gfm.build/Objects-normal/arm64/arena.d --serialize-diagnostics /Users/shizihan/DailyUse/Github/InkMarkdown/.scratch/architecture-deepening-2026-09-07/evidence/20260907-1415-ticket-27/consumer/DerivedData-InkMarkdownLaTeXConsumer/Build/Intermediates.noindex/cmark-gfm.build/Debug-iphonesimulator/cmark-gfm.build/Objects-normal/arm64/arena.dia -c /Users/shizihan/DailyUse/Github/InkMarkdown/Packages/Caches/swift-cmark/src/arena.c -o /Users/shizihan/DailyUse/Github/InkMarkdown/.scratch/architecture-deepening-2026-09-07/evidence/20260907-1415-ticket-27/consumer/DerivedData-InkMarkdownLaTeXConsumer/Build/Intermediates.noindex/cmark-gfm.build/Debug-iphonesimulator/cmark-gfm.build/Objects-normal/arm64/arena.o -index-unit-output-path /cmark-gfm.build/Debug-iphonesimulator/cmark-gfm.build/Objects-normal/arm64/arena.o

ScanDependencies /Users/shizihan/DailyUse/Github/InkMarkdown/.scratch/architecture-deepening-2026-09-07/evidence/20260907-1415-ticket-27/consumer/DerivedData-InkMarkdownLaTeXConsumer/Build/Intermediates.noindex/swift-markdown.build/Debug-iphonesimulator/CAtomic.build/Objects-normal/arm64/CAtomic.o /Users/shizihan/DailyUse/Github/InkMarkdown/Packages/Caches/swift-markdown/Sources/CAtomic/CAtomic.c normal arm64 c com.apple.compilers.llvm.clang.1_0.compiler (in target 'CAtomic' from project 'swift-markdown')
    cd /Users/shizihan/DailyUse/Github/InkMarkdown/.github/fixtures/consumer-smoke/.swiftpm/xcode
    
    Using response file: /Users/shizihan/DailyUse/Github/InkMarkdown/.scratch/architecture-deepening-2026-09-07/evidence/20260907-1415-ticket-27/consumer/DerivedData-InkMarkdownLaTeXConsumer/Build/Intermediates.noindex/swift-markdown.build/Debug-iphonesimulator/CAtomic.build/Objects-normal/arm64/7187679823f38a2a940e0043cdf9d637-common-args.resp
    
    builtin-ScanDependencies -o /Users/shizihan/DailyUse/Github/InkMarkdown/.scratch/architecture-deepening-2026-09-07/evidence/20260907-1415-ticket-27/consumer/DerivedData-InkMarkdownLaTeXConsumer/Build/Intermediates.noindex/swift-markdown.build/Debug-iphonesimulator/CAtomic.build/Objects-normal/arm64/CAtomic.o.scan -- /Applications/Xcode.app/Contents/Developer/Toolchains/XcodeDefault.xctoolchain/usr/bin/clang -x c -ivfsstatcache /Users/shizihan/DailyUse/Github/InkMarkdown/.scratch/architecture-deepening-2026-09-07/evidence/20260907-1415-ticket-27/consumer/DerivedData-InkMarkdownLaTeXConsumer/SDKStatCaches.noindex/iphonesimulator26.5-23F81a-6cfe768891a92b912361537c460fe42b.sdkstatcache -target arm64-apple-ios12.0-simulator -fmessage-length\=0 -fdiagnostics-show-note-include-stack -fmacro-backtrace-limit\=0 -fno-color-diagnostics -fmodules-prune-interval\=86400 -fmodules-prune-after\=345600 -fbuild-session-file\=/Users/shizihan/DailyUse/Github/InkMarkdown/.scratch/architecture-deepening-2026-09-07/evidence/20260907-1415-ticket-27/consumer/DerivedData-InkMarkdownLaTeXConsumer/ModuleCache.noindex/Session.modulevalidation -fmodules-validate-once-per-build-session -Wnon-modular-include-in-framework-module -Werror\=non-modular-include-in-framework-module -Wno-trigraphs -Wno-missing-field-initializers -Wno-missing-prototypes -Wno-return-type -Wno-missing-braces -Wparentheses -Wswitch -Wno-unused-function -Wno-unused-label -Wno-unused-parameter -Wno-unused-variable -Wunused-value -Wno-empty-body -Wno-uninitialized -Wno-unknown-pragmas -w -Wno-shadow -Wno-four-char-constants -Wno-conversion -Wno-constant-conversion -Wno-int-conversion -Wno-bool-conversion -Wno-enum-conversion -Wno-float-conversion -Wno-non-literal-null-conversion -Wno-objc-literal-conversion -Wshorten-64-to-32 -Wpointer-sign -Wno-newline-eof -Wno-implicit-fallthrough -isysroot /Applications/Xcode.app/Contents/Developer/Platforms/iPhoneSimulator.platform/Developer/SDKs/iPhoneSimulator26.5.sdk -fstrict-aliasing -Wdeprecated-declarations -Wno-sign-conversion -Wno-infinite-recursion -Wno-comma -Wno-block-capture-autoreleasing -Wno-strict-prototypes -Wno-semicolon-before-method-body -index-store-path /Users/shizihan/DailyUse/Github/InkMarkdown/.scratch/architecture-deepening-2026-09-07/evidence/20260907-1415-ticket-27/consumer/DerivedData-InkMarkdownLaTeXConsumer/Index.noindex/DataStore @/Users/shizihan/DailyUse/Github/InkMarkdown/.scratch/architecture-deepening-2026-09-07/evidence/20260907-1415-ticket-27/consumer/DerivedData-InkMarkdownLaTeXConsumer/Build/Intermediates.noindex/swift-markdown.build/Debug-iphonesimulator/CAtomic.build/Objects-normal/arm64/7187679823f38a2a940e0043cdf9d637-common-args.resp -MMD -MT dependencies -MF /Users/shizihan/DailyUse/Github/InkMarkdown/.scratch/architecture-deepening-2026-09-07/evidence/20260907-1415-ticket-27/consumer/DerivedData-InkMarkdownLaTeXConsumer/Build/Intermediates.noindex/swift-markdown.build/Debug-iphonesimulator/CAtomic.build/Objects-normal/arm64/CAtomic.d --serialize-diagnostics /Users/shizihan/DailyUse/Github/InkMarkdown/.scratch/architecture-deepening-2026-09-07/evidence/20260907-1415-ticket-27/consumer/DerivedData-InkMarkdownLaTeXConsumer/Build/Intermediates.noindex/swift-markdown.build/Debug-iphonesimulator/CAtomic.build/Objects-normal/arm64/CAtomic.dia -c /Users/shizihan/DailyUse/Github/InkMarkdown/Packages/Caches/swift-markdown/Sources/CAtomic/CAtomic.c -o /Users/shizihan/DailyUse/Github/InkMarkdown/.scratch/architecture-deepening-2026-09-07/evidence/20260907-1415-ticket-27/consumer/DerivedData-InkMarkdownLaTeXConsumer/Build/Intermediates.noindex/swift-markdown.build/Debug-iphonesimulator/CAtomic.build/Objects-normal/arm64/CAtomic.o -index-unit-output-path /swift-markdown.build/Debug-iphonesimulator/CAtomic.build/Objects-normal/arm64/CAtomic.o

PrecompileModule /Users/shizihan/DailyUse/Github/InkMarkdown/.scratch/architecture-deepening-2026-09-07/evidence/20260907-1415-ticket-27/consumer/DerivedData-InkMarkdownLaTeXConsumer/Build/Intermediates.noindex/ExplicitPrecompiledModules/_Builtin_limits-EJY0Z4EDY26VCIS1R9BUL4PGK.scan
    cd /
    builtin-precompileModule /Users/shizihan/DailyUse/Github/InkMarkdown/.scratch/architecture-deepening-2026-09-07/evidence/20260907-1415-ticket-27/consumer/DerivedData-InkMarkdownLaTeXConsumer/Build/Intermediates.noindex/ExplicitPrecompiledModules/_Builtin_limits-EJY0Z4EDY26VCIS1R9BUL4PGK.scan

PrecompileModule /Users/shizihan/DailyUse/Github/InkMarkdown/.scratch/architecture-deepening-2026-09-07/evidence/20260907-1415-ticket-27/consumer/DerivedData-InkMarkdownLaTeXConsumer/Build/Intermediates.noindex/ExplicitPrecompiledModules/_DarwinFoundation2-ZELGQ1VR4Y69ACY2DZWYDRRY.scan
    cd /
    builtin-precompileModule /Users/shizihan/DailyUse/Github/InkMarkdown/.scratch/architecture-deepening-2026-09-07/evidence/20260907-1415-ticket-27/consumer/DerivedData-InkMarkdownLaTeXConsumer/Build/Intermediates.noindex/ExplicitPrecompiledModules/_DarwinFoundation2-ZELGQ1VR4Y69ACY2DZWYDRRY.scan

PrecompileModule /Users/shizihan/DailyUse/Github/InkMarkdown/.scratch/architecture-deepening-2026-09-07/evidence/20260907-1415-ticket-27/consumer/DerivedData-InkMarkdownLaTeXConsumer/Build/Intermediates.noindex/ExplicitPrecompiledModules/_Builtin_stdint-3AXH2F26BPZCH7ZPWJJB1BJM2.scan
    cd /
    builtin-precompileModule /Users/shizihan/DailyUse/Github/InkMarkdown/.scratch/architecture-deepening-2026-09-07/evidence/20260907-1415-ticket-27/consumer/DerivedData-InkMarkdownLaTeXConsumer/Build/Intermediates.noindex/ExplicitPrecompiledModules/_Builtin_stdint-3AXH2F26BPZCH7ZPWJJB1BJM2.scan

PrecompileModule /Users/shizihan/DailyUse/Github/InkMarkdown/.scratch/architecture-deepening-2026-09-07/evidence/20260907-1415-ticket-27/consumer/DerivedData-InkMarkdownLaTeXConsumer/Build/Intermediates.noindex/ExplicitPrecompiledModules/_Builtin_stdint-E1D2C9R50LYIOMBQIS9YK0KEE.scan
    cd /
    builtin-precompileModule /Users/shizihan/DailyUse/Github/InkMarkdown/.scratch/architecture-deepening-2026-09-07/evidence/20260907-1415-ticket-27/consumer/DerivedData-InkMarkdownLaTeXConsumer/Build/Intermediates.noindex/ExplicitPrecompiledModules/_Builtin_stdint-E1D2C9R50LYIOMBQIS9YK0KEE.scan

PrecompileModule /Users/shizihan/DailyUse/Github/InkMarkdown/.scratch/architecture-deepening-2026-09-07/evidence/20260907-1415-ticket-27/consumer/DerivedData-InkMarkdownLaTeXConsumer/Build/Intermediates.noindex/ExplicitPrecompiledModules/_DarwinFoundation3-8PVLETGWEFL5ANMHX0B38B357.scan
    cd /
    builtin-precompileModule /Users/shizihan/DailyUse/Github/InkMarkdown/.scratch/architecture-deepening-2026-09-07/evidence/20260907-1415-ticket-27/consumer/DerivedData-InkMarkdownLaTeXConsumer/Build/Intermediates.noindex/ExplicitPrecompiledModules/_DarwinFoundation3-8PVLETGWEFL5ANMHX0B38B357.scan

CompileC /Users/shizihan/DailyUse/Github/InkMarkdown/.scratch/architecture-deepening-2026-09-07/evidence/20260907-1415-ticket-27/consumer/DerivedData-InkMarkdownLaTeXConsumer/Build/Intermediates.noindex/cmark-gfm.build/Debug-iphonesimulator/cmark-gfm.build/Objects-normal/arm64/houdini_html_u.o /Users/shizihan/DailyUse/Github/InkMarkdown/Packages/Caches/swift-cmark/src/houdini_html_u.c normal arm64 c com.apple.compilers.llvm.clang.1_0.compiler (in target 'cmark-gfm' from project 'cmark-gfm')
    cd /Users/shizihan/DailyUse/Github/InkMarkdown/.github/fixtures/consumer-smoke/.swiftpm/xcode
    
    Using response file: /Users/shizihan/DailyUse/Github/InkMarkdown/.scratch/architecture-deepening-2026-09-07/evidence/20260907-1415-ticket-27/consumer/DerivedData-InkMarkdownLaTeXConsumer/Build/Intermediates.noindex/cmark-gfm.build/Debug-iphonesimulator/cmark-gfm.build/Objects-normal/arm64/7187679823f38a2a940e0043cdf9d637-common-args.resp
    
    /Applications/Xcode.app/Contents/Developer/Toolchains/XcodeDefault.xctoolchain/usr/bin/clang -x c -ivfsstatcache /Users/shizihan/DailyUse/Github/InkMarkdown/.scratch/architecture-deepening-2026-09-07/evidence/20260907-1415-ticket-27/consumer/DerivedData-InkMarkdownLaTeXConsumer/SDKStatCaches.noindex/iphonesimulator26.5-23F81a-6cfe768891a92b912361537c460fe42b.sdkstatcache -target arm64-apple-ios12.0-simulator -fmessage-length\=0 -fdiagnostics-show-note-include-stack -fmacro-backtrace-limit\=0 -fno-color-diagnostics -fmodules-prune-interval\=86400 -fmodules-prune-after\=345600 -fbuild-session-file\=/Users/shizihan/DailyUse/Github/InkMarkdown/.scratch/architecture-deepening-2026-09-07/evidence/20260907-1415-ticket-27/consumer/DerivedData-InkMarkdownLaTeXConsumer/ModuleCache.noindex/Session.modulevalidation -fmodules-validate-once-per-build-session -Wnon-modular-include-in-framework-module -Werror\=non-modular-include-in-framework-module -Wno-trigraphs -Wno-missing-field-initializers -Wno-missing-prototypes -Wno-return-type -Wno-missing-braces -Wparentheses -Wswitch -Wno-unused-function -Wno-unused-label -Wno-unused-parameter -Wno-unused-variable -Wunused-value -Wno-empty-body -Wno-uninitialized -Wno-unknown-pragmas -w -Wno-shadow -Wno-four-char-constants -Wno-conversion -Wno-constant-conversion -Wno-int-conversion -Wno-bool-conversion -Wno-enum-conversion -Wno-float-conversion -Wno-non-literal-null-conversion -Wno-objc-literal-conversion -Wshorten-64-to-32 -Wpointer-sign -Wno-newline-eof -Wno-implicit-fallthrough -isysroot /Applications/Xcode.app/Contents/Developer/Platforms/iPhoneSimulator.platform/Developer/SDKs/iPhoneSimulator26.5.sdk -fstrict-aliasing -Wdeprecated-declarations -Wno-sign-conversion -Wno-infinite-recursion -Wno-comma -Wno-block-capture-autoreleasing -Wno-strict-prototypes -Wno-semicolon-before-method-body -index-store-path /Users/shizihan/DailyUse/Github/InkMarkdown/.scratch/architecture-deepening-2026-09-07/evidence/20260907-1415-ticket-27/consumer/DerivedData-InkMarkdownLaTeXConsumer/Index.noindex/DataStore @/Users/shizihan/DailyUse/Github/InkMarkdown/.scratch/architecture-deepening-2026-09-07/evidence/20260907-1415-ticket-27/consumer/DerivedData-InkMarkdownLaTeXConsumer/Build/Intermediates.noindex/cmark-gfm.build/Debug-iphonesimulator/cmark-gfm.build/Objects-normal/arm64/7187679823f38a2a940e0043cdf9d637-common-args.resp -MMD -MT dependencies -MF /Users/shizihan/DailyUse/Github/InkMarkdown/.scratch/architecture-deepening-2026-09-07/evidence/20260907-1415-ticket-27/consumer/DerivedData-InkMarkdownLaTeXConsumer/Build/Intermediates.noindex/cmark-gfm.build/Debug-iphonesimulator/cmark-gfm.build/Objects-normal/arm64/houdini_html_u.d --serialize-diagnostics /Users/shizihan/DailyUse/Github/InkMarkdown/.scratch/architecture-deepening-2026-09-07/evidence/20260907-1415-ticket-27/consumer/DerivedData-InkMarkdownLaTeXConsumer/Build/Intermediates.noindex/cmark-gfm.build/Debug-iphonesimulator/cmark-gfm.build/Objects-normal/arm64/houdini_html_u.dia -c /Users/shizihan/DailyUse/Github/InkMarkdown/Packages/Caches/swift-cmark/src/houdini_html_u.c -o /Users/shizihan/DailyUse/Github/InkMarkdown/.scratch/architecture-deepening-2026-09-07/evidence/20260907-1415-ticket-27/consumer/DerivedData-InkMarkdownLaTeXConsumer/Build/Intermediates.noindex/cmark-gfm.build/Debug-iphonesimulator/cmark-gfm.build/Objects-normal/arm64/houdini_html_u.o -index-unit-output-path /cmark-gfm.build/Debug-iphonesimulator/cmark-gfm.build/Objects-normal/arm64/houdini_html_u.o

CompileC /Users/shizihan/DailyUse/Github/InkMarkdown/.scratch/architecture-deepening-2026-09-07/evidence/20260907-1415-ticket-27/consumer/DerivedData-InkMarkdownLaTeXConsumer/Build/Intermediates.noindex/cmark-gfm.build/Debug-iphonesimulator/cmark-gfm.build/Objects-normal/arm64/houdini_html_e.o /Users/shizihan/DailyUse/Github/InkMarkdown/Packages/Caches/swift-cmark/src/houdini_html_e.c normal arm64 c com.apple.compilers.llvm.clang.1_0.compiler (in target 'cmark-gfm' from project 'cmark-gfm')
    cd /Users/shizihan/DailyUse/Github/InkMarkdown/.github/fixtures/consumer-smoke/.swiftpm/xcode
    
    Using response file: /Users/shizihan/DailyUse/Github/InkMarkdown/.scratch/architecture-deepening-2026-09-07/evidence/20260907-1415-ticket-27/consumer/DerivedData-InkMarkdownLaTeXConsumer/Build/Intermediates.noindex/cmark-gfm.build/Debug-iphonesimulator/cmark-gfm.build/Objects-normal/arm64/7187679823f38a2a940e0043cdf9d637-common-args.resp
    
    /Applications/Xcode.app/Contents/Developer/Toolchains/XcodeDefault.xctoolchain/usr/bin/clang -x c -ivfsstatcache /Users/shizihan/DailyUse/Github/InkMarkdown/.scratch/architecture-deepening-2026-09-07/evidence/20260907-1415-ticket-27/consumer/DerivedData-InkMarkdownLaTeXConsumer/SDKStatCaches.noindex/iphonesimulator26.5-23F81a-6cfe768891a92b912361537c460fe42b.sdkstatcache -target arm64-apple-ios12.0-simulator -fmessage-length\=0 -fdiagnostics-show-note-include-stack -fmacro-backtrace-limit\=0 -fno-color-diagnostics -fmodules-prune-interval\=86400 -fmodules-prune-after\=345600 -fbuild-session-file\=/Users/shizihan/DailyUse/Github/InkMarkdown/.scratch/architecture-deepening-2026-09-07/evidence/20260907-1415-ticket-27/consumer/DerivedData-InkMarkdownLaTeXConsumer/ModuleCache.noindex/Session.modulevalidation -fmodules-validate-once-per-build-session -Wnon-modular-include-in-framework-module -Werror\=non-modular-include-in-framework-module -Wno-trigraphs -Wno-missing-field-initializers -Wno-missing-prototypes -Wno-return-type -Wno-missing-braces -Wparentheses -Wswitch -Wno-unused-function -Wno-unused-label -Wno-unused-parameter -Wno-unused-variable -Wunused-value -Wno-empty-body -Wno-uninitialized -Wno-unknown-pragmas -w -Wno-shadow -Wno-four-char-constants -Wno-conversion -Wno-constant-conversion -Wno-int-conversion -Wno-bool-conversion -Wno-enum-conversion -Wno-float-conversion -Wno-non-literal-null-conversion -Wno-objc-literal-conversion -Wshorten-64-to-32 -Wpointer-sign -Wno-newline-eof -Wno-implicit-fallthrough -isysroot /Applications/Xcode.app/Contents/Developer/Platforms/iPhoneSimulator.platform/Developer/SDKs/iPhoneSimulator26.5.sdk -fstrict-aliasing -Wdeprecated-declarations -Wno-sign-conversion -Wno-infinite-recursion -Wno-comma -Wno-block-capture-autoreleasing -Wno-strict-prototypes -Wno-semicolon-before-method-body -index-store-path /Users/shizihan/DailyUse/Github/InkMarkdown/.scratch/architecture-deepening-2026-09-07/evidence/20260907-1415-ticket-27/consumer/DerivedData-InkMarkdownLaTeXConsumer/Index.noindex/DataStore @/Users/shizihan/DailyUse/Github/InkMarkdown/.scratch/architecture-deepening-2026-09-07/evidence/20260907-1415-ticket-27/consumer/DerivedData-InkMarkdownLaTeXConsumer/Build/Intermediates.noindex/cmark-gfm.build/Debug-iphonesimulator/cmark-gfm.build/Objects-normal/arm64/7187679823f38a2a940e0043cdf9d637-common-args.resp -MMD -MT dependencies -MF /Users/shizihan/DailyUse/Github/InkMarkdown/.scratch/architecture-deepening-2026-09-07/evidence/20260907-1415-ticket-27/consumer/DerivedData-InkMarkdownLaTeXConsumer/Build/Intermediates.noindex/cmark-gfm.build/Debug-iphonesimulator/cmark-gfm.build/Objects-normal/arm64/houdini_html_e.d --serialize-diagnostics /Users/shizihan/DailyUse/Github/InkMarkdown/.scratch/architecture-deepening-2026-09-07/evidence/20260907-1415-ticket-27/consumer/DerivedData-InkMarkdownLaTeXConsumer/Build/Intermediates.noindex/cmark-gfm.build/Debug-iphonesimulator/cmark-gfm.build/Objects-normal/arm64/houdini_html_e.dia -c /Users/shizihan/DailyUse/Github/InkMarkdown/Packages/Caches/swift-cmark/src/houdini_html_e.c -o /Users/shizihan/DailyUse/Github/InkMarkdown/.scratch/architecture-deepening-2026-09-07/evidence/20260907-1415-ticket-27/consumer/DerivedData-InkMarkdownLaTeXConsumer/Build/Intermediates.noindex/cmark-gfm.build/Debug-iphonesimulator/cmark-gfm.build/Objects-normal/arm64/houdini_html_e.o -index-unit-output-path /cmark-gfm.build/Debug-iphonesimulator/cmark-gfm.build/Objects-normal/arm64/houdini_html_e.o

CompileC /Users/shizihan/DailyUse/Github/InkMarkdown/.scratch/architecture-deepening-2026-09-07/evidence/20260907-1415-ticket-27/consumer/DerivedData-InkMarkdownLaTeXConsumer/Build/Intermediates.noindex/cmark-gfm.build/Debug-iphonesimulator/cmark-gfm.build/Objects-normal/arm64/houdini_href_e.o /Users/shizihan/DailyUse/Github/InkMarkdown/Packages/Caches/swift-cmark/src/houdini_href_e.c normal arm64 c com.apple.compilers.llvm.clang.1_0.compiler (in target 'cmark-gfm' from project 'cmark-gfm')
    cd /Users/shizihan/DailyUse/Github/InkMarkdown/.github/fixtures/consumer-smoke/.swiftpm/xcode
    
    Using response file: /Users/shizihan/DailyUse/Github/InkMarkdown/.scratch/architecture-deepening-2026-09-07/evidence/20260907-1415-ticket-27/consumer/DerivedData-InkMarkdownLaTeXConsumer/Build/Intermediates.noindex/cmark-gfm.build/Debug-iphonesimulator/cmark-gfm.build/Objects-normal/arm64/7187679823f38a2a940e0043cdf9d637-common-args.resp
    
    /Applications/Xcode.app/Contents/Developer/Toolchains/XcodeDefault.xctoolchain/usr/bin/clang -x c -ivfsstatcache /Users/shizihan/DailyUse/Github/InkMarkdown/.scratch/architecture-deepening-2026-09-07/evidence/20260907-1415-ticket-27/consumer/DerivedData-InkMarkdownLaTeXConsumer/SDKStatCaches.noindex/iphonesimulator26.5-23F81a-6cfe768891a92b912361537c460fe42b.sdkstatcache -target arm64-apple-ios12.0-simulator -fmessage-length\=0 -fdiagnostics-show-note-include-stack -fmacro-backtrace-limit\=0 -fno-color-diagnostics -fmodules-prune-interval\=86400 -fmodules-prune-after\=345600 -fbuild-session-file\=/Users/shizihan/DailyUse/Github/InkMarkdown/.scratch/architecture-deepening-2026-09-07/evidence/20260907-1415-ticket-27/consumer/DerivedData-InkMarkdownLaTeXConsumer/ModuleCache.noindex/Session.modulevalidation -fmodules-validate-once-per-build-session -Wnon-modular-include-in-framework-module -Werror\=non-modular-include-in-framework-module -Wno-trigraphs -Wno-missing-field-initializers -Wno-missing-prototypes -Wno-return-type -Wno-missing-braces -Wparentheses -Wswitch -Wno-unused-function -Wno-unused-label -Wno-unused-parameter -Wno-unused-variable -Wunused-value -Wno-empty-body -Wno-uninitialized -Wno-unknown-pragmas -w -Wno-shadow -Wno-four-char-constants -Wno-conversion -Wno-constant-conversion -Wno-int-conversion -Wno-bool-conversion -Wno-enum-conversion -Wno-float-conversion -Wno-non-literal-null-conversion -Wno-objc-literal-conversion -Wshorten-64-to-32 -Wpointer-sign -Wno-newline-eof -Wno-implicit-fallthrough -isysroot /Applications/Xcode.app/Contents/Developer/Platforms/iPhoneSimulator.platform/Developer/SDKs/iPhoneSimulator26.5.sdk -fstrict-aliasing -Wdeprecated-declarations -Wno-sign-conversion -Wno-infinite-recursion -Wno-comma -Wno-block-capture-autoreleasing -Wno-strict-prototypes -Wno-semicolon-before-method-body -index-store-path /Users/shizihan/DailyUse/Github/InkMarkdown/.scratch/architecture-deepening-2026-09-07/evidence/20260907-1415-ticket-27/consumer/DerivedData-InkMarkdownLaTeXConsumer/Index.noindex/DataStore @/Users/shizihan/DailyUse/Github/InkMarkdown/.scratch/architecture-deepening-2026-09-07/evidence/20260907-1415-ticket-27/consumer/DerivedData-InkMarkdownLaTeXConsumer/Build/Intermediates.noindex/cmark-gfm.build/Debug-iphonesimulator/cmark-gfm.build/Objects-normal/arm64/7187679823f38a2a940e0043cdf9d637-common-args.resp -MMD -MT dependencies -MF /Users/shizihan/DailyUse/Github/InkMarkdown/.scratch/architecture-deepening-2026-09-07/evidence/20260907-1415-ticket-27/consumer/DerivedData-InkMarkdownLaTeXConsumer/Build/Intermediates.noindex/cmark-gfm.build/Debug-iphonesimulator/cmark-gfm.build/Objects-normal/arm64/houdini_href_e.d --serialize-diagnostics /Users/shizihan/DailyUse/Github/InkMarkdown/.scratch/architecture-deepening-2026-09-07/evidence/20260907-1415-ticket-27/consumer/DerivedData-InkMarkdownLaTeXConsumer/Build/Intermediates.noindex/cmark-gfm.build/Debug-iphonesimulator/cmark-gfm.build/Objects-normal/arm64/houdini_href_e.dia -c /Users/shizihan/DailyUse/Github/InkMarkdown/Packages/Caches/swift-cmark/src/houdini_href_e.c -o /Users/shizihan/DailyUse/Github/InkMarkdown/.scratch/architecture-deepening-2026-09-07/evidence/20260907-1415-ticket-27/consumer/DerivedData-InkMarkdownLaTeXConsumer/Build/Intermediates.noindex/cmark-gfm.build/Debug-iphonesimulator/cmark-gfm.build/Objects-normal/arm64/houdini_href_e.o -index-unit-output-path /cmark-gfm.build/Debug-iphonesimulator/cmark-gfm.build/Objects-normal/arm64/houdini_href_e.o

CompileC /Users/shizihan/DailyUse/Github/InkMarkdown/.scratch/architecture-deepening-2026-09-07/evidence/20260907-1415-ticket-27/consumer/DerivedData-InkMarkdownLaTeXConsumer/Build/Intermediates.noindex/swift-markdown.build/Debug-iphonesimulator/CAtomic.build/Objects-normal/arm64/CAtomic.o /Users/shizihan/DailyUse/Github/InkMarkdown/Packages/Caches/swift-markdown/Sources/CAtomic/CAtomic.c normal arm64 c com.apple.compilers.llvm.clang.1_0.compiler (in target 'CAtomic' from project 'swift-markdown')
    cd /Users/shizihan/DailyUse/Github/InkMarkdown/.github/fixtures/consumer-smoke/.swiftpm/xcode
    
    Using response file: /Users/shizihan/DailyUse/Github/InkMarkdown/.scratch/architecture-deepening-2026-09-07/evidence/20260907-1415-ticket-27/consumer/DerivedData-InkMarkdownLaTeXConsumer/Build/Intermediates.noindex/swift-markdown.build/Debug-iphonesimulator/CAtomic.build/Objects-normal/arm64/7187679823f38a2a940e0043cdf9d637-common-args.resp
    
    /Applications/Xcode.app/Contents/Developer/Toolchains/XcodeDefault.xctoolchain/usr/bin/clang -x c -ivfsstatcache /Users/shizihan/DailyUse/Github/InkMarkdown/.scratch/architecture-deepening-2026-09-07/evidence/20260907-1415-ticket-27/consumer/DerivedData-InkMarkdownLaTeXConsumer/SDKStatCaches.noindex/iphonesimulator26.5-23F81a-6cfe768891a92b912361537c460fe42b.sdkstatcache -target arm64-apple-ios12.0-simulator -fmessage-length\=0 -fdiagnostics-show-note-include-stack -fmacro-backtrace-limit\=0 -fno-color-diagnostics -fmodules-prune-interval\=86400 -fmodules-prune-after\=345600 -fbuild-session-file\=/Users/shizihan/DailyUse/Github/InkMarkdown/.scratch/architecture-deepening-2026-09-07/evidence/20260907-1415-ticket-27/consumer/DerivedData-InkMarkdownLaTeXConsumer/ModuleCache.noindex/Session.modulevalidation -fmodules-validate-once-per-build-session -Wnon-modular-include-in-framework-module -Werror\=non-modular-include-in-framework-module -Wno-trigraphs -Wno-missing-field-initializers -Wno-missing-prototypes -Wno-return-type -Wno-missing-braces -Wparentheses -Wswitch -Wno-unused-function -Wno-unused-label -Wno-unused-parameter -Wno-unused-variable -Wunused-value -Wno-empty-body -Wno-uninitialized -Wno-unknown-pragmas -w -Wno-shadow -Wno-four-char-constants -Wno-conversion -Wno-constant-conversion -Wno-int-conversion -Wno-bool-conversion -Wno-enum-conversion -Wno-float-conversion -Wno-non-literal-null-conversion -Wno-objc-literal-conversion -Wshorten-64-to-32 -Wpointer-sign -Wno-newline-eof -Wno-implicit-fallthrough -isysroot /Applications/Xcode.app/Contents/Developer/Platforms/iPhoneSimulator.platform/Developer/SDKs/iPhoneSimulator26.5.sdk -fstrict-aliasing -Wdeprecated-declarations -Wno-sign-conversion -Wno-infinite-recursion -Wno-comma -Wno-block-capture-autoreleasing -Wno-strict-prototypes -Wno-semicolon-before-method-body -index-store-path /Users/shizihan/DailyUse/Github/InkMarkdown/.scratch/architecture-deepening-2026-09-07/evidence/20260907-1415-ticket-27/consumer/DerivedData-InkMarkdownLaTeXConsumer/Index.noindex/DataStore @/Users/shizihan/DailyUse/Github/InkMarkdown/.scratch/architecture-deepening-2026-09-07/evidence/20260907-1415-ticket-27/consumer/DerivedData-InkMarkdownLaTeXConsumer/Build/Intermediates.noindex/swift-markdown.build/Debug-iphonesimulator/CAtomic.build/Objects-normal/arm64/7187679823f38a2a940e0043cdf9d637-common-args.resp -MMD -MT dependencies -MF /Users/shizihan/DailyUse/Github/InkMarkdown/.scratch/architecture-deepening-2026-09-07/evidence/20260907-1415-ticket-27/consumer/DerivedData-InkMarkdownLaTeXConsumer/Build/Intermediates.noindex/swift-markdown.build/Debug-iphonesimulator/CAtomic.build/Objects-normal/arm64/CAtomic.d --serialize-diagnostics /Users/shizihan/DailyUse/Github/InkMarkdown/.scratch/architecture-deepening-2026-09-07/evidence/20260907-1415-ticket-27/consumer/DerivedData-InkMarkdownLaTeXConsumer/Build/Intermediates.noindex/swift-markdown.build/Debug-iphonesimulator/CAtomic.build/Objects-normal/arm64/CAtomic.dia -c /Users/shizihan/DailyUse/Github/InkMarkdown/Packages/Caches/swift-markdown/Sources/CAtomic/CAtomic.c -o /Users/shizihan/DailyUse/Github/InkMarkdown/.scratch/architecture-deepening-2026-09-07/evidence/20260907-1415-ticket-27/consumer/DerivedData-InkMarkdownLaTeXConsumer/Build/Intermediates.noindex/swift-markdown.build/Debug-iphonesimulator/CAtomic.build/Objects-normal/arm64/CAtomic.o -index-unit-output-path /swift-markdown.build/Debug-iphonesimulator/CAtomic.build/Objects-normal/arm64/CAtomic.o

CompileC /Users/shizihan/DailyUse/Github/InkMarkdown/.scratch/architecture-deepening-2026-09-07/evidence/20260907-1415-ticket-27/consumer/DerivedData-InkMarkdownLaTeXConsumer/Build/Intermediates.noindex/cmark-gfm.build/Debug-iphonesimulator/cmark-gfm.build/Objects-normal/arm64/cmark_ctype.o /Users/shizihan/DailyUse/Github/InkMarkdown/Packages/Caches/swift-cmark/src/cmark_ctype.c normal arm64 c com.apple.compilers.llvm.clang.1_0.compiler (in target 'cmark-gfm' from project 'cmark-gfm')
    cd /Users/shizihan/DailyUse/Github/InkMarkdown/.github/fixtures/consumer-smoke/.swiftpm/xcode
    
    Using response file: /Users/shizihan/DailyUse/Github/InkMarkdown/.scratch/architecture-deepening-2026-09-07/evidence/20260907-1415-ticket-27/consumer/DerivedData-InkMarkdownLaTeXConsumer/Build/Intermediates.noindex/cmark-gfm.build/Debug-iphonesimulator/cmark-gfm.build/Objects-normal/arm64/7187679823f38a2a940e0043cdf9d637-common-args.resp
    
    /Applications/Xcode.app/Contents/Developer/Toolchains/XcodeDefault.xctoolchain/usr/bin/clang -x c -ivfsstatcache /Users/shizihan/DailyUse/Github/InkMarkdown/.scratch/architecture-deepening-2026-09-07/evidence/20260907-1415-ticket-27/consumer/DerivedData-InkMarkdownLaTeXConsumer/SDKStatCaches.noindex/iphonesimulator26.5-23F81a-6cfe768891a92b912361537c460fe42b.sdkstatcache -target arm64-apple-ios12.0-simulator -fmessage-length\=0 -fdiagnostics-show-note-include-stack -fmacro-backtrace-limit\=0 -fno-color-diagnostics -fmodules-prune-interval\=86400 -fmodules-prune-after\=345600 -fbuild-session-file\=/Users/shizihan/DailyUse/Github/InkMarkdown/.scratch/architecture-deepening-2026-09-07/evidence/20260907-1415-ticket-27/consumer/DerivedData-InkMarkdownLaTeXConsumer/ModuleCache.noindex/Session.modulevalidation -fmodules-validate-once-per-build-session -Wnon-modular-include-in-framework-module -Werror\=non-modular-include-in-framework-module -Wno-trigraphs -Wno-missing-field-initializers -Wno-missing-prototypes -Wno-return-type -Wno-missing-braces -Wparentheses -Wswitch -Wno-unused-function -Wno-unused-label -Wno-unused-parameter -Wno-unused-variable -Wunused-value -Wno-empty-body -Wno-uninitialized -Wno-unknown-pragmas -w -Wno-shadow -Wno-four-char-constants -Wno-conversion -Wno-constant-conversion -Wno-int-conversion -Wno-bool-conversion -Wno-enum-conversion -Wno-float-conversion -Wno-non-literal-null-conversion -Wno-objc-literal-conversion -Wshorten-64-to-32 -Wpointer-sign -Wno-newline-eof -Wno-implicit-fallthrough -isysroot /Applications/Xcode.app/Contents/Developer/Platforms/iPhoneSimulator.platform/Developer/SDKs/iPhoneSimulator26.5.sdk -fstrict-aliasing -Wdeprecated-declarations -Wno-sign-conversion -Wno-infinite-recursion -Wno-comma -Wno-block-capture-autoreleasing -Wno-strict-prototypes -Wno-semicolon-before-method-body -index-store-path /Users/shizihan/DailyUse/Github/InkMarkdown/.scratch/architecture-deepening-2026-09-07/evidence/20260907-1415-ticket-27/consumer/DerivedData-InkMarkdownLaTeXConsumer/Index.noindex/DataStore @/Users/shizihan/DailyUse/Github/InkMarkdown/.scratch/architecture-deepening-2026-09-07/evidence/20260907-1415-ticket-27/consumer/DerivedData-InkMarkdownLaTeXConsumer/Build/Intermediates.noindex/cmark-gfm.build/Debug-iphonesimulator/cmark-gfm.build/Objects-normal/arm64/7187679823f38a2a940e0043cdf9d637-common-args.resp -MMD -MT dependencies -MF /Users/shizihan/DailyUse/Github/InkMarkdown/.scratch/architecture-deepening-2026-09-07/evidence/20260907-1415-ticket-27/consumer/DerivedData-InkMarkdownLaTeXConsumer/Build/Intermediates.noindex/cmark-gfm.build/Debug-iphonesimulator/cmark-gfm.build/Objects-normal/arm64/cmark_ctype.d --serialize-diagnostics /Users/shizihan/DailyUse/Github/InkMarkdown/.scratch/architecture-deepening-2026-09-07/evidence/20260907-1415-ticket-27/consumer/DerivedData-InkMarkdownLaTeXConsumer/Build/Intermediates.noindex/cmark-gfm.build/Debug-iphonesimulator/cmark-gfm.build/Objects-normal/arm64/cmark_ctype.dia -c /Users/shizihan/DailyUse/Github/InkMarkdown/Packages/Caches/swift-cmark/src/cmark_ctype.c -o /Users/shizihan/DailyUse/Github/InkMarkdown/.scratch/architecture-deepening-2026-09-07/evidence/20260907-1415-ticket-27/consumer/DerivedData-InkMarkdownLaTeXConsumer/Build/Intermediates.noindex/cmark-gfm.build/Debug-iphonesimulator/cmark-gfm.build/Objects-normal/arm64/cmark_ctype.o -index-unit-output-path /cmark-gfm.build/Debug-iphonesimulator/cmark-gfm.build/Objects-normal/arm64/cmark_ctype.o

PrecompileModule /Users/shizihan/DailyUse/Github/InkMarkdown/.scratch/architecture-deepening-2026-09-07/evidence/20260907-1415-ticket-27/consumer/DerivedData-InkMarkdownLaTeXConsumer/Build/Intermediates.noindex/ExplicitPrecompiledModules/_DarwinFoundation3-AMI68Z009AQYZF77VRRE7X0R6.scan
    cd /
    builtin-precompileModule /Users/shizihan/DailyUse/Github/InkMarkdown/.scratch/architecture-deepening-2026-09-07/evidence/20260907-1415-ticket-27/consumer/DerivedData-InkMarkdownLaTeXConsumer/Build/Intermediates.noindex/ExplicitPrecompiledModules/_DarwinFoundation3-AMI68Z009AQYZF77VRRE7X0R6.scan

Ld /Users/shizihan/DailyUse/Github/InkMarkdown/.scratch/architecture-deepening-2026-09-07/evidence/20260907-1415-ticket-27/consumer/DerivedData-InkMarkdownLaTeXConsumer/Build/Products/Debug-iphonesimulator/CAtomic.o normal (in target 'CAtomic' from project 'swift-markdown')
    cd /Users/shizihan/DailyUse/Github/InkMarkdown/Packages/Caches/swift-markdown
    /Applications/Xcode.app/Contents/Developer/Toolchains/XcodeDefault.xctoolchain/usr/bin/clang -Xlinker -reproducible -target arm64-apple-ios12.0-simulator -r -isysroot /Applications/Xcode.app/Contents/Developer/Platforms/iPhoneSimulator.platform/Developer/SDKs/iPhoneSimulator26.5.sdk -O0 -w -F/Users/shizihan/DailyUse/Github/InkMarkdown/.scratch/architecture-deepening-2026-09-07/evidence/20260907-1415-ticket-27/consumer/DerivedData-InkMarkdownLaTeXConsumer/Build/Intermediates.noindex/EagerLinkingTBDs/Debug-iphonesimulator -F/Users/shizihan/DailyUse/Github/InkMarkdown/.scratch/architecture-deepening-2026-09-07/evidence/20260907-1415-ticket-27/consumer/DerivedData-InkMarkdownLaTeXConsumer/Build/Products/Debug-iphonesimulator -iframework /Applications/Xcode.app/Contents/Developer/Platforms/iPhoneSimulator.platform/Developer/Library/Frameworks -iframework /Applications/Xcode.app/Contents/Developer/Platforms/iPhoneSimulator.platform/Developer/SDKs/iPhoneSimulator26.5.sdk/Developer/Library/Frameworks -filelist /Users/shizihan/DailyUse/Github/InkMarkdown/.scratch/architecture-deepening-2026-09-07/evidence/20260907-1415-ticket-27/consumer/DerivedData-InkMarkdownLaTeXConsumer/Build/Intermediates.noindex/swift-markdown.build/Debug-iphonesimulator/CAtomic.build/Objects-normal/arm64/CAtomic.LinkFileList -nostdlib -Xlinker -object_path_lto -Xlinker /Users/shizihan/DailyUse/Github/InkMarkdown/.scratch/architecture-deepening-2026-09-07/evidence/20260907-1415-ticket-27/consumer/DerivedData-InkMarkdownLaTeXConsumer/Build/Intermediates.noindex/swift-markdown.build/Debug-iphonesimulator/CAtomic.build/Objects-normal/arm64/CAtomic_lto.o -Xlinker -no_deduplicate -Xlinker -objc_abi_version -Xlinker 2 -Xlinker -dependency_info -Xlinker /Users/shizihan/DailyUse/Github/InkMarkdown/.scratch/architecture-deepening-2026-09-07/evidence/20260907-1415-ticket-27/consumer/DerivedData-InkMarkdownLaTeXConsumer/Build/Intermediates.noindex/swift-markdown.build/Debug-iphonesimulator/CAtomic.build/Objects-normal/arm64/CAtomic_dependency_info.dat -o /Users/shizihan/DailyUse/Github/InkMarkdown/.scratch/architecture-deepening-2026-09-07/evidence/20260907-1415-ticket-27/consumer/DerivedData-InkMarkdownLaTeXConsumer/Build/Products/Debug-iphonesimulator/CAtomic.o

SwiftExplicitDependencyGeneratePcm arm64 /Users/shizihan/DailyUse/Github/InkMarkdown/.scratch/architecture-deepening-2026-09-07/evidence/20260907-1415-ticket-27/consumer/DerivedData-InkMarkdownLaTeXConsumer/ModuleCache.noindex/_Builtin_float-C96UQWNER2S3QGGQ7FFRJSGOY.pcm

SwiftExplicitDependencyGeneratePcm arm64 /Users/shizihan/DailyUse/Github/InkMarkdown/.scratch/architecture-deepening-2026-09-07/evidence/20260907-1415-ticket-27/consumer/DerivedData-InkMarkdownLaTeXConsumer/ModuleCache.noindex/ptrauth-8NOOYBP864QKG1DGCD17T29WZ.pcm

SwiftExplicitDependencyGeneratePcm arm64 /Users/shizihan/DailyUse/Github/InkMarkdown/.scratch/architecture-deepening-2026-09-07/evidence/20260907-1415-ticket-27/consumer/DerivedData-InkMarkdownLaTeXConsumer/ModuleCache.noindex/_SwiftConcurrencyShims-33N7PTPHENH2PHRB4ZHSVM0TK.pcm

SwiftExplicitDependencyGeneratePcm arm64 /Users/shizihan/DailyUse/Github/InkMarkdown/.scratch/architecture-deepening-2026-09-07/evidence/20260907-1415-ticket-27/consumer/DerivedData-InkMarkdownLaTeXConsumer/ModuleCache.noindex/_Builtin_stddef-7WZ2WELCST6Y78PYZQSUX1E2V.pcm

SwiftExplicitDependencyGeneratePcm arm64 /Users/shizihan/DailyUse/Github/InkMarkdown/.scratch/architecture-deepening-2026-09-07/evidence/20260907-1415-ticket-27/consumer/DerivedData-InkMarkdownLaTeXConsumer/ModuleCache.noindex/ptrcheck-CL140XLG9TEAM4F7VGU75RUDV.pcm

SwiftExplicitDependencyGeneratePcm arm64 /Users/shizihan/DailyUse/Github/InkMarkdown/.scratch/architecture-deepening-2026-09-07/evidence/20260907-1415-ticket-27/consumer/DerivedData-InkMarkdownLaTeXConsumer/ModuleCache.noindex/_AvailabilityInternal-74M647SMX16EAYDMZZYGK6C8M.pcm

SwiftExplicitDependencyGeneratePcm arm64 /Users/shizihan/DailyUse/Github/InkMarkdown/.scratch/architecture-deepening-2026-09-07/evidence/20260907-1415-ticket-27/consumer/DerivedData-InkMarkdownLaTeXConsumer/ModuleCache.noindex/_Builtin_stdarg-BIKWD1OC18OK18FJCJT7KT0PZ.pcm

SwiftExplicitDependencyGeneratePcm arm64 /Users/shizihan/DailyUse/Github/InkMarkdown/.scratch/architecture-deepening-2026-09-07/evidence/20260907-1415-ticket-27/consumer/DerivedData-InkMarkdownLaTeXConsumer/ModuleCache.noindex/_Builtin_stdbool-7H9IWFF490FDXU3CKVSNTACXL.pcm

SwiftExplicitDependencyGeneratePcm arm64 /Users/shizihan/DailyUse/Github/InkMarkdown/.scratch/architecture-deepening-2026-09-07/evidence/20260907-1415-ticket-27/consumer/DerivedData-InkMarkdownLaTeXConsumer/ModuleCache.noindex/SwiftShims-ECMT8XLEB7N2K264WP91N173D.pcm

CompileC /Users/shizihan/DailyUse/Github/InkMarkdown/.scratch/architecture-deepening-2026-09-07/evidence/20260907-1415-ticket-27/consumer/DerivedData-InkMarkdownLaTeXConsumer/Build/Intermediates.noindex/cmark-gfm.build/Debug-iphonesimulator/cmark-gfm.build/Objects-normal/arm64/xml.o /Users/shizihan/DailyUse/Github/InkMarkdown/Packages/Caches/swift-cmark/src/xml.c normal arm64 c com.apple.compilers.llvm.clang.1_0.compiler (in target 'cmark-gfm' from project 'cmark-gfm')
    cd /Users/shizihan/DailyUse/Github/InkMarkdown/.github/fixtures/consumer-smoke/.swiftpm/xcode
    
    Using response file: /Users/shizihan/DailyUse/Github/InkMarkdown/.scratch/architecture-deepening-2026-09-07/evidence/20260907-1415-ticket-27/consumer/DerivedData-InkMarkdownLaTeXConsumer/Build/Intermediates.noindex/cmark-gfm.build/Debug-iphonesimulator/cmark-gfm.build/Objects-normal/arm64/7187679823f38a2a940e0043cdf9d637-common-args.resp
    
    /Applications/Xcode.app/Contents/Developer/Toolchains/XcodeDefault.xctoolchain/usr/bin/clang -x c -ivfsstatcache /Users/shizihan/DailyUse/Github/InkMarkdown/.scratch/architecture-deepening-2026-09-07/evidence/20260907-1415-ticket-27/consumer/DerivedData-InkMarkdownLaTeXConsumer/SDKStatCaches.noindex/iphonesimulator26.5-23F81a-6cfe768891a92b912361537c460fe42b.sdkstatcache -target arm64-apple-ios12.0-simulator -fmessage-length\=0 -fdiagnostics-show-note-include-stack -fmacro-backtrace-limit\=0 -fno-color-diagnostics -fmodules-prune-interval\=86400 -fmodules-prune-after\=345600 -fbuild-session-file\=/Users/shizihan/DailyUse/Github/InkMarkdown/.scratch/architecture-deepening-2026-09-07/evidence/20260907-1415-ticket-27/consumer/DerivedData-InkMarkdownLaTeXConsumer/ModuleCache.noindex/Session.modulevalidation -fmodules-validate-once-per-build-session -Wnon-modular-include-in-framework-module -Werror\=non-modular-include-in-framework-module -Wno-trigraphs -Wno-missing-field-initializers -Wno-missing-prototypes -Wno-return-type -Wno-missing-braces -Wparentheses -Wswitch -Wno-unused-function -Wno-unused-label -Wno-unused-parameter -Wno-unused-variable -Wunused-value -Wno-empty-body -Wno-uninitialized -Wno-unknown-pragmas -w -Wno-shadow -Wno-four-char-constants -Wno-conversion -Wno-constant-conversion -Wno-int-conversion -Wno-bool-conversion -Wno-enum-conversion -Wno-float-conversion -Wno-non-literal-null-conversion -Wno-objc-literal-conversion -Wshorten-64-to-32 -Wpointer-sign -Wno-newline-eof -Wno-implicit-fallthrough -isysroot /Applications/Xcode.app/Contents/Developer/Platforms/iPhoneSimulator.platform/Developer/SDKs/iPhoneSimulator26.5.sdk -fstrict-aliasing -Wdeprecated-declarations -Wno-sign-conversion -Wno-infinite-recursion -Wno-comma -Wno-block-capture-autoreleasing -Wno-strict-prototypes -Wno-semicolon-before-method-body -index-store-path /Users/shizihan/DailyUse/Github/InkMarkdown/.scratch/architecture-deepening-2026-09-07/evidence/20260907-1415-ticket-27/consumer/DerivedData-InkMarkdownLaTeXConsumer/Index.noindex/DataStore @/Users/shizihan/DailyUse/Github/InkMarkdown/.scratch/architecture-deepening-2026-09-07/evidence/20260907-1415-ticket-27/consumer/DerivedData-InkMarkdownLaTeXConsumer/Build/Intermediates.noindex/cmark-gfm.build/Debug-iphonesimulator/cmark-gfm.build/Objects-normal/arm64/7187679823f38a2a940e0043cdf9d637-common-args.resp -MMD -MT dependencies -MF /Users/shizihan/DailyUse/Github/InkMarkdown/.scratch/architecture-deepening-2026-09-07/evidence/20260907-1415-ticket-27/consumer/DerivedData-InkMarkdownLaTeXConsumer/Build/Intermediates.noindex/cmark-gfm.build/Debug-iphonesimulator/cmark-gfm.build/Objects-normal/arm64/xml.d --serialize-diagnostics /Users/shizihan/DailyUse/Github/InkMarkdown/.scratch/architecture-deepening-2026-09-07/evidence/20260907-1415-ticket-27/consumer/DerivedData-InkMarkdownLaTeXConsumer/Build/Intermediates.noindex/cmark-gfm.build/Debug-iphonesimulator/cmark-gfm.build/Objects-normal/arm64/xml.dia -c /Users/shizihan/DailyUse/Github/InkMarkdown/Packages/Caches/swift-cmark/src/xml.c -o /Users/shizihan/DailyUse/Github/InkMarkdown/.scratch/architecture-deepening-2026-09-07/evidence/20260907-1415-ticket-27/consumer/DerivedData-InkMarkdownLaTeXConsumer/Build/Intermediates.noindex/cmark-gfm.build/Debug-iphonesimulator/cmark-gfm.build/Objects-normal/arm64/xml.o -index-unit-output-path /cmark-gfm.build/Debug-iphonesimulator/cmark-gfm.build/Objects-normal/arm64/xml.o

CompileC /Users/shizihan/DailyUse/Github/InkMarkdown/.scratch/architecture-deepening-2026-09-07/evidence/20260907-1415-ticket-27/consumer/DerivedData-InkMarkdownLaTeXConsumer/Build/Intermediates.noindex/cmark-gfm.build/Debug-iphonesimulator/cmark-gfm.build/Objects-normal/arm64/utf8.o /Users/shizihan/DailyUse/Github/InkMarkdown/Packages/Caches/swift-cmark/src/utf8.c normal arm64 c com.apple.compilers.llvm.clang.1_0.compiler (in target 'cmark-gfm' from project 'cmark-gfm')
    cd /Users/shizihan/DailyUse/Github/InkMarkdown/.github/fixtures/consumer-smoke/.swiftpm/xcode
    
    Using response file: /Users/shizihan/DailyUse/Github/InkMarkdown/.scratch/architecture-deepening-2026-09-07/evidence/20260907-1415-ticket-27/consumer/DerivedData-InkMarkdownLaTeXConsumer/Build/Intermediates.noindex/cmark-gfm.build/Debug-iphonesimulator/cmark-gfm.build/Objects-normal/arm64/7187679823f38a2a940e0043cdf9d637-common-args.resp
    
    /Applications/Xcode.app/Contents/Developer/Toolchains/XcodeDefault.xctoolchain/usr/bin/clang -x c -ivfsstatcache /Users/shizihan/DailyUse/Github/InkMarkdown/.scratch/architecture-deepening-2026-09-07/evidence/20260907-1415-ticket-27/consumer/DerivedData-InkMarkdownLaTeXConsumer/SDKStatCaches.noindex/iphonesimulator26.5-23F81a-6cfe768891a92b912361537c460fe42b.sdkstatcache -target arm64-apple-ios12.0-simulator -fmessage-length\=0 -fdiagnostics-show-note-include-stack -fmacro-backtrace-limit\=0 -fno-color-diagnostics -fmodules-prune-interval\=86400 -fmodules-prune-after\=345600 -fbuild-session-file\=/Users/shizihan/DailyUse/Github/InkMarkdown/.scratch/architecture-deepening-2026-09-07/evidence/20260907-1415-ticket-27/consumer/DerivedData-InkMarkdownLaTeXConsumer/ModuleCache.noindex/Session.modulevalidation -fmodules-validate-once-per-build-session -Wnon-modular-include-in-framework-module -Werror\=non-modular-include-in-framework-module -Wno-trigraphs -Wno-missing-field-initializers -Wno-missing-prototypes -Wno-return-type -Wno-missing-braces -Wparentheses -Wswitch -Wno-unused-function -Wno-unused-label -Wno-unused-parameter -Wno-unused-variable -Wunused-value -Wno-empty-body -Wno-uninitialized -Wno-unknown-pragmas -w -Wno-shadow -Wno-four-char-constants -Wno-conversion -Wno-constant-conversion -Wno-int-conversion -Wno-bool-conversion -Wno-enum-conversion -Wno-float-conversion -Wno-non-literal-null-conversion -Wno-objc-literal-conversion -Wshorten-64-to-32 -Wpointer-sign -Wno-newline-eof -Wno-implicit-fallthrough -isysroot /Applications/Xcode.app/Contents/Developer/Platforms/iPhoneSimulator.platform/Developer/SDKs/iPhoneSimulator26.5.sdk -fstrict-aliasing -Wdeprecated-declarations -Wno-sign-conversion -Wno-infinite-recursion -Wno-comma -Wno-block-capture-autoreleasing -Wno-strict-prototypes -Wno-semicolon-before-method-body -index-store-path /Users/shizihan/DailyUse/Github/InkMarkdown/.scratch/architecture-deepening-2026-09-07/evidence/20260907-1415-ticket-27/consumer/DerivedData-InkMarkdownLaTeXConsumer/Index.noindex/DataStore @/Users/shizihan/DailyUse/Github/InkMarkdown/.scratch/architecture-deepening-2026-09-07/evidence/20260907-1415-ticket-27/consumer/DerivedData-InkMarkdownLaTeXConsumer/Build/Intermediates.noindex/cmark-gfm.build/Debug-iphonesimulator/cmark-gfm.build/Objects-normal/arm64/7187679823f38a2a940e0043cdf9d637-common-args.resp -MMD -MT dependencies -MF /Users/shizihan/DailyUse/Github/InkMarkdown/.scratch/architecture-deepening-2026-09-07/evidence/20260907-1415-ticket-27/consumer/DerivedData-InkMarkdownLaTeXConsumer/Build/Intermediates.noindex/cmark-gfm.build/Debug-iphonesimulator/cmark-gfm.build/Objects-normal/arm64/utf8.d --serialize-diagnostics /Users/shizihan/DailyUse/Github/InkMarkdown/.scratch/architecture-deepening-2026-09-07/evidence/20260907-1415-ticket-27/consumer/DerivedData-InkMarkdownLaTeXConsumer/Build/Intermediates.noindex/cmark-gfm.build/Debug-iphonesimulator/cmark-gfm.build/Objects-normal/arm64/utf8.dia -c /Users/shizihan/DailyUse/Github/InkMarkdown/Packages/Caches/swift-cmark/src/utf8.c -o /Users/shizihan/DailyUse/Github/InkMarkdown/.scratch/architecture-deepening-2026-09-07/evidence/20260907-1415-ticket-27/consumer/DerivedData-InkMarkdownLaTeXConsumer/Build/Intermediates.noindex/cmark-gfm.build/Debug-iphonesimulator/cmark-gfm.build/Objects-normal/arm64/utf8.o -index-unit-output-path /cmark-gfm.build/Debug-iphonesimulator/cmark-gfm.build/Objects-normal/arm64/utf8.o

CompileC /Users/shizihan/DailyUse/Github/InkMarkdown/.scratch/architecture-deepening-2026-09-07/evidence/20260907-1415-ticket-27/consumer/DerivedData-InkMarkdownLaTeXConsumer/Build/Intermediates.noindex/cmark-gfm.build/Debug-iphonesimulator/cmark-gfm.build/Objects-normal/arm64/syntax_extension.o /Users/shizihan/DailyUse/Github/InkMarkdown/Packages/Caches/swift-cmark/src/syntax_extension.c normal arm64 c com.apple.compilers.llvm.clang.1_0.compiler (in target 'cmark-gfm' from project 'cmark-gfm')
    cd /Users/shizihan/DailyUse/Github/InkMarkdown/.github/fixtures/consumer-smoke/.swiftpm/xcode
    
    Using response file: /Users/shizihan/DailyUse/Github/InkMarkdown/.scratch/architecture-deepening-2026-09-07/evidence/20260907-1415-ticket-27/consumer/DerivedData-InkMarkdownLaTeXConsumer/Build/Intermediates.noindex/cmark-gfm.build/Debug-iphonesimulator/cmark-gfm.build/Objects-normal/arm64/7187679823f38a2a940e0043cdf9d637-common-args.resp
    
    /Applications/Xcode.app/Contents/Developer/Toolchains/XcodeDefault.xctoolchain/usr/bin/clang -x c -ivfsstatcache /Users/shizihan/DailyUse/Github/InkMarkdown/.scratch/architecture-deepening-2026-09-07/evidence/20260907-1415-ticket-27/consumer/DerivedData-InkMarkdownLaTeXConsumer/SDKStatCaches.noindex/iphonesimulator26.5-23F81a-6cfe768891a92b912361537c460fe42b.sdkstatcache -target arm64-apple-ios12.0-simulator -fmessage-length\=0 -fdiagnostics-show-note-include-stack -fmacro-backtrace-limit\=0 -fno-color-diagnostics -fmodules-prune-interval\=86400 -fmodules-prune-after\=345600 -fbuild-session-file\=/Users/shizihan/DailyUse/Github/InkMarkdown/.scratch/architecture-deepening-2026-09-07/evidence/20260907-1415-ticket-27/consumer/DerivedData-InkMarkdownLaTeXConsumer/ModuleCache.noindex/Session.modulevalidation -fmodules-validate-once-per-build-session -Wnon-modular-include-in-framework-module -Werror\=non-modular-include-in-framework-module -Wno-trigraphs -Wno-missing-field-initializers -Wno-missing-prototypes -Wno-return-type -Wno-missing-braces -Wparentheses -Wswitch -Wno-unused-function -Wno-unused-label -Wno-unused-parameter -Wno-unused-variable -Wunused-value -Wno-empty-body -Wno-uninitialized -Wno-unknown-pragmas -w -Wno-shadow -Wno-four-char-constants -Wno-conversion -Wno-constant-conversion -Wno-int-conversion -Wno-bool-conversion -Wno-enum-conversion -Wno-float-conversion -Wno-non-literal-null-conversion -Wno-objc-literal-conversion -Wshorten-64-to-32 -Wpointer-sign -Wno-newline-eof -Wno-implicit-fallthrough -isysroot /Applications/Xcode.app/Contents/Developer/Platforms/iPhoneSimulator.platform/Developer/SDKs/iPhoneSimulator26.5.sdk -fstrict-aliasing -Wdeprecated-declarations -Wno-sign-conversion -Wno-infinite-recursion -Wno-comma -Wno-block-capture-autoreleasing -Wno-strict-prototypes -Wno-semicolon-before-method-body -index-store-path /Users/shizihan/DailyUse/Github/InkMarkdown/.scratch/architecture-deepening-2026-09-07/evidence/20260907-1415-ticket-27/consumer/DerivedData-InkMarkdownLaTeXConsumer/Index.noindex/DataStore @/Users/shizihan/DailyUse/Github/InkMarkdown/.scratch/architecture-deepening-2026-09-07/evidence/20260907-1415-ticket-27/consumer/DerivedData-InkMarkdownLaTeXConsumer/Build/Intermediates.noindex/cmark-gfm.build/Debug-iphonesimulator/cmark-gfm.build/Objects-normal/arm64/7187679823f38a2a940e0043cdf9d637-common-args.resp -MMD -MT dependencies -MF /Users/shizihan/DailyUse/Github/InkMarkdown/.scratch/architecture-deepening-2026-09-07/evidence/20260907-1415-ticket-27/consumer/DerivedData-InkMarkdownLaTeXConsumer/Build/Intermediates.noindex/cmark-gfm.build/Debug-iphonesimulator/cmark-gfm.build/Objects-normal/arm64/syntax_extension.d --serialize-diagnostics /Users/shizihan/DailyUse/Github/InkMarkdown/.scratch/architecture-deepening-2026-09-07/evidence/20260907-1415-ticket-27/consumer/DerivedData-InkMarkdownLaTeXConsumer/Build/Intermediates.noindex/cmark-gfm.build/Debug-iphonesimulator/cmark-gfm.build/Objects-normal/arm64/syntax_extension.dia -c /Users/shizihan/DailyUse/Github/InkMarkdown/Packages/Caches/swift-cmark/src/syntax_extension.c -o /Users/shizihan/DailyUse/Github/InkMarkdown/.scratch/architecture-deepening-2026-09-07/evidence/20260907-1415-ticket-27/consumer/DerivedData-InkMarkdownLaTeXConsumer/Build/Intermediates.noindex/cmark-gfm.build/Debug-iphonesimulator/cmark-gfm.build/Objects-normal/arm64/syntax_extension.o -index-unit-output-path /cmark-gfm.build/Debug-iphonesimulator/cmark-gfm.build/Objects-normal/arm64/syntax_extension.o

CompileC /Users/shizihan/DailyUse/Github/InkMarkdown/.scratch/architecture-deepening-2026-09-07/evidence/20260907-1415-ticket-27/consumer/DerivedData-InkMarkdownLaTeXConsumer/Build/Intermediates.noindex/cmark-gfm.build/Debug-iphonesimulator/cmark-gfm.build/Objects-normal/arm64/scanners.o /Users/shizihan/DailyUse/Github/InkMarkdown/Packages/Caches/swift-cmark/src/scanners.c normal arm64 c com.apple.compilers.llvm.clang.1_0.compiler (in target 'cmark-gfm' from project 'cmark-gfm')
    cd /Users/shizihan/DailyUse/Github/InkMarkdown/.github/fixtures/consumer-smoke/.swiftpm/xcode
    
    Using response file: /Users/shizihan/DailyUse/Github/InkMarkdown/.scratch/architecture-deepening-2026-09-07/evidence/20260907-1415-ticket-27/consumer/DerivedData-InkMarkdownLaTeXConsumer/Build/Intermediates.noindex/cmark-gfm.build/Debug-iphonesimulator/cmark-gfm.build/Objects-normal/arm64/7187679823f38a2a940e0043cdf9d637-common-args.resp
    
    /Applications/Xcode.app/Contents/Developer/Toolchains/XcodeDefault.xctoolchain/usr/bin/clang -x c -ivfsstatcache /Users/shizihan/DailyUse/Github/InkMarkdown/.scratch/architecture-deepening-2026-09-07/evidence/20260907-1415-ticket-27/consumer/DerivedData-InkMarkdownLaTeXConsumer/SDKStatCaches.noindex/iphonesimulator26.5-23F81a-6cfe768891a92b912361537c460fe42b.sdkstatcache -target arm64-apple-ios12.0-simulator -fmessage-length\=0 -fdiagnostics-show-note-include-stack -fmacro-backtrace-limit\=0 -fno-color-diagnostics -fmodules-prune-interval\=86400 -fmodules-prune-after\=345600 -fbuild-session-file\=/Users/shizihan/DailyUse/Github/InkMarkdown/.scratch/architecture-deepening-2026-09-07/evidence/20260907-1415-ticket-27/consumer/DerivedData-InkMarkdownLaTeXConsumer/ModuleCache.noindex/Session.modulevalidation -fmodules-validate-once-per-build-session -Wnon-modular-include-in-framework-module -Werror\=non-modular-include-in-framework-module -Wno-trigraphs -Wno-missing-field-initializers -Wno-missing-prototypes -Wno-return-type -Wno-missing-braces -Wparentheses -Wswitch -Wno-unused-function -Wno-unused-label -Wno-unused-parameter -Wno-unused-variable -Wunused-value -Wno-empty-body -Wno-uninitialized -Wno-unknown-pragmas -w -Wno-shadow -Wno-four-char-constants -Wno-conversion -Wno-constant-conversion -Wno-int-conversion -Wno-bool-conversion -Wno-enum-conversion -Wno-float-conversion -Wno-non-literal-null-conversion -Wno-objc-literal-conversion -Wshorten-64-to-32 -Wpointer-sign -Wno-newline-eof -Wno-implicit-fallthrough -isysroot /Applications/Xcode.app/Contents/Developer/Platforms/iPhoneSimulator.platform/Developer/SDKs/iPhoneSimulator26.5.sdk -fstrict-aliasing -Wdeprecated-declarations -Wno-sign-conversion -Wno-infinite-recursion -Wno-comma -Wno-block-capture-autoreleasing -Wno-strict-prototypes -Wno-semicolon-before-method-body -index-store-path /Users/shizihan/DailyUse/Github/InkMarkdown/.scratch/architecture-deepening-2026-09-07/evidence/20260907-1415-ticket-27/consumer/DerivedData-InkMarkdownLaTeXConsumer/Index.noindex/DataStore @/Users/shizihan/DailyUse/Github/InkMarkdown/.scratch/architecture-deepening-2026-09-07/evidence/20260907-1415-ticket-27/consumer/DerivedData-InkMarkdownLaTeXConsumer/Build/Intermediates.noindex/cmark-gfm.build/Debug-iphonesimulator/cmark-gfm.build/Objects-normal/arm64/7187679823f38a2a940e0043cdf9d637-common-args.resp -MMD -MT dependencies -MF /Users/shizihan/DailyUse/Github/InkMarkdown/.scratch/architecture-deepening-2026-09-07/evidence/20260907-1415-ticket-27/consumer/DerivedData-InkMarkdownLaTeXConsumer/Build/Intermediates.noindex/cmark-gfm.build/Debug-iphonesimulator/cmark-gfm.build/Objects-normal/arm64/scanners.d --serialize-diagnostics /Users/shizihan/DailyUse/Github/InkMarkdown/.scratch/architecture-deepening-2026-09-07/evidence/20260907-1415-ticket-27/consumer/DerivedData-InkMarkdownLaTeXConsumer/Build/Intermediates.noindex/cmark-gfm.build/Debug-iphonesimulator/cmark-gfm.build/Objects-normal/arm64/scanners.dia -c /Users/shizihan/DailyUse/Github/InkMarkdown/Packages/Caches/swift-cmark/src/scanners.c -o /Users/shizihan/DailyUse/Github/InkMarkdown/.scratch/architecture-deepening-2026-09-07/evidence/20260907-1415-ticket-27/consumer/DerivedData-InkMarkdownLaTeXConsumer/Build/Intermediates.noindex/cmark-gfm.build/Debug-iphonesimulator/cmark-gfm.build/Objects-normal/arm64/scanners.o -index-unit-output-path /cmark-gfm.build/Debug-iphonesimulator/cmark-gfm.build/Objects-normal/arm64/scanners.o

CompileC /Users/shizihan/DailyUse/Github/InkMarkdown/.scratch/architecture-deepening-2026-09-07/evidence/20260907-1415-ticket-27/consumer/DerivedData-InkMarkdownLaTeXConsumer/Build/Intermediates.noindex/cmark-gfm.build/Debug-iphonesimulator/cmark-gfm.build/Objects-normal/arm64/render.o /Users/shizihan/DailyUse/Github/InkMarkdown/Packages/Caches/swift-cmark/src/render.c normal arm64 c com.apple.compilers.llvm.clang.1_0.compiler (in target 'cmark-gfm' from project 'cmark-gfm')
    cd /Users/shizihan/DailyUse/Github/InkMarkdown/.github/fixtures/consumer-smoke/.swiftpm/xcode
    
    Using response file: /Users/shizihan/DailyUse/Github/InkMarkdown/.scratch/architecture-deepening-2026-09-07/evidence/20260907-1415-ticket-27/consumer/DerivedData-InkMarkdownLaTeXConsumer/Build/Intermediates.noindex/cmark-gfm.build/Debug-iphonesimulator/cmark-gfm.build/Objects-normal/arm64/7187679823f38a2a940e0043cdf9d637-common-args.resp
    
    /Applications/Xcode.app/Contents/Developer/Toolchains/XcodeDefault.xctoolchain/usr/bin/clang -x c -ivfsstatcache /Users/shizihan/DailyUse/Github/InkMarkdown/.scratch/architecture-deepening-2026-09-07/evidence/20260907-1415-ticket-27/consumer/DerivedData-InkMarkdownLaTeXConsumer/SDKStatCaches.noindex/iphonesimulator26.5-23F81a-6cfe768891a92b912361537c460fe42b.sdkstatcache -target arm64-apple-ios12.0-simulator -fmessage-length\=0 -fdiagnostics-show-note-include-stack -fmacro-backtrace-limit\=0 -fno-color-diagnostics -fmodules-prune-interval\=86400 -fmodules-prune-after\=345600 -fbuild-session-file\=/Users/shizihan/DailyUse/Github/InkMarkdown/.scratch/architecture-deepening-2026-09-07/evidence/20260907-1415-ticket-27/consumer/DerivedData-InkMarkdownLaTeXConsumer/ModuleCache.noindex/Session.modulevalidation -fmodules-validate-once-per-build-session -Wnon-modular-include-in-framework-module -Werror\=non-modular-include-in-framework-module -Wno-trigraphs -Wno-missing-field-initializers -Wno-missing-prototypes -Wno-return-type -Wno-missing-braces -Wparentheses -Wswitch -Wno-unused-function -Wno-unused-label -Wno-unused-parameter -Wno-unused-variable -Wunused-value -Wno-empty-body -Wno-uninitialized -Wno-unknown-pragmas -w -Wno-shadow -Wno-four-char-constants -Wno-conversion -Wno-constant-conversion -Wno-int-conversion -Wno-bool-conversion -Wno-enum-conversion -Wno-float-conversion -Wno-non-literal-null-conversion -Wno-objc-literal-conversion -Wshorten-64-to-32 -Wpointer-sign -Wno-newline-eof -Wno-implicit-fallthrough -isysroot /Applications/Xcode.app/Contents/Developer/Platforms/iPhoneSimulator.platform/Developer/SDKs/iPhoneSimulator26.5.sdk -fstrict-aliasing -Wdeprecated-declarations -Wno-sign-conversion -Wno-infinite-recursion -Wno-comma -Wno-block-capture-autoreleasing -Wno-strict-prototypes -Wno-semicolon-before-method-body -index-store-path /Users/shizihan/DailyUse/Github/InkMarkdown/.scratch/architecture-deepening-2026-09-07/evidence/20260907-1415-ticket-27/consumer/DerivedData-InkMarkdownLaTeXConsumer/Index.noindex/DataStore @/Users/shizihan/DailyUse/Github/InkMarkdown/.scratch/architecture-deepening-2026-09-07/evidence/20260907-1415-ticket-27/consumer/DerivedData-InkMarkdownLaTeXConsumer/Build/Intermediates.noindex/cmark-gfm.build/Debug-iphonesimulator/cmark-gfm.build/Objects-normal/arm64/7187679823f38a2a940e0043cdf9d637-common-args.resp -MMD -MT dependencies -MF /Users/shizihan/DailyUse/Github/InkMarkdown/.scratch/architecture-deepening-2026-09-07/evidence/20260907-1415-ticket-27/consumer/DerivedData-InkMarkdownLaTeXConsumer/Build/Intermediates.noindex/cmark-gfm.build/Debug-iphonesimulator/cmark-gfm.build/Objects-normal/arm64/render.d --serialize-diagnostics /Users/shizihan/DailyUse/Github/InkMarkdown/.scratch/architecture-deepening-2026-09-07/evidence/20260907-1415-ticket-27/consumer/DerivedData-InkMarkdownLaTeXConsumer/Build/Intermediates.noindex/cmark-gfm.build/Debug-iphonesimulator/cmark-gfm.build/Objects-normal/arm64/render.dia -c /Users/shizihan/DailyUse/Github/InkMarkdown/Packages/Caches/swift-cmark/src/render.c -o /Users/shizihan/DailyUse/Github/InkMarkdown/.scratch/architecture-deepening-2026-09-07/evidence/20260907-1415-ticket-27/consumer/DerivedData-InkMarkdownLaTeXConsumer/Build/Intermediates.noindex/cmark-gfm.build/Debug-iphonesimulator/cmark-gfm.build/Objects-normal/arm64/render.o -index-unit-output-path /cmark-gfm.build/Debug-iphonesimulator/cmark-gfm.build/Objects-normal/arm64/render.o

CompileC /Users/shizihan/DailyUse/Github/InkMarkdown/.scratch/architecture-deepening-2026-09-07/evidence/20260907-1415-ticket-27/consumer/DerivedData-InkMarkdownLaTeXConsumer/Build/Intermediates.noindex/cmark-gfm.build/Debug-iphonesimulator/cmark-gfm.build/Objects-normal/arm64/registry.o /Users/shizihan/DailyUse/Github/InkMarkdown/Packages/Caches/swift-cmark/src/registry.c normal arm64 c com.apple.compilers.llvm.clang.1_0.compiler (in target 'cmark-gfm' from project 'cmark-gfm')
    cd /Users/shizihan/DailyUse/Github/InkMarkdown/.github/fixtures/consumer-smoke/.swiftpm/xcode
    
    Using response file: /Users/shizihan/DailyUse/Github/InkMarkdown/.scratch/architecture-deepening-2026-09-07/evidence/20260907-1415-ticket-27/consumer/DerivedData-InkMarkdownLaTeXConsumer/Build/Intermediates.noindex/cmark-gfm.build/Debug-iphonesimulator/cmark-gfm.build/Objects-normal/arm64/7187679823f38a2a940e0043cdf9d637-common-args.resp
    
    /Applications/Xcode.app/Contents/Developer/Toolchains/XcodeDefault.xctoolchain/usr/bin/clang -x c -ivfsstatcache /Users/shizihan/DailyUse/Github/InkMarkdown/.scratch/architecture-deepening-2026-09-07/evidence/20260907-1415-ticket-27/consumer/DerivedData-InkMarkdownLaTeXConsumer/SDKStatCaches.noindex/iphonesimulator26.5-23F81a-6cfe768891a92b912361537c460fe42b.sdkstatcache -target arm64-apple-ios12.0-simulator -fmessage-length\=0 -fdiagnostics-show-note-include-stack -fmacro-backtrace-limit\=0 -fno-color-diagnostics -fmodules-prune-interval\=86400 -fmodules-prune-after\=345600 -fbuild-session-file\=/Users/shizihan/DailyUse/Github/InkMarkdown/.scratch/architecture-deepening-2026-09-07/evidence/20260907-1415-ticket-27/consumer/DerivedData-InkMarkdownLaTeXConsumer/ModuleCache.noindex/Session.modulevalidation -fmodules-validate-once-per-build-session -Wnon-modular-include-in-framework-module -Werror\=non-modular-include-in-framework-module -Wno-trigraphs -Wno-missing-field-initializers -Wno-missing-prototypes -Wno-return-type -Wno-missing-braces -Wparentheses -Wswitch -Wno-unused-function -Wno-unused-label -Wno-unused-parameter -Wno-unused-variable -Wunused-value -Wno-empty-body -Wno-uninitialized -Wno-unknown-pragmas -w -Wno-shadow -Wno-four-char-constants -Wno-conversion -Wno-constant-conversion -Wno-int-conversion -Wno-bool-conversion -Wno-enum-conversion -Wno-float-conversion -Wno-non-literal-null-conversion -Wno-objc-literal-conversion -Wshorten-64-to-32 -Wpointer-sign -Wno-newline-eof -Wno-implicit-fallthrough -isysroot /Applications/Xcode.app/Contents/Developer/Platforms/iPhoneSimulator.platform/Developer/SDKs/iPhoneSimulator26.5.sdk -fstrict-aliasing -Wdeprecated-declarations -Wno-sign-conversion -Wno-infinite-recursion -Wno-comma -Wno-block-capture-autoreleasing -Wno-strict-prototypes -Wno-semicolon-before-method-body -index-store-path /Users/shizihan/DailyUse/Github/InkMarkdown/.scratch/architecture-deepening-2026-09-07/evidence/20260907-1415-ticket-27/consumer/DerivedData-InkMarkdownLaTeXConsumer/Index.noindex/DataStore @/Users/shizihan/DailyUse/Github/InkMarkdown/.scratch/architecture-deepening-2026-09-07/evidence/20260907-1415-ticket-27/consumer/DerivedData-InkMarkdownLaTeXConsumer/Build/Intermediates.noindex/cmark-gfm.build/Debug-iphonesimulator/cmark-gfm.build/Objects-normal/arm64/7187679823f38a2a940e0043cdf9d637-common-args.resp -MMD -MT dependencies -MF /Users/shizihan/DailyUse/Github/InkMarkdown/.scratch/architecture-deepening-2026-09-07/evidence/20260907-1415-ticket-27/consumer/DerivedData-InkMarkdownLaTeXConsumer/Build/Intermediates.noindex/cmark-gfm.build/Debug-iphonesimulator/cmark-gfm.build/Objects-normal/arm64/registry.d --serialize-diagnostics /Users/shizihan/DailyUse/Github/InkMarkdown/.scratch/architecture-deepening-2026-09-07/evidence/20260907-1415-ticket-27/consumer/DerivedData-InkMarkdownLaTeXConsumer/Build/Intermediates.noindex/cmark-gfm.build/Debug-iphonesimulator/cmark-gfm.build/Objects-normal/arm64/registry.dia -c /Users/shizihan/DailyUse/Github/InkMarkdown/Packages/Caches/swift-cmark/src/registry.c -o /Users/shizihan/DailyUse/Github/InkMarkdown/.scratch/architecture-deepening-2026-09-07/evidence/20260907-1415-ticket-27/consumer/DerivedData-InkMarkdownLaTeXConsumer/Build/Intermediates.noindex/cmark-gfm.build/Debug-iphonesimulator/cmark-gfm.build/Objects-normal/arm64/registry.o -index-unit-output-path /cmark-gfm.build/Debug-iphonesimulator/cmark-gfm.build/Objects-normal/arm64/registry.o

CompileC /Users/shizihan/DailyUse/Github/InkMarkdown/.scratch/architecture-deepening-2026-09-07/evidence/20260907-1415-ticket-27/consumer/DerivedData-InkMarkdownLaTeXConsumer/Build/Intermediates.noindex/cmark-gfm.build/Debug-iphonesimulator/cmark-gfm.build/Objects-normal/arm64/references.o /Users/shizihan/DailyUse/Github/InkMarkdown/Packages/Caches/swift-cmark/src/references.c normal arm64 c com.apple.compilers.llvm.clang.1_0.compiler (in target 'cmark-gfm' from project 'cmark-gfm')
    cd /Users/shizihan/DailyUse/Github/InkMarkdown/.github/fixtures/consumer-smoke/.swiftpm/xcode
    
    Using response file: /Users/shizihan/DailyUse/Github/InkMarkdown/.scratch/architecture-deepening-2026-09-07/evidence/20260907-1415-ticket-27/consumer/DerivedData-InkMarkdownLaTeXConsumer/Build/Intermediates.noindex/cmark-gfm.build/Debug-iphonesimulator/cmark-gfm.build/Objects-normal/arm64/7187679823f38a2a940e0043cdf9d637-common-args.resp
    
    /Applications/Xcode.app/Contents/Developer/Toolchains/XcodeDefault.xctoolchain/usr/bin/clang -x c -ivfsstatcache /Users/shizihan/DailyUse/Github/InkMarkdown/.scratch/architecture-deepening-2026-09-07/evidence/20260907-1415-ticket-27/consumer/DerivedData-InkMarkdownLaTeXConsumer/SDKStatCaches.noindex/iphonesimulator26.5-23F81a-6cfe768891a92b912361537c460fe42b.sdkstatcache -target arm64-apple-ios12.0-simulator -fmessage-length\=0 -fdiagnostics-show-note-include-stack -fmacro-backtrace-limit\=0 -fno-color-diagnostics -fmodules-prune-interval\=86400 -fmodules-prune-after\=345600 -fbuild-session-file\=/Users/shizihan/DailyUse/Github/InkMarkdown/.scratch/architecture-deepening-2026-09-07/evidence/20260907-1415-ticket-27/consumer/DerivedData-InkMarkdownLaTeXConsumer/ModuleCache.noindex/Session.modulevalidation -fmodules-validate-once-per-build-session -Wnon-modular-include-in-framework-module -Werror\=non-modular-include-in-framework-module -Wno-trigraphs -Wno-missing-field-initializers -Wno-missing-prototypes -Wno-return-type -Wno-missing-braces -Wparentheses -Wswitch -Wno-unused-function -Wno-unused-label -Wno-unused-parameter -Wno-unused-variable -Wunused-value -Wno-empty-body -Wno-uninitialized -Wno-unknown-pragmas -w -Wno-shadow -Wno-four-char-constants -Wno-conversion -Wno-constant-conversion -Wno-int-conversion -Wno-bool-conversion -Wno-enum-conversion -Wno-float-conversion -Wno-non-literal-null-conversion -Wno-objc-literal-conversion -Wshorten-64-to-32 -Wpointer-sign -Wno-newline-eof -Wno-implicit-fallthrough -isysroot /Applications/Xcode.app/Contents/Developer/Platforms/iPhoneSimulator.platform/Developer/SDKs/iPhoneSimulator26.5.sdk -fstrict-aliasing -Wdeprecated-declarations -Wno-sign-conversion -Wno-infinite-recursion -Wno-comma -Wno-block-capture-autoreleasing -Wno-strict-prototypes -Wno-semicolon-before-method-body -index-store-path /Users/shizihan/DailyUse/Github/InkMarkdown/.scratch/architecture-deepening-2026-09-07/evidence/20260907-1415-ticket-27/consumer/DerivedData-InkMarkdownLaTeXConsumer/Index.noindex/DataStore @/Users/shizihan/DailyUse/Github/InkMarkdown/.scratch/architecture-deepening-2026-09-07/evidence/20260907-1415-ticket-27/consumer/DerivedData-InkMarkdownLaTeXConsumer/Build/Intermediates.noindex/cmark-gfm.build/Debug-iphonesimulator/cmark-gfm.build/Objects-normal/arm64/7187679823f38a2a940e0043cdf9d637-common-args.resp -MMD -MT dependencies -MF /Users/shizihan/DailyUse/Github/InkMarkdown/.scratch/architecture-deepening-2026-09-07/evidence/20260907-1415-ticket-27/consumer/DerivedData-InkMarkdownLaTeXConsumer/Build/Intermediates.noindex/cmark-gfm.build/Debug-iphonesimulator/cmark-gfm.build/Objects-normal/arm64/references.d --serialize-diagnostics /Users/shizihan/DailyUse/Github/InkMarkdown/.scratch/architecture-deepening-2026-09-07/evidence/20260907-1415-ticket-27/consumer/DerivedData-InkMarkdownLaTeXConsumer/Build/Intermediates.noindex/cmark-gfm.build/Debug-iphonesimulator/cmark-gfm.build/Objects-normal/arm64/references.dia -c /Users/shizihan/DailyUse/Github/InkMarkdown/Packages/Caches/swift-cmark/src/references.c -o /Users/shizihan/DailyUse/Github/InkMarkdown/.scratch/architecture-deepening-2026-09-07/evidence/20260907-1415-ticket-27/consumer/DerivedData-InkMarkdownLaTeXConsumer/Build/Intermediates.noindex/cmark-gfm.build/Debug-iphonesimulator/cmark-gfm.build/Objects-normal/arm64/references.o -index-unit-output-path /cmark-gfm.build/Debug-iphonesimulator/cmark-gfm.build/Objects-normal/arm64/references.o

CompileC /Users/shizihan/DailyUse/Github/InkMarkdown/.scratch/architecture-deepening-2026-09-07/evidence/20260907-1415-ticket-27/consumer/DerivedData-InkMarkdownLaTeXConsumer/Build/Intermediates.noindex/cmark-gfm.build/Debug-iphonesimulator/cmark-gfm.build/Objects-normal/arm64/plugin.o /Users/shizihan/DailyUse/Github/InkMarkdown/Packages/Caches/swift-cmark/src/plugin.c normal arm64 c com.apple.compilers.llvm.clang.1_0.compiler (in target 'cmark-gfm' from project 'cmark-gfm')
    cd /Users/shizihan/DailyUse/Github/InkMarkdown/.github/fixtures/consumer-smoke/.swiftpm/xcode
    
    Using response file: /Users/shizihan/DailyUse/Github/InkMarkdown/.scratch/architecture-deepening-2026-09-07/evidence/20260907-1415-ticket-27/consumer/DerivedData-InkMarkdownLaTeXConsumer/Build/Intermediates.noindex/cmark-gfm.build/Debug-iphonesimulator/cmark-gfm.build/Objects-normal/arm64/7187679823f38a2a940e0043cdf9d637-common-args.resp
    
    /Applications/Xcode.app/Contents/Developer/Toolchains/XcodeDefault.xctoolchain/usr/bin/clang -x c -ivfsstatcache /Users/shizihan/DailyUse/Github/InkMarkdown/.scratch/architecture-deepening-2026-09-07/evidence/20260907-1415-ticket-27/consumer/DerivedData-InkMarkdownLaTeXConsumer/SDKStatCaches.noindex/iphonesimulator26.5-23F81a-6cfe768891a92b912361537c460fe42b.sdkstatcache -target arm64-apple-ios12.0-simulator -fmessage-length\=0 -fdiagnostics-show-note-include-stack -fmacro-backtrace-limit\=0 -fno-color-diagnostics -fmodules-prune-interval\=86400 -fmodules-prune-after\=345600 -fbuild-session-file\=/Users/shizihan/DailyUse/Github/InkMarkdown/.scratch/architecture-deepening-2026-09-07/evidence/20260907-1415-ticket-27/consumer/DerivedData-InkMarkdownLaTeXConsumer/ModuleCache.noindex/Session.modulevalidation -fmodules-validate-once-per-build-session -Wnon-modular-include-in-framework-module -Werror\=non-modular-include-in-framework-module -Wno-trigraphs -Wno-missing-field-initializers -Wno-missing-prototypes -Wno-return-type -Wno-missing-braces -Wparentheses -Wswitch -Wno-unused-function -Wno-unused-label -Wno-unused-parameter -Wno-unused-variable -Wunused-value -Wno-empty-body -Wno-uninitialized -Wno-unknown-pragmas -w -Wno-shadow -Wno-four-char-constants -Wno-conversion -Wno-constant-conversion -Wno-int-conversion -Wno-bool-conversion -Wno-enum-conversion -Wno-float-conversion -Wno-non-literal-null-conversion -Wno-objc-literal-conversion -Wshorten-64-to-32 -Wpointer-sign -Wno-newline-eof -Wno-implicit-fallthrough -isysroot /Applications/Xcode.app/Contents/Developer/Platforms/iPhoneSimulator.platform/Developer/SDKs/iPhoneSimulator26.5.sdk -fstrict-aliasing -Wdeprecated-declarations -Wno-sign-conversion -Wno-infinite-recursion -Wno-comma -Wno-block-capture-autoreleasing -Wno-strict-prototypes -Wno-semicolon-before-method-body -index-store-path /Users/shizihan/DailyUse/Github/InkMarkdown/.scratch/architecture-deepening-2026-09-07/evidence/20260907-1415-ticket-27/consumer/DerivedData-InkMarkdownLaTeXConsumer/Index.noindex/DataStore @/Users/shizihan/DailyUse/Github/InkMarkdown/.scratch/architecture-deepening-2026-09-07/evidence/20260907-1415-ticket-27/consumer/DerivedData-InkMarkdownLaTeXConsumer/Build/Intermediates.noindex/cmark-gfm.build/Debug-iphonesimulator/cmark-gfm.build/Objects-normal/arm64/7187679823f38a2a940e0043cdf9d637-common-args.resp -MMD -MT dependencies -MF /Users/shizihan/DailyUse/Github/InkMarkdown/.scratch/architecture-deepening-2026-09-07/evidence/20260907-1415-ticket-27/consumer/DerivedData-InkMarkdownLaTeXConsumer/Build/Intermediates.noindex/cmark-gfm.build/Debug-iphonesimulator/cmark-gfm.build/Objects-normal/arm64/plugin.d --serialize-diagnostics /Users/shizihan/DailyUse/Github/InkMarkdown/.scratch/architecture-deepening-2026-09-07/evidence/20260907-1415-ticket-27/consumer/DerivedData-InkMarkdownLaTeXConsumer/Build/Intermediates.noindex/cmark-gfm.build/Debug-iphonesimulator/cmark-gfm.build/Objects-normal/arm64/plugin.dia -c /Users/shizihan/DailyUse/Github/InkMarkdown/Packages/Caches/swift-cmark/src/plugin.c -o /Users/shizihan/DailyUse/Github/InkMarkdown/.scratch/architecture-deepening-2026-09-07/evidence/20260907-1415-ticket-27/consumer/DerivedData-InkMarkdownLaTeXConsumer/Build/Intermediates.noindex/cmark-gfm.build/Debug-iphonesimulator/cmark-gfm.build/Objects-normal/arm64/plugin.o -index-unit-output-path /cmark-gfm.build/Debug-iphonesimulator/cmark-gfm.build/Objects-normal/arm64/plugin.o

CompileC /Users/shizihan/DailyUse/Github/InkMarkdown/.scratch/architecture-deepening-2026-09-07/evidence/20260907-1415-ticket-27/consumer/DerivedData-InkMarkdownLaTeXConsumer/Build/Intermediates.noindex/cmark-gfm.build/Debug-iphonesimulator/cmark-gfm.build/Objects-normal/arm64/plaintext.o /Users/shizihan/DailyUse/Github/InkMarkdown/Packages/Caches/swift-cmark/src/plaintext.c normal arm64 c com.apple.compilers.llvm.clang.1_0.compiler (in target 'cmark-gfm' from project 'cmark-gfm')
    cd /Users/shizihan/DailyUse/Github/InkMarkdown/.github/fixtures/consumer-smoke/.swiftpm/xcode
    
    Using response file: /Users/shizihan/DailyUse/Github/InkMarkdown/.scratch/architecture-deepening-2026-09-07/evidence/20260907-1415-ticket-27/consumer/DerivedData-InkMarkdownLaTeXConsumer/Build/Intermediates.noindex/cmark-gfm.build/Debug-iphonesimulator/cmark-gfm.build/Objects-normal/arm64/7187679823f38a2a940e0043cdf9d637-common-args.resp
    
    /Applications/Xcode.app/Contents/Developer/Toolchains/XcodeDefault.xctoolchain/usr/bin/clang -x c -ivfsstatcache /Users/shizihan/DailyUse/Github/InkMarkdown/.scratch/architecture-deepening-2026-09-07/evidence/20260907-1415-ticket-27/consumer/DerivedData-InkMarkdownLaTeXConsumer/SDKStatCaches.noindex/iphonesimulator26.5-23F81a-6cfe768891a92b912361537c460fe42b.sdkstatcache -target arm64-apple-ios12.0-simulator -fmessage-length\=0 -fdiagnostics-show-note-include-stack -fmacro-backtrace-limit\=0 -fno-color-diagnostics -fmodules-prune-interval\=86400 -fmodules-prune-after\=345600 -fbuild-session-file\=/Users/shizihan/DailyUse/Github/InkMarkdown/.scratch/architecture-deepening-2026-09-07/evidence/20260907-1415-ticket-27/consumer/DerivedData-InkMarkdownLaTeXConsumer/ModuleCache.noindex/Session.modulevalidation -fmodules-validate-once-per-build-session -Wnon-modular-include-in-framework-module -Werror\=non-modular-include-in-framework-module -Wno-trigraphs -Wno-missing-field-initializers -Wno-missing-prototypes -Wno-return-type -Wno-missing-braces -Wparentheses -Wswitch -Wno-unused-function -Wno-unused-label -Wno-unused-parameter -Wno-unused-variable -Wunused-value -Wno-empty-body -Wno-uninitialized -Wno-unknown-pragmas -w -Wno-shadow -Wno-four-char-constants -Wno-conversion -Wno-constant-conversion -Wno-int-conversion -Wno-bool-conversion -Wno-enum-conversion -Wno-float-conversion -Wno-non-literal-null-conversion -Wno-objc-literal-conversion -Wshorten-64-to-32 -Wpointer-sign -Wno-newline-eof -Wno-implicit-fallthrough -isysroot /Applications/Xcode.app/Contents/Developer/Platforms/iPhoneSimulator.platform/Developer/SDKs/iPhoneSimulator26.5.sdk -fstrict-aliasing -Wdeprecated-declarations -Wno-sign-conversion -Wno-infinite-recursion -Wno-comma -Wno-block-capture-autoreleasing -Wno-strict-prototypes -Wno-semicolon-before-method-body -index-store-path /Users/shizihan/DailyUse/Github/InkMarkdown/.scratch/architecture-deepening-2026-09-07/evidence/20260907-1415-ticket-27/consumer/DerivedData-InkMarkdownLaTeXConsumer/Index.noindex/DataStore @/Users/shizihan/DailyUse/Github/InkMarkdown/.scratch/architecture-deepening-2026-09-07/evidence/20260907-1415-ticket-27/consumer/DerivedData-InkMarkdownLaTeXConsumer/Build/Intermediates.noindex/cmark-gfm.build/Debug-iphonesimulator/cmark-gfm.build/Objects-normal/arm64/7187679823f38a2a940e0043cdf9d637-common-args.resp -MMD -MT dependencies -MF /Users/shizihan/DailyUse/Github/InkMarkdown/.scratch/architecture-deepening-2026-09-07/evidence/20260907-1415-ticket-27/consumer/DerivedData-InkMarkdownLaTeXConsumer/Build/Intermediates.noindex/cmark-gfm.build/Debug-iphonesimulator/cmark-gfm.build/Objects-normal/arm64/plaintext.d --serialize-diagnostics /Users/shizihan/DailyUse/Github/InkMarkdown/.scratch/architecture-deepening-2026-09-07/evidence/20260907-1415-ticket-27/consumer/DerivedData-InkMarkdownLaTeXConsumer/Build/Intermediates.noindex/cmark-gfm.build/Debug-iphonesimulator/cmark-gfm.build/Objects-normal/arm64/plaintext.dia -c /Users/shizihan/DailyUse/Github/InkMarkdown/Packages/Caches/swift-cmark/src/plaintext.c -o /Users/shizihan/DailyUse/Github/InkMarkdown/.scratch/architecture-deepening-2026-09-07/evidence/20260907-1415-ticket-27/consumer/DerivedData-InkMarkdownLaTeXConsumer/Build/Intermediates.noindex/cmark-gfm.build/Debug-iphonesimulator/cmark-gfm.build/Objects-normal/arm64/plaintext.o -index-unit-output-path /cmark-gfm.build/Debug-iphonesimulator/cmark-gfm.build/Objects-normal/arm64/plaintext.o

CompileC /Users/shizihan/DailyUse/Github/InkMarkdown/.scratch/architecture-deepening-2026-09-07/evidence/20260907-1415-ticket-27/consumer/DerivedData-InkMarkdownLaTeXConsumer/Build/Intermediates.noindex/cmark-gfm.build/Debug-iphonesimulator/cmark-gfm.build/Objects-normal/arm64/node.o /Users/shizihan/DailyUse/Github/InkMarkdown/Packages/Caches/swift-cmark/src/node.c normal arm64 c com.apple.compilers.llvm.clang.1_0.compiler (in target 'cmark-gfm' from project 'cmark-gfm')
    cd /Users/shizihan/DailyUse/Github/InkMarkdown/.github/fixtures/consumer-smoke/.swiftpm/xcode
    
    Using response file: /Users/shizihan/DailyUse/Github/InkMarkdown/.scratch/architecture-deepening-2026-09-07/evidence/20260907-1415-ticket-27/consumer/DerivedData-InkMarkdownLaTeXConsumer/Build/Intermediates.noindex/cmark-gfm.build/Debug-iphonesimulator/cmark-gfm.build/Objects-normal/arm64/7187679823f38a2a940e0043cdf9d637-common-args.resp
    
    /Applications/Xcode.app/Contents/Developer/Toolchains/XcodeDefault.xctoolchain/usr/bin/clang -x c -ivfsstatcache /Users/shizihan/DailyUse/Github/InkMarkdown/.scratch/architecture-deepening-2026-09-07/evidence/20260907-1415-ticket-27/consumer/DerivedData-InkMarkdownLaTeXConsumer/SDKStatCaches.noindex/iphonesimulator26.5-23F81a-6cfe768891a92b912361537c460fe42b.sdkstatcache -target arm64-apple-ios12.0-simulator -fmessage-length\=0 -fdiagnostics-show-note-include-stack -fmacro-backtrace-limit\=0 -fno-color-diagnostics -fmodules-prune-interval\=86400 -fmodules-prune-after\=345600 -fbuild-session-file\=/Users/shizihan/DailyUse/Github/InkMarkdown/.scratch/architecture-deepening-2026-09-07/evidence/20260907-1415-ticket-27/consumer/DerivedData-InkMarkdownLaTeXConsumer/ModuleCache.noindex/Session.modulevalidation -fmodules-validate-once-per-build-session -Wnon-modular-include-in-framework-module -Werror\=non-modular-include-in-framework-module -Wno-trigraphs -Wno-missing-field-initializers -Wno-missing-prototypes -Wno-return-type -Wno-missing-braces -Wparentheses -Wswitch -Wno-unused-function -Wno-unused-label -Wno-unused-parameter -Wno-unused-variable -Wunused-value -Wno-empty-body -Wno-uninitialized -Wno-unknown-pragmas -w -Wno-shadow -Wno-four-char-constants -Wno-conversion -Wno-constant-conversion -Wno-int-conversion -Wno-bool-conversion -Wno-enum-conversion -Wno-float-conversion -Wno-non-literal-null-conversion -Wno-objc-literal-conversion -Wshorten-64-to-32 -Wpointer-sign -Wno-newline-eof -Wno-implicit-fallthrough -isysroot /Applications/Xcode.app/Contents/Developer/Platforms/iPhoneSimulator.platform/Developer/SDKs/iPhoneSimulator26.5.sdk -fstrict-aliasing -Wdeprecated-declarations -Wno-sign-conversion -Wno-infinite-recursion -Wno-comma -Wno-block-capture-autoreleasing -Wno-strict-prototypes -Wno-semicolon-before-method-body -index-store-path /Users/shizihan/DailyUse/Github/InkMarkdown/.scratch/architecture-deepening-2026-09-07/evidence/20260907-1415-ticket-27/consumer/DerivedData-InkMarkdownLaTeXConsumer/Index.noindex/DataStore @/Users/shizihan/DailyUse/Github/InkMarkdown/.scratch/architecture-deepening-2026-09-07/evidence/20260907-1415-ticket-27/consumer/DerivedData-InkMarkdownLaTeXConsumer/Build/Intermediates.noindex/cmark-gfm.build/Debug-iphonesimulator/cmark-gfm.build/Objects-normal/arm64/7187679823f38a2a940e0043cdf9d637-common-args.resp -MMD -MT dependencies -MF /Users/shizihan/DailyUse/Github/InkMarkdown/.scratch/architecture-deepening-2026-09-07/evidence/20260907-1415-ticket-27/consumer/DerivedData-InkMarkdownLaTeXConsumer/Build/Intermediates.noindex/cmark-gfm.build/Debug-iphonesimulator/cmark-gfm.build/Objects-normal/arm64/node.d --serialize-diagnostics /Users/shizihan/DailyUse/Github/InkMarkdown/.scratch/architecture-deepening-2026-09-07/evidence/20260907-1415-ticket-27/consumer/DerivedData-InkMarkdownLaTeXConsumer/Build/Intermediates.noindex/cmark-gfm.build/Debug-iphonesimulator/cmark-gfm.build/Objects-normal/arm64/node.dia -c /Users/shizihan/DailyUse/Github/InkMarkdown/Packages/Caches/swift-cmark/src/node.c -o /Users/shizihan/DailyUse/Github/InkMarkdown/.scratch/architecture-deepening-2026-09-07/evidence/20260907-1415-ticket-27/consumer/DerivedData-InkMarkdownLaTeXConsumer/Build/Intermediates.noindex/cmark-gfm.build/Debug-iphonesimulator/cmark-gfm.build/Objects-normal/arm64/node.o -index-unit-output-path /cmark-gfm.build/Debug-iphonesimulator/cmark-gfm.build/Objects-normal/arm64/node.o

SwiftExplicitDependencyGeneratePcm arm64 /Users/shizihan/DailyUse/Github/InkMarkdown/.scratch/architecture-deepening-2026-09-07/evidence/20260907-1415-ticket-27/consumer/DerivedData-InkMarkdownLaTeXConsumer/ModuleCache.noindex/_DarwinFoundation1-5U7ODKK39M0ML5FVJZEZBW7FE.pcm

CompileC /Users/shizihan/DailyUse/Github/InkMarkdown/.scratch/architecture-deepening-2026-09-07/evidence/20260907-1415-ticket-27/consumer/DerivedData-InkMarkdownLaTeXConsumer/Build/Intermediates.noindex/cmark-gfm.build/Debug-iphonesimulator/cmark-gfm.build/Objects-normal/arm64/map.o /Users/shizihan/DailyUse/Github/InkMarkdown/Packages/Caches/swift-cmark/src/map.c normal arm64 c com.apple.compilers.llvm.clang.1_0.compiler (in target 'cmark-gfm' from project 'cmark-gfm')
    cd /Users/shizihan/DailyUse/Github/InkMarkdown/.github/fixtures/consumer-smoke/.swiftpm/xcode
    
    Using response file: /Users/shizihan/DailyUse/Github/InkMarkdown/.scratch/architecture-deepening-2026-09-07/evidence/20260907-1415-ticket-27/consumer/DerivedData-InkMarkdownLaTeXConsumer/Build/Intermediates.noindex/cmark-gfm.build/Debug-iphonesimulator/cmark-gfm.build/Objects-normal/arm64/7187679823f38a2a940e0043cdf9d637-common-args.resp
    
    /Applications/Xcode.app/Contents/Developer/Toolchains/XcodeDefault.xctoolchain/usr/bin/clang -x c -ivfsstatcache /Users/shizihan/DailyUse/Github/InkMarkdown/.scratch/architecture-deepening-2026-09-07/evidence/20260907-1415-ticket-27/consumer/DerivedData-InkMarkdownLaTeXConsumer/SDKStatCaches.noindex/iphonesimulator26.5-23F81a-6cfe768891a92b912361537c460fe42b.sdkstatcache -target arm64-apple-ios12.0-simulator -fmessage-length\=0 -fdiagnostics-show-note-include-stack -fmacro-backtrace-limit\=0 -fno-color-diagnostics -fmodules-prune-interval\=86400 -fmodules-prune-after\=345600 -fbuild-session-file\=/Users/shizihan/DailyUse/Github/InkMarkdown/.scratch/architecture-deepening-2026-09-07/evidence/20260907-1415-ticket-27/consumer/DerivedData-InkMarkdownLaTeXConsumer/ModuleCache.noindex/Session.modulevalidation -fmodules-validate-once-per-build-session -Wnon-modular-include-in-framework-module -Werror\=non-modular-include-in-framework-module -Wno-trigraphs -Wno-missing-field-initializers -Wno-missing-prototypes -Wno-return-type -Wno-missing-braces -Wparentheses -Wswitch -Wno-unused-function -Wno-unused-label -Wno-unused-parameter -Wno-unused-variable -Wunused-value -Wno-empty-body -Wno-uninitialized -Wno-unknown-pragmas -w -Wno-shadow -Wno-four-char-constants -Wno-conversion -Wno-constant-conversion -Wno-int-conversion -Wno-bool-conversion -Wno-enum-conversion -Wno-float-conversion -Wno-non-literal-null-conversion -Wno-objc-literal-conversion -Wshorten-64-to-32 -Wpointer-sign -Wno-newline-eof -Wno-implicit-fallthrough -isysroot /Applications/Xcode.app/Contents/Developer/Platforms/iPhoneSimulator.platform/Developer/SDKs/iPhoneSimulator26.5.sdk -fstrict-aliasing -Wdeprecated-declarations -Wno-sign-conversion -Wno-infinite-recursion -Wno-comma -Wno-block-capture-autoreleasing -Wno-strict-prototypes -Wno-semicolon-before-method-body -index-store-path /Users/shizihan/DailyUse/Github/InkMarkdown/.scratch/architecture-deepening-2026-09-07/evidence/20260907-1415-ticket-27/consumer/DerivedData-InkMarkdownLaTeXConsumer/Index.noindex/DataStore @/Users/shizihan/DailyUse/Github/InkMarkdown/.scratch/architecture-deepening-2026-09-07/evidence/20260907-1415-ticket-27/consumer/DerivedData-InkMarkdownLaTeXConsumer/Build/Intermediates.noindex/cmark-gfm.build/Debug-iphonesimulator/cmark-gfm.build/Objects-normal/arm64/7187679823f38a2a940e0043cdf9d637-common-args.resp -MMD -MT dependencies -MF /Users/shizihan/DailyUse/Github/InkMarkdown/.scratch/architecture-deepening-2026-09-07/evidence/20260907-1415-ticket-27/consumer/DerivedData-InkMarkdownLaTeXConsumer/Build/Intermediates.noindex/cmark-gfm.build/Debug-iphonesimulator/cmark-gfm.build/Objects-normal/arm64/map.d --serialize-diagnostics /Users/shizihan/DailyUse/Github/InkMarkdown/.scratch/architecture-deepening-2026-09-07/evidence/20260907-1415-ticket-27/consumer/DerivedData-InkMarkdownLaTeXConsumer/Build/Intermediates.noindex/cmark-gfm.build/Debug-iphonesimulator/cmark-gfm.build/Objects-normal/arm64/map.dia -c /Users/shizihan/DailyUse/Github/InkMarkdown/Packages/Caches/swift-cmark/src/map.c -o /Users/shizihan/DailyUse/Github/InkMarkdown/.scratch/architecture-deepening-2026-09-07/evidence/20260907-1415-ticket-27/consumer/DerivedData-InkMarkdownLaTeXConsumer/Build/Intermediates.noindex/cmark-gfm.build/Debug-iphonesimulator/cmark-gfm.build/Objects-normal/arm64/map.o -index-unit-output-path /cmark-gfm.build/Debug-iphonesimulator/cmark-gfm.build/Objects-normal/arm64/map.o

CompileC /Users/shizihan/DailyUse/Github/InkMarkdown/.scratch/architecture-deepening-2026-09-07/evidence/20260907-1415-ticket-27/consumer/DerivedData-InkMarkdownLaTeXConsumer/Build/Intermediates.noindex/cmark-gfm.build/Debug-iphonesimulator/cmark-gfm.build/Objects-normal/arm64/man.o /Users/shizihan/DailyUse/Github/InkMarkdown/Packages/Caches/swift-cmark/src/man.c normal arm64 c com.apple.compilers.llvm.clang.1_0.compiler (in target 'cmark-gfm' from project 'cmark-gfm')
    cd /Users/shizihan/DailyUse/Github/InkMarkdown/.github/fixtures/consumer-smoke/.swiftpm/xcode
    
    Using response file: /Users/shizihan/DailyUse/Github/InkMarkdown/.scratch/architecture-deepening-2026-09-07/evidence/20260907-1415-ticket-27/consumer/DerivedData-InkMarkdownLaTeXConsumer/Build/Intermediates.noindex/cmark-gfm.build/Debug-iphonesimulator/cmark-gfm.build/Objects-normal/arm64/7187679823f38a2a940e0043cdf9d637-common-args.resp
    
    /Applications/Xcode.app/Contents/Developer/Toolchains/XcodeDefault.xctoolchain/usr/bin/clang -x c -ivfsstatcache /Users/shizihan/DailyUse/Github/InkMarkdown/.scratch/architecture-deepening-2026-09-07/evidence/20260907-1415-ticket-27/consumer/DerivedData-InkMarkdownLaTeXConsumer/SDKStatCaches.noindex/iphonesimulator26.5-23F81a-6cfe768891a92b912361537c460fe42b.sdkstatcache -target arm64-apple-ios12.0-simulator -fmessage-length\=0 -fdiagnostics-show-note-include-stack -fmacro-backtrace-limit\=0 -fno-color-diagnostics -fmodules-prune-interval\=86400 -fmodules-prune-after\=345600 -fbuild-session-file\=/Users/shizihan/DailyUse/Github/InkMarkdown/.scratch/architecture-deepening-2026-09-07/evidence/20260907-1415-ticket-27/consumer/DerivedData-InkMarkdownLaTeXConsumer/ModuleCache.noindex/Session.modulevalidation -fmodules-validate-once-per-build-session -Wnon-modular-include-in-framework-module -Werror\=non-modular-include-in-framework-module -Wno-trigraphs -Wno-missing-field-initializers -Wno-missing-prototypes -Wno-return-type -Wno-missing-braces -Wparentheses -Wswitch -Wno-unused-function -Wno-unused-label -Wno-unused-parameter -Wno-unused-variable -Wunused-value -Wno-empty-body -Wno-uninitialized -Wno-unknown-pragmas -w -Wno-shadow -Wno-four-char-constants -Wno-conversion -Wno-constant-conversion -Wno-int-conversion -Wno-bool-conversion -Wno-enum-conversion -Wno-float-conversion -Wno-non-literal-null-conversion -Wno-objc-literal-conversion -Wshorten-64-to-32 -Wpointer-sign -Wno-newline-eof -Wno-implicit-fallthrough -isysroot /Applications/Xcode.app/Contents/Developer/Platforms/iPhoneSimulator.platform/Developer/SDKs/iPhoneSimulator26.5.sdk -fstrict-aliasing -Wdeprecated-declarations -Wno-sign-conversion -Wno-infinite-recursion -Wno-comma -Wno-block-capture-autoreleasing -Wno-strict-prototypes -Wno-semicolon-before-method-body -index-store-path /Users/shizihan/DailyUse/Github/InkMarkdown/.scratch/architecture-deepening-2026-09-07/evidence/20260907-1415-ticket-27/consumer/DerivedData-InkMarkdownLaTeXConsumer/Index.noindex/DataStore @/Users/shizihan/DailyUse/Github/InkMarkdown/.scratch/architecture-deepening-2026-09-07/evidence/20260907-1415-ticket-27/consumer/DerivedData-InkMarkdownLaTeXConsumer/Build/Intermediates.noindex/cmark-gfm.build/Debug-iphonesimulator/cmark-gfm.build/Objects-normal/arm64/7187679823f38a2a940e0043cdf9d637-common-args.resp -MMD -MT dependencies -MF /Users/shizihan/DailyUse/Github/InkMarkdown/.scratch/architecture-deepening-2026-09-07/evidence/20260907-1415-ticket-27/consumer/DerivedData-InkMarkdownLaTeXConsumer/Build/Intermediates.noindex/cmark-gfm.build/Debug-iphonesimulator/cmark-gfm.build/Objects-normal/arm64/man.d --serialize-diagnostics /Users/shizihan/DailyUse/Github/InkMarkdown/.scratch/architecture-deepening-2026-09-07/evidence/20260907-1415-ticket-27/consumer/DerivedData-InkMarkdownLaTeXConsumer/Build/Intermediates.noindex/cmark-gfm.build/Debug-iphonesimulator/cmark-gfm.build/Objects-normal/arm64/man.dia -c /Users/shizihan/DailyUse/Github/InkMarkdown/Packages/Caches/swift-cmark/src/man.c -o /Users/shizihan/DailyUse/Github/InkMarkdown/.scratch/architecture-deepening-2026-09-07/evidence/20260907-1415-ticket-27/consumer/DerivedData-InkMarkdownLaTeXConsumer/Build/Intermediates.noindex/cmark-gfm.build/Debug-iphonesimulator/cmark-gfm.build/Objects-normal/arm64/man.o -index-unit-output-path /cmark-gfm.build/Debug-iphonesimulator/cmark-gfm.build/Objects-normal/arm64/man.o

CompileC /Users/shizihan/DailyUse/Github/InkMarkdown/.scratch/architecture-deepening-2026-09-07/evidence/20260907-1415-ticket-27/consumer/DerivedData-InkMarkdownLaTeXConsumer/Build/Intermediates.noindex/cmark-gfm.build/Debug-iphonesimulator/cmark-gfm.build/Objects-normal/arm64/linked_list.o /Users/shizihan/DailyUse/Github/InkMarkdown/Packages/Caches/swift-cmark/src/linked_list.c normal arm64 c com.apple.compilers.llvm.clang.1_0.compiler (in target 'cmark-gfm' from project 'cmark-gfm')
    cd /Users/shizihan/DailyUse/Github/InkMarkdown/.github/fixtures/consumer-smoke/.swiftpm/xcode
    
    Using response file: /Users/shizihan/DailyUse/Github/InkMarkdown/.scratch/architecture-deepening-2026-09-07/evidence/20260907-1415-ticket-27/consumer/DerivedData-InkMarkdownLaTeXConsumer/Build/Intermediates.noindex/cmark-gfm.build/Debug-iphonesimulator/cmark-gfm.build/Objects-normal/arm64/7187679823f38a2a940e0043cdf9d637-common-args.resp
    
    /Applications/Xcode.app/Contents/Developer/Toolchains/XcodeDefault.xctoolchain/usr/bin/clang -x c -ivfsstatcache /Users/shizihan/DailyUse/Github/InkMarkdown/.scratch/architecture-deepening-2026-09-07/evidence/20260907-1415-ticket-27/consumer/DerivedData-InkMarkdownLaTeXConsumer/SDKStatCaches.noindex/iphonesimulator26.5-23F81a-6cfe768891a92b912361537c460fe42b.sdkstatcache -target arm64-apple-ios12.0-simulator -fmessage-length\=0 -fdiagnostics-show-note-include-stack -fmacro-backtrace-limit\=0 -fno-color-diagnostics -fmodules-prune-interval\=86400 -fmodules-prune-after\=345600 -fbuild-session-file\=/Users/shizihan/DailyUse/Github/InkMarkdown/.scratch/architecture-deepening-2026-09-07/evidence/20260907-1415-ticket-27/consumer/DerivedData-InkMarkdownLaTeXConsumer/ModuleCache.noindex/Session.modulevalidation -fmodules-validate-once-per-build-session -Wnon-modular-include-in-framework-module -Werror\=non-modular-include-in-framework-module -Wno-trigraphs -Wno-missing-field-initializers -Wno-missing-prototypes -Wno-return-type -Wno-missing-braces -Wparentheses -Wswitch -Wno-unused-function -Wno-unused-label -Wno-unused-parameter -Wno-unused-variable -Wunused-value -Wno-empty-body -Wno-uninitialized -Wno-unknown-pragmas -w -Wno-shadow -Wno-four-char-constants -Wno-conversion -Wno-constant-conversion -Wno-int-conversion -Wno-bool-conversion -Wno-enum-conversion -Wno-float-conversion -Wno-non-literal-null-conversion -Wno-objc-literal-conversion -Wshorten-64-to-32 -Wpointer-sign -Wno-newline-eof -Wno-implicit-fallthrough -isysroot /Applications/Xcode.app/Contents/Developer/Platforms/iPhoneSimulator.platform/Developer/SDKs/iPhoneSimulator26.5.sdk -fstrict-aliasing -Wdeprecated-declarations -Wno-sign-conversion -Wno-infinite-recursion -Wno-comma -Wno-block-capture-autoreleasing -Wno-strict-prototypes -Wno-semicolon-before-method-body -index-store-path /Users/shizihan/DailyUse/Github/InkMarkdown/.scratch/architecture-deepening-2026-09-07/evidence/20260907-1415-ticket-27/consumer/DerivedData-InkMarkdownLaTeXConsumer/Index.noindex/DataStore @/Users/shizihan/DailyUse/Github/InkMarkdown/.scratch/architecture-deepening-2026-09-07/evidence/20260907-1415-ticket-27/consumer/DerivedData-InkMarkdownLaTeXConsumer/Build/Intermediates.noindex/cmark-gfm.build/Debug-iphonesimulator/cmark-gfm.build/Objects-normal/arm64/7187679823f38a2a940e0043cdf9d637-common-args.resp -MMD -MT dependencies -MF /Users/shizihan/DailyUse/Github/InkMarkdown/.scratch/architecture-deepening-2026-09-07/evidence/20260907-1415-ticket-27/consumer/DerivedData-InkMarkdownLaTeXConsumer/Build/Intermediates.noindex/cmark-gfm.build/Debug-iphonesimulator/cmark-gfm.build/Objects-normal/arm64/linked_list.d --serialize-diagnostics /Users/shizihan/DailyUse/Github/InkMarkdown/.scratch/architecture-deepening-2026-09-07/evidence/20260907-1415-ticket-27/consumer/DerivedData-InkMarkdownLaTeXConsumer/Build/Intermediates.noindex/cmark-gfm.build/Debug-iphonesimulator/cmark-gfm.build/Objects-normal/arm64/linked_list.dia -c /Users/shizihan/DailyUse/Github/InkMarkdown/Packages/Caches/swift-cmark/src/linked_list.c -o /Users/shizihan/DailyUse/Github/InkMarkdown/.scratch/architecture-deepening-2026-09-07/evidence/20260907-1415-ticket-27/consumer/DerivedData-InkMarkdownLaTeXConsumer/Build/Intermediates.noindex/cmark-gfm.build/Debug-iphonesimulator/cmark-gfm.build/Objects-normal/arm64/linked_list.o -index-unit-output-path /cmark-gfm.build/Debug-iphonesimulator/cmark-gfm.build/Objects-normal/arm64/linked_list.o

CompileC /Users/shizihan/DailyUse/Github/InkMarkdown/.scratch/architecture-deepening-2026-09-07/evidence/20260907-1415-ticket-27/consumer/DerivedData-InkMarkdownLaTeXConsumer/Build/Intermediates.noindex/cmark-gfm.build/Debug-iphonesimulator/cmark-gfm.build/Objects-normal/arm64/latex.o /Users/shizihan/DailyUse/Github/InkMarkdown/Packages/Caches/swift-cmark/src/latex.c normal arm64 c com.apple.compilers.llvm.clang.1_0.compiler (in target 'cmark-gfm' from project 'cmark-gfm')
    cd /Users/shizihan/DailyUse/Github/InkMarkdown/.github/fixtures/consumer-smoke/.swiftpm/xcode
    
    Using response file: /Users/shizihan/DailyUse/Github/InkMarkdown/.scratch/architecture-deepening-2026-09-07/evidence/20260907-1415-ticket-27/consumer/DerivedData-InkMarkdownLaTeXConsumer/Build/Intermediates.noindex/cmark-gfm.build/Debug-iphonesimulator/cmark-gfm.build/Objects-normal/arm64/7187679823f38a2a940e0043cdf9d637-common-args.resp
    
    /Applications/Xcode.app/Contents/Developer/Toolchains/XcodeDefault.xctoolchain/usr/bin/clang -x c -ivfsstatcache /Users/shizihan/DailyUse/Github/InkMarkdown/.scratch/architecture-deepening-2026-09-07/evidence/20260907-1415-ticket-27/consumer/DerivedData-InkMarkdownLaTeXConsumer/SDKStatCaches.noindex/iphonesimulator26.5-23F81a-6cfe768891a92b912361537c460fe42b.sdkstatcache -target arm64-apple-ios12.0-simulator -fmessage-length\=0 -fdiagnostics-show-note-include-stack -fmacro-backtrace-limit\=0 -fno-color-diagnostics -fmodules-prune-interval\=86400 -fmodules-prune-after\=345600 -fbuild-session-file\=/Users/shizihan/DailyUse/Github/InkMarkdown/.scratch/architecture-deepening-2026-09-07/evidence/20260907-1415-ticket-27/consumer/DerivedData-InkMarkdownLaTeXConsumer/ModuleCache.noindex/Session.modulevalidation -fmodules-validate-once-per-build-session -Wnon-modular-include-in-framework-module -Werror\=non-modular-include-in-framework-module -Wno-trigraphs -Wno-missing-field-initializers -Wno-missing-prototypes -Wno-return-type -Wno-missing-braces -Wparentheses -Wswitch -Wno-unused-function -Wno-unused-label -Wno-unused-parameter -Wno-unused-variable -Wunused-value -Wno-empty-body -Wno-uninitialized -Wno-unknown-pragmas -w -Wno-shadow -Wno-four-char-constants -Wno-conversion -Wno-constant-conversion -Wno-int-conversion -Wno-bool-conversion -Wno-enum-conversion -Wno-float-conversion -Wno-non-literal-null-conversion -Wno-objc-literal-conversion -Wshorten-64-to-32 -Wpointer-sign -Wno-newline-eof -Wno-implicit-fallthrough -isysroot /Applications/Xcode.app/Contents/Developer/Platforms/iPhoneSimulator.platform/Developer/SDKs/iPhoneSimulator26.5.sdk -fstrict-aliasing -Wdeprecated-declarations -Wno-sign-conversion -Wno-infinite-recursion -Wno-comma -Wno-block-capture-autoreleasing -Wno-strict-prototypes -Wno-semicolon-before-method-body -index-store-path /Users/shizihan/DailyUse/Github/InkMarkdown/.scratch/architecture-deepening-2026-09-07/evidence/20260907-1415-ticket-27/consumer/DerivedData-InkMarkdownLaTeXConsumer/Index.noindex/DataStore @/Users/shizihan/DailyUse/Github/InkMarkdown/.scratch/architecture-deepening-2026-09-07/evidence/20260907-1415-ticket-27/consumer/DerivedData-InkMarkdownLaTeXConsumer/Build/Intermediates.noindex/cmark-gfm.build/Debug-iphonesimulator/cmark-gfm.build/Objects-normal/arm64/7187679823f38a2a940e0043cdf9d637-common-args.resp -MMD -MT dependencies -MF /Users/shizihan/DailyUse/Github/InkMarkdown/.scratch/architecture-deepening-2026-09-07/evidence/20260907-1415-ticket-27/consumer/DerivedData-InkMarkdownLaTeXConsumer/Build/Intermediates.noindex/cmark-gfm.build/Debug-iphonesimulator/cmark-gfm.build/Objects-normal/arm64/latex.d --serialize-diagnostics /Users/shizihan/DailyUse/Github/InkMarkdown/.scratch/architecture-deepening-2026-09-07/evidence/20260907-1415-ticket-27/consumer/DerivedData-InkMarkdownLaTeXConsumer/Build/Intermediates.noindex/cmark-gfm.build/Debug-iphonesimulator/cmark-gfm.build/Objects-normal/arm64/latex.dia -c /Users/shizihan/DailyUse/Github/InkMarkdown/Packages/Caches/swift-cmark/src/latex.c -o /Users/shizihan/DailyUse/Github/InkMarkdown/.scratch/architecture-deepening-2026-09-07/evidence/20260907-1415-ticket-27/consumer/DerivedData-InkMarkdownLaTeXConsumer/Build/Intermediates.noindex/cmark-gfm.build/Debug-iphonesimulator/cmark-gfm.build/Objects-normal/arm64/latex.o -index-unit-output-path /cmark-gfm.build/Debug-iphonesimulator/cmark-gfm.build/Objects-normal/arm64/latex.o

CompileC /Users/shizihan/DailyUse/Github/InkMarkdown/.scratch/architecture-deepening-2026-09-07/evidence/20260907-1415-ticket-27/consumer/DerivedData-InkMarkdownLaTeXConsumer/Build/Intermediates.noindex/cmark-gfm.build/Debug-iphonesimulator/cmark-gfm.build/Objects-normal/arm64/iterator.o /Users/shizihan/DailyUse/Github/InkMarkdown/Packages/Caches/swift-cmark/src/iterator.c normal arm64 c com.apple.compilers.llvm.clang.1_0.compiler (in target 'cmark-gfm' from project 'cmark-gfm')
    cd /Users/shizihan/DailyUse/Github/InkMarkdown/.github/fixtures/consumer-smoke/.swiftpm/xcode
    
    Using response file: /Users/shizihan/DailyUse/Github/InkMarkdown/.scratch/architecture-deepening-2026-09-07/evidence/20260907-1415-ticket-27/consumer/DerivedData-InkMarkdownLaTeXConsumer/Build/Intermediates.noindex/cmark-gfm.build/Debug-iphonesimulator/cmark-gfm.build/Objects-normal/arm64/7187679823f38a2a940e0043cdf9d637-common-args.resp
    
    /Applications/Xcode.app/Contents/Developer/Toolchains/XcodeDefault.xctoolchain/usr/bin/clang -x c -ivfsstatcache /Users/shizihan/DailyUse/Github/InkMarkdown/.scratch/architecture-deepening-2026-09-07/evidence/20260907-1415-ticket-27/consumer/DerivedData-InkMarkdownLaTeXConsumer/SDKStatCaches.noindex/iphonesimulator26.5-23F81a-6cfe768891a92b912361537c460fe42b.sdkstatcache -target arm64-apple-ios12.0-simulator -fmessage-length\=0 -fdiagnostics-show-note-include-stack -fmacro-backtrace-limit\=0 -fno-color-diagnostics -fmodules-prune-interval\=86400 -fmodules-prune-after\=345600 -fbuild-session-file\=/Users/shizihan/DailyUse/Github/InkMarkdown/.scratch/architecture-deepening-2026-09-07/evidence/20260907-1415-ticket-27/consumer/DerivedData-InkMarkdownLaTeXConsumer/ModuleCache.noindex/Session.modulevalidation -fmodules-validate-once-per-build-session -Wnon-modular-include-in-framework-module -Werror\=non-modular-include-in-framework-module -Wno-trigraphs -Wno-missing-field-initializers -Wno-missing-prototypes -Wno-return-type -Wno-missing-braces -Wparentheses -Wswitch -Wno-unused-function -Wno-unused-label -Wno-unused-parameter -Wno-unused-variable -Wunused-value -Wno-empty-body -Wno-uninitialized -Wno-unknown-pragmas -w -Wno-shadow -Wno-four-char-constants -Wno-conversion -Wno-constant-conversion -Wno-int-conversion -Wno-bool-conversion -Wno-enum-conversion -Wno-float-conversion -Wno-non-literal-null-conversion -Wno-objc-literal-conversion -Wshorten-64-to-32 -Wpointer-sign -Wno-newline-eof -Wno-implicit-fallthrough -isysroot /Applications/Xcode.app/Contents/Developer/Platforms/iPhoneSimulator.platform/Developer/SDKs/iPhoneSimulator26.5.sdk -fstrict-aliasing -Wdeprecated-declarations -Wno-sign-conversion -Wno-infinite-recursion -Wno-comma -Wno-block-capture-autoreleasing -Wno-strict-prototypes -Wno-semicolon-before-method-body -index-store-path /Users/shizihan/DailyUse/Github/InkMarkdown/.scratch/architecture-deepening-2026-09-07/evidence/20260907-1415-ticket-27/consumer/DerivedData-InkMarkdownLaTeXConsumer/Index.noindex/DataStore @/Users/shizihan/DailyUse/Github/InkMarkdown/.scratch/architecture-deepening-2026-09-07/evidence/20260907-1415-ticket-27/consumer/DerivedData-InkMarkdownLaTeXConsumer/Build/Intermediates.noindex/cmark-gfm.build/Debug-iphonesimulator/cmark-gfm.build/Objects-normal/arm64/7187679823f38a2a940e0043cdf9d637-common-args.resp -MMD -MT dependencies -MF /Users/shizihan/DailyUse/Github/InkMarkdown/.scratch/architecture-deepening-2026-09-07/evidence/20260907-1415-ticket-27/consumer/DerivedData-InkMarkdownLaTeXConsumer/Build/Intermediates.noindex/cmark-gfm.build/Debug-iphonesimulator/cmark-gfm.build/Objects-normal/arm64/iterator.d --serialize-diagnostics /Users/shizihan/DailyUse/Github/InkMarkdown/.scratch/architecture-deepening-2026-09-07/evidence/20260907-1415-ticket-27/consumer/DerivedData-InkMarkdownLaTeXConsumer/Build/Intermediates.noindex/cmark-gfm.build/Debug-iphonesimulator/cmark-gfm.build/Objects-normal/arm64/iterator.dia -c /Users/shizihan/DailyUse/Github/InkMarkdown/Packages/Caches/swift-cmark/src/iterator.c -o /Users/shizihan/DailyUse/Github/InkMarkdown/.scratch/architecture-deepening-2026-09-07/evidence/20260907-1415-ticket-27/consumer/DerivedData-InkMarkdownLaTeXConsumer/Build/Intermediates.noindex/cmark-gfm.build/Debug-iphonesimulator/cmark-gfm.build/Objects-normal/arm64/iterator.o -index-unit-output-path /cmark-gfm.build/Debug-iphonesimulator/cmark-gfm.build/Objects-normal/arm64/iterator.o

CompileC /Users/shizihan/DailyUse/Github/InkMarkdown/.scratch/architecture-deepening-2026-09-07/evidence/20260907-1415-ticket-27/consumer/DerivedData-InkMarkdownLaTeXConsumer/Build/Intermediates.noindex/cmark-gfm.build/Debug-iphonesimulator/cmark-gfm.build/Objects-normal/arm64/inlines.o /Users/shizihan/DailyUse/Github/InkMarkdown/Packages/Caches/swift-cmark/src/inlines.c normal arm64 c com.apple.compilers.llvm.clang.1_0.compiler (in target 'cmark-gfm' from project 'cmark-gfm')
    cd /Users/shizihan/DailyUse/Github/InkMarkdown/.github/fixtures/consumer-smoke/.swiftpm/xcode
    
    Using response file: /Users/shizihan/DailyUse/Github/InkMarkdown/.scratch/architecture-deepening-2026-09-07/evidence/20260907-1415-ticket-27/consumer/DerivedData-InkMarkdownLaTeXConsumer/Build/Intermediates.noindex/cmark-gfm.build/Debug-iphonesimulator/cmark-gfm.build/Objects-normal/arm64/7187679823f38a2a940e0043cdf9d637-common-args.resp
    
    /Applications/Xcode.app/Contents/Developer/Toolchains/XcodeDefault.xctoolchain/usr/bin/clang -x c -ivfsstatcache /Users/shizihan/DailyUse/Github/InkMarkdown/.scratch/architecture-deepening-2026-09-07/evidence/20260907-1415-ticket-27/consumer/DerivedData-InkMarkdownLaTeXConsumer/SDKStatCaches.noindex/iphonesimulator26.5-23F81a-6cfe768891a92b912361537c460fe42b.sdkstatcache -target arm64-apple-ios12.0-simulator -fmessage-length\=0 -fdiagnostics-show-note-include-stack -fmacro-backtrace-limit\=0 -fno-color-diagnostics -fmodules-prune-interval\=86400 -fmodules-prune-after\=345600 -fbuild-session-file\=/Users/shizihan/DailyUse/Github/InkMarkdown/.scratch/architecture-deepening-2026-09-07/evidence/20260907-1415-ticket-27/consumer/DerivedData-InkMarkdownLaTeXConsumer/ModuleCache.noindex/Session.modulevalidation -fmodules-validate-once-per-build-session -Wnon-modular-include-in-framework-module -Werror\=non-modular-include-in-framework-module -Wno-trigraphs -Wno-missing-field-initializers -Wno-missing-prototypes -Wno-return-type -Wno-missing-braces -Wparentheses -Wswitch -Wno-unused-function -Wno-unused-label -Wno-unused-parameter -Wno-unused-variable -Wunused-value -Wno-empty-body -Wno-uninitialized -Wno-unknown-pragmas -w -Wno-shadow -Wno-four-char-constants -Wno-conversion -Wno-constant-conversion -Wno-int-conversion -Wno-bool-conversion -Wno-enum-conversion -Wno-float-conversion -Wno-non-literal-null-conversion -Wno-objc-literal-conversion -Wshorten-64-to-32 -Wpointer-sign -Wno-newline-eof -Wno-implicit-fallthrough -isysroot /Applications/Xcode.app/Contents/Developer/Platforms/iPhoneSimulator.platform/Developer/SDKs/iPhoneSimulator26.5.sdk -fstrict-aliasing -Wdeprecated-declarations -Wno-sign-conversion -Wno-infinite-recursion -Wno-comma -Wno-block-capture-autoreleasing -Wno-strict-prototypes -Wno-semicolon-before-method-body -index-store-path /Users/shizihan/DailyUse/Github/InkMarkdown/.scratch/architecture-deepening-2026-09-07/evidence/20260907-1415-ticket-27/consumer/DerivedData-InkMarkdownLaTeXConsumer/Index.noindex/DataStore @/Users/shizihan/DailyUse/Github/InkMarkdown/.scratch/architecture-deepening-2026-09-07/evidence/20260907-1415-ticket-27/consumer/DerivedData-InkMarkdownLaTeXConsumer/Build/Intermediates.noindex/cmark-gfm.build/Debug-iphonesimulator/cmark-gfm.build/Objects-normal/arm64/7187679823f38a2a940e0043cdf9d637-common-args.resp -MMD -MT dependencies -MF /Users/shizihan/DailyUse/Github/InkMarkdown/.scratch/architecture-deepening-2026-09-07/evidence/20260907-1415-ticket-27/consumer/DerivedData-InkMarkdownLaTeXConsumer/Build/Intermediates.noindex/cmark-gfm.build/Debug-iphonesimulator/cmark-gfm.build/Objects-normal/arm64/inlines.d --serialize-diagnostics /Users/shizihan/DailyUse/Github/InkMarkdown/.scratch/architecture-deepening-2026-09-07/evidence/20260907-1415-ticket-27/consumer/DerivedData-InkMarkdownLaTeXConsumer/Build/Intermediates.noindex/cmark-gfm.build/Debug-iphonesimulator/cmark-gfm.build/Objects-normal/arm64/inlines.dia -c /Users/shizihan/DailyUse/Github/InkMarkdown/Packages/Caches/swift-cmark/src/inlines.c -o /Users/shizihan/DailyUse/Github/InkMarkdown/.scratch/architecture-deepening-2026-09-07/evidence/20260907-1415-ticket-27/consumer/DerivedData-InkMarkdownLaTeXConsumer/Build/Intermediates.noindex/cmark-gfm.build/Debug-iphonesimulator/cmark-gfm.build/Objects-normal/arm64/inlines.o -index-unit-output-path /cmark-gfm.build/Debug-iphonesimulator/cmark-gfm.build/Objects-normal/arm64/inlines.o

CompileC /Users/shizihan/DailyUse/Github/InkMarkdown/.scratch/architecture-deepening-2026-09-07/evidence/20260907-1415-ticket-27/consumer/DerivedData-InkMarkdownLaTeXConsumer/Build/Intermediates.noindex/cmark-gfm.build/Debug-iphonesimulator/cmark-gfm.build/Objects-normal/arm64/html.o /Users/shizihan/DailyUse/Github/InkMarkdown/Packages/Caches/swift-cmark/src/html.c normal arm64 c com.apple.compilers.llvm.clang.1_0.compiler (in target 'cmark-gfm' from project 'cmark-gfm')
    cd /Users/shizihan/DailyUse/Github/InkMarkdown/.github/fixtures/consumer-smoke/.swiftpm/xcode
    
    Using response file: /Users/shizihan/DailyUse/Github/InkMarkdown/.scratch/architecture-deepening-2026-09-07/evidence/20260907-1415-ticket-27/consumer/DerivedData-InkMarkdownLaTeXConsumer/Build/Intermediates.noindex/cmark-gfm.build/Debug-iphonesimulator/cmark-gfm.build/Objects-normal/arm64/7187679823f38a2a940e0043cdf9d637-common-args.resp
    
    /Applications/Xcode.app/Contents/Developer/Toolchains/XcodeDefault.xctoolchain/usr/bin/clang -x c -ivfsstatcache /Users/shizihan/DailyUse/Github/InkMarkdown/.scratch/architecture-deepening-2026-09-07/evidence/20260907-1415-ticket-27/consumer/DerivedData-InkMarkdownLaTeXConsumer/SDKStatCaches.noindex/iphonesimulator26.5-23F81a-6cfe768891a92b912361537c460fe42b.sdkstatcache -target arm64-apple-ios12.0-simulator -fmessage-length\=0 -fdiagnostics-show-note-include-stack -fmacro-backtrace-limit\=0 -fno-color-diagnostics -fmodules-prune-interval\=86400 -fmodules-prune-after\=345600 -fbuild-session-file\=/Users/shizihan/DailyUse/Github/InkMarkdown/.scratch/architecture-deepening-2026-09-07/evidence/20260907-1415-ticket-27/consumer/DerivedData-InkMarkdownLaTeXConsumer/ModuleCache.noindex/Session.modulevalidation -fmodules-validate-once-per-build-session -Wnon-modular-include-in-framework-module -Werror\=non-modular-include-in-framework-module -Wno-trigraphs -Wno-missing-field-initializers -Wno-missing-prototypes -Wno-return-type -Wno-missing-braces -Wparentheses -Wswitch -Wno-unused-function -Wno-unused-label -Wno-unused-parameter -Wno-unused-variable -Wunused-value -Wno-empty-body -Wno-uninitialized -Wno-unknown-pragmas -w -Wno-shadow -Wno-four-char-constants -Wno-conversion -Wno-constant-conversion -Wno-int-conversion -Wno-bool-conversion -Wno-enum-conversion -Wno-float-conversion -Wno-non-literal-null-conversion -Wno-objc-literal-conversion -Wshorten-64-to-32 -Wpointer-sign -Wno-newline-eof -Wno-implicit-fallthrough -isysroot /Applications/Xcode.app/Contents/Developer/Platforms/iPhoneSimulator.platform/Developer/SDKs/iPhoneSimulator26.5.sdk -fstrict-aliasing -Wdeprecated-declarations -Wno-sign-conversion -Wno-infinite-recursion -Wno-comma -Wno-block-capture-autoreleasing -Wno-strict-prototypes -Wno-semicolon-before-method-body -index-store-path /Users/shizihan/DailyUse/Github/InkMarkdown/.scratch/architecture-deepening-2026-09-07/evidence/20260907-1415-ticket-27/consumer/DerivedData-InkMarkdownLaTeXConsumer/Index.noindex/DataStore @/Users/shizihan/DailyUse/Github/InkMarkdown/.scratch/architecture-deepening-2026-09-07/evidence/20260907-1415-ticket-27/consumer/DerivedData-InkMarkdownLaTeXConsumer/Build/Intermediates.noindex/cmark-gfm.build/Debug-iphonesimulator/cmark-gfm.build/Objects-normal/arm64/7187679823f38a2a940e0043cdf9d637-common-args.resp -MMD -MT dependencies -MF /Users/shizihan/DailyUse/Github/InkMarkdown/.scratch/architecture-deepening-2026-09-07/evidence/20260907-1415-ticket-27/consumer/DerivedData-InkMarkdownLaTeXConsumer/Build/Intermediates.noindex/cmark-gfm.build/Debug-iphonesimulator/cmark-gfm.build/Objects-normal/arm64/html.d --serialize-diagnostics /Users/shizihan/DailyUse/Github/InkMarkdown/.scratch/architecture-deepening-2026-09-07/evidence/20260907-1415-ticket-27/consumer/DerivedData-InkMarkdownLaTeXConsumer/Build/Intermediates.noindex/cmark-gfm.build/Debug-iphonesimulator/cmark-gfm.build/Objects-normal/arm64/html.dia -c /Users/shizihan/DailyUse/Github/InkMarkdown/Packages/Caches/swift-cmark/src/html.c -o /Users/shizihan/DailyUse/Github/InkMarkdown/.scratch/architecture-deepening-2026-09-07/evidence/20260907-1415-ticket-27/consumer/DerivedData-InkMarkdownLaTeXConsumer/Build/Intermediates.noindex/cmark-gfm.build/Debug-iphonesimulator/cmark-gfm.build/Objects-normal/arm64/html.o -index-unit-output-path /cmark-gfm.build/Debug-iphonesimulator/cmark-gfm.build/Objects-normal/arm64/html.o

CompileC /Users/shizihan/DailyUse/Github/InkMarkdown/.scratch/architecture-deepening-2026-09-07/evidence/20260907-1415-ticket-27/consumer/DerivedData-InkMarkdownLaTeXConsumer/Build/Intermediates.noindex/cmark-gfm.build/Debug-iphonesimulator/cmark-gfm.build/Objects-normal/arm64/footnotes.o /Users/shizihan/DailyUse/Github/InkMarkdown/Packages/Caches/swift-cmark/src/footnotes.c normal arm64 c com.apple.compilers.llvm.clang.1_0.compiler (in target 'cmark-gfm' from project 'cmark-gfm')
    cd /Users/shizihan/DailyUse/Github/InkMarkdown/.github/fixtures/consumer-smoke/.swiftpm/xcode
    
    Using response file: /Users/shizihan/DailyUse/Github/InkMarkdown/.scratch/architecture-deepening-2026-09-07/evidence/20260907-1415-ticket-27/consumer/DerivedData-InkMarkdownLaTeXConsumer/Build/Intermediates.noindex/cmark-gfm.build/Debug-iphonesimulator/cmark-gfm.build/Objects-normal/arm64/7187679823f38a2a940e0043cdf9d637-common-args.resp
    
    /Applications/Xcode.app/Contents/Developer/Toolchains/XcodeDefault.xctoolchain/usr/bin/clang -x c -ivfsstatcache /Users/shizihan/DailyUse/Github/InkMarkdown/.scratch/architecture-deepening-2026-09-07/evidence/20260907-1415-ticket-27/consumer/DerivedData-InkMarkdownLaTeXConsumer/SDKStatCaches.noindex/iphonesimulator26.5-23F81a-6cfe768891a92b912361537c460fe42b.sdkstatcache -target arm64-apple-ios12.0-simulator -fmessage-length\=0 -fdiagnostics-show-note-include-stack -fmacro-backtrace-limit\=0 -fno-color-diagnostics -fmodules-prune-interval\=86400 -fmodules-prune-after\=345600 -fbuild-session-file\=/Users/shizihan/DailyUse/Github/InkMarkdown/.scratch/architecture-deepening-2026-09-07/evidence/20260907-1415-ticket-27/consumer/DerivedData-InkMarkdownLaTeXConsumer/ModuleCache.noindex/Session.modulevalidation -fmodules-validate-once-per-build-session -Wnon-modular-include-in-framework-module -Werror\=non-modular-include-in-framework-module -Wno-trigraphs -Wno-missing-field-initializers -Wno-missing-prototypes -Wno-return-type -Wno-missing-braces -Wparentheses -Wswitch -Wno-unused-function -Wno-unused-label -Wno-unused-parameter -Wno-unused-variable -Wunused-value -Wno-empty-body -Wno-uninitialized -Wno-unknown-pragmas -w -Wno-shadow -Wno-four-char-constants -Wno-conversion -Wno-constant-conversion -Wno-int-conversion -Wno-bool-conversion -Wno-enum-conversion -Wno-float-conversion -Wno-non-literal-null-conversion -Wno-objc-literal-conversion -Wshorten-64-to-32 -Wpointer-sign -Wno-newline-eof -Wno-implicit-fallthrough -isysroot /Applications/Xcode.app/Contents/Developer/Platforms/iPhoneSimulator.platform/Developer/SDKs/iPhoneSimulator26.5.sdk -fstrict-aliasing -Wdeprecated-declarations -Wno-sign-conversion -Wno-infinite-recursion -Wno-comma -Wno-block-capture-autoreleasing -Wno-strict-prototypes -Wno-semicolon-before-method-body -index-store-path /Users/shizihan/DailyUse/Github/InkMarkdown/.scratch/architecture-deepening-2026-09-07/evidence/20260907-1415-ticket-27/consumer/DerivedData-InkMarkdownLaTeXConsumer/Index.noindex/DataStore @/Users/shizihan/DailyUse/Github/InkMarkdown/.scratch/architecture-deepening-2026-09-07/evidence/20260907-1415-ticket-27/consumer/DerivedData-InkMarkdownLaTeXConsumer/Build/Intermediates.noindex/cmark-gfm.build/Debug-iphonesimulator/cmark-gfm.build/Objects-normal/arm64/7187679823f38a2a940e0043cdf9d637-common-args.resp -MMD -MT dependencies -MF /Users/shizihan/DailyUse/Github/InkMarkdown/.scratch/architecture-deepening-2026-09-07/evidence/20260907-1415-ticket-27/consumer/DerivedData-InkMarkdownLaTeXConsumer/Build/Intermediates.noindex/cmark-gfm.build/Debug-iphonesimulator/cmark-gfm.build/Objects-normal/arm64/footnotes.d --serialize-diagnostics /Users/shizihan/DailyUse/Github/InkMarkdown/.scratch/architecture-deepening-2026-09-07/evidence/20260907-1415-ticket-27/consumer/DerivedData-InkMarkdownLaTeXConsumer/Build/Intermediates.noindex/cmark-gfm.build/Debug-iphonesimulator/cmark-gfm.build/Objects-normal/arm64/footnotes.dia -c /Users/shizihan/DailyUse/Github/InkMarkdown/Packages/Caches/swift-cmark/src/footnotes.c -o /Users/shizihan/DailyUse/Github/InkMarkdown/.scratch/architecture-deepening-2026-09-07/evidence/20260907-1415-ticket-27/consumer/DerivedData-InkMarkdownLaTeXConsumer/Build/Intermediates.noindex/cmark-gfm.build/Debug-iphonesimulator/cmark-gfm.build/Objects-normal/arm64/footnotes.o -index-unit-output-path /cmark-gfm.build/Debug-iphonesimulator/cmark-gfm.build/Objects-normal/arm64/footnotes.o

CompileC /Users/shizihan/DailyUse/Github/InkMarkdown/.scratch/architecture-deepening-2026-09-07/evidence/20260907-1415-ticket-27/consumer/DerivedData-InkMarkdownLaTeXConsumer/Build/Intermediates.noindex/cmark-gfm.build/Debug-iphonesimulator/cmark-gfm.build/Objects-normal/arm64/commonmark.o /Users/shizihan/DailyUse/Github/InkMarkdown/Packages/Caches/swift-cmark/src/commonmark.c normal arm64 c com.apple.compilers.llvm.clang.1_0.compiler (in target 'cmark-gfm' from project 'cmark-gfm')
    cd /Users/shizihan/DailyUse/Github/InkMarkdown/.github/fixtures/consumer-smoke/.swiftpm/xcode
    
    Using response file: /Users/shizihan/DailyUse/Github/InkMarkdown/.scratch/architecture-deepening-2026-09-07/evidence/20260907-1415-ticket-27/consumer/DerivedData-InkMarkdownLaTeXConsumer/Build/Intermediates.noindex/cmark-gfm.build/Debug-iphonesimulator/cmark-gfm.build/Objects-normal/arm64/7187679823f38a2a940e0043cdf9d637-common-args.resp
    
    /Applications/Xcode.app/Contents/Developer/Toolchains/XcodeDefault.xctoolchain/usr/bin/clang -x c -ivfsstatcache /Users/shizihan/DailyUse/Github/InkMarkdown/.scratch/architecture-deepening-2026-09-07/evidence/20260907-1415-ticket-27/consumer/DerivedData-InkMarkdownLaTeXConsumer/SDKStatCaches.noindex/iphonesimulator26.5-23F81a-6cfe768891a92b912361537c460fe42b.sdkstatcache -target arm64-apple-ios12.0-simulator -fmessage-length\=0 -fdiagnostics-show-note-include-stack -fmacro-backtrace-limit\=0 -fno-color-diagnostics -fmodules-prune-interval\=86400 -fmodules-prune-after\=345600 -fbuild-session-file\=/Users/shizihan/DailyUse/Github/InkMarkdown/.scratch/architecture-deepening-2026-09-07/evidence/20260907-1415-ticket-27/consumer/DerivedData-InkMarkdownLaTeXConsumer/ModuleCache.noindex/Session.modulevalidation -fmodules-validate-once-per-build-session -Wnon-modular-include-in-framework-module -Werror\=non-modular-include-in-framework-module -Wno-trigraphs -Wno-missing-field-initializers -Wno-missing-prototypes -Wno-return-type -Wno-missing-braces -Wparentheses -Wswitch -Wno-unused-function -Wno-unused-label -Wno-unused-parameter -Wno-unused-variable -Wunused-value -Wno-empty-body -Wno-uninitialized -Wno-unknown-pragmas -w -Wno-shadow -Wno-four-char-constants -Wno-conversion -Wno-constant-conversion -Wno-int-conversion -Wno-bool-conversion -Wno-enum-conversion -Wno-float-conversion -Wno-non-literal-null-conversion -Wno-objc-literal-conversion -Wshorten-64-to-32 -Wpointer-sign -Wno-newline-eof -Wno-implicit-fallthrough -isysroot /Applications/Xcode.app/Contents/Developer/Platforms/iPhoneSimulator.platform/Developer/SDKs/iPhoneSimulator26.5.sdk -fstrict-aliasing -Wdeprecated-declarations -Wno-sign-conversion -Wno-infinite-recursion -Wno-comma -Wno-block-capture-autoreleasing -Wno-strict-prototypes -Wno-semicolon-before-method-body -index-store-path /Users/shizihan/DailyUse/Github/InkMarkdown/.scratch/architecture-deepening-2026-09-07/evidence/20260907-1415-ticket-27/consumer/DerivedData-InkMarkdownLaTeXConsumer/Index.noindex/DataStore @/Users/shizihan/DailyUse/Github/InkMarkdown/.scratch/architecture-deepening-2026-09-07/evidence/20260907-1415-ticket-27/consumer/DerivedData-InkMarkdownLaTeXConsumer/Build/Intermediates.noindex/cmark-gfm.build/Debug-iphonesimulator/cmark-gfm.build/Objects-normal/arm64/7187679823f38a2a940e0043cdf9d637-common-args.resp -MMD -MT dependencies -MF /Users/shizihan/DailyUse/Github/InkMarkdown/.scratch/architecture-deepening-2026-09-07/evidence/20260907-1415-ticket-27/consumer/DerivedData-InkMarkdownLaTeXConsumer/Build/Intermediates.noindex/cmark-gfm.build/Debug-iphonesimulator/cmark-gfm.build/Objects-normal/arm64/commonmark.d --serialize-diagnostics /Users/shizihan/DailyUse/Github/InkMarkdown/.scratch/architecture-deepening-2026-09-07/evidence/20260907-1415-ticket-27/consumer/DerivedData-InkMarkdownLaTeXConsumer/Build/Intermediates.noindex/cmark-gfm.build/Debug-iphonesimulator/cmark-gfm.build/Objects-normal/arm64/commonmark.dia -c /Users/shizihan/DailyUse/Github/InkMarkdown/Packages/Caches/swift-cmark/src/commonmark.c -o /Users/shizihan/DailyUse/Github/InkMarkdown/.scratch/architecture-deepening-2026-09-07/evidence/20260907-1415-ticket-27/consumer/DerivedData-InkMarkdownLaTeXConsumer/Build/Intermediates.noindex/cmark-gfm.build/Debug-iphonesimulator/cmark-gfm.build/Objects-normal/arm64/commonmark.o -index-unit-output-path /cmark-gfm.build/Debug-iphonesimulator/cmark-gfm.build/Objects-normal/arm64/commonmark.o

CompileC /Users/shizihan/DailyUse/Github/InkMarkdown/.scratch/architecture-deepening-2026-09-07/evidence/20260907-1415-ticket-27/consumer/DerivedData-InkMarkdownLaTeXConsumer/Build/Intermediates.noindex/cmark-gfm.build/Debug-iphonesimulator/cmark-gfm.build/Objects-normal/arm64/cmark.o /Users/shizihan/DailyUse/Github/InkMarkdown/Packages/Caches/swift-cmark/src/cmark.c normal arm64 c com.apple.compilers.llvm.clang.1_0.compiler (in target 'cmark-gfm' from project 'cmark-gfm')
    cd /Users/shizihan/DailyUse/Github/InkMarkdown/.github/fixtures/consumer-smoke/.swiftpm/xcode
    
    Using response file: /Users/shizihan/DailyUse/Github/InkMarkdown/.scratch/architecture-deepening-2026-09-07/evidence/20260907-1415-ticket-27/consumer/DerivedData-InkMarkdownLaTeXConsumer/Build/Intermediates.noindex/cmark-gfm.build/Debug-iphonesimulator/cmark-gfm.build/Objects-normal/arm64/7187679823f38a2a940e0043cdf9d637-common-args.resp
    
    /Applications/Xcode.app/Contents/Developer/Toolchains/XcodeDefault.xctoolchain/usr/bin/clang -x c -ivfsstatcache /Users/shizihan/DailyUse/Github/InkMarkdown/.scratch/architecture-deepening-2026-09-07/evidence/20260907-1415-ticket-27/consumer/DerivedData-InkMarkdownLaTeXConsumer/SDKStatCaches.noindex/iphonesimulator26.5-23F81a-6cfe768891a92b912361537c460fe42b.sdkstatcache -target arm64-apple-ios12.0-simulator -fmessage-length\=0 -fdiagnostics-show-note-include-stack -fmacro-backtrace-limit\=0 -fno-color-diagnostics -fmodules-prune-interval\=86400 -fmodules-prune-after\=345600 -fbuild-session-file\=/Users/shizihan/DailyUse/Github/InkMarkdown/.scratch/architecture-deepening-2026-09-07/evidence/20260907-1415-ticket-27/consumer/DerivedData-InkMarkdownLaTeXConsumer/ModuleCache.noindex/Session.modulevalidation -fmodules-validate-once-per-build-session -Wnon-modular-include-in-framework-module -Werror\=non-modular-include-in-framework-module -Wno-trigraphs -Wno-missing-field-initializers -Wno-missing-prototypes -Wno-return-type -Wno-missing-braces -Wparentheses -Wswitch -Wno-unused-function -Wno-unused-label -Wno-unused-parameter -Wno-unused-variable -Wunused-value -Wno-empty-body -Wno-uninitialized -Wno-unknown-pragmas -w -Wno-shadow -Wno-four-char-constants -Wno-conversion -Wno-constant-conversion -Wno-int-conversion -Wno-bool-conversion -Wno-enum-conversion -Wno-float-conversion -Wno-non-literal-null-conversion -Wno-objc-literal-conversion -Wshorten-64-to-32 -Wpointer-sign -Wno-newline-eof -Wno-implicit-fallthrough -isysroot /Applications/Xcode.app/Contents/Developer/Platforms/iPhoneSimulator.platform/Developer/SDKs/iPhoneSimulator26.5.sdk -fstrict-aliasing -Wdeprecated-declarations -Wno-sign-conversion -Wno-infinite-recursion -Wno-comma -Wno-block-capture-autoreleasing -Wno-strict-prototypes -Wno-semicolon-before-method-body -index-store-path /Users/shizihan/DailyUse/Github/InkMarkdown/.scratch/architecture-deepening-2026-09-07/evidence/20260907-1415-ticket-27/consumer/DerivedData-InkMarkdownLaTeXConsumer/Index.noindex/DataStore @/Users/shizihan/DailyUse/Github/InkMarkdown/.scratch/architecture-deepening-2026-09-07/evidence/20260907-1415-ticket-27/consumer/DerivedData-InkMarkdownLaTeXConsumer/Build/Intermediates.noindex/cmark-gfm.build/Debug-iphonesimulator/cmark-gfm.build/Objects-normal/arm64/7187679823f38a2a940e0043cdf9d637-common-args.resp -MMD -MT dependencies -MF /Users/shizihan/DailyUse/Github/InkMarkdown/.scratch/architecture-deepening-2026-09-07/evidence/20260907-1415-ticket-27/consumer/DerivedData-InkMarkdownLaTeXConsumer/Build/Intermediates.noindex/cmark-gfm.build/Debug-iphonesimulator/cmark-gfm.build/Objects-normal/arm64/cmark.d --serialize-diagnostics /Users/shizihan/DailyUse/Github/InkMarkdown/.scratch/architecture-deepening-2026-09-07/evidence/20260907-1415-ticket-27/consumer/DerivedData-InkMarkdownLaTeXConsumer/Build/Intermediates.noindex/cmark-gfm.build/Debug-iphonesimulator/cmark-gfm.build/Objects-normal/arm64/cmark.dia -c /Users/shizihan/DailyUse/Github/InkMarkdown/Packages/Caches/swift-cmark/src/cmark.c -o /Users/shizihan/DailyUse/Github/InkMarkdown/.scratch/architecture-deepening-2026-09-07/evidence/20260907-1415-ticket-27/consumer/DerivedData-InkMarkdownLaTeXConsumer/Build/Intermediates.noindex/cmark-gfm.build/Debug-iphonesimulator/cmark-gfm.build/Objects-normal/arm64/cmark.o -index-unit-output-path /cmark-gfm.build/Debug-iphonesimulator/cmark-gfm.build/Objects-normal/arm64/cmark.o

CompileC /Users/shizihan/DailyUse/Github/InkMarkdown/.scratch/architecture-deepening-2026-09-07/evidence/20260907-1415-ticket-27/consumer/DerivedData-InkMarkdownLaTeXConsumer/Build/Intermediates.noindex/cmark-gfm.build/Debug-iphonesimulator/cmark-gfm.build/Objects-normal/arm64/buffer.o /Users/shizihan/DailyUse/Github/InkMarkdown/Packages/Caches/swift-cmark/src/buffer.c normal arm64 c com.apple.compilers.llvm.clang.1_0.compiler (in target 'cmark-gfm' from project 'cmark-gfm')
    cd /Users/shizihan/DailyUse/Github/InkMarkdown/.github/fixtures/consumer-smoke/.swiftpm/xcode
    
    Using response file: /Users/shizihan/DailyUse/Github/InkMarkdown/.scratch/architecture-deepening-2026-09-07/evidence/20260907-1415-ticket-27/consumer/DerivedData-InkMarkdownLaTeXConsumer/Build/Intermediates.noindex/cmark-gfm.build/Debug-iphonesimulator/cmark-gfm.build/Objects-normal/arm64/7187679823f38a2a940e0043cdf9d637-common-args.resp
    
    /Applications/Xcode.app/Contents/Developer/Toolchains/XcodeDefault.xctoolchain/usr/bin/clang -x c -ivfsstatcache /Users/shizihan/DailyUse/Github/InkMarkdown/.scratch/architecture-deepening-2026-09-07/evidence/20260907-1415-ticket-27/consumer/DerivedData-InkMarkdownLaTeXConsumer/SDKStatCaches.noindex/iphonesimulator26.5-23F81a-6cfe768891a92b912361537c460fe42b.sdkstatcache -target arm64-apple-ios12.0-simulator -fmessage-length\=0 -fdiagnostics-show-note-include-stack -fmacro-backtrace-limit\=0 -fno-color-diagnostics -fmodules-prune-interval\=86400 -fmodules-prune-after\=345600 -fbuild-session-file\=/Users/shizihan/DailyUse/Github/InkMarkdown/.scratch/architecture-deepening-2026-09-07/evidence/20260907-1415-ticket-27/consumer/DerivedData-InkMarkdownLaTeXConsumer/ModuleCache.noindex/Session.modulevalidation -fmodules-validate-once-per-build-session -Wnon-modular-include-in-framework-module -Werror\=non-modular-include-in-framework-module -Wno-trigraphs -Wno-missing-field-initializers -Wno-missing-prototypes -Wno-return-type -Wno-missing-braces -Wparentheses -Wswitch -Wno-unused-function -Wno-unused-label -Wno-unused-parameter -Wno-unused-variable -Wunused-value -Wno-empty-body -Wno-uninitialized -Wno-unknown-pragmas -w -Wno-shadow -Wno-four-char-constants -Wno-conversion -Wno-constant-conversion -Wno-int-conversion -Wno-bool-conversion -Wno-enum-conversion -Wno-float-conversion -Wno-non-literal-null-conversion -Wno-objc-literal-conversion -Wshorten-64-to-32 -Wpointer-sign -Wno-newline-eof -Wno-implicit-fallthrough -isysroot /Applications/Xcode.app/Contents/Developer/Platforms/iPhoneSimulator.platform/Developer/SDKs/iPhoneSimulator26.5.sdk -fstrict-aliasing -Wdeprecated-declarations -Wno-sign-conversion -Wno-infinite-recursion -Wno-comma -Wno-block-capture-autoreleasing -Wno-strict-prototypes -Wno-semicolon-before-method-body -index-store-path /Users/shizihan/DailyUse/Github/InkMarkdown/.scratch/architecture-deepening-2026-09-07/evidence/20260907-1415-ticket-27/consumer/DerivedData-InkMarkdownLaTeXConsumer/Index.noindex/DataStore @/Users/shizihan/DailyUse/Github/InkMarkdown/.scratch/architecture-deepening-2026-09-07/evidence/20260907-1415-ticket-27/consumer/DerivedData-InkMarkdownLaTeXConsumer/Build/Intermediates.noindex/cmark-gfm.build/Debug-iphonesimulator/cmark-gfm.build/Objects-normal/arm64/7187679823f38a2a940e0043cdf9d637-common-args.resp -MMD -MT dependencies -MF /Users/shizihan/DailyUse/Github/InkMarkdown/.scratch/architecture-deepening-2026-09-07/evidence/20260907-1415-ticket-27/consumer/DerivedData-InkMarkdownLaTeXConsumer/Build/Intermediates.noindex/cmark-gfm.build/Debug-iphonesimulator/cmark-gfm.build/Objects-normal/arm64/buffer.d --serialize-diagnostics /Users/shizihan/DailyUse/Github/InkMarkdown/.scratch/architecture-deepening-2026-09-07/evidence/20260907-1415-ticket-27/consumer/DerivedData-InkMarkdownLaTeXConsumer/Build/Intermediates.noindex/cmark-gfm.build/Debug-iphonesimulator/cmark-gfm.build/Objects-normal/arm64/buffer.dia -c /Users/shizihan/DailyUse/Github/InkMarkdown/Packages/Caches/swift-cmark/src/buffer.c -o /Users/shizihan/DailyUse/Github/InkMarkdown/.scratch/architecture-deepening-2026-09-07/evidence/20260907-1415-ticket-27/consumer/DerivedData-InkMarkdownLaTeXConsumer/Build/Intermediates.noindex/cmark-gfm.build/Debug-iphonesimulator/cmark-gfm.build/Objects-normal/arm64/buffer.o -index-unit-output-path /cmark-gfm.build/Debug-iphonesimulator/cmark-gfm.build/Objects-normal/arm64/buffer.o

CompileC /Users/shizihan/DailyUse/Github/InkMarkdown/.scratch/architecture-deepening-2026-09-07/evidence/20260907-1415-ticket-27/consumer/DerivedData-InkMarkdownLaTeXConsumer/Build/Intermediates.noindex/cmark-gfm.build/Debug-iphonesimulator/cmark-gfm.build/Objects-normal/arm64/blocks.o /Users/shizihan/DailyUse/Github/InkMarkdown/Packages/Caches/swift-cmark/src/blocks.c normal arm64 c com.apple.compilers.llvm.clang.1_0.compiler (in target 'cmark-gfm' from project 'cmark-gfm')
    cd /Users/shizihan/DailyUse/Github/InkMarkdown/.github/fixtures/consumer-smoke/.swiftpm/xcode
    
    Using response file: /Users/shizihan/DailyUse/Github/InkMarkdown/.scratch/architecture-deepening-2026-09-07/evidence/20260907-1415-ticket-27/consumer/DerivedData-InkMarkdownLaTeXConsumer/Build/Intermediates.noindex/cmark-gfm.build/Debug-iphonesimulator/cmark-gfm.build/Objects-normal/arm64/7187679823f38a2a940e0043cdf9d637-common-args.resp
    
    /Applications/Xcode.app/Contents/Developer/Toolchains/XcodeDefault.xctoolchain/usr/bin/clang -x c -ivfsstatcache /Users/shizihan/DailyUse/Github/InkMarkdown/.scratch/architecture-deepening-2026-09-07/evidence/20260907-1415-ticket-27/consumer/DerivedData-InkMarkdownLaTeXConsumer/SDKStatCaches.noindex/iphonesimulator26.5-23F81a-6cfe768891a92b912361537c460fe42b.sdkstatcache -target arm64-apple-ios12.0-simulator -fmessage-length\=0 -fdiagnostics-show-note-include-stack -fmacro-backtrace-limit\=0 -fno-color-diagnostics -fmodules-prune-interval\=86400 -fmodules-prune-after\=345600 -fbuild-session-file\=/Users/shizihan/DailyUse/Github/InkMarkdown/.scratch/architecture-deepening-2026-09-07/evidence/20260907-1415-ticket-27/consumer/DerivedData-InkMarkdownLaTeXConsumer/ModuleCache.noindex/Session.modulevalidation -fmodules-validate-once-per-build-session -Wnon-modular-include-in-framework-module -Werror\=non-modular-include-in-framework-module -Wno-trigraphs -Wno-missing-field-initializers -Wno-missing-prototypes -Wno-return-type -Wno-missing-braces -Wparentheses -Wswitch -Wno-unused-function -Wno-unused-label -Wno-unused-parameter -Wno-unused-variable -Wunused-value -Wno-empty-body -Wno-uninitialized -Wno-unknown-pragmas -w -Wno-shadow -Wno-four-char-constants -Wno-conversion -Wno-constant-conversion -Wno-int-conversion -Wno-bool-conversion -Wno-enum-conversion -Wno-float-conversion -Wno-non-literal-null-conversion -Wno-objc-literal-conversion -Wshorten-64-to-32 -Wpointer-sign -Wno-newline-eof -Wno-implicit-fallthrough -isysroot /Applications/Xcode.app/Contents/Developer/Platforms/iPhoneSimulator.platform/Developer/SDKs/iPhoneSimulator26.5.sdk -fstrict-aliasing -Wdeprecated-declarations -Wno-sign-conversion -Wno-infinite-recursion -Wno-comma -Wno-block-capture-autoreleasing -Wno-strict-prototypes -Wno-semicolon-before-method-body -index-store-path /Users/shizihan/DailyUse/Github/InkMarkdown/.scratch/architecture-deepening-2026-09-07/evidence/20260907-1415-ticket-27/consumer/DerivedData-InkMarkdownLaTeXConsumer/Index.noindex/DataStore @/Users/shizihan/DailyUse/Github/InkMarkdown/.scratch/architecture-deepening-2026-09-07/evidence/20260907-1415-ticket-27/consumer/DerivedData-InkMarkdownLaTeXConsumer/Build/Intermediates.noindex/cmark-gfm.build/Debug-iphonesimulator/cmark-gfm.build/Objects-normal/arm64/7187679823f38a2a940e0043cdf9d637-common-args.resp -MMD -MT dependencies -MF /Users/shizihan/DailyUse/Github/InkMarkdown/.scratch/architecture-deepening-2026-09-07/evidence/20260907-1415-ticket-27/consumer/DerivedData-InkMarkdownLaTeXConsumer/Build/Intermediates.noindex/cmark-gfm.build/Debug-iphonesimulator/cmark-gfm.build/Objects-normal/arm64/blocks.d --serialize-diagnostics /Users/shizihan/DailyUse/Github/InkMarkdown/.scratch/architecture-deepening-2026-09-07/evidence/20260907-1415-ticket-27/consumer/DerivedData-InkMarkdownLaTeXConsumer/Build/Intermediates.noindex/cmark-gfm.build/Debug-iphonesimulator/cmark-gfm.build/Objects-normal/arm64/blocks.dia -c /Users/shizihan/DailyUse/Github/InkMarkdown/Packages/Caches/swift-cmark/src/blocks.c -o /Users/shizihan/DailyUse/Github/InkMarkdown/.scratch/architecture-deepening-2026-09-07/evidence/20260907-1415-ticket-27/consumer/DerivedData-InkMarkdownLaTeXConsumer/Build/Intermediates.noindex/cmark-gfm.build/Debug-iphonesimulator/cmark-gfm.build/Objects-normal/arm64/blocks.o -index-unit-output-path /cmark-gfm.build/Debug-iphonesimulator/cmark-gfm.build/Objects-normal/arm64/blocks.o

CompileC /Users/shizihan/DailyUse/Github/InkMarkdown/.scratch/architecture-deepening-2026-09-07/evidence/20260907-1415-ticket-27/consumer/DerivedData-InkMarkdownLaTeXConsumer/Build/Intermediates.noindex/cmark-gfm.build/Debug-iphonesimulator/cmark-gfm.build/Objects-normal/arm64/arena.o /Users/shizihan/DailyUse/Github/InkMarkdown/Packages/Caches/swift-cmark/src/arena.c normal arm64 c com.apple.compilers.llvm.clang.1_0.compiler (in target 'cmark-gfm' from project 'cmark-gfm')
    cd /Users/shizihan/DailyUse/Github/InkMarkdown/.github/fixtures/consumer-smoke/.swiftpm/xcode
    
    Using response file: /Users/shizihan/DailyUse/Github/InkMarkdown/.scratch/architecture-deepening-2026-09-07/evidence/20260907-1415-ticket-27/consumer/DerivedData-InkMarkdownLaTeXConsumer/Build/Intermediates.noindex/cmark-gfm.build/Debug-iphonesimulator/cmark-gfm.build/Objects-normal/arm64/7187679823f38a2a940e0043cdf9d637-common-args.resp
    
    /Applications/Xcode.app/Contents/Developer/Toolchains/XcodeDefault.xctoolchain/usr/bin/clang -x c -ivfsstatcache /Users/shizihan/DailyUse/Github/InkMarkdown/.scratch/architecture-deepening-2026-09-07/evidence/20260907-1415-ticket-27/consumer/DerivedData-InkMarkdownLaTeXConsumer/SDKStatCaches.noindex/iphonesimulator26.5-23F81a-6cfe768891a92b912361537c460fe42b.sdkstatcache -target arm64-apple-ios12.0-simulator -fmessage-length\=0 -fdiagnostics-show-note-include-stack -fmacro-backtrace-limit\=0 -fno-color-diagnostics -fmodules-prune-interval\=86400 -fmodules-prune-after\=345600 -fbuild-session-file\=/Users/shizihan/DailyUse/Github/InkMarkdown/.scratch/architecture-deepening-2026-09-07/evidence/20260907-1415-ticket-27/consumer/DerivedData-InkMarkdownLaTeXConsumer/ModuleCache.noindex/Session.modulevalidation -fmodules-validate-once-per-build-session -Wnon-modular-include-in-framework-module -Werror\=non-modular-include-in-framework-module -Wno-trigraphs -Wno-missing-field-initializers -Wno-missing-prototypes -Wno-return-type -Wno-missing-braces -Wparentheses -Wswitch -Wno-unused-function -Wno-unused-label -Wno-unused-parameter -Wno-unused-variable -Wunused-value -Wno-empty-body -Wno-uninitialized -Wno-unknown-pragmas -w -Wno-shadow -Wno-four-char-constants -Wno-conversion -Wno-constant-conversion -Wno-int-conversion -Wno-bool-conversion -Wno-enum-conversion -Wno-float-conversion -Wno-non-literal-null-conversion -Wno-objc-literal-conversion -Wshorten-64-to-32 -Wpointer-sign -Wno-newline-eof -Wno-implicit-fallthrough -isysroot /Applications/Xcode.app/Contents/Developer/Platforms/iPhoneSimulator.platform/Developer/SDKs/iPhoneSimulator26.5.sdk -fstrict-aliasing -Wdeprecated-declarations -Wno-sign-conversion -Wno-infinite-recursion -Wno-comma -Wno-block-capture-autoreleasing -Wno-strict-prototypes -Wno-semicolon-before-method-body -index-store-path /Users/shizihan/DailyUse/Github/InkMarkdown/.scratch/architecture-deepening-2026-09-07/evidence/20260907-1415-ticket-27/consumer/DerivedData-InkMarkdownLaTeXConsumer/Index.noindex/DataStore @/Users/shizihan/DailyUse/Github/InkMarkdown/.scratch/architecture-deepening-2026-09-07/evidence/20260907-1415-ticket-27/consumer/DerivedData-InkMarkdownLaTeXConsumer/Build/Intermediates.noindex/cmark-gfm.build/Debug-iphonesimulator/cmark-gfm.build/Objects-normal/arm64/7187679823f38a2a940e0043cdf9d637-common-args.resp -MMD -MT dependencies -MF /Users/shizihan/DailyUse/Github/InkMarkdown/.scratch/architecture-deepening-2026-09-07/evidence/20260907-1415-ticket-27/consumer/DerivedData-InkMarkdownLaTeXConsumer/Build/Intermediates.noindex/cmark-gfm.build/Debug-iphonesimulator/cmark-gfm.build/Objects-normal/arm64/arena.d --serialize-diagnostics /Users/shizihan/DailyUse/Github/InkMarkdown/.scratch/architecture-deepening-2026-09-07/evidence/20260907-1415-ticket-27/consumer/DerivedData-InkMarkdownLaTeXConsumer/Build/Intermediates.noindex/cmark-gfm.build/Debug-iphonesimulator/cmark-gfm.build/Objects-normal/arm64/arena.dia -c /Users/shizihan/DailyUse/Github/InkMarkdown/Packages/Caches/swift-cmark/src/arena.c -o /Users/shizihan/DailyUse/Github/InkMarkdown/.scratch/architecture-deepening-2026-09-07/evidence/20260907-1415-ticket-27/consumer/DerivedData-InkMarkdownLaTeXConsumer/Build/Intermediates.noindex/cmark-gfm.build/Debug-iphonesimulator/cmark-gfm.build/Objects-normal/arm64/arena.o -index-unit-output-path /cmark-gfm.build/Debug-iphonesimulator/cmark-gfm.build/Objects-normal/arm64/arena.o

PrecompileModule /Users/shizihan/DailyUse/Github/InkMarkdown/.scratch/architecture-deepening-2026-09-07/evidence/20260907-1415-ticket-27/consumer/DerivedData-InkMarkdownLaTeXConsumer/Build/Intermediates.noindex/ExplicitPrecompiledModules/cmark_gfm-3WDM1AIWOP8OBQBZDW24WMKKB.scan
    cd /
    builtin-precompileModule /Users/shizihan/DailyUse/Github/InkMarkdown/.scratch/architecture-deepening-2026-09-07/evidence/20260907-1415-ticket-27/consumer/DerivedData-InkMarkdownLaTeXConsumer/Build/Intermediates.noindex/ExplicitPrecompiledModules/cmark_gfm-3WDM1AIWOP8OBQBZDW24WMKKB.scan

PrecompileModule /Users/shizihan/DailyUse/Github/InkMarkdown/.scratch/architecture-deepening-2026-09-07/evidence/20260907-1415-ticket-27/consumer/DerivedData-InkMarkdownLaTeXConsumer/Build/Intermediates.noindex/ExplicitPrecompiledModules/_Builtin_inttypes-2DNETM73A0U3P1JGTIDQ266XT.scan
    cd /
    builtin-precompileModule /Users/shizihan/DailyUse/Github/InkMarkdown/.scratch/architecture-deepening-2026-09-07/evidence/20260907-1415-ticket-27/consumer/DerivedData-InkMarkdownLaTeXConsumer/Build/Intermediates.noindex/ExplicitPrecompiledModules/_Builtin_inttypes-2DNETM73A0U3P1JGTIDQ266XT.scan

PrecompileModule /Users/shizihan/DailyUse/Github/InkMarkdown/.scratch/architecture-deepening-2026-09-07/evidence/20260907-1415-ticket-27/consumer/DerivedData-InkMarkdownLaTeXConsumer/Build/Intermediates.noindex/ExplicitPrecompiledModules/_Builtin_inttypes-AW66V570MWML9P9FHEKLQYXID.scan
    cd /
    builtin-precompileModule /Users/shizihan/DailyUse/Github/InkMarkdown/.scratch/architecture-deepening-2026-09-07/evidence/20260907-1415-ticket-27/consumer/DerivedData-InkMarkdownLaTeXConsumer/Build/Intermediates.noindex/ExplicitPrecompiledModules/_Builtin_inttypes-AW66V570MWML9P9FHEKLQYXID.scan

SwiftExplicitDependencyGeneratePcm arm64 /Users/shizihan/DailyUse/Github/InkMarkdown/.scratch/architecture-deepening-2026-09-07/evidence/20260907-1415-ticket-27/consumer/DerivedData-InkMarkdownLaTeXConsumer/ModuleCache.noindex/_DarwinFoundation2-EH6J022U9V5DENT7DEYENBJXX.pcm

SwiftExplicitDependencyGeneratePcm arm64 /Users/shizihan/DailyUse/Github/InkMarkdown/.scratch/architecture-deepening-2026-09-07/evidence/20260907-1415-ticket-27/consumer/DerivedData-InkMarkdownLaTeXConsumer/ModuleCache.noindex/_Builtin_limits-A2RAAKOD1JIZETBYVTM1BZ6ZX.pcm

PrecompileModule /Users/shizihan/DailyUse/Github/InkMarkdown/.scratch/architecture-deepening-2026-09-07/evidence/20260907-1415-ticket-27/consumer/DerivedData-InkMarkdownLaTeXConsumer/Build/Intermediates.noindex/ExplicitPrecompiledModules/Darwin-4G02Q6QL9T0YIELPID9YTQDD4.scan
    cd /
    builtin-precompileModule /Users/shizihan/DailyUse/Github/InkMarkdown/.scratch/architecture-deepening-2026-09-07/evidence/20260907-1415-ticket-27/consumer/DerivedData-InkMarkdownLaTeXConsumer/Build/Intermediates.noindex/ExplicitPrecompiledModules/Darwin-4G02Q6QL9T0YIELPID9YTQDD4.scan

RegisterExecutionPolicyException /Users/shizihan/DailyUse/Github/InkMarkdown/.scratch/architecture-deepening-2026-09-07/evidence/20260907-1415-ticket-27/consumer/DerivedData-InkMarkdownLaTeXConsumer/Build/Products/Debug-iphonesimulator/CAtomic.o (in target 'CAtomic' from project 'swift-markdown')
    cd /Users/shizihan/DailyUse/Github/InkMarkdown/Packages/Caches/swift-markdown
    builtin-RegisterExecutionPolicyException /Users/shizihan/DailyUse/Github/InkMarkdown/.scratch/architecture-deepening-2026-09-07/evidence/20260907-1415-ticket-27/consumer/DerivedData-InkMarkdownLaTeXConsumer/Build/Products/Debug-iphonesimulator/CAtomic.o

PrecompileModule /Users/shizihan/DailyUse/Github/InkMarkdown/.scratch/architecture-deepening-2026-09-07/evidence/20260907-1415-ticket-27/consumer/DerivedData-InkMarkdownLaTeXConsumer/Build/Intermediates.noindex/ExplicitPrecompiledModules/Darwin-Q9GP6Q0G40OF36GBLLXB6IFB.scan
    cd /
    builtin-precompileModule /Users/shizihan/DailyUse/Github/InkMarkdown/.scratch/architecture-deepening-2026-09-07/evidence/20260907-1415-ticket-27/consumer/DerivedData-InkMarkdownLaTeXConsumer/Build/Intermediates.noindex/ExplicitPrecompiledModules/Darwin-Q9GP6Q0G40OF36GBLLXB6IFB.scan

CompileC /Users/shizihan/DailyUse/Github/InkMarkdown/.scratch/architecture-deepening-2026-09-07/evidence/20260907-1415-ticket-27/consumer/DerivedData-InkMarkdownLaTeXConsumer/Build/Intermediates.noindex/cmark-gfm.build/Debug-iphonesimulator/cmark-gfm-extensions.build/Objects-normal/arm64/tagfilter.o /Users/shizihan/DailyUse/Github/InkMarkdown/Packages/Caches/swift-cmark/extensions/tagfilter.c normal arm64 c com.apple.compilers.llvm.clang.1_0.compiler (in target 'cmark-gfm-extensions' from project 'cmark-gfm')
    cd /Users/shizihan/DailyUse/Github/InkMarkdown/.github/fixtures/consumer-smoke/.swiftpm/xcode
    
    Using response file: /Users/shizihan/DailyUse/Github/InkMarkdown/.scratch/architecture-deepening-2026-09-07/evidence/20260907-1415-ticket-27/consumer/DerivedData-InkMarkdownLaTeXConsumer/Build/Intermediates.noindex/cmark-gfm.build/Debug-iphonesimulator/cmark-gfm-extensions.build/Objects-normal/arm64/7187679823f38a2a940e0043cdf9d637-common-args.resp
    
    /Applications/Xcode.app/Contents/Developer/Toolchains/XcodeDefault.xctoolchain/usr/bin/clang -x c -ivfsstatcache /Users/shizihan/DailyUse/Github/InkMarkdown/.scratch/architecture-deepening-2026-09-07/evidence/20260907-1415-ticket-27/consumer/DerivedData-InkMarkdownLaTeXConsumer/SDKStatCaches.noindex/iphonesimulator26.5-23F81a-6cfe768891a92b912361537c460fe42b.sdkstatcache -target arm64-apple-ios12.0-simulator -fmessage-length\=0 -fdiagnostics-show-note-include-stack -fmacro-backtrace-limit\=0 -fno-color-diagnostics -fmodules-prune-interval\=86400 -fmodules-prune-after\=345600 -fbuild-session-file\=/Users/shizihan/DailyUse/Github/InkMarkdown/.scratch/architecture-deepening-2026-09-07/evidence/20260907-1415-ticket-27/consumer/DerivedData-InkMarkdownLaTeXConsumer/ModuleCache.noindex/Session.modulevalidation -fmodules-validate-once-per-build-session -Wnon-modular-include-in-framework-module -Werror\=non-modular-include-in-framework-module -Wno-trigraphs -Wno-missing-field-initializers -Wno-missing-prototypes -Wno-return-type -Wno-missing-braces -Wparentheses -Wswitch -Wno-unused-function -Wno-unused-label -Wno-unused-parameter -Wno-unused-variable -Wunused-value -Wno-empty-body -Wno-uninitialized -Wno-unknown-pragmas -w -Wno-shadow -Wno-four-char-constants -Wno-conversion -Wno-constant-conversion -Wno-int-conversion -Wno-bool-conversion -Wno-enum-conversion -Wno-float-conversion -Wno-non-literal-null-conversion -Wno-objc-literal-conversion -Wshorten-64-to-32 -Wpointer-sign -Wno-newline-eof -Wno-implicit-fallthrough -isysroot /Applications/Xcode.app/Contents/Developer/Platforms/iPhoneSimulator.platform/Developer/SDKs/iPhoneSimulator26.5.sdk -fstrict-aliasing -Wdeprecated-declarations -Wno-sign-conversion -Wno-infinite-recursion -Wno-comma -Wno-block-capture-autoreleasing -Wno-strict-prototypes -Wno-semicolon-before-method-body -index-store-path /Users/shizihan/DailyUse/Github/InkMarkdown/.scratch/architecture-deepening-2026-09-07/evidence/20260907-1415-ticket-27/consumer/DerivedData-InkMarkdownLaTeXConsumer/Index.noindex/DataStore @/Users/shizihan/DailyUse/Github/InkMarkdown/.scratch/architecture-deepening-2026-09-07/evidence/20260907-1415-ticket-27/consumer/DerivedData-InkMarkdownLaTeXConsumer/Build/Intermediates.noindex/cmark-gfm.build/Debug-iphonesimulator/cmark-gfm-extensions.build/Objects-normal/arm64/7187679823f38a2a940e0043cdf9d637-common-args.resp -MMD -MT dependencies -MF /Users/shizihan/DailyUse/Github/InkMarkdown/.scratch/architecture-deepening-2026-09-07/evidence/20260907-1415-ticket-27/consumer/DerivedData-InkMarkdownLaTeXConsumer/Build/Intermediates.noindex/cmark-gfm.build/Debug-iphonesimulator/cmark-gfm-extensions.build/Objects-normal/arm64/tagfilter.d --serialize-diagnostics /Users/shizihan/DailyUse/Github/InkMarkdown/.scratch/architecture-deepening-2026-09-07/evidence/20260907-1415-ticket-27/consumer/DerivedData-InkMarkdownLaTeXConsumer/Build/Intermediates.noindex/cmark-gfm.build/Debug-iphonesimulator/cmark-gfm-extensions.build/Objects-normal/arm64/tagfilter.dia -c /Users/shizihan/DailyUse/Github/InkMarkdown/Packages/Caches/swift-cmark/extensions/tagfilter.c -o /Users/shizihan/DailyUse/Github/InkMarkdown/.scratch/architecture-deepening-2026-09-07/evidence/20260907-1415-ticket-27/consumer/DerivedData-InkMarkdownLaTeXConsumer/Build/Intermediates.noindex/cmark-gfm.build/Debug-iphonesimulator/cmark-gfm-extensions.build/Objects-normal/arm64/tagfilter.o -index-unit-output-path /cmark-gfm.build/Debug-iphonesimulator/cmark-gfm-extensions.build/Objects-normal/arm64/tagfilter.o

CompileC /Users/shizihan/DailyUse/Github/InkMarkdown/.scratch/architecture-deepening-2026-09-07/evidence/20260907-1415-ticket-27/consumer/DerivedData-InkMarkdownLaTeXConsumer/Build/Intermediates.noindex/cmark-gfm.build/Debug-iphonesimulator/cmark-gfm-extensions.build/Objects-normal/arm64/tasklist.o /Users/shizihan/DailyUse/Github/InkMarkdown/Packages/Caches/swift-cmark/extensions/tasklist.c normal arm64 c com.apple.compilers.llvm.clang.1_0.compiler (in target 'cmark-gfm-extensions' from project 'cmark-gfm')
    cd /Users/shizihan/DailyUse/Github/InkMarkdown/.github/fixtures/consumer-smoke/.swiftpm/xcode
    
    Using response file: /Users/shizihan/DailyUse/Github/InkMarkdown/.scratch/architecture-deepening-2026-09-07/evidence/20260907-1415-ticket-27/consumer/DerivedData-InkMarkdownLaTeXConsumer/Build/Intermediates.noindex/cmark-gfm.build/Debug-iphonesimulator/cmark-gfm-extensions.build/Objects-normal/arm64/7187679823f38a2a940e0043cdf9d637-common-args.resp
    
    /Applications/Xcode.app/Contents/Developer/Toolchains/XcodeDefault.xctoolchain/usr/bin/clang -x c -ivfsstatcache /Users/shizihan/DailyUse/Github/InkMarkdown/.scratch/architecture-deepening-2026-09-07/evidence/20260907-1415-ticket-27/consumer/DerivedData-InkMarkdownLaTeXConsumer/SDKStatCaches.noindex/iphonesimulator26.5-23F81a-6cfe768891a92b912361537c460fe42b.sdkstatcache -target arm64-apple-ios12.0-simulator -fmessage-length\=0 -fdiagnostics-show-note-include-stack -fmacro-backtrace-limit\=0 -fno-color-diagnostics -fmodules-prune-interval\=86400 -fmodules-prune-after\=345600 -fbuild-session-file\=/Users/shizihan/DailyUse/Github/InkMarkdown/.scratch/architecture-deepening-2026-09-07/evidence/20260907-1415-ticket-27/consumer/DerivedData-InkMarkdownLaTeXConsumer/ModuleCache.noindex/Session.modulevalidation -fmodules-validate-once-per-build-session -Wnon-modular-include-in-framework-module -Werror\=non-modular-include-in-framework-module -Wno-trigraphs -Wno-missing-field-initializers -Wno-missing-prototypes -Wno-return-type -Wno-missing-braces -Wparentheses -Wswitch -Wno-unused-function -Wno-unused-label -Wno-unused-parameter -Wno-unused-variable -Wunused-value -Wno-empty-body -Wno-uninitialized -Wno-unknown-pragmas -w -Wno-shadow -Wno-four-char-constants -Wno-conversion -Wno-constant-conversion -Wno-int-conversion -Wno-bool-conversion -Wno-enum-conversion -Wno-float-conversion -Wno-non-literal-null-conversion -Wno-objc-literal-conversion -Wshorten-64-to-32 -Wpointer-sign -Wno-newline-eof -Wno-implicit-fallthrough -isysroot /Applications/Xcode.app/Contents/Developer/Platforms/iPhoneSimulator.platform/Developer/SDKs/iPhoneSimulator26.5.sdk -fstrict-aliasing -Wdeprecated-declarations -Wno-sign-conversion -Wno-infinite-recursion -Wno-comma -Wno-block-capture-autoreleasing -Wno-strict-prototypes -Wno-semicolon-before-method-body -index-store-path /Users/shizihan/DailyUse/Github/InkMarkdown/.scratch/architecture-deepening-2026-09-07/evidence/20260907-1415-ticket-27/consumer/DerivedData-InkMarkdownLaTeXConsumer/Index.noindex/DataStore @/Users/shizihan/DailyUse/Github/InkMarkdown/.scratch/architecture-deepening-2026-09-07/evidence/20260907-1415-ticket-27/consumer/DerivedData-InkMarkdownLaTeXConsumer/Build/Intermediates.noindex/cmark-gfm.build/Debug-iphonesimulator/cmark-gfm-extensions.build/Objects-normal/arm64/7187679823f38a2a940e0043cdf9d637-common-args.resp -MMD -MT dependencies -MF /Users/shizihan/DailyUse/Github/InkMarkdown/.scratch/architecture-deepening-2026-09-07/evidence/20260907-1415-ticket-27/consumer/DerivedData-InkMarkdownLaTeXConsumer/Build/Intermediates.noindex/cmark-gfm.build/Debug-iphonesimulator/cmark-gfm-extensions.build/Objects-normal/arm64/tasklist.d --serialize-diagnostics /Users/shizihan/DailyUse/Github/InkMarkdown/.scratch/architecture-deepening-2026-09-07/evidence/20260907-1415-ticket-27/consumer/DerivedData-InkMarkdownLaTeXConsumer/Build/Intermediates.noindex/cmark-gfm.build/Debug-iphonesimulator/cmark-gfm-extensions.build/Objects-normal/arm64/tasklist.dia -c /Users/shizihan/DailyUse/Github/InkMarkdown/Packages/Caches/swift-cmark/extensions/tasklist.c -o /Users/shizihan/DailyUse/Github/InkMarkdown/.scratch/architecture-deepening-2026-09-07/evidence/20260907-1415-ticket-27/consumer/DerivedData-InkMarkdownLaTeXConsumer/Build/Intermediates.noindex/cmark-gfm.build/Debug-iphonesimulator/cmark-gfm-extensions.build/Objects-normal/arm64/tasklist.o -index-unit-output-path /cmark-gfm.build/Debug-iphonesimulator/cmark-gfm-extensions.build/Objects-normal/arm64/tasklist.o

CompileC /Users/shizihan/DailyUse/Github/InkMarkdown/.scratch/architecture-deepening-2026-09-07/evidence/20260907-1415-ticket-27/consumer/DerivedData-InkMarkdownLaTeXConsumer/Build/Intermediates.noindex/cmark-gfm.build/Debug-iphonesimulator/cmark-gfm-extensions.build/Objects-normal/arm64/table.o /Users/shizihan/DailyUse/Github/InkMarkdown/Packages/Caches/swift-cmark/extensions/table.c normal arm64 c com.apple.compilers.llvm.clang.1_0.compiler (in target 'cmark-gfm-extensions' from project 'cmark-gfm')
    cd /Users/shizihan/DailyUse/Github/InkMarkdown/.github/fixtures/consumer-smoke/.swiftpm/xcode
    
    Using response file: /Users/shizihan/DailyUse/Github/InkMarkdown/.scratch/architecture-deepening-2026-09-07/evidence/20260907-1415-ticket-27/consumer/DerivedData-InkMarkdownLaTeXConsumer/Build/Intermediates.noindex/cmark-gfm.build/Debug-iphonesimulator/cmark-gfm-extensions.build/Objects-normal/arm64/7187679823f38a2a940e0043cdf9d637-common-args.resp
    
    /Applications/Xcode.app/Contents/Developer/Toolchains/XcodeDefault.xctoolchain/usr/bin/clang -x c -ivfsstatcache /Users/shizihan/DailyUse/Github/InkMarkdown/.scratch/architecture-deepening-2026-09-07/evidence/20260907-1415-ticket-27/consumer/DerivedData-InkMarkdownLaTeXConsumer/SDKStatCaches.noindex/iphonesimulator26.5-23F81a-6cfe768891a92b912361537c460fe42b.sdkstatcache -target arm64-apple-ios12.0-simulator -fmessage-length\=0 -fdiagnostics-show-note-include-stack -fmacro-backtrace-limit\=0 -fno-color-diagnostics -fmodules-prune-interval\=86400 -fmodules-prune-after\=345600 -fbuild-session-file\=/Users/shizihan/DailyUse/Github/InkMarkdown/.scratch/architecture-deepening-2026-09-07/evidence/20260907-1415-ticket-27/consumer/DerivedData-InkMarkdownLaTeXConsumer/ModuleCache.noindex/Session.modulevalidation -fmodules-validate-once-per-build-session -Wnon-modular-include-in-framework-module -Werror\=non-modular-include-in-framework-module -Wno-trigraphs -Wno-missing-field-initializers -Wno-missing-prototypes -Wno-return-type -Wno-missing-braces -Wparentheses -Wswitch -Wno-unused-function -Wno-unused-label -Wno-unused-parameter -Wno-unused-variable -Wunused-value -Wno-empty-body -Wno-uninitialized -Wno-unknown-pragmas -w -Wno-shadow -Wno-four-char-constants -Wno-conversion -Wno-constant-conversion -Wno-int-conversion -Wno-bool-conversion -Wno-enum-conversion -Wno-float-conversion -Wno-non-literal-null-conversion -Wno-objc-literal-conversion -Wshorten-64-to-32 -Wpointer-sign -Wno-newline-eof -Wno-implicit-fallthrough -isysroot /Applications/Xcode.app/Contents/Developer/Platforms/iPhoneSimulator.platform/Developer/SDKs/iPhoneSimulator26.5.sdk -fstrict-aliasing -Wdeprecated-declarations -Wno-sign-conversion -Wno-infinite-recursion -Wno-comma -Wno-block-capture-autoreleasing -Wno-strict-prototypes -Wno-semicolon-before-method-body -index-store-path /Users/shizihan/DailyUse/Github/InkMarkdown/.scratch/architecture-deepening-2026-09-07/evidence/20260907-1415-ticket-27/consumer/DerivedData-InkMarkdownLaTeXConsumer/Index.noindex/DataStore @/Users/shizihan/DailyUse/Github/InkMarkdown/.scratch/architecture-deepening-2026-09-07/evidence/20260907-1415-ticket-27/consumer/DerivedData-InkMarkdownLaTeXConsumer/Build/Intermediates.noindex/cmark-gfm.build/Debug-iphonesimulator/cmark-gfm-extensions.build/Objects-normal/arm64/7187679823f38a2a940e0043cdf9d637-common-args.resp -MMD -MT dependencies -MF /Users/shizihan/DailyUse/Github/InkMarkdown/.scratch/architecture-deepening-2026-09-07/evidence/20260907-1415-ticket-27/consumer/DerivedData-InkMarkdownLaTeXConsumer/Build/Intermediates.noindex/cmark-gfm.build/Debug-iphonesimulator/cmark-gfm-extensions.build/Objects-normal/arm64/table.d --serialize-diagnostics /Users/shizihan/DailyUse/Github/InkMarkdown/.scratch/architecture-deepening-2026-09-07/evidence/20260907-1415-ticket-27/consumer/DerivedData-InkMarkdownLaTeXConsumer/Build/Intermediates.noindex/cmark-gfm.build/Debug-iphonesimulator/cmark-gfm-extensions.build/Objects-normal/arm64/table.dia -c /Users/shizihan/DailyUse/Github/InkMarkdown/Packages/Caches/swift-cmark/extensions/table.c -o /Users/shizihan/DailyUse/Github/InkMarkdown/.scratch/architecture-deepening-2026-09-07/evidence/20260907-1415-ticket-27/consumer/DerivedData-InkMarkdownLaTeXConsumer/Build/Intermediates.noindex/cmark-gfm.build/Debug-iphonesimulator/cmark-gfm-extensions.build/Objects-normal/arm64/table.o -index-unit-output-path /cmark-gfm.build/Debug-iphonesimulator/cmark-gfm-extensions.build/Objects-normal/arm64/table.o

CompileC /Users/shizihan/DailyUse/Github/InkMarkdown/.scratch/architecture-deepening-2026-09-07/evidence/20260907-1415-ticket-27/consumer/DerivedData-InkMarkdownLaTeXConsumer/Build/Intermediates.noindex/cmark-gfm.build/Debug-iphonesimulator/cmark-gfm-extensions.build/Objects-normal/arm64/strikethrough.o /Users/shizihan/DailyUse/Github/InkMarkdown/Packages/Caches/swift-cmark/extensions/strikethrough.c normal arm64 c com.apple.compilers.llvm.clang.1_0.compiler (in target 'cmark-gfm-extensions' from project 'cmark-gfm')
    cd /Users/shizihan/DailyUse/Github/InkMarkdown/.github/fixtures/consumer-smoke/.swiftpm/xcode
    
    Using response file: /Users/shizihan/DailyUse/Github/InkMarkdown/.scratch/architecture-deepening-2026-09-07/evidence/20260907-1415-ticket-27/consumer/DerivedData-InkMarkdownLaTeXConsumer/Build/Intermediates.noindex/cmark-gfm.build/Debug-iphonesimulator/cmark-gfm-extensions.build/Objects-normal/arm64/7187679823f38a2a940e0043cdf9d637-common-args.resp
    
    /Applications/Xcode.app/Contents/Developer/Toolchains/XcodeDefault.xctoolchain/usr/bin/clang -x c -ivfsstatcache /Users/shizihan/DailyUse/Github/InkMarkdown/.scratch/architecture-deepening-2026-09-07/evidence/20260907-1415-ticket-27/consumer/DerivedData-InkMarkdownLaTeXConsumer/SDKStatCaches.noindex/iphonesimulator26.5-23F81a-6cfe768891a92b912361537c460fe42b.sdkstatcache -target arm64-apple-ios12.0-simulator -fmessage-length\=0 -fdiagnostics-show-note-include-stack -fmacro-backtrace-limit\=0 -fno-color-diagnostics -fmodules-prune-interval\=86400 -fmodules-prune-after\=345600 -fbuild-session-file\=/Users/shizihan/DailyUse/Github/InkMarkdown/.scratch/architecture-deepening-2026-09-07/evidence/20260907-1415-ticket-27/consumer/DerivedData-InkMarkdownLaTeXConsumer/ModuleCache.noindex/Session.modulevalidation -fmodules-validate-once-per-build-session -Wnon-modular-include-in-framework-module -Werror\=non-modular-include-in-framework-module -Wno-trigraphs -Wno-missing-field-initializers -Wno-missing-prototypes -Wno-return-type -Wno-missing-braces -Wparentheses -Wswitch -Wno-unused-function -Wno-unused-label -Wno-unused-parameter -Wno-unused-variable -Wunused-value -Wno-empty-body -Wno-uninitialized -Wno-unknown-pragmas -w -Wno-shadow -Wno-four-char-constants -Wno-conversion -Wno-constant-conversion -Wno-int-conversion -Wno-bool-conversion -Wno-enum-conversion -Wno-float-conversion -Wno-non-literal-null-conversion -Wno-objc-literal-conversion -Wshorten-64-to-32 -Wpointer-sign -Wno-newline-eof -Wno-implicit-fallthrough -isysroot /Applications/Xcode.app/Contents/Developer/Platforms/iPhoneSimulator.platform/Developer/SDKs/iPhoneSimulator26.5.sdk -fstrict-aliasing -Wdeprecated-declarations -Wno-sign-conversion -Wno-infinite-recursion -Wno-comma -Wno-block-capture-autoreleasing -Wno-strict-prototypes -Wno-semicolon-before-method-body -index-store-path /Users/shizihan/DailyUse/Github/InkMarkdown/.scratch/architecture-deepening-2026-09-07/evidence/20260907-1415-ticket-27/consumer/DerivedData-InkMarkdownLaTeXConsumer/Index.noindex/DataStore @/Users/shizihan/DailyUse/Github/InkMarkdown/.scratch/architecture-deepening-2026-09-07/evidence/20260907-1415-ticket-27/consumer/DerivedData-InkMarkdownLaTeXConsumer/Build/Intermediates.noindex/cmark-gfm.build/Debug-iphonesimulator/cmark-gfm-extensions.build/Objects-normal/arm64/7187679823f38a2a940e0043cdf9d637-common-args.resp -MMD -MT dependencies -MF /Users/shizihan/DailyUse/Github/InkMarkdown/.scratch/architecture-deepening-2026-09-07/evidence/20260907-1415-ticket-27/consumer/DerivedData-InkMarkdownLaTeXConsumer/Build/Intermediates.noindex/cmark-gfm.build/Debug-iphonesimulator/cmark-gfm-extensions.build/Objects-normal/arm64/strikethrough.d --serialize-diagnostics /Users/shizihan/DailyUse/Github/InkMarkdown/.scratch/architecture-deepening-2026-09-07/evidence/20260907-1415-ticket-27/consumer/DerivedData-InkMarkdownLaTeXConsumer/Build/Intermediates.noindex/cmark-gfm.build/Debug-iphonesimulator/cmark-gfm-extensions.build/Objects-normal/arm64/strikethrough.dia -c /Users/shizihan/DailyUse/Github/InkMarkdown/Packages/Caches/swift-cmark/extensions/strikethrough.c -o /Users/shizihan/DailyUse/Github/InkMarkdown/.scratch/architecture-deepening-2026-09-07/evidence/20260907-1415-ticket-27/consumer/DerivedData-InkMarkdownLaTeXConsumer/Build/Intermediates.noindex/cmark-gfm.build/Debug-iphonesimulator/cmark-gfm-extensions.build/Objects-normal/arm64/strikethrough.o -index-unit-output-path /cmark-gfm.build/Debug-iphonesimulator/cmark-gfm-extensions.build/Objects-normal/arm64/strikethrough.o

CompileC /Users/shizihan/DailyUse/Github/InkMarkdown/.scratch/architecture-deepening-2026-09-07/evidence/20260907-1415-ticket-27/consumer/DerivedData-InkMarkdownLaTeXConsumer/Build/Intermediates.noindex/cmark-gfm.build/Debug-iphonesimulator/cmark-gfm-extensions.build/Objects-normal/arm64/ext_scanners.o /Users/shizihan/DailyUse/Github/InkMarkdown/Packages/Caches/swift-cmark/extensions/ext_scanners.c normal arm64 c com.apple.compilers.llvm.clang.1_0.compiler (in target 'cmark-gfm-extensions' from project 'cmark-gfm')
    cd /Users/shizihan/DailyUse/Github/InkMarkdown/.github/fixtures/consumer-smoke/.swiftpm/xcode
    
    Using response file: /Users/shizihan/DailyUse/Github/InkMarkdown/.scratch/architecture-deepening-2026-09-07/evidence/20260907-1415-ticket-27/consumer/DerivedData-InkMarkdownLaTeXConsumer/Build/Intermediates.noindex/cmark-gfm.build/Debug-iphonesimulator/cmark-gfm-extensions.build/Objects-normal/arm64/7187679823f38a2a940e0043cdf9d637-common-args.resp
    
    /Applications/Xcode.app/Contents/Developer/Toolchains/XcodeDefault.xctoolchain/usr/bin/clang -x c -ivfsstatcache /Users/shizihan/DailyUse/Github/InkMarkdown/.scratch/architecture-deepening-2026-09-07/evidence/20260907-1415-ticket-27/consumer/DerivedData-InkMarkdownLaTeXConsumer/SDKStatCaches.noindex/iphonesimulator26.5-23F81a-6cfe768891a92b912361537c460fe42b.sdkstatcache -target arm64-apple-ios12.0-simulator -fmessage-length\=0 -fdiagnostics-show-note-include-stack -fmacro-backtrace-limit\=0 -fno-color-diagnostics -fmodules-prune-interval\=86400 -fmodules-prune-after\=345600 -fbuild-session-file\=/Users/shizihan/DailyUse/Github/InkMarkdown/.scratch/architecture-deepening-2026-09-07/evidence/20260907-1415-ticket-27/consumer/DerivedData-InkMarkdownLaTeXConsumer/ModuleCache.noindex/Session.modulevalidation -fmodules-validate-once-per-build-session -Wnon-modular-include-in-framework-module -Werror\=non-modular-include-in-framework-module -Wno-trigraphs -Wno-missing-field-initializers -Wno-missing-prototypes -Wno-return-type -Wno-missing-braces -Wparentheses -Wswitch -Wno-unused-function -Wno-unused-label -Wno-unused-parameter -Wno-unused-variable -Wunused-value -Wno-empty-body -Wno-uninitialized -Wno-unknown-pragmas -w -Wno-shadow -Wno-four-char-constants -Wno-conversion -Wno-constant-conversion -Wno-int-conversion -Wno-bool-conversion -Wno-enum-conversion -Wno-float-conversion -Wno-non-literal-null-conversion -Wno-objc-literal-conversion -Wshorten-64-to-32 -Wpointer-sign -Wno-newline-eof -Wno-implicit-fallthrough -isysroot /Applications/Xcode.app/Contents/Developer/Platforms/iPhoneSimulator.platform/Developer/SDKs/iPhoneSimulator26.5.sdk -fstrict-aliasing -Wdeprecated-declarations -Wno-sign-conversion -Wno-infinite-recursion -Wno-comma -Wno-block-capture-autoreleasing -Wno-strict-prototypes -Wno-semicolon-before-method-body -index-store-path /Users/shizihan/DailyUse/Github/InkMarkdown/.scratch/architecture-deepening-2026-09-07/evidence/20260907-1415-ticket-27/consumer/DerivedData-InkMarkdownLaTeXConsumer/Index.noindex/DataStore @/Users/shizihan/DailyUse/Github/InkMarkdown/.scratch/architecture-deepening-2026-09-07/evidence/20260907-1415-ticket-27/consumer/DerivedData-InkMarkdownLaTeXConsumer/Build/Intermediates.noindex/cmark-gfm.build/Debug-iphonesimulator/cmark-gfm-extensions.build/Objects-normal/arm64/7187679823f38a2a940e0043cdf9d637-common-args.resp -MMD -MT dependencies -MF /Users/shizihan/DailyUse/Github/InkMarkdown/.scratch/architecture-deepening-2026-09-07/evidence/20260907-1415-ticket-27/consumer/DerivedData-InkMarkdownLaTeXConsumer/Build/Intermediates.noindex/cmark-gfm.build/Debug-iphonesimulator/cmark-gfm-extensions.build/Objects-normal/arm64/ext_scanners.d --serialize-diagnostics /Users/shizihan/DailyUse/Github/InkMarkdown/.scratch/architecture-deepening-2026-09-07/evidence/20260907-1415-ticket-27/consumer/DerivedData-InkMarkdownLaTeXConsumer/Build/Intermediates.noindex/cmark-gfm.build/Debug-iphonesimulator/cmark-gfm-extensions.build/Objects-normal/arm64/ext_scanners.dia -c /Users/shizihan/DailyUse/Github/InkMarkdown/Packages/Caches/swift-cmark/extensions/ext_scanners.c -o /Users/shizihan/DailyUse/Github/InkMarkdown/.scratch/architecture-deepening-2026-09-07/evidence/20260907-1415-ticket-27/consumer/DerivedData-InkMarkdownLaTeXConsumer/Build/Intermediates.noindex/cmark-gfm.build/Debug-iphonesimulator/cmark-gfm-extensions.build/Objects-normal/arm64/ext_scanners.o -index-unit-output-path /cmark-gfm.build/Debug-iphonesimulator/cmark-gfm-extensions.build/Objects-normal/arm64/ext_scanners.o

CompileC /Users/shizihan/DailyUse/Github/InkMarkdown/.scratch/architecture-deepening-2026-09-07/evidence/20260907-1415-ticket-27/consumer/DerivedData-InkMarkdownLaTeXConsumer/Build/Intermediates.noindex/cmark-gfm.build/Debug-iphonesimulator/cmark-gfm-extensions.build/Objects-normal/arm64/core-extensions.o /Users/shizihan/DailyUse/Github/InkMarkdown/Packages/Caches/swift-cmark/extensions/core-extensions.c normal arm64 c com.apple.compilers.llvm.clang.1_0.compiler (in target 'cmark-gfm-extensions' from project 'cmark-gfm')
    cd /Users/shizihan/DailyUse/Github/InkMarkdown/.github/fixtures/consumer-smoke/.swiftpm/xcode
    
    Using response file: /Users/shizihan/DailyUse/Github/InkMarkdown/.scratch/architecture-deepening-2026-09-07/evidence/20260907-1415-ticket-27/consumer/DerivedData-InkMarkdownLaTeXConsumer/Build/Intermediates.noindex/cmark-gfm.build/Debug-iphonesimulator/cmark-gfm-extensions.build/Objects-normal/arm64/7187679823f38a2a940e0043cdf9d637-common-args.resp
    
    /Applications/Xcode.app/Contents/Developer/Toolchains/XcodeDefault.xctoolchain/usr/bin/clang -x c -ivfsstatcache /Users/shizihan/DailyUse/Github/InkMarkdown/.scratch/architecture-deepening-2026-09-07/evidence/20260907-1415-ticket-27/consumer/DerivedData-InkMarkdownLaTeXConsumer/SDKStatCaches.noindex/iphonesimulator26.5-23F81a-6cfe768891a92b912361537c460fe42b.sdkstatcache -target arm64-apple-ios12.0-simulator -fmessage-length\=0 -fdiagnostics-show-note-include-stack -fmacro-backtrace-limit\=0 -fno-color-diagnostics -fmodules-prune-interval\=86400 -fmodules-prune-after\=345600 -fbuild-session-file\=/Users/shizihan/DailyUse/Github/InkMarkdown/.scratch/architecture-deepening-2026-09-07/evidence/20260907-1415-ticket-27/consumer/DerivedData-InkMarkdownLaTeXConsumer/ModuleCache.noindex/Session.modulevalidation -fmodules-validate-once-per-build-session -Wnon-modular-include-in-framework-module -Werror\=non-modular-include-in-framework-module -Wno-trigraphs -Wno-missing-field-initializers -Wno-missing-prototypes -Wno-return-type -Wno-missing-braces -Wparentheses -Wswitch -Wno-unused-function -Wno-unused-label -Wno-unused-parameter -Wno-unused-variable -Wunused-value -Wno-empty-body -Wno-uninitialized -Wno-unknown-pragmas -w -Wno-shadow -Wno-four-char-constants -Wno-conversion -Wno-constant-conversion -Wno-int-conversion -Wno-bool-conversion -Wno-enum-conversion -Wno-float-conversion -Wno-non-literal-null-conversion -Wno-objc-literal-conversion -Wshorten-64-to-32 -Wpointer-sign -Wno-newline-eof -Wno-implicit-fallthrough -isysroot /Applications/Xcode.app/Contents/Developer/Platforms/iPhoneSimulator.platform/Developer/SDKs/iPhoneSimulator26.5.sdk -fstrict-aliasing -Wdeprecated-declarations -Wno-sign-conversion -Wno-infinite-recursion -Wno-comma -Wno-block-capture-autoreleasing -Wno-strict-prototypes -Wno-semicolon-before-method-body -index-store-path /Users/shizihan/DailyUse/Github/InkMarkdown/.scratch/architecture-deepening-2026-09-07/evidence/20260907-1415-ticket-27/consumer/DerivedData-InkMarkdownLaTeXConsumer/Index.noindex/DataStore @/Users/shizihan/DailyUse/Github/InkMarkdown/.scratch/architecture-deepening-2026-09-07/evidence/20260907-1415-ticket-27/consumer/DerivedData-InkMarkdownLaTeXConsumer/Build/Intermediates.noindex/cmark-gfm.build/Debug-iphonesimulator/cmark-gfm-extensions.build/Objects-normal/arm64/7187679823f38a2a940e0043cdf9d637-common-args.resp -MMD -MT dependencies -MF /Users/shizihan/DailyUse/Github/InkMarkdown/.scratch/architecture-deepening-2026-09-07/evidence/20260907-1415-ticket-27/consumer/DerivedData-InkMarkdownLaTeXConsumer/Build/Intermediates.noindex/cmark-gfm.build/Debug-iphonesimulator/cmark-gfm-extensions.build/Objects-normal/arm64/core-extensions.d --serialize-diagnostics /Users/shizihan/DailyUse/Github/InkMarkdown/.scratch/architecture-deepening-2026-09-07/evidence/20260907-1415-ticket-27/consumer/DerivedData-InkMarkdownLaTeXConsumer/Build/Intermediates.noindex/cmark-gfm.build/Debug-iphonesimulator/cmark-gfm-extensions.build/Objects-normal/arm64/core-extensions.dia -c /Users/shizihan/DailyUse/Github/InkMarkdown/Packages/Caches/swift-cmark/extensions/core-extensions.c -o /Users/shizihan/DailyUse/Github/InkMarkdown/.scratch/architecture-deepening-2026-09-07/evidence/20260907-1415-ticket-27/consumer/DerivedData-InkMarkdownLaTeXConsumer/Build/Intermediates.noindex/cmark-gfm.build/Debug-iphonesimulator/cmark-gfm-extensions.build/Objects-normal/arm64/core-extensions.o -index-unit-output-path /cmark-gfm.build/Debug-iphonesimulator/cmark-gfm-extensions.build/Objects-normal/arm64/core-extensions.o

SwiftExplicitDependencyGeneratePcm arm64 /Users/shizihan/DailyUse/Github/InkMarkdown/.scratch/architecture-deepening-2026-09-07/evidence/20260907-1415-ticket-27/consumer/DerivedData-InkMarkdownLaTeXConsumer/ModuleCache.noindex/sys_types-9KPN0LND8ILUU6B82T58MIIPO.pcm

SwiftExplicitDependencyGeneratePcm arm64 /Users/shizihan/DailyUse/Github/InkMarkdown/.scratch/architecture-deepening-2026-09-07/evidence/20260907-1415-ticket-27/consumer/DerivedData-InkMarkdownLaTeXConsumer/ModuleCache.noindex/_Builtin_stdint-34P6V8U4KB8RSCH7NDX919GMW.pcm

Ld /Users/shizihan/DailyUse/Github/InkMarkdown/.scratch/architecture-deepening-2026-09-07/evidence/20260907-1415-ticket-27/consumer/DerivedData-InkMarkdownLaTeXConsumer/Build/Products/Debug-iphonesimulator/cmark-gfm.o normal (in target 'cmark-gfm' from project 'cmark-gfm')
    cd /Users/shizihan/DailyUse/Github/InkMarkdown/Packages/Caches/swift-cmark
    /Applications/Xcode.app/Contents/Developer/Toolchains/XcodeDefault.xctoolchain/usr/bin/clang -Xlinker -reproducible -target arm64-apple-ios12.0-simulator -r -isysroot /Applications/Xcode.app/Contents/Developer/Platforms/iPhoneSimulator.platform/Developer/SDKs/iPhoneSimulator26.5.sdk -O0 -w -F/Users/shizihan/DailyUse/Github/InkMarkdown/.scratch/architecture-deepening-2026-09-07/evidence/20260907-1415-ticket-27/consumer/DerivedData-InkMarkdownLaTeXConsumer/Build/Intermediates.noindex/EagerLinkingTBDs/Debug-iphonesimulator -F/Users/shizihan/DailyUse/Github/InkMarkdown/.scratch/architecture-deepening-2026-09-07/evidence/20260907-1415-ticket-27/consumer/DerivedData-InkMarkdownLaTeXConsumer/Build/Products/Debug-iphonesimulator -iframework /Applications/Xcode.app/Contents/Developer/Platforms/iPhoneSimulator.platform/Developer/Library/Frameworks -iframework /Applications/Xcode.app/Contents/Developer/Platforms/iPhoneSimulator.platform/Developer/SDKs/iPhoneSimulator26.5.sdk/Developer/Library/Frameworks -filelist /Users/shizihan/DailyUse/Github/InkMarkdown/.scratch/architecture-deepening-2026-09-07/evidence/20260907-1415-ticket-27/consumer/DerivedData-InkMarkdownLaTeXConsumer/Build/Intermediates.noindex/cmark-gfm.build/Debug-iphonesimulator/cmark-gfm.build/Objects-normal/arm64/cmark-gfm.LinkFileList -nostdlib -Xlinker -object_path_lto -Xlinker /Users/shizihan/DailyUse/Github/InkMarkdown/.scratch/architecture-deepening-2026-09-07/evidence/20260907-1415-ticket-27/consumer/DerivedData-InkMarkdownLaTeXConsumer/Build/Intermediates.noindex/cmark-gfm.build/Debug-iphonesimulator/cmark-gfm.build/Objects-normal/arm64/cmark-gfm_lto.o -Xlinker -no_deduplicate -Xlinker -objc_abi_version -Xlinker 2 -Xlinker -dependency_info -Xlinker /Users/shizihan/DailyUse/Github/InkMarkdown/.scratch/architecture-deepening-2026-09-07/evidence/20260907-1415-ticket-27/consumer/DerivedData-InkMarkdownLaTeXConsumer/Build/Intermediates.noindex/cmark-gfm.build/Debug-iphonesimulator/cmark-gfm.build/Objects-normal/arm64/cmark-gfm_dependency_info.dat -o /Users/shizihan/DailyUse/Github/InkMarkdown/.scratch/architecture-deepening-2026-09-07/evidence/20260907-1415-ticket-27/consumer/DerivedData-InkMarkdownLaTeXConsumer/Build/Products/Debug-iphonesimulator/cmark-gfm.o

RegisterExecutionPolicyException /Users/shizihan/DailyUse/Github/InkMarkdown/.scratch/architecture-deepening-2026-09-07/evidence/20260907-1415-ticket-27/consumer/DerivedData-InkMarkdownLaTeXConsumer/Build/Products/Debug-iphonesimulator/cmark-gfm.o (in target 'cmark-gfm' from project 'cmark-gfm')
    cd /Users/shizihan/DailyUse/Github/InkMarkdown/Packages/Caches/swift-cmark
    builtin-RegisterExecutionPolicyException /Users/shizihan/DailyUse/Github/InkMarkdown/.scratch/architecture-deepening-2026-09-07/evidence/20260907-1415-ticket-27/consumer/DerivedData-InkMarkdownLaTeXConsumer/Build/Products/Debug-iphonesimulator/cmark-gfm.o

SwiftExplicitDependencyGeneratePcm arm64 /Users/shizihan/DailyUse/Github/InkMarkdown/.scratch/architecture-deepening-2026-09-07/evidence/20260907-1415-ticket-27/consumer/DerivedData-InkMarkdownLaTeXConsumer/Build/Intermediates.noindex/SwiftExplicitPrecompiledModules/CAtomic-BQ7EUMR9TH3SI1T696L9H6GLX.pcm

SwiftExplicitDependencyGeneratePcm arm64 /Users/shizihan/DailyUse/Github/InkMarkdown/.scratch/architecture-deepening-2026-09-07/evidence/20260907-1415-ticket-27/consumer/DerivedData-InkMarkdownLaTeXConsumer/ModuleCache.noindex/_DarwinFoundation3-P2MUCH10CL2XTKLTE2MA8WUR.pcm

SwiftExplicitDependencyGeneratePcm arm64 /Users/shizihan/DailyUse/Github/InkMarkdown/.scratch/architecture-deepening-2026-09-07/evidence/20260907-1415-ticket-27/consumer/DerivedData-InkMarkdownLaTeXConsumer/ModuleCache.noindex/_Builtin_inttypes-43BH1ILNATRK4SCWRZQADTAG0.pcm

SwiftExplicitDependencyGeneratePcm arm64 /Users/shizihan/DailyUse/Github/InkMarkdown/.scratch/architecture-deepening-2026-09-07/evidence/20260907-1415-ticket-27/consumer/DerivedData-InkMarkdownLaTeXConsumer/Build/Intermediates.noindex/SwiftExplicitPrecompiledModules/cmark_gfm-AWRKK31RSDIT72NPLMPKI96EW.pcm

CompileC /Users/shizihan/DailyUse/Github/InkMarkdown/.scratch/architecture-deepening-2026-09-07/evidence/20260907-1415-ticket-27/consumer/DerivedData-InkMarkdownLaTeXConsumer/Build/Intermediates.noindex/cmark-gfm.build/Debug-iphonesimulator/cmark-gfm-extensions.build/Objects-normal/arm64/autolink.o /Users/shizihan/DailyUse/Github/InkMarkdown/Packages/Caches/swift-cmark/extensions/autolink.c normal arm64 c com.apple.compilers.llvm.clang.1_0.compiler (in target 'cmark-gfm-extensions' from project 'cmark-gfm')
    cd /Users/shizihan/DailyUse/Github/InkMarkdown/.github/fixtures/consumer-smoke/.swiftpm/xcode
    
    Using response file: /Users/shizihan/DailyUse/Github/InkMarkdown/.scratch/architecture-deepening-2026-09-07/evidence/20260907-1415-ticket-27/consumer/DerivedData-InkMarkdownLaTeXConsumer/Build/Intermediates.noindex/cmark-gfm.build/Debug-iphonesimulator/cmark-gfm-extensions.build/Objects-normal/arm64/7187679823f38a2a940e0043cdf9d637-common-args.resp
    
    /Applications/Xcode.app/Contents/Developer/Toolchains/XcodeDefault.xctoolchain/usr/bin/clang -x c -ivfsstatcache /Users/shizihan/DailyUse/Github/InkMarkdown/.scratch/architecture-deepening-2026-09-07/evidence/20260907-1415-ticket-27/consumer/DerivedData-InkMarkdownLaTeXConsumer/SDKStatCaches.noindex/iphonesimulator26.5-23F81a-6cfe768891a92b912361537c460fe42b.sdkstatcache -target arm64-apple-ios12.0-simulator -fmessage-length\=0 -fdiagnostics-show-note-include-stack -fmacro-backtrace-limit\=0 -fno-color-diagnostics -fmodules-prune-interval\=86400 -fmodules-prune-after\=345600 -fbuild-session-file\=/Users/shizihan/DailyUse/Github/InkMarkdown/.scratch/architecture-deepening-2026-09-07/evidence/20260907-1415-ticket-27/consumer/DerivedData-InkMarkdownLaTeXConsumer/ModuleCache.noindex/Session.modulevalidation -fmodules-validate-once-per-build-session -Wnon-modular-include-in-framework-module -Werror\=non-modular-include-in-framework-module -Wno-trigraphs -Wno-missing-field-initializers -Wno-missing-prototypes -Wno-return-type -Wno-missing-braces -Wparentheses -Wswitch -Wno-unused-function -Wno-unused-label -Wno-unused-parameter -Wno-unused-variable -Wunused-value -Wno-empty-body -Wno-uninitialized -Wno-unknown-pragmas -w -Wno-shadow -Wno-four-char-constants -Wno-conversion -Wno-constant-conversion -Wno-int-conversion -Wno-bool-conversion -Wno-enum-conversion -Wno-float-conversion -Wno-non-literal-null-conversion -Wno-objc-literal-conversion -Wshorten-64-to-32 -Wpointer-sign -Wno-newline-eof -Wno-implicit-fallthrough -isysroot /Applications/Xcode.app/Contents/Developer/Platforms/iPhoneSimulator.platform/Developer/SDKs/iPhoneSimulator26.5.sdk -fstrict-aliasing -Wdeprecated-declarations -Wno-sign-conversion -Wno-infinite-recursion -Wno-comma -Wno-block-capture-autoreleasing -Wno-strict-prototypes -Wno-semicolon-before-method-body -index-store-path /Users/shizihan/DailyUse/Github/InkMarkdown/.scratch/architecture-deepening-2026-09-07/evidence/20260907-1415-ticket-27/consumer/DerivedData-InkMarkdownLaTeXConsumer/Index.noindex/DataStore @/Users/shizihan/DailyUse/Github/InkMarkdown/.scratch/architecture-deepening-2026-09-07/evidence/20260907-1415-ticket-27/consumer/DerivedData-InkMarkdownLaTeXConsumer/Build/Intermediates.noindex/cmark-gfm.build/Debug-iphonesimulator/cmark-gfm-extensions.build/Objects-normal/arm64/7187679823f38a2a940e0043cdf9d637-common-args.resp -MMD -MT dependencies -MF /Users/shizihan/DailyUse/Github/InkMarkdown/.scratch/architecture-deepening-2026-09-07/evidence/20260907-1415-ticket-27/consumer/DerivedData-InkMarkdownLaTeXConsumer/Build/Intermediates.noindex/cmark-gfm.build/Debug-iphonesimulator/cmark-gfm-extensions.build/Objects-normal/arm64/autolink.d --serialize-diagnostics /Users/shizihan/DailyUse/Github/InkMarkdown/.scratch/architecture-deepening-2026-09-07/evidence/20260907-1415-ticket-27/consumer/DerivedData-InkMarkdownLaTeXConsumer/Build/Intermediates.noindex/cmark-gfm.build/Debug-iphonesimulator/cmark-gfm-extensions.build/Objects-normal/arm64/autolink.dia -c /Users/shizihan/DailyUse/Github/InkMarkdown/Packages/Caches/swift-cmark/extensions/autolink.c -o /Users/shizihan/DailyUse/Github/InkMarkdown/.scratch/architecture-deepening-2026-09-07/evidence/20260907-1415-ticket-27/consumer/DerivedData-InkMarkdownLaTeXConsumer/Build/Intermediates.noindex/cmark-gfm.build/Debug-iphonesimulator/cmark-gfm-extensions.build/Objects-normal/arm64/autolink.o -index-unit-output-path /cmark-gfm.build/Debug-iphonesimulator/cmark-gfm-extensions.build/Objects-normal/arm64/autolink.o

PrecompileModule /Users/shizihan/DailyUse/Github/InkMarkdown/.scratch/architecture-deepening-2026-09-07/evidence/20260907-1415-ticket-27/consumer/DerivedData-InkMarkdownLaTeXConsumer/Build/Intermediates.noindex/ExplicitPrecompiledModules/ObjectiveC-3COS075NP6YZTSASY0J9GBYIM.scan
    cd /
    builtin-precompileModule /Users/shizihan/DailyUse/Github/InkMarkdown/.scratch/architecture-deepening-2026-09-07/evidence/20260907-1415-ticket-27/consumer/DerivedData-InkMarkdownLaTeXConsumer/Build/Intermediates.noindex/ExplicitPrecompiledModules/ObjectiveC-3COS075NP6YZTSASY0J9GBYIM.scan

Ld /Users/shizihan/DailyUse/Github/InkMarkdown/.scratch/architecture-deepening-2026-09-07/evidence/20260907-1415-ticket-27/consumer/DerivedData-InkMarkdownLaTeXConsumer/Build/Products/Debug-iphonesimulator/cmark-gfm-extensions.o normal (in target 'cmark-gfm-extensions' from project 'cmark-gfm')
    cd /Users/shizihan/DailyUse/Github/InkMarkdown/Packages/Caches/swift-cmark
    /Applications/Xcode.app/Contents/Developer/Toolchains/XcodeDefault.xctoolchain/usr/bin/clang -Xlinker -reproducible -target arm64-apple-ios12.0-simulator -r -isysroot /Applications/Xcode.app/Contents/Developer/Platforms/iPhoneSimulator.platform/Developer/SDKs/iPhoneSimulator26.5.sdk -O0 -w -F/Users/shizihan/DailyUse/Github/InkMarkdown/.scratch/architecture-deepening-2026-09-07/evidence/20260907-1415-ticket-27/consumer/DerivedData-InkMarkdownLaTeXConsumer/Build/Intermediates.noindex/EagerLinkingTBDs/Debug-iphonesimulator -F/Users/shizihan/DailyUse/Github/InkMarkdown/.scratch/architecture-deepening-2026-09-07/evidence/20260907-1415-ticket-27/consumer/DerivedData-InkMarkdownLaTeXConsumer/Build/Products/Debug-iphonesimulator/PackageFrameworks -F/Users/shizihan/DailyUse/Github/InkMarkdown/.scratch/architecture-deepening-2026-09-07/evidence/20260907-1415-ticket-27/consumer/DerivedData-InkMarkdownLaTeXConsumer/Build/Products/Debug-iphonesimulator -iframework /Applications/Xcode.app/Contents/Developer/Platforms/iPhoneSimulator.platform/Developer/Library/Frameworks -iframework /Applications/Xcode.app/Contents/Developer/Platforms/iPhoneSimulator.platform/Developer/SDKs/iPhoneSimulator26.5.sdk/Developer/Library/Frameworks -filelist /Users/shizihan/DailyUse/Github/InkMarkdown/.scratch/architecture-deepening-2026-09-07/evidence/20260907-1415-ticket-27/consumer/DerivedData-InkMarkdownLaTeXConsumer/Build/Intermediates.noindex/cmark-gfm.build/Debug-iphonesimulator/cmark-gfm-extensions.build/Objects-normal/arm64/cmark-gfm-extensions.LinkFileList -nostdlib -Xlinker -object_path_lto -Xlinker /Users/shizihan/DailyUse/Github/InkMarkdown/.scratch/architecture-deepening-2026-09-07/evidence/20260907-1415-ticket-27/consumer/DerivedData-InkMarkdownLaTeXConsumer/Build/Intermediates.noindex/cmark-gfm.build/Debug-iphonesimulator/cmark-gfm-extensions.build/Objects-normal/arm64/cmark-gfm-extensions_lto.o -Xlinker -no_deduplicate -Xlinker -objc_abi_version -Xlinker 2 -Xlinker -dependency_info -Xlinker /Users/shizihan/DailyUse/Github/InkMarkdown/.scratch/architecture-deepening-2026-09-07/evidence/20260907-1415-ticket-27/consumer/DerivedData-InkMarkdownLaTeXConsumer/Build/Intermediates.noindex/cmark-gfm.build/Debug-iphonesimulator/cmark-gfm-extensions.build/Objects-normal/arm64/cmark-gfm-extensions_dependency_info.dat -o /Users/shizihan/DailyUse/Github/InkMarkdown/.scratch/architecture-deepening-2026-09-07/evidence/20260907-1415-ticket-27/consumer/DerivedData-InkMarkdownLaTeXConsumer/Build/Products/Debug-iphonesimulator/cmark-gfm-extensions.o

PrecompileModule /Users/shizihan/DailyUse/Github/InkMarkdown/.scratch/architecture-deepening-2026-09-07/evidence/20260907-1415-ticket-27/consumer/DerivedData-InkMarkdownLaTeXConsumer/Build/Intermediates.noindex/ExplicitPrecompiledModules/os_object-3NC1V93JFKBO8SZNEAJRF0REV.scan
    cd /
    builtin-precompileModule /Users/shizihan/DailyUse/Github/InkMarkdown/.scratch/architecture-deepening-2026-09-07/evidence/20260907-1415-ticket-27/consumer/DerivedData-InkMarkdownLaTeXConsumer/Build/Intermediates.noindex/ExplicitPrecompiledModules/os_object-3NC1V93JFKBO8SZNEAJRF0REV.scan

SwiftExplicitDependencyGeneratePcm arm64 /Users/shizihan/DailyUse/Github/InkMarkdown/.scratch/architecture-deepening-2026-09-07/evidence/20260907-1415-ticket-27/consumer/DerivedData-InkMarkdownLaTeXConsumer/ModuleCache.noindex/Darwin-B0HC7S1BY5PY4EU1PNN1FEEST.pcm

SwiftExplicitDependencyGeneratePcm arm64 /Users/shizihan/DailyUse/Github/InkMarkdown/.scratch/architecture-deepening-2026-09-07/evidence/20260907-1415-ticket-27/consumer/DerivedData-InkMarkdownLaTeXConsumer/Build/Intermediates.noindex/SwiftExplicitPrecompiledModules/cmark_gfm_extensions-ELSYVWGN5DGPV2VYCCTT9DZR2.pcm

RegisterExecutionPolicyException /Users/shizihan/DailyUse/Github/InkMarkdown/.scratch/architecture-deepening-2026-09-07/evidence/20260907-1415-ticket-27/consumer/DerivedData-InkMarkdownLaTeXConsumer/Build/Products/Debug-iphonesimulator/cmark-gfm-extensions.o (in target 'cmark-gfm-extensions' from project 'cmark-gfm')
    cd /Users/shizihan/DailyUse/Github/InkMarkdown/Packages/Caches/swift-cmark
    builtin-RegisterExecutionPolicyException /Users/shizihan/DailyUse/Github/InkMarkdown/.scratch/architecture-deepening-2026-09-07/evidence/20260907-1415-ticket-27/consumer/DerivedData-InkMarkdownLaTeXConsumer/Build/Products/Debug-iphonesimulator/cmark-gfm-extensions.o

PrecompileModule /Users/shizihan/DailyUse/Github/InkMarkdown/.scratch/architecture-deepening-2026-09-07/evidence/20260907-1415-ticket-27/consumer/DerivedData-InkMarkdownLaTeXConsumer/Build/Intermediates.noindex/ExplicitPrecompiledModules/os_workgroup-UW22064UGYAJGLT2WSF9X35E.scan
    cd /
    builtin-precompileModule /Users/shizihan/DailyUse/Github/InkMarkdown/.scratch/architecture-deepening-2026-09-07/evidence/20260907-1415-ticket-27/consumer/DerivedData-InkMarkdownLaTeXConsumer/Build/Intermediates.noindex/ExplicitPrecompiledModules/os_workgroup-UW22064UGYAJGLT2WSF9X35E.scan

PrecompileModule /Users/shizihan/DailyUse/Github/InkMarkdown/.scratch/architecture-deepening-2026-09-07/evidence/20260907-1415-ticket-27/consumer/DerivedData-InkMarkdownLaTeXConsumer/Build/Intermediates.noindex/ExplicitPrecompiledModules/Dispatch-3OPJ0I6IW1PHM7MRYMKVV9OFO.scan
    cd /
    builtin-precompileModule /Users/shizihan/DailyUse/Github/InkMarkdown/.scratch/architecture-deepening-2026-09-07/evidence/20260907-1415-ticket-27/consumer/DerivedData-InkMarkdownLaTeXConsumer/Build/Intermediates.noindex/ExplicitPrecompiledModules/Dispatch-3OPJ0I6IW1PHM7MRYMKVV9OFO.scan

PrecompileModule /Users/shizihan/DailyUse/Github/InkMarkdown/.scratch/architecture-deepening-2026-09-07/evidence/20260907-1415-ticket-27/consumer/DerivedData-InkMarkdownLaTeXConsumer/Build/Intermediates.noindex/ExplicitPrecompiledModules/XPC-ELNI2POO34LSA9LAI9S1X3JX8.scan
    cd /
    builtin-precompileModule /Users/shizihan/DailyUse/Github/InkMarkdown/.scratch/architecture-deepening-2026-09-07/evidence/20260907-1415-ticket-27/consumer/DerivedData-InkMarkdownLaTeXConsumer/Build/Intermediates.noindex/ExplicitPrecompiledModules/XPC-ELNI2POO34LSA9LAI9S1X3JX8.scan

PrecompileModule /Users/shizihan/DailyUse/Github/InkMarkdown/.scratch/architecture-deepening-2026-09-07/evidence/20260907-1415-ticket-27/consumer/DerivedData-InkMarkdownLaTeXConsumer/Build/Intermediates.noindex/ExplicitPrecompiledModules/CoreFoundation-7M819W5DCL3A6IK5X8G8UXN4.scan
    cd /
    builtin-precompileModule /Users/shizihan/DailyUse/Github/InkMarkdown/.scratch/architecture-deepening-2026-09-07/evidence/20260907-1415-ticket-27/consumer/DerivedData-InkMarkdownLaTeXConsumer/Build/Intermediates.noindex/ExplicitPrecompiledModules/CoreFoundation-7M819W5DCL3A6IK5X8G8UXN4.scan

PrecompileModule /Users/shizihan/DailyUse/Github/InkMarkdown/.scratch/architecture-deepening-2026-09-07/evidence/20260907-1415-ticket-27/consumer/DerivedData-InkMarkdownLaTeXConsumer/Build/Intermediates.noindex/ExplicitPrecompiledModules/CFNetwork-AU15NF0NI40348977NIQG3PQ5.scan
    cd /
    builtin-precompileModule /Users/shizihan/DailyUse/Github/InkMarkdown/.scratch/architecture-deepening-2026-09-07/evidence/20260907-1415-ticket-27/consumer/DerivedData-InkMarkdownLaTeXConsumer/Build/Intermediates.noindex/ExplicitPrecompiledModules/CFNetwork-AU15NF0NI40348977NIQG3PQ5.scan

PrecompileModule /Users/shizihan/DailyUse/Github/InkMarkdown/.scratch/architecture-deepening-2026-09-07/evidence/20260907-1415-ticket-27/consumer/DerivedData-InkMarkdownLaTeXConsumer/Build/Intermediates.noindex/ExplicitPrecompiledModules/CoreGraphics-2R4UBI518G85V6IRQSRR3Q9TM.scan
    cd /
    builtin-precompileModule /Users/shizihan/DailyUse/Github/InkMarkdown/.scratch/architecture-deepening-2026-09-07/evidence/20260907-1415-ticket-27/consumer/DerivedData-InkMarkdownLaTeXConsumer/Build/Intermediates.noindex/ExplicitPrecompiledModules/CoreGraphics-2R4UBI518G85V6IRQSRR3Q9TM.scan

PrecompileModule /Users/shizihan/DailyUse/Github/InkMarkdown/.scratch/architecture-deepening-2026-09-07/evidence/20260907-1415-ticket-27/consumer/DerivedData-InkMarkdownLaTeXConsumer/Build/Intermediates.noindex/ExplicitPrecompiledModules/Security-2JWVPT96NOLELS6EPCI3SAD81.scan
    cd /
    builtin-precompileModule /Users/shizihan/DailyUse/Github/InkMarkdown/.scratch/architecture-deepening-2026-09-07/evidence/20260907-1415-ticket-27/consumer/DerivedData-InkMarkdownLaTeXConsumer/Build/Intermediates.noindex/ExplicitPrecompiledModules/Security-2JWVPT96NOLELS6EPCI3SAD81.scan

PrecompileModule /Users/shizihan/DailyUse/Github/InkMarkdown/.scratch/architecture-deepening-2026-09-07/evidence/20260907-1415-ticket-27/consumer/DerivedData-InkMarkdownLaTeXConsumer/Build/Intermediates.noindex/ExplicitPrecompiledModules/Foundation-F0MUA0EWE2689OEKN6DEVD1JS.scan
    cd /
    builtin-precompileModule /Users/shizihan/DailyUse/Github/InkMarkdown/.scratch/architecture-deepening-2026-09-07/evidence/20260907-1415-ticket-27/consumer/DerivedData-InkMarkdownLaTeXConsumer/Build/Intermediates.noindex/ExplicitPrecompiledModules/Foundation-F0MUA0EWE2689OEKN6DEVD1JS.scan

PrecompileModule /Users/shizihan/DailyUse/Github/InkMarkdown/.scratch/architecture-deepening-2026-09-07/evidence/20260907-1415-ticket-27/consumer/DerivedData-InkMarkdownLaTeXConsumer/Build/Intermediates.noindex/ExplicitPrecompiledModules/CoreText-7891VP8RP7JP5CR41P4HOAHA2.scan
    cd /
    builtin-precompileModule /Users/shizihan/DailyUse/Github/InkMarkdown/.scratch/architecture-deepening-2026-09-07/evidence/20260907-1415-ticket-27/consumer/DerivedData-InkMarkdownLaTeXConsumer/Build/Intermediates.noindex/ExplicitPrecompiledModules/CoreText-7891VP8RP7JP5CR41P4HOAHA2.scan

PrecompileModule /Users/shizihan/DailyUse/Github/InkMarkdown/.scratch/architecture-deepening-2026-09-07/evidence/20260907-1415-ticket-27/consumer/DerivedData-InkMarkdownLaTeXConsumer/Build/Intermediates.noindex/ExplicitPrecompiledModules/ImageIO-1IO3FL70Z6HS0V8OYJ1YGYXYJ.scan
    cd /
    builtin-precompileModule /Users/shizihan/DailyUse/Github/InkMarkdown/.scratch/architecture-deepening-2026-09-07/evidence/20260907-1415-ticket-27/consumer/DerivedData-InkMarkdownLaTeXConsumer/Build/Intermediates.noindex/ExplicitPrecompiledModules/ImageIO-1IO3FL70Z6HS0V8OYJ1YGYXYJ.scan

SwiftExplicitDependencyGeneratePcm arm64 /Users/shizihan/DailyUse/Github/InkMarkdown/.scratch/architecture-deepening-2026-09-07/evidence/20260907-1415-ticket-27/consumer/DerivedData-InkMarkdownLaTeXConsumer/ModuleCache.noindex/ObjectiveC-NDDG11312N2PGYQO5RA5GOX.pcm

SwiftExplicitDependencyGeneratePcm arm64 /Users/shizihan/DailyUse/Github/InkMarkdown/.scratch/architecture-deepening-2026-09-07/evidence/20260907-1415-ticket-27/consumer/DerivedData-InkMarkdownLaTeXConsumer/ModuleCache.noindex/os_object-DHNQL8T9BWN5F8S98XP19NPSA.pcm

SwiftExplicitDependencyGeneratePcm arm64 /Users/shizihan/DailyUse/Github/InkMarkdown/.scratch/architecture-deepening-2026-09-07/evidence/20260907-1415-ticket-27/consumer/DerivedData-InkMarkdownLaTeXConsumer/ModuleCache.noindex/os_workgroup-17GN7R5UOXYOFB4DVT21YJHWT.pcm

SwiftExplicitDependencyGeneratePcm arm64 /Users/shizihan/DailyUse/Github/InkMarkdown/.scratch/architecture-deepening-2026-09-07/evidence/20260907-1415-ticket-27/consumer/DerivedData-InkMarkdownLaTeXConsumer/ModuleCache.noindex/Dispatch-8AAEHTTRKHNLXEJ93R0I22UK2.pcm

PrecompileModule /Users/shizihan/DailyUse/Github/InkMarkdown/.scratch/architecture-deepening-2026-09-07/evidence/20260907-1415-ticket-27/consumer/DerivedData-InkMarkdownLaTeXConsumer/Build/Intermediates.noindex/ExplicitPrecompiledModules/UIUtilities-BZR4H3UY2BKX8E9KML6MBLG8G.scan
    cd /
    builtin-precompileModule /Users/shizihan/DailyUse/Github/InkMarkdown/.scratch/architecture-deepening-2026-09-07/evidence/20260907-1415-ticket-27/consumer/DerivedData-InkMarkdownLaTeXConsumer/Build/Intermediates.noindex/ExplicitPrecompiledModules/UIUtilities-BZR4H3UY2BKX8E9KML6MBLG8G.scan

PrecompileModule /Users/shizihan/DailyUse/Github/InkMarkdown/.scratch/architecture-deepening-2026-09-07/evidence/20260907-1415-ticket-27/consumer/DerivedData-InkMarkdownLaTeXConsumer/Build/Intermediates.noindex/ExplicitPrecompiledModules/Symbols-2VB9E9F4JEEZH5SE06LSKCXXZ.scan
    cd /
    builtin-precompileModule /Users/shizihan/DailyUse/Github/InkMarkdown/.scratch/architecture-deepening-2026-09-07/evidence/20260907-1415-ticket-27/consumer/DerivedData-InkMarkdownLaTeXConsumer/Build/Intermediates.noindex/ExplicitPrecompiledModules/Symbols-2VB9E9F4JEEZH5SE06LSKCXXZ.scan

PrecompileModule /Users/shizihan/DailyUse/Github/InkMarkdown/.scratch/architecture-deepening-2026-09-07/evidence/20260907-1415-ticket-27/consumer/DerivedData-InkMarkdownLaTeXConsumer/Build/Intermediates.noindex/ExplicitPrecompiledModules/UserNotifications-E6L8XLXH0IRVG1WF6XYBB3DT.scan
    cd /
    builtin-precompileModule /Users/shizihan/DailyUse/Github/InkMarkdown/.scratch/architecture-deepening-2026-09-07/evidence/20260907-1415-ticket-27/consumer/DerivedData-InkMarkdownLaTeXConsumer/Build/Intermediates.noindex/ExplicitPrecompiledModules/UserNotifications-E6L8XLXH0IRVG1WF6XYBB3DT.scan

PrecompileModule /Users/shizihan/DailyUse/Github/InkMarkdown/.scratch/architecture-deepening-2026-09-07/evidence/20260907-1415-ticket-27/consumer/DerivedData-InkMarkdownLaTeXConsumer/Build/Intermediates.noindex/ExplicitPrecompiledModules/FileProvider-1JSG3T7OTCN28A634WH9YP9PP.scan
    cd /
    builtin-precompileModule /Users/shizihan/DailyUse/Github/InkMarkdown/.scratch/architecture-deepening-2026-09-07/evidence/20260907-1415-ticket-27/consumer/DerivedData-InkMarkdownLaTeXConsumer/Build/Intermediates.noindex/ExplicitPrecompiledModules/FileProvider-1JSG3T7OTCN28A634WH9YP9PP.scan

PrecompileModule /Users/shizihan/DailyUse/Github/InkMarkdown/.scratch/architecture-deepening-2026-09-07/evidence/20260907-1415-ticket-27/consumer/DerivedData-InkMarkdownLaTeXConsumer/Build/Intermediates.noindex/ExplicitPrecompiledModules/OpenGLES-DNKNJH1MGEAZBIEG5WZBCE20R.scan
    cd /
    builtin-precompileModule /Users/shizihan/DailyUse/Github/InkMarkdown/.scratch/architecture-deepening-2026-09-07/evidence/20260907-1415-ticket-27/consumer/DerivedData-InkMarkdownLaTeXConsumer/Build/Intermediates.noindex/ExplicitPrecompiledModules/OpenGLES-DNKNJH1MGEAZBIEG5WZBCE20R.scan

CompileC /Users/shizihan/DailyUse/Github/InkMarkdown/.scratch/architecture-deepening-2026-09-07/evidence/20260907-1415-ticket-27/consumer/DerivedData-InkMarkdownLaTeXConsumer/Build/Intermediates.noindex/iosMath.build/Debug-iphonesimulator/iosMath.build/Objects-normal/arm64/MTFontManager.o /Users/shizihan/DailyUse/Github/InkMarkdown/Packages/Caches/iosMath/iosMath/render/MTFontManager.m normal arm64 objective-c com.apple.compilers.llvm.clang.1_0.compiler (in target 'iosMath' from project 'iosMath')
    cd /Users/shizihan/DailyUse/Github/InkMarkdown/.github/fixtures/consumer-smoke/.swiftpm/xcode
    
    Using response file: /Users/shizihan/DailyUse/Github/InkMarkdown/.scratch/architecture-deepening-2026-09-07/evidence/20260907-1415-ticket-27/consumer/DerivedData-InkMarkdownLaTeXConsumer/Build/Intermediates.noindex/iosMath.build/Debug-iphonesimulator/iosMath.build/Objects-normal/arm64/e6072d4f65d7061329687fe24e3d63a7-common-args.resp
    
    /Applications/Xcode.app/Contents/Developer/Toolchains/XcodeDefault.xctoolchain/usr/bin/clang -x objective-c -ivfsstatcache /Users/shizihan/DailyUse/Github/InkMarkdown/.scratch/architecture-deepening-2026-09-07/evidence/20260907-1415-ticket-27/consumer/DerivedData-InkMarkdownLaTeXConsumer/SDKStatCaches.noindex/iphonesimulator26.5-23F81a-6cfe768891a92b912361537c460fe42b.sdkstatcache -target arm64-apple-ios13.0-simulator -fmessage-length\=0 -fdiagnostics-show-note-include-stack -fmacro-backtrace-limit\=0 -fno-color-diagnostics -fmodules-prune-interval\=86400 -fmodules-prune-after\=345600 -fbuild-session-file\=/Users/shizihan/DailyUse/Github/InkMarkdown/.scratch/architecture-deepening-2026-09-07/evidence/20260907-1415-ticket-27/consumer/DerivedData-InkMarkdownLaTeXConsumer/ModuleCache.noindex/Session.modulevalidation -fmodules-validate-once-per-build-session -Wnon-modular-include-in-framework-module -Werror\=non-modular-include-in-framework-module -Wno-trigraphs -Wno-missing-field-initializers -Wno-missing-prototypes -Wno-return-type -Wno-implicit-atomic-properties -Wno-objc-interface-ivars -Wno-arc-repeated-use-of-weak -Wno-missing-braces -Wparentheses -Wswitch -Wno-unused-function -Wno-unused-label -Wno-unused-parameter -Wno-unused-variable -Wunused-value -Wno-empty-body -Wno-uninitialized -Wno-unknown-pragmas -w -Wno-shadow -Wno-four-char-constants -Wno-conversion -Wno-constant-conversion -Wno-int-conversion -Wno-bool-conversion -Wno-enum-conversion -Wno-float-conversion -Wno-non-literal-null-conversion -Wno-objc-literal-conversion -Wshorten-64-to-32 -Wpointer-sign -Wno-newline-eof -Wno-selector -Wno-strict-selector-match -Wno-undeclared-selector -Wno-deprecated-implementations -Wno-implicit-fallthrough -isysroot /Applications/Xcode.app/Contents/Developer/Platforms/iPhoneSimulator.platform/Developer/SDKs/iPhoneSimulator26.5.sdk -fstrict-aliasing -Wprotocol -Wdeprecated-declarations -Wno-sign-conversion -Wno-infinite-recursion -Wno-comma -Wno-block-capture-autoreleasing -Wno-strict-prototypes -Wno-semicolon-before-method-body -index-store-path /Users/shizihan/DailyUse/Github/InkMarkdown/.scratch/architecture-deepening-2026-09-07/evidence/20260907-1415-ticket-27/consumer/DerivedData-InkMarkdownLaTeXConsumer/Index.noindex/DataStore @/Users/shizihan/DailyUse/Github/InkMarkdown/.scratch/architecture-deepening-2026-09-07/evidence/20260907-1415-ticket-27/consumer/DerivedData-InkMarkdownLaTeXConsumer/Build/Intermediates.noindex/iosMath.build/Debug-iphonesimulator/iosMath.build/Objects-normal/arm64/e6072d4f65d7061329687fe24e3d63a7-common-args.resp -include /Users/shizihan/DailyUse/Github/InkMarkdown/.scratch/architecture-deepening-2026-09-07/evidence/20260907-1415-ticket-27/consumer/DerivedData-InkMarkdownLaTeXConsumer/Build/Intermediates.noindex/iosMath.build/Debug-iphonesimulator/iosMath.build/DerivedSources/resource_bundle_accessor.h -MMD -MT dependencies -MF /Users/shizihan/DailyUse/Github/InkMarkdown/.scratch/architecture-deepening-2026-09-07/evidence/20260907-1415-ticket-27/consumer/DerivedData-InkMarkdownLaTeXConsumer/Build/Intermediates.noindex/iosMath.build/Debug-iphonesimulator/iosMath.build/Objects-normal/arm64/MTFontManager.d --serialize-diagnostics /Users/shizihan/DailyUse/Github/InkMarkdown/.scratch/architecture-deepening-2026-09-07/evidence/20260907-1415-ticket-27/consumer/DerivedData-InkMarkdownLaTeXConsumer/Build/Intermediates.noindex/iosMath.build/Debug-iphonesimulator/iosMath.build/Objects-normal/arm64/MTFontManager.dia -c /Users/shizihan/DailyUse/Github/InkMarkdown/Packages/Caches/iosMath/iosMath/render/MTFontManager.m -o /Users/shizihan/DailyUse/Github/InkMarkdown/.scratch/architecture-deepening-2026-09-07/evidence/20260907-1415-ticket-27/consumer/DerivedData-InkMarkdownLaTeXConsumer/Build/Intermediates.noindex/iosMath.build/Debug-iphonesimulator/iosMath.build/Objects-normal/arm64/MTFontManager.o -index-unit-output-path /iosMath.build/Debug-iphonesimulator/iosMath.build/Objects-normal/arm64/MTFontManager.o

CompileC /Users/shizihan/DailyUse/Github/InkMarkdown/.scratch/architecture-deepening-2026-09-07/evidence/20260907-1415-ticket-27/consumer/DerivedData-InkMarkdownLaTeXConsumer/Build/Intermediates.noindex/iosMath.build/Debug-iphonesimulator/iosMath.build/Objects-normal/arm64/MTFont.o /Users/shizihan/DailyUse/Github/InkMarkdown/Packages/Caches/iosMath/iosMath/render/MTFont.m normal arm64 objective-c com.apple.compilers.llvm.clang.1_0.compiler (in target 'iosMath' from project 'iosMath')
    cd /Users/shizihan/DailyUse/Github/InkMarkdown/.github/fixtures/consumer-smoke/.swiftpm/xcode
    
    Using response file: /Users/shizihan/DailyUse/Github/InkMarkdown/.scratch/architecture-deepening-2026-09-07/evidence/20260907-1415-ticket-27/consumer/DerivedData-InkMarkdownLaTeXConsumer/Build/Intermediates.noindex/iosMath.build/Debug-iphonesimulator/iosMath.build/Objects-normal/arm64/e6072d4f65d7061329687fe24e3d63a7-common-args.resp
    
    /Applications/Xcode.app/Contents/Developer/Toolchains/XcodeDefault.xctoolchain/usr/bin/clang -x objective-c -ivfsstatcache /Users/shizihan/DailyUse/Github/InkMarkdown/.scratch/architecture-deepening-2026-09-07/evidence/20260907-1415-ticket-27/consumer/DerivedData-InkMarkdownLaTeXConsumer/SDKStatCaches.noindex/iphonesimulator26.5-23F81a-6cfe768891a92b912361537c460fe42b.sdkstatcache -target arm64-apple-ios13.0-simulator -fmessage-length\=0 -fdiagnostics-show-note-include-stack -fmacro-backtrace-limit\=0 -fno-color-diagnostics -fmodules-prune-interval\=86400 -fmodules-prune-after\=345600 -fbuild-session-file\=/Users/shizihan/DailyUse/Github/InkMarkdown/.scratch/architecture-deepening-2026-09-07/evidence/20260907-1415-ticket-27/consumer/DerivedData-InkMarkdownLaTeXConsumer/ModuleCache.noindex/Session.modulevalidation -fmodules-validate-once-per-build-session -Wnon-modular-include-in-framework-module -Werror\=non-modular-include-in-framework-module -Wno-trigraphs -Wno-missing-field-initializers -Wno-missing-prototypes -Wno-return-type -Wno-implicit-atomic-properties -Wno-objc-interface-ivars -Wno-arc-repeated-use-of-weak -Wno-missing-braces -Wparentheses -Wswitch -Wno-unused-function -Wno-unused-label -Wno-unused-parameter -Wno-unused-variable -Wunused-value -Wno-empty-body -Wno-uninitialized -Wno-unknown-pragmas -w -Wno-shadow -Wno-four-char-constants -Wno-conversion -Wno-constant-conversion -Wno-int-conversion -Wno-bool-conversion -Wno-enum-conversion -Wno-float-conversion -Wno-non-literal-null-conversion -Wno-objc-literal-conversion -Wshorten-64-to-32 -Wpointer-sign -Wno-newline-eof -Wno-selector -Wno-strict-selector-match -Wno-undeclared-selector -Wno-deprecated-implementations -Wno-implicit-fallthrough -isysroot /Applications/Xcode.app/Contents/Developer/Platforms/iPhoneSimulator.platform/Developer/SDKs/iPhoneSimulator26.5.sdk -fstrict-aliasing -Wprotocol -Wdeprecated-declarations -Wno-sign-conversion -Wno-infinite-recursion -Wno-comma -Wno-block-capture-autoreleasing -Wno-strict-prototypes -Wno-semicolon-before-method-body -index-store-path /Users/shizihan/DailyUse/Github/InkMarkdown/.scratch/architecture-deepening-2026-09-07/evidence/20260907-1415-ticket-27/consumer/DerivedData-InkMarkdownLaTeXConsumer/Index.noindex/DataStore @/Users/shizihan/DailyUse/Github/InkMarkdown/.scratch/architecture-deepening-2026-09-07/evidence/20260907-1415-ticket-27/consumer/DerivedData-InkMarkdownLaTeXConsumer/Build/Intermediates.noindex/iosMath.build/Debug-iphonesimulator/iosMath.build/Objects-normal/arm64/e6072d4f65d7061329687fe24e3d63a7-common-args.resp -include /Users/shizihan/DailyUse/Github/InkMarkdown/.scratch/architecture-deepening-2026-09-07/evidence/20260907-1415-ticket-27/consumer/DerivedData-InkMarkdownLaTeXConsumer/Build/Intermediates.noindex/iosMath.build/Debug-iphonesimulator/iosMath.build/DerivedSources/resource_bundle_accessor.h -MMD -MT dependencies -MF /Users/shizihan/DailyUse/Github/InkMarkdown/.scratch/architecture-deepening-2026-09-07/evidence/20260907-1415-ticket-27/consumer/DerivedData-InkMarkdownLaTeXConsumer/Build/Intermediates.noindex/iosMath.build/Debug-iphonesimulator/iosMath.build/Objects-normal/arm64/MTFont.d --serialize-diagnostics /Users/shizihan/DailyUse/Github/InkMarkdown/.scratch/architecture-deepening-2026-09-07/evidence/20260907-1415-ticket-27/consumer/DerivedData-InkMarkdownLaTeXConsumer/Build/Intermediates.noindex/iosMath.build/Debug-iphonesimulator/iosMath.build/Objects-normal/arm64/MTFont.dia -c /Users/shizihan/DailyUse/Github/InkMarkdown/Packages/Caches/iosMath/iosMath/render/MTFont.m -o /Users/shizihan/DailyUse/Github/InkMarkdown/.scratch/architecture-deepening-2026-09-07/evidence/20260907-1415-ticket-27/consumer/DerivedData-InkMarkdownLaTeXConsumer/Build/Intermediates.noindex/iosMath.build/Debug-iphonesimulator/iosMath.build/Objects-normal/arm64/MTFont.o -index-unit-output-path /iosMath.build/Debug-iphonesimulator/iosMath.build/Objects-normal/arm64/MTFont.o

CompileC /Users/shizihan/DailyUse/Github/InkMarkdown/.scratch/architecture-deepening-2026-09-07/evidence/20260907-1415-ticket-27/consumer/DerivedData-InkMarkdownLaTeXConsumer/Build/Intermediates.noindex/iosMath.build/Debug-iphonesimulator/iosMath.build/Objects-normal/arm64/NSView+backgroundColor.o /Users/shizihan/DailyUse/Github/InkMarkdown/Packages/Caches/iosMath/iosMath/render/NSView+backgroundColor.m normal arm64 objective-c com.apple.compilers.llvm.clang.1_0.compiler (in target 'iosMath' from project 'iosMath')
    cd /Users/shizihan/DailyUse/Github/InkMarkdown/.github/fixtures/consumer-smoke/.swiftpm/xcode
    
    Using response file: /Users/shizihan/DailyUse/Github/InkMarkdown/.scratch/architecture-deepening-2026-09-07/evidence/20260907-1415-ticket-27/consumer/DerivedData-InkMarkdownLaTeXConsumer/Build/Intermediates.noindex/iosMath.build/Debug-iphonesimulator/iosMath.build/Objects-normal/arm64/e6072d4f65d7061329687fe24e3d63a7-common-args.resp
    
    /Applications/Xcode.app/Contents/Developer/Toolchains/XcodeDefault.xctoolchain/usr/bin/clang -x objective-c -ivfsstatcache /Users/shizihan/DailyUse/Github/InkMarkdown/.scratch/architecture-deepening-2026-09-07/evidence/20260907-1415-ticket-27/consumer/DerivedData-InkMarkdownLaTeXConsumer/SDKStatCaches.noindex/iphonesimulator26.5-23F81a-6cfe768891a92b912361537c460fe42b.sdkstatcache -target arm64-apple-ios13.0-simulator -fmessage-length\=0 -fdiagnostics-show-note-include-stack -fmacro-backtrace-limit\=0 -fno-color-diagnostics -fmodules-prune-interval\=86400 -fmodules-prune-after\=345600 -fbuild-session-file\=/Users/shizihan/DailyUse/Github/InkMarkdown/.scratch/architecture-deepening-2026-09-07/evidence/20260907-1415-ticket-27/consumer/DerivedData-InkMarkdownLaTeXConsumer/ModuleCache.noindex/Session.modulevalidation -fmodules-validate-once-per-build-session -Wnon-modular-include-in-framework-module -Werror\=non-modular-include-in-framework-module -Wno-trigraphs -Wno-missing-field-initializers -Wno-missing-prototypes -Wno-return-type -Wno-implicit-atomic-properties -Wno-objc-interface-ivars -Wno-arc-repeated-use-of-weak -Wno-missing-braces -Wparentheses -Wswitch -Wno-unused-function -Wno-unused-label -Wno-unused-parameter -Wno-unused-variable -Wunused-value -Wno-empty-body -Wno-uninitialized -Wno-unknown-pragmas -w -Wno-shadow -Wno-four-char-constants -Wno-conversion -Wno-constant-conversion -Wno-int-conversion -Wno-bool-conversion -Wno-enum-conversion -Wno-float-conversion -Wno-non-literal-null-conversion -Wno-objc-literal-conversion -Wshorten-64-to-32 -Wpointer-sign -Wno-newline-eof -Wno-selector -Wno-strict-selector-match -Wno-undeclared-selector -Wno-deprecated-implementations -Wno-implicit-fallthrough -isysroot /Applications/Xcode.app/Contents/Developer/Platforms/iPhoneSimulator.platform/Developer/SDKs/iPhoneSimulator26.5.sdk -fstrict-aliasing -Wprotocol -Wdeprecated-declarations -Wno-sign-conversion -Wno-infinite-recursion -Wno-comma -Wno-block-capture-autoreleasing -Wno-strict-prototypes -Wno-semicolon-before-method-body -index-store-path /Users/shizihan/DailyUse/Github/InkMarkdown/.scratch/architecture-deepening-2026-09-07/evidence/20260907-1415-ticket-27/consumer/DerivedData-InkMarkdownLaTeXConsumer/Index.noindex/DataStore @/Users/shizihan/DailyUse/Github/InkMarkdown/.scratch/architecture-deepening-2026-09-07/evidence/20260907-1415-ticket-27/consumer/DerivedData-InkMarkdownLaTeXConsumer/Build/Intermediates.noindex/iosMath.build/Debug-iphonesimulator/iosMath.build/Objects-normal/arm64/e6072d4f65d7061329687fe24e3d63a7-common-args.resp -include /Users/shizihan/DailyUse/Github/InkMarkdown/.scratch/architecture-deepening-2026-09-07/evidence/20260907-1415-ticket-27/consumer/DerivedData-InkMarkdownLaTeXConsumer/Build/Intermediates.noindex/iosMath.build/Debug-iphonesimulator/iosMath.build/DerivedSources/resource_bundle_accessor.h -MMD -MT dependencies -MF /Users/shizihan/DailyUse/Github/InkMarkdown/.scratch/architecture-deepening-2026-09-07/evidence/20260907-1415-ticket-27/consumer/DerivedData-InkMarkdownLaTeXConsumer/Build/Intermediates.noindex/iosMath.build/Debug-iphonesimulator/iosMath.build/Objects-normal/arm64/NSView+backgroundColor.d --serialize-diagnostics /Users/shizihan/DailyUse/Github/InkMarkdown/.scratch/architecture-deepening-2026-09-07/evidence/20260907-1415-ticket-27/consumer/DerivedData-InkMarkdownLaTeXConsumer/Build/Intermediates.noindex/iosMath.build/Debug-iphonesimulator/iosMath.build/Objects-normal/arm64/NSView+backgroundColor.dia -c /Users/shizihan/DailyUse/Github/InkMarkdown/Packages/Caches/iosMath/iosMath/render/NSView+backgroundColor.m -o /Users/shizihan/DailyUse/Github/InkMarkdown/.scratch/architecture-deepening-2026-09-07/evidence/20260907-1415-ticket-27/consumer/DerivedData-InkMarkdownLaTeXConsumer/Build/Intermediates.noindex/iosMath.build/Debug-iphonesimulator/iosMath.build/Objects-normal/arm64/NSView+backgroundColor.o -index-unit-output-path /iosMath.build/Debug-iphonesimulator/iosMath.build/Objects-normal/arm64/NSView+backgroundColor.o

CompileC /Users/shizihan/DailyUse/Github/InkMarkdown/.scratch/architecture-deepening-2026-09-07/evidence/20260907-1415-ticket-27/consumer/DerivedData-InkMarkdownLaTeXConsumer/Build/Intermediates.noindex/iosMath.build/Debug-iphonesimulator/iosMath.build/Objects-normal/arm64/resource_bundle_accessor.o /Users/shizihan/DailyUse/Github/InkMarkdown/.scratch/architecture-deepening-2026-09-07/evidence/20260907-1415-ticket-27/consumer/DerivedData-InkMarkdownLaTeXConsumer/Build/Intermediates.noindex/iosMath.build/Debug-iphonesimulator/iosMath.build/DerivedSources/resource_bundle_accessor.m normal arm64 objective-c com.apple.compilers.llvm.clang.1_0.compiler (in target 'iosMath' from project 'iosMath')
    cd /Users/shizihan/DailyUse/Github/InkMarkdown/.github/fixtures/consumer-smoke/.swiftpm/xcode
    
    Using response file: /Users/shizihan/DailyUse/Github/InkMarkdown/.scratch/architecture-deepening-2026-09-07/evidence/20260907-1415-ticket-27/consumer/DerivedData-InkMarkdownLaTeXConsumer/Build/Intermediates.noindex/iosMath.build/Debug-iphonesimulator/iosMath.build/Objects-normal/arm64/e6072d4f65d7061329687fe24e3d63a7-common-args.resp
    
    /Applications/Xcode.app/Contents/Developer/Toolchains/XcodeDefault.xctoolchain/usr/bin/clang -x objective-c -ivfsstatcache /Users/shizihan/DailyUse/Github/InkMarkdown/.scratch/architecture-deepening-2026-09-07/evidence/20260907-1415-ticket-27/consumer/DerivedData-InkMarkdownLaTeXConsumer/SDKStatCaches.noindex/iphonesimulator26.5-23F81a-6cfe768891a92b912361537c460fe42b.sdkstatcache -target arm64-apple-ios13.0-simulator -fmessage-length\=0 -fdiagnostics-show-note-include-stack -fmacro-backtrace-limit\=0 -fno-color-diagnostics -fmodules-prune-interval\=86400 -fmodules-prune-after\=345600 -fbuild-session-file\=/Users/shizihan/DailyUse/Github/InkMarkdown/.scratch/architecture-deepening-2026-09-07/evidence/20260907-1415-ticket-27/consumer/DerivedData-InkMarkdownLaTeXConsumer/ModuleCache.noindex/Session.modulevalidation -fmodules-validate-once-per-build-session -Wnon-modular-include-in-framework-module -Werror\=non-modular-include-in-framework-module -Wno-trigraphs -Wno-missing-field-initializers -Wno-missing-prototypes -Wno-return-type -Wno-implicit-atomic-properties -Wno-objc-interface-ivars -Wno-arc-repeated-use-of-weak -Wno-missing-braces -Wparentheses -Wswitch -Wno-unused-function -Wno-unused-label -Wno-unused-parameter -Wno-unused-variable -Wunused-value -Wno-empty-body -Wno-uninitialized -Wno-unknown-pragmas -w -Wno-shadow -Wno-four-char-constants -Wno-conversion -Wno-constant-conversion -Wno-int-conversion -Wno-bool-conversion -Wno-enum-conversion -Wno-float-conversion -Wno-non-literal-null-conversion -Wno-objc-literal-conversion -Wshorten-64-to-32 -Wpointer-sign -Wno-newline-eof -Wno-selector -Wno-strict-selector-match -Wno-undeclared-selector -Wno-deprecated-implementations -Wno-implicit-fallthrough -isysroot /Applications/Xcode.app/Contents/Developer/Platforms/iPhoneSimulator.platform/Developer/SDKs/iPhoneSimulator26.5.sdk -fstrict-aliasing -Wprotocol -Wdeprecated-declarations -Wno-sign-conversion -Wno-infinite-recursion -Wno-comma -Wno-block-capture-autoreleasing -Wno-strict-prototypes -Wno-semicolon-before-method-body -index-store-path /Users/shizihan/DailyUse/Github/InkMarkdown/.scratch/architecture-deepening-2026-09-07/evidence/20260907-1415-ticket-27/consumer/DerivedData-InkMarkdownLaTeXConsumer/Index.noindex/DataStore @/Users/shizihan/DailyUse/Github/InkMarkdown/.scratch/architecture-deepening-2026-09-07/evidence/20260907-1415-ticket-27/consumer/DerivedData-InkMarkdownLaTeXConsumer/Build/Intermediates.noindex/iosMath.build/Debug-iphonesimulator/iosMath.build/Objects-normal/arm64/e6072d4f65d7061329687fe24e3d63a7-common-args.resp -include /Users/shizihan/DailyUse/Github/InkMarkdown/.scratch/architecture-deepening-2026-09-07/evidence/20260907-1415-ticket-27/consumer/DerivedData-InkMarkdownLaTeXConsumer/Build/Intermediates.noindex/iosMath.build/Debug-iphonesimulator/iosMath.build/DerivedSources/resource_bundle_accessor.h -MMD -MT dependencies -MF /Users/shizihan/DailyUse/Github/InkMarkdown/.scratch/architecture-deepening-2026-09-07/evidence/20260907-1415-ticket-27/consumer/DerivedData-InkMarkdownLaTeXConsumer/Build/Intermediates.noindex/iosMath.build/Debug-iphonesimulator/iosMath.build/Objects-normal/arm64/resource_bundle_accessor.d --serialize-diagnostics /Users/shizihan/DailyUse/Github/InkMarkdown/.scratch/architecture-deepening-2026-09-07/evidence/20260907-1415-ticket-27/consumer/DerivedData-InkMarkdownLaTeXConsumer/Build/Intermediates.noindex/iosMath.build/Debug-iphonesimulator/iosMath.build/Objects-normal/arm64/resource_bundle_accessor.dia -c /Users/shizihan/DailyUse/Github/InkMarkdown/.scratch/architecture-deepening-2026-09-07/evidence/20260907-1415-ticket-27/consumer/DerivedData-InkMarkdownLaTeXConsumer/Build/Intermediates.noindex/iosMath.build/Debug-iphonesimulator/iosMath.build/DerivedSources/resource_bundle_accessor.m -o /Users/shizihan/DailyUse/Github/InkMarkdown/.scratch/architecture-deepening-2026-09-07/evidence/20260907-1415-ticket-27/consumer/DerivedData-InkMarkdownLaTeXConsumer/Build/Intermediates.noindex/iosMath.build/Debug-iphonesimulator/iosMath.build/Objects-normal/arm64/resource_bundle_accessor.o -index-unit-output-path /iosMath.build/Debug-iphonesimulator/iosMath.build/Objects-normal/arm64/resource_bundle_accessor.o

CompileC /Users/shizihan/DailyUse/Github/InkMarkdown/.scratch/architecture-deepening-2026-09-07/evidence/20260907-1415-ticket-27/consumer/DerivedData-InkMarkdownLaTeXConsumer/Build/Intermediates.noindex/iosMath.build/Debug-iphonesimulator/iosMath.build/Objects-normal/arm64/NSColor+HexString.o /Users/shizihan/DailyUse/Github/InkMarkdown/Packages/Caches/iosMath/iosMath/render/NSColor+HexString.m normal arm64 objective-c com.apple.compilers.llvm.clang.1_0.compiler (in target 'iosMath' from project 'iosMath')
    cd /Users/shizihan/DailyUse/Github/InkMarkdown/.github/fixtures/consumer-smoke/.swiftpm/xcode
    
    Using response file: /Users/shizihan/DailyUse/Github/InkMarkdown/.scratch/architecture-deepening-2026-09-07/evidence/20260907-1415-ticket-27/consumer/DerivedData-InkMarkdownLaTeXConsumer/Build/Intermediates.noindex/iosMath.build/Debug-iphonesimulator/iosMath.build/Objects-normal/arm64/e6072d4f65d7061329687fe24e3d63a7-common-args.resp
    
    /Applications/Xcode.app/Contents/Developer/Toolchains/XcodeDefault.xctoolchain/usr/bin/clang -x objective-c -ivfsstatcache /Users/shizihan/DailyUse/Github/InkMarkdown/.scratch/architecture-deepening-2026-09-07/evidence/20260907-1415-ticket-27/consumer/DerivedData-InkMarkdownLaTeXConsumer/SDKStatCaches.noindex/iphonesimulator26.5-23F81a-6cfe768891a92b912361537c460fe42b.sdkstatcache -target arm64-apple-ios13.0-simulator -fmessage-length\=0 -fdiagnostics-show-note-include-stack -fmacro-backtrace-limit\=0 -fno-color-diagnostics -fmodules-prune-interval\=86400 -fmodules-prune-after\=345600 -fbuild-session-file\=/Users/shizihan/DailyUse/Github/InkMarkdown/.scratch/architecture-deepening-2026-09-07/evidence/20260907-1415-ticket-27/consumer/DerivedData-InkMarkdownLaTeXConsumer/ModuleCache.noindex/Session.modulevalidation -fmodules-validate-once-per-build-session -Wnon-modular-include-in-framework-module -Werror\=non-modular-include-in-framework-module -Wno-trigraphs -Wno-missing-field-initializers -Wno-missing-prototypes -Wno-return-type -Wno-implicit-atomic-properties -Wno-objc-interface-ivars -Wno-arc-repeated-use-of-weak -Wno-missing-braces -Wparentheses -Wswitch -Wno-unused-function -Wno-unused-label -Wno-unused-parameter -Wno-unused-variable -Wunused-value -Wno-empty-body -Wno-uninitialized -Wno-unknown-pragmas -w -Wno-shadow -Wno-four-char-constants -Wno-conversion -Wno-constant-conversion -Wno-int-conversion -Wno-bool-conversion -Wno-enum-conversion -Wno-float-conversion -Wno-non-literal-null-conversion -Wno-objc-literal-conversion -Wshorten-64-to-32 -Wpointer-sign -Wno-newline-eof -Wno-selector -Wno-strict-selector-match -Wno-undeclared-selector -Wno-deprecated-implementations -Wno-implicit-fallthrough -isysroot /Applications/Xcode.app/Contents/Developer/Platforms/iPhoneSimulator.platform/Developer/SDKs/iPhoneSimulator26.5.sdk -fstrict-aliasing -Wprotocol -Wdeprecated-declarations -Wno-sign-conversion -Wno-infinite-recursion -Wno-comma -Wno-block-capture-autoreleasing -Wno-strict-prototypes -Wno-semicolon-before-method-body -index-store-path /Users/shizihan/DailyUse/Github/InkMarkdown/.scratch/architecture-deepening-2026-09-07/evidence/20260907-1415-ticket-27/consumer/DerivedData-InkMarkdownLaTeXConsumer/Index.noindex/DataStore @/Users/shizihan/DailyUse/Github/InkMarkdown/.scratch/architecture-deepening-2026-09-07/evidence/20260907-1415-ticket-27/consumer/DerivedData-InkMarkdownLaTeXConsumer/Build/Intermediates.noindex/iosMath.build/Debug-iphonesimulator/iosMath.build/Objects-normal/arm64/e6072d4f65d7061329687fe24e3d63a7-common-args.resp -include /Users/shizihan/DailyUse/Github/InkMarkdown/.scratch/architecture-deepening-2026-09-07/evidence/20260907-1415-ticket-27/consumer/DerivedData-InkMarkdownLaTeXConsumer/Build/Intermediates.noindex/iosMath.build/Debug-iphonesimulator/iosMath.build/DerivedSources/resource_bundle_accessor.h -MMD -MT dependencies -MF /Users/shizihan/DailyUse/Github/InkMarkdown/.scratch/architecture-deepening-2026-09-07/evidence/20260907-1415-ticket-27/consumer/DerivedData-InkMarkdownLaTeXConsumer/Build/Intermediates.noindex/iosMath.build/Debug-iphonesimulator/iosMath.build/Objects-normal/arm64/NSColor+HexString.d --serialize-diagnostics /Users/shizihan/DailyUse/Github/InkMarkdown/.scratch/architecture-deepening-2026-09-07/evidence/20260907-1415-ticket-27/consumer/DerivedData-InkMarkdownLaTeXConsumer/Build/Intermediates.noindex/iosMath.build/Debug-iphonesimulator/iosMath.build/Objects-normal/arm64/NSColor+HexString.dia -c /Users/shizihan/DailyUse/Github/InkMarkdown/Packages/Caches/iosMath/iosMath/render/NSColor+HexString.m -o /Users/shizihan/DailyUse/Github/InkMarkdown/.scratch/architecture-deepening-2026-09-07/evidence/20260907-1415-ticket-27/consumer/DerivedData-InkMarkdownLaTeXConsumer/Build/Intermediates.noindex/iosMath.build/Debug-iphonesimulator/iosMath.build/Objects-normal/arm64/NSColor+HexString.o -index-unit-output-path /iosMath.build/Debug-iphonesimulator/iosMath.build/Objects-normal/arm64/NSColor+HexString.o

CompileC /Users/shizihan/DailyUse/Github/InkMarkdown/.scratch/architecture-deepening-2026-09-07/evidence/20260907-1415-ticket-27/consumer/DerivedData-InkMarkdownLaTeXConsumer/Build/Intermediates.noindex/iosMath.build/Debug-iphonesimulator/iosMath.build/Objects-normal/arm64/NSBezierPath+addLineToPoint.o /Users/shizihan/DailyUse/Github/InkMarkdown/Packages/Caches/iosMath/iosMath/render/NSBezierPath+addLineToPoint.m normal arm64 objective-c com.apple.compilers.llvm.clang.1_0.compiler (in target 'iosMath' from project 'iosMath')
    cd /Users/shizihan/DailyUse/Github/InkMarkdown/.github/fixtures/consumer-smoke/.swiftpm/xcode
    
    Using response file: /Users/shizihan/DailyUse/Github/InkMarkdown/.scratch/architecture-deepening-2026-09-07/evidence/20260907-1415-ticket-27/consumer/DerivedData-InkMarkdownLaTeXConsumer/Build/Intermediates.noindex/iosMath.build/Debug-iphonesimulator/iosMath.build/Objects-normal/arm64/e6072d4f65d7061329687fe24e3d63a7-common-args.resp
    
    /Applications/Xcode.app/Contents/Developer/Toolchains/XcodeDefault.xctoolchain/usr/bin/clang -x objective-c -ivfsstatcache /Users/shizihan/DailyUse/Github/InkMarkdown/.scratch/architecture-deepening-2026-09-07/evidence/20260907-1415-ticket-27/consumer/DerivedData-InkMarkdownLaTeXConsumer/SDKStatCaches.noindex/iphonesimulator26.5-23F81a-6cfe768891a92b912361537c460fe42b.sdkstatcache -target arm64-apple-ios13.0-simulator -fmessage-length\=0 -fdiagnostics-show-note-include-stack -fmacro-backtrace-limit\=0 -fno-color-diagnostics -fmodules-prune-interval\=86400 -fmodules-prune-after\=345600 -fbuild-session-file\=/Users/shizihan/DailyUse/Github/InkMarkdown/.scratch/architecture-deepening-2026-09-07/evidence/20260907-1415-ticket-27/consumer/DerivedData-InkMarkdownLaTeXConsumer/ModuleCache.noindex/Session.modulevalidation -fmodules-validate-once-per-build-session -Wnon-modular-include-in-framework-module -Werror\=non-modular-include-in-framework-module -Wno-trigraphs -Wno-missing-field-initializers -Wno-missing-prototypes -Wno-return-type -Wno-implicit-atomic-properties -Wno-objc-interface-ivars -Wno-arc-repeated-use-of-weak -Wno-missing-braces -Wparentheses -Wswitch -Wno-unused-function -Wno-unused-label -Wno-unused-parameter -Wno-unused-variable -Wunused-value -Wno-empty-body -Wno-uninitialized -Wno-unknown-pragmas -w -Wno-shadow -Wno-four-char-constants -Wno-conversion -Wno-constant-conversion -Wno-int-conversion -Wno-bool-conversion -Wno-enum-conversion -Wno-float-conversion -Wno-non-literal-null-conversion -Wno-objc-literal-conversion -Wshorten-64-to-32 -Wpointer-sign -Wno-newline-eof -Wno-selector -Wno-strict-selector-match -Wno-undeclared-selector -Wno-deprecated-implementations -Wno-implicit-fallthrough -isysroot /Applications/Xcode.app/Contents/Developer/Platforms/iPhoneSimulator.platform/Developer/SDKs/iPhoneSimulator26.5.sdk -fstrict-aliasing -Wprotocol -Wdeprecated-declarations -Wno-sign-conversion -Wno-infinite-recursion -Wno-comma -Wno-block-capture-autoreleasing -Wno-strict-prototypes -Wno-semicolon-before-method-body -index-store-path /Users/shizihan/DailyUse/Github/InkMarkdown/.scratch/architecture-deepening-2026-09-07/evidence/20260907-1415-ticket-27/consumer/DerivedData-InkMarkdownLaTeXConsumer/Index.noindex/DataStore @/Users/shizihan/DailyUse/Github/InkMarkdown/.scratch/architecture-deepening-2026-09-07/evidence/20260907-1415-ticket-27/consumer/DerivedData-InkMarkdownLaTeXConsumer/Build/Intermediates.noindex/iosMath.build/Debug-iphonesimulator/iosMath.build/Objects-normal/arm64/e6072d4f65d7061329687fe24e3d63a7-common-args.resp -include /Users/shizihan/DailyUse/Github/InkMarkdown/.scratch/architecture-deepening-2026-09-07/evidence/20260907-1415-ticket-27/consumer/DerivedData-InkMarkdownLaTeXConsumer/Build/Intermediates.noindex/iosMath.build/Debug-iphonesimulator/iosMath.build/DerivedSources/resource_bundle_accessor.h -MMD -MT dependencies -MF /Users/shizihan/DailyUse/Github/InkMarkdown/.scratch/architecture-deepening-2026-09-07/evidence/20260907-1415-ticket-27/consumer/DerivedData-InkMarkdownLaTeXConsumer/Build/Intermediates.noindex/iosMath.build/Debug-iphonesimulator/iosMath.build/Objects-normal/arm64/NSBezierPath+addLineToPoint.d --serialize-diagnostics /Users/shizihan/DailyUse/Github/InkMarkdown/.scratch/architecture-deepening-2026-09-07/evidence/20260907-1415-ticket-27/consumer/DerivedData-InkMarkdownLaTeXConsumer/Build/Intermediates.noindex/iosMath.build/Debug-iphonesimulator/iosMath.build/Objects-normal/arm64/NSBezierPath+addLineToPoint.dia -c /Users/shizihan/DailyUse/Github/InkMarkdown/Packages/Caches/iosMath/iosMath/render/NSBezierPath+addLineToPoint.m -o /Users/shizihan/DailyUse/Github/InkMarkdown/.scratch/architecture-deepening-2026-09-07/evidence/20260907-1415-ticket-27/consumer/DerivedData-InkMarkdownLaTeXConsumer/Build/Intermediates.noindex/iosMath.build/Debug-iphonesimulator/iosMath.build/Objects-normal/arm64/NSBezierPath+addLineToPoint.o -index-unit-output-path /iosMath.build/Debug-iphonesimulator/iosMath.build/Objects-normal/arm64/NSBezierPath+addLineToPoint.o

CompileC /Users/shizihan/DailyUse/Github/InkMarkdown/.scratch/architecture-deepening-2026-09-07/evidence/20260907-1415-ticket-27/consumer/DerivedData-InkMarkdownLaTeXConsumer/Build/Intermediates.noindex/iosMath.build/Debug-iphonesimulator/iosMath.build/Objects-normal/arm64/MTUnicode.o /Users/shizihan/DailyUse/Github/InkMarkdown/Packages/Caches/iosMath/iosMath/lib/MTUnicode.m normal arm64 objective-c com.apple.compilers.llvm.clang.1_0.compiler (in target 'iosMath' from project 'iosMath')
    cd /Users/shizihan/DailyUse/Github/InkMarkdown/.github/fixtures/consumer-smoke/.swiftpm/xcode
    
    Using response file: /Users/shizihan/DailyUse/Github/InkMarkdown/.scratch/architecture-deepening-2026-09-07/evidence/20260907-1415-ticket-27/consumer/DerivedData-InkMarkdownLaTeXConsumer/Build/Intermediates.noindex/iosMath.build/Debug-iphonesimulator/iosMath.build/Objects-normal/arm64/e6072d4f65d7061329687fe24e3d63a7-common-args.resp
    
    /Applications/Xcode.app/Contents/Developer/Toolchains/XcodeDefault.xctoolchain/usr/bin/clang -x objective-c -ivfsstatcache /Users/shizihan/DailyUse/Github/InkMarkdown/.scratch/architecture-deepening-2026-09-07/evidence/20260907-1415-ticket-27/consumer/DerivedData-InkMarkdownLaTeXConsumer/SDKStatCaches.noindex/iphonesimulator26.5-23F81a-6cfe768891a92b912361537c460fe42b.sdkstatcache -target arm64-apple-ios13.0-simulator -fmessage-length\=0 -fdiagnostics-show-note-include-stack -fmacro-backtrace-limit\=0 -fno-color-diagnostics -fmodules-prune-interval\=86400 -fmodules-prune-after\=345600 -fbuild-session-file\=/Users/shizihan/DailyUse/Github/InkMarkdown/.scratch/architecture-deepening-2026-09-07/evidence/20260907-1415-ticket-27/consumer/DerivedData-InkMarkdownLaTeXConsumer/ModuleCache.noindex/Session.modulevalidation -fmodules-validate-once-per-build-session -Wnon-modular-include-in-framework-module -Werror\=non-modular-include-in-framework-module -Wno-trigraphs -Wno-missing-field-initializers -Wno-missing-prototypes -Wno-return-type -Wno-implicit-atomic-properties -Wno-objc-interface-ivars -Wno-arc-repeated-use-of-weak -Wno-missing-braces -Wparentheses -Wswitch -Wno-unused-function -Wno-unused-label -Wno-unused-parameter -Wno-unused-variable -Wunused-value -Wno-empty-body -Wno-uninitialized -Wno-unknown-pragmas -w -Wno-shadow -Wno-four-char-constants -Wno-conversion -Wno-constant-conversion -Wno-int-conversion -Wno-bool-conversion -Wno-enum-conversion -Wno-float-conversion -Wno-non-literal-null-conversion -Wno-objc-literal-conversion -Wshorten-64-to-32 -Wpointer-sign -Wno-newline-eof -Wno-selector -Wno-strict-selector-match -Wno-undeclared-selector -Wno-deprecated-implementations -Wno-implicit-fallthrough -isysroot /Applications/Xcode.app/Contents/Developer/Platforms/iPhoneSimulator.platform/Developer/SDKs/iPhoneSimulator26.5.sdk -fstrict-aliasing -Wprotocol -Wdeprecated-declarations -Wno-sign-conversion -Wno-infinite-recursion -Wno-comma -Wno-block-capture-autoreleasing -Wno-strict-prototypes -Wno-semicolon-before-method-body -index-store-path /Users/shizihan/DailyUse/Github/InkMarkdown/.scratch/architecture-deepening-2026-09-07/evidence/20260907-1415-ticket-27/consumer/DerivedData-InkMarkdownLaTeXConsumer/Index.noindex/DataStore @/Users/shizihan/DailyUse/Github/InkMarkdown/.scratch/architecture-deepening-2026-09-07/evidence/20260907-1415-ticket-27/consumer/DerivedData-InkMarkdownLaTeXConsumer/Build/Intermediates.noindex/iosMath.build/Debug-iphonesimulator/iosMath.build/Objects-normal/arm64/e6072d4f65d7061329687fe24e3d63a7-common-args.resp -include /Users/shizihan/DailyUse/Github/InkMarkdown/.scratch/architecture-deepening-2026-09-07/evidence/20260907-1415-ticket-27/consumer/DerivedData-InkMarkdownLaTeXConsumer/Build/Intermediates.noindex/iosMath.build/Debug-iphonesimulator/iosMath.build/DerivedSources/resource_bundle_accessor.h -MMD -MT dependencies -MF /Users/shizihan/DailyUse/Github/InkMarkdown/.scratch/architecture-deepening-2026-09-07/evidence/20260907-1415-ticket-27/consumer/DerivedData-InkMarkdownLaTeXConsumer/Build/Intermediates.noindex/iosMath.build/Debug-iphonesimulator/iosMath.build/Objects-normal/arm64/MTUnicode.d --serialize-diagnostics /Users/shizihan/DailyUse/Github/InkMarkdown/.scratch/architecture-deepening-2026-09-07/evidence/20260907-1415-ticket-27/consumer/DerivedData-InkMarkdownLaTeXConsumer/Build/Intermediates.noindex/iosMath.build/Debug-iphonesimulator/iosMath.build/Objects-normal/arm64/MTUnicode.dia -c /Users/shizihan/DailyUse/Github/InkMarkdown/Packages/Caches/iosMath/iosMath/lib/MTUnicode.m -o /Users/shizihan/DailyUse/Github/InkMarkdown/.scratch/architecture-deepening-2026-09-07/evidence/20260907-1415-ticket-27/consumer/DerivedData-InkMarkdownLaTeXConsumer/Build/Intermediates.noindex/iosMath.build/Debug-iphonesimulator/iosMath.build/Objects-normal/arm64/MTUnicode.o -index-unit-output-path /iosMath.build/Debug-iphonesimulator/iosMath.build/Objects-normal/arm64/MTUnicode.o

CompileC /Users/shizihan/DailyUse/Github/InkMarkdown/.scratch/architecture-deepening-2026-09-07/evidence/20260907-1415-ticket-27/consumer/DerivedData-InkMarkdownLaTeXConsumer/Build/Intermediates.noindex/iosMath.build/Debug-iphonesimulator/iosMath.build/Objects-normal/arm64/MTMathListIndex.o /Users/shizihan/DailyUse/Github/InkMarkdown/Packages/Caches/iosMath/iosMath/lib/MTMathListIndex.m normal arm64 objective-c com.apple.compilers.llvm.clang.1_0.compiler (in target 'iosMath' from project 'iosMath')
    cd /Users/shizihan/DailyUse/Github/InkMarkdown/.github/fixtures/consumer-smoke/.swiftpm/xcode
    
    Using response file: /Users/shizihan/DailyUse/Github/InkMarkdown/.scratch/architecture-deepening-2026-09-07/evidence/20260907-1415-ticket-27/consumer/DerivedData-InkMarkdownLaTeXConsumer/Build/Intermediates.noindex/iosMath.build/Debug-iphonesimulator/iosMath.build/Objects-normal/arm64/e6072d4f65d7061329687fe24e3d63a7-common-args.resp
    
    /Applications/Xcode.app/Contents/Developer/Toolchains/XcodeDefault.xctoolchain/usr/bin/clang -x objective-c -ivfsstatcache /Users/shizihan/DailyUse/Github/InkMarkdown/.scratch/architecture-deepening-2026-09-07/evidence/20260907-1415-ticket-27/consumer/DerivedData-InkMarkdownLaTeXConsumer/SDKStatCaches.noindex/iphonesimulator26.5-23F81a-6cfe768891a92b912361537c460fe42b.sdkstatcache -target arm64-apple-ios13.0-simulator -fmessage-length\=0 -fdiagnostics-show-note-include-stack -fmacro-backtrace-limit\=0 -fno-color-diagnostics -fmodules-prune-interval\=86400 -fmodules-prune-after\=345600 -fbuild-session-file\=/Users/shizihan/DailyUse/Github/InkMarkdown/.scratch/architecture-deepening-2026-09-07/evidence/20260907-1415-ticket-27/consumer/DerivedData-InkMarkdownLaTeXConsumer/ModuleCache.noindex/Session.modulevalidation -fmodules-validate-once-per-build-session -Wnon-modular-include-in-framework-module -Werror\=non-modular-include-in-framework-module -Wno-trigraphs -Wno-missing-field-initializers -Wno-missing-prototypes -Wno-return-type -Wno-implicit-atomic-properties -Wno-objc-interface-ivars -Wno-arc-repeated-use-of-weak -Wno-missing-braces -Wparentheses -Wswitch -Wno-unused-function -Wno-unused-label -Wno-unused-parameter -Wno-unused-variable -Wunused-value -Wno-empty-body -Wno-uninitialized -Wno-unknown-pragmas -w -Wno-shadow -Wno-four-char-constants -Wno-conversion -Wno-constant-conversion -Wno-int-conversion -Wno-bool-conversion -Wno-enum-conversion -Wno-float-conversion -Wno-non-literal-null-conversion -Wno-objc-literal-conversion -Wshorten-64-to-32 -Wpointer-sign -Wno-newline-eof -Wno-selector -Wno-strict-selector-match -Wno-undeclared-selector -Wno-deprecated-implementations -Wno-implicit-fallthrough -isysroot /Applications/Xcode.app/Contents/Developer/Platforms/iPhoneSimulator.platform/Developer/SDKs/iPhoneSimulator26.5.sdk -fstrict-aliasing -Wprotocol -Wdeprecated-declarations -Wno-sign-conversion -Wno-infinite-recursion -Wno-comma -Wno-block-capture-autoreleasing -Wno-strict-prototypes -Wno-semicolon-before-method-body -index-store-path /Users/shizihan/DailyUse/Github/InkMarkdown/.scratch/architecture-deepening-2026-09-07/evidence/20260907-1415-ticket-27/consumer/DerivedData-InkMarkdownLaTeXConsumer/Index.noindex/DataStore @/Users/shizihan/DailyUse/Github/InkMarkdown/.scratch/architecture-deepening-2026-09-07/evidence/20260907-1415-ticket-27/consumer/DerivedData-InkMarkdownLaTeXConsumer/Build/Intermediates.noindex/iosMath.build/Debug-iphonesimulator/iosMath.build/Objects-normal/arm64/e6072d4f65d7061329687fe24e3d63a7-common-args.resp -include /Users/shizihan/DailyUse/Github/InkMarkdown/.scratch/architecture-deepening-2026-09-07/evidence/20260907-1415-ticket-27/consumer/DerivedData-InkMarkdownLaTeXConsumer/Build/Intermediates.noindex/iosMath.build/Debug-iphonesimulator/iosMath.build/DerivedSources/resource_bundle_accessor.h -MMD -MT dependencies -MF /Users/shizihan/DailyUse/Github/InkMarkdown/.scratch/architecture-deepening-2026-09-07/evidence/20260907-1415-ticket-27/consumer/DerivedData-InkMarkdownLaTeXConsumer/Build/Intermediates.noindex/iosMath.build/Debug-iphonesimulator/iosMath.build/Objects-normal/arm64/MTMathListIndex.d --serialize-diagnostics /Users/shizihan/DailyUse/Github/InkMarkdown/.scratch/architecture-deepening-2026-09-07/evidence/20260907-1415-ticket-27/consumer/DerivedData-InkMarkdownLaTeXConsumer/Build/Intermediates.noindex/iosMath.build/Debug-iphonesimulator/iosMath.build/Objects-normal/arm64/MTMathListIndex.dia -c /Users/shizihan/DailyUse/Github/InkMarkdown/Packages/Caches/iosMath/iosMath/lib/MTMathListIndex.m -o /Users/shizihan/DailyUse/Github/InkMarkdown/.scratch/architecture-deepening-2026-09-07/evidence/20260907-1415-ticket-27/consumer/DerivedData-InkMarkdownLaTeXConsumer/Build/Intermediates.noindex/iosMath.build/Debug-iphonesimulator/iosMath.build/Objects-normal/arm64/MTMathListIndex.o -index-unit-output-path /iosMath.build/Debug-iphonesimulator/iosMath.build/Objects-normal/arm64/MTMathListIndex.o

SwiftExplicitDependencyGeneratePcm arm64 /Users/shizihan/DailyUse/Github/InkMarkdown/.scratch/architecture-deepening-2026-09-07/evidence/20260907-1415-ticket-27/consumer/DerivedData-InkMarkdownLaTeXConsumer/ModuleCache.noindex/XPC-47VZXJVWFOMGLEHYJOV767VV1.pcm

SwiftExplicitDependencyGeneratePcm arm64 /Users/shizihan/DailyUse/Github/InkMarkdown/.scratch/architecture-deepening-2026-09-07/evidence/20260907-1415-ticket-27/consumer/DerivedData-InkMarkdownLaTeXConsumer/ModuleCache.noindex/CoreFoundation-DZH2NIF3X7UH1U0QVZEYSSPAE.pcm

CompileC /Users/shizihan/DailyUse/Github/InkMarkdown/.scratch/architecture-deepening-2026-09-07/evidence/20260907-1415-ticket-27/consumer/DerivedData-InkMarkdownLaTeXConsumer/Build/Intermediates.noindex/iosMath.build/Debug-iphonesimulator/iosMath.build/Objects-normal/arm64/MTMathListBuilder.o /Users/shizihan/DailyUse/Github/InkMarkdown/Packages/Caches/iosMath/iosMath/lib/MTMathListBuilder.m normal arm64 objective-c com.apple.compilers.llvm.clang.1_0.compiler (in target 'iosMath' from project 'iosMath')
    cd /Users/shizihan/DailyUse/Github/InkMarkdown/.github/fixtures/consumer-smoke/.swiftpm/xcode
    
    Using response file: /Users/shizihan/DailyUse/Github/InkMarkdown/.scratch/architecture-deepening-2026-09-07/evidence/20260907-1415-ticket-27/consumer/DerivedData-InkMarkdownLaTeXConsumer/Build/Intermediates.noindex/iosMath.build/Debug-iphonesimulator/iosMath.build/Objects-normal/arm64/e6072d4f65d7061329687fe24e3d63a7-common-args.resp
    
    /Applications/Xcode.app/Contents/Developer/Toolchains/XcodeDefault.xctoolchain/usr/bin/clang -x objective-c -ivfsstatcache /Users/shizihan/DailyUse/Github/InkMarkdown/.scratch/architecture-deepening-2026-09-07/evidence/20260907-1415-ticket-27/consumer/DerivedData-InkMarkdownLaTeXConsumer/SDKStatCaches.noindex/iphonesimulator26.5-23F81a-6cfe768891a92b912361537c460fe42b.sdkstatcache -target arm64-apple-ios13.0-simulator -fmessage-length\=0 -fdiagnostics-show-note-include-stack -fmacro-backtrace-limit\=0 -fno-color-diagnostics -fmodules-prune-interval\=86400 -fmodules-prune-after\=345600 -fbuild-session-file\=/Users/shizihan/DailyUse/Github/InkMarkdown/.scratch/architecture-deepening-2026-09-07/evidence/20260907-1415-ticket-27/consumer/DerivedData-InkMarkdownLaTeXConsumer/ModuleCache.noindex/Session.modulevalidation -fmodules-validate-once-per-build-session -Wnon-modular-include-in-framework-module -Werror\=non-modular-include-in-framework-module -Wno-trigraphs -Wno-missing-field-initializers -Wno-missing-prototypes -Wno-return-type -Wno-implicit-atomic-properties -Wno-objc-interface-ivars -Wno-arc-repeated-use-of-weak -Wno-missing-braces -Wparentheses -Wswitch -Wno-unused-function -Wno-unused-label -Wno-unused-parameter -Wno-unused-variable -Wunused-value -Wno-empty-body -Wno-uninitialized -Wno-unknown-pragmas -w -Wno-shadow -Wno-four-char-constants -Wno-conversion -Wno-constant-conversion -Wno-int-conversion -Wno-bool-conversion -Wno-enum-conversion -Wno-float-conversion -Wno-non-literal-null-conversion -Wno-objc-literal-conversion -Wshorten-64-to-32 -Wpointer-sign -Wno-newline-eof -Wno-selector -Wno-strict-selector-match -Wno-undeclared-selector -Wno-deprecated-implementations -Wno-implicit-fallthrough -isysroot /Applications/Xcode.app/Contents/Developer/Platforms/iPhoneSimulator.platform/Developer/SDKs/iPhoneSimulator26.5.sdk -fstrict-aliasing -Wprotocol -Wdeprecated-declarations -Wno-sign-conversion -Wno-infinite-recursion -Wno-comma -Wno-block-capture-autoreleasing -Wno-strict-prototypes -Wno-semicolon-before-method-body -index-store-path /Users/shizihan/DailyUse/Github/InkMarkdown/.scratch/architecture-deepening-2026-09-07/evidence/20260907-1415-ticket-27/consumer/DerivedData-InkMarkdownLaTeXConsumer/Index.noindex/DataStore @/Users/shizihan/DailyUse/Github/InkMarkdown/.scratch/architecture-deepening-2026-09-07/evidence/20260907-1415-ticket-27/consumer/DerivedData-InkMarkdownLaTeXConsumer/Build/Intermediates.noindex/iosMath.build/Debug-iphonesimulator/iosMath.build/Objects-normal/arm64/e6072d4f65d7061329687fe24e3d63a7-common-args.resp -include /Users/shizihan/DailyUse/Github/InkMarkdown/.scratch/architecture-deepening-2026-09-07/evidence/20260907-1415-ticket-27/consumer/DerivedData-InkMarkdownLaTeXConsumer/Build/Intermediates.noindex/iosMath.build/Debug-iphonesimulator/iosMath.build/DerivedSources/resource_bundle_accessor.h -MMD -MT dependencies -MF /Users/shizihan/DailyUse/Github/InkMarkdown/.scratch/architecture-deepening-2026-09-07/evidence/20260907-1415-ticket-27/consumer/DerivedData-InkMarkdownLaTeXConsumer/Build/Intermediates.noindex/iosMath.build/Debug-iphonesimulator/iosMath.build/Objects-normal/arm64/MTMathListBuilder.d --serialize-diagnostics /Users/shizihan/DailyUse/Github/InkMarkdown/.scratch/architecture-deepening-2026-09-07/evidence/20260907-1415-ticket-27/consumer/DerivedData-InkMarkdownLaTeXConsumer/Build/Intermediates.noindex/iosMath.build/Debug-iphonesimulator/iosMath.build/Objects-normal/arm64/MTMathListBuilder.dia -c /Users/shizihan/DailyUse/Github/InkMarkdown/Packages/Caches/iosMath/iosMath/lib/MTMathListBuilder.m -o /Users/shizihan/DailyUse/Github/InkMarkdown/.scratch/architecture-deepening-2026-09-07/evidence/20260907-1415-ticket-27/consumer/DerivedData-InkMarkdownLaTeXConsumer/Build/Intermediates.noindex/iosMath.build/Debug-iphonesimulator/iosMath.build/Objects-normal/arm64/MTMathListBuilder.o -index-unit-output-path /iosMath.build/Debug-iphonesimulator/iosMath.build/Objects-normal/arm64/MTMathListBuilder.o

CompileC /Users/shizihan/DailyUse/Github/InkMarkdown/.scratch/architecture-deepening-2026-09-07/evidence/20260907-1415-ticket-27/consumer/DerivedData-InkMarkdownLaTeXConsumer/Build/Intermediates.noindex/iosMath.build/Debug-iphonesimulator/iosMath.build/Objects-normal/arm64/MTMathList.o /Users/shizihan/DailyUse/Github/InkMarkdown/Packages/Caches/iosMath/iosMath/lib/MTMathList.m normal arm64 objective-c com.apple.compilers.llvm.clang.1_0.compiler (in target 'iosMath' from project 'iosMath')
    cd /Users/shizihan/DailyUse/Github/InkMarkdown/.github/fixtures/consumer-smoke/.swiftpm/xcode
    
    Using response file: /Users/shizihan/DailyUse/Github/InkMarkdown/.scratch/architecture-deepening-2026-09-07/evidence/20260907-1415-ticket-27/consumer/DerivedData-InkMarkdownLaTeXConsumer/Build/Intermediates.noindex/iosMath.build/Debug-iphonesimulator/iosMath.build/Objects-normal/arm64/e6072d4f65d7061329687fe24e3d63a7-common-args.resp
    
    /Applications/Xcode.app/Contents/Developer/Toolchains/XcodeDefault.xctoolchain/usr/bin/clang -x objective-c -ivfsstatcache /Users/shizihan/DailyUse/Github/InkMarkdown/.scratch/architecture-deepening-2026-09-07/evidence/20260907-1415-ticket-27/consumer/DerivedData-InkMarkdownLaTeXConsumer/SDKStatCaches.noindex/iphonesimulator26.5-23F81a-6cfe768891a92b912361537c460fe42b.sdkstatcache -target arm64-apple-ios13.0-simulator -fmessage-length\=0 -fdiagnostics-show-note-include-stack -fmacro-backtrace-limit\=0 -fno-color-diagnostics -fmodules-prune-interval\=86400 -fmodules-prune-after\=345600 -fbuild-session-file\=/Users/shizihan/DailyUse/Github/InkMarkdown/.scratch/architecture-deepening-2026-09-07/evidence/20260907-1415-ticket-27/consumer/DerivedData-InkMarkdownLaTeXConsumer/ModuleCache.noindex/Session.modulevalidation -fmodules-validate-once-per-build-session -Wnon-modular-include-in-framework-module -Werror\=non-modular-include-in-framework-module -Wno-trigraphs -Wno-missing-field-initializers -Wno-missing-prototypes -Wno-return-type -Wno-implicit-atomic-properties -Wno-objc-interface-ivars -Wno-arc-repeated-use-of-weak -Wno-missing-braces -Wparentheses -Wswitch -Wno-unused-function -Wno-unused-label -Wno-unused-parameter -Wno-unused-variable -Wunused-value -Wno-empty-body -Wno-uninitialized -Wno-unknown-pragmas -w -Wno-shadow -Wno-four-char-constants -Wno-conversion -Wno-constant-conversion -Wno-int-conversion -Wno-bool-conversion -Wno-enum-conversion -Wno-float-conversion -Wno-non-literal-null-conversion -Wno-objc-literal-conversion -Wshorten-64-to-32 -Wpointer-sign -Wno-newline-eof -Wno-selector -Wno-strict-selector-match -Wno-undeclared-selector -Wno-deprecated-implementations -Wno-implicit-fallthrough -isysroot /Applications/Xcode.app/Contents/Developer/Platforms/iPhoneSimulator.platform/Developer/SDKs/iPhoneSimulator26.5.sdk -fstrict-aliasing -Wprotocol -Wdeprecated-declarations -Wno-sign-conversion -Wno-infinite-recursion -Wno-comma -Wno-block-capture-autoreleasing -Wno-strict-prototypes -Wno-semicolon-before-method-body -index-store-path /Users/shizihan/DailyUse/Github/InkMarkdown/.scratch/architecture-deepening-2026-09-07/evidence/20260907-1415-ticket-27/consumer/DerivedData-InkMarkdownLaTeXConsumer/Index.noindex/DataStore @/Users/shizihan/DailyUse/Github/InkMarkdown/.scratch/architecture-deepening-2026-09-07/evidence/20260907-1415-ticket-27/consumer/DerivedData-InkMarkdownLaTeXConsumer/Build/Intermediates.noindex/iosMath.build/Debug-iphonesimulator/iosMath.build/Objects-normal/arm64/e6072d4f65d7061329687fe24e3d63a7-common-args.resp -include /Users/shizihan/DailyUse/Github/InkMarkdown/.scratch/architecture-deepening-2026-09-07/evidence/20260907-1415-ticket-27/consumer/DerivedData-InkMarkdownLaTeXConsumer/Build/Intermediates.noindex/iosMath.build/Debug-iphonesimulator/iosMath.build/DerivedSources/resource_bundle_accessor.h -MMD -MT dependencies -MF /Users/shizihan/DailyUse/Github/InkMarkdown/.scratch/architecture-deepening-2026-09-07/evidence/20260907-1415-ticket-27/consumer/DerivedData-InkMarkdownLaTeXConsumer/Build/Intermediates.noindex/iosMath.build/Debug-iphonesimulator/iosMath.build/Objects-normal/arm64/MTMathList.d --serialize-diagnostics /Users/shizihan/DailyUse/Github/InkMarkdown/.scratch/architecture-deepening-2026-09-07/evidence/20260907-1415-ticket-27/consumer/DerivedData-InkMarkdownLaTeXConsumer/Build/Intermediates.noindex/iosMath.build/Debug-iphonesimulator/iosMath.build/Objects-normal/arm64/MTMathList.dia -c /Users/shizihan/DailyUse/Github/InkMarkdown/Packages/Caches/iosMath/iosMath/lib/MTMathList.m -o /Users/shizihan/DailyUse/Github/InkMarkdown/.scratch/architecture-deepening-2026-09-07/evidence/20260907-1415-ticket-27/consumer/DerivedData-InkMarkdownLaTeXConsumer/Build/Intermediates.noindex/iosMath.build/Debug-iphonesimulator/iosMath.build/Objects-normal/arm64/MTMathList.o -index-unit-output-path /iosMath.build/Debug-iphonesimulator/iosMath.build/Objects-normal/arm64/MTMathList.o

CompileC /Users/shizihan/DailyUse/Github/InkMarkdown/.scratch/architecture-deepening-2026-09-07/evidence/20260907-1415-ticket-27/consumer/DerivedData-InkMarkdownLaTeXConsumer/Build/Intermediates.noindex/iosMath.build/Debug-iphonesimulator/iosMath.build/Objects-normal/arm64/MTMathAtomFactory.o /Users/shizihan/DailyUse/Github/InkMarkdown/Packages/Caches/iosMath/iosMath/lib/MTMathAtomFactory.m normal arm64 objective-c com.apple.compilers.llvm.clang.1_0.compiler (in target 'iosMath' from project 'iosMath')
    cd /Users/shizihan/DailyUse/Github/InkMarkdown/.github/fixtures/consumer-smoke/.swiftpm/xcode
    
    Using response file: /Users/shizihan/DailyUse/Github/InkMarkdown/.scratch/architecture-deepening-2026-09-07/evidence/20260907-1415-ticket-27/consumer/DerivedData-InkMarkdownLaTeXConsumer/Build/Intermediates.noindex/iosMath.build/Debug-iphonesimulator/iosMath.build/Objects-normal/arm64/e6072d4f65d7061329687fe24e3d63a7-common-args.resp
    
    /Applications/Xcode.app/Contents/Developer/Toolchains/XcodeDefault.xctoolchain/usr/bin/clang -x objective-c -ivfsstatcache /Users/shizihan/DailyUse/Github/InkMarkdown/.scratch/architecture-deepening-2026-09-07/evidence/20260907-1415-ticket-27/consumer/DerivedData-InkMarkdownLaTeXConsumer/SDKStatCaches.noindex/iphonesimulator26.5-23F81a-6cfe768891a92b912361537c460fe42b.sdkstatcache -target arm64-apple-ios13.0-simulator -fmessage-length\=0 -fdiagnostics-show-note-include-stack -fmacro-backtrace-limit\=0 -fno-color-diagnostics -fmodules-prune-interval\=86400 -fmodules-prune-after\=345600 -fbuild-session-file\=/Users/shizihan/DailyUse/Github/InkMarkdown/.scratch/architecture-deepening-2026-09-07/evidence/20260907-1415-ticket-27/consumer/DerivedData-InkMarkdownLaTeXConsumer/ModuleCache.noindex/Session.modulevalidation -fmodules-validate-once-per-build-session -Wnon-modular-include-in-framework-module -Werror\=non-modular-include-in-framework-module -Wno-trigraphs -Wno-missing-field-initializers -Wno-missing-prototypes -Wno-return-type -Wno-implicit-atomic-properties -Wno-objc-interface-ivars -Wno-arc-repeated-use-of-weak -Wno-missing-braces -Wparentheses -Wswitch -Wno-unused-function -Wno-unused-label -Wno-unused-parameter -Wno-unused-variable -Wunused-value -Wno-empty-body -Wno-uninitialized -Wno-unknown-pragmas -w -Wno-shadow -Wno-four-char-constants -Wno-conversion -Wno-constant-conversion -Wno-int-conversion -Wno-bool-conversion -Wno-enum-conversion -Wno-float-conversion -Wno-non-literal-null-conversion -Wno-objc-literal-conversion -Wshorten-64-to-32 -Wpointer-sign -Wno-newline-eof -Wno-selector -Wno-strict-selector-match -Wno-undeclared-selector -Wno-deprecated-implementations -Wno-implicit-fallthrough -isysroot /Applications/Xcode.app/Contents/Developer/Platforms/iPhoneSimulator.platform/Developer/SDKs/iPhoneSimulator26.5.sdk -fstrict-aliasing -Wprotocol -Wdeprecated-declarations -Wno-sign-conversion -Wno-infinite-recursion -Wno-comma -Wno-block-capture-autoreleasing -Wno-strict-prototypes -Wno-semicolon-before-method-body -index-store-path /Users/shizihan/DailyUse/Github/InkMarkdown/.scratch/architecture-deepening-2026-09-07/evidence/20260907-1415-ticket-27/consumer/DerivedData-InkMarkdownLaTeXConsumer/Index.noindex/DataStore @/Users/shizihan/DailyUse/Github/InkMarkdown/.scratch/architecture-deepening-2026-09-07/evidence/20260907-1415-ticket-27/consumer/DerivedData-InkMarkdownLaTeXConsumer/Build/Intermediates.noindex/iosMath.build/Debug-iphonesimulator/iosMath.build/Objects-normal/arm64/e6072d4f65d7061329687fe24e3d63a7-common-args.resp -include /Users/shizihan/DailyUse/Github/InkMarkdown/.scratch/architecture-deepening-2026-09-07/evidence/20260907-1415-ticket-27/consumer/DerivedData-InkMarkdownLaTeXConsumer/Build/Intermediates.noindex/iosMath.build/Debug-iphonesimulator/iosMath.build/DerivedSources/resource_bundle_accessor.h -MMD -MT dependencies -MF /Users/shizihan/DailyUse/Github/InkMarkdown/.scratch/architecture-deepening-2026-09-07/evidence/20260907-1415-ticket-27/consumer/DerivedData-InkMarkdownLaTeXConsumer/Build/Intermediates.noindex/iosMath.build/Debug-iphonesimulator/iosMath.build/Objects-normal/arm64/MTMathAtomFactory.d --serialize-diagnostics /Users/shizihan/DailyUse/Github/InkMarkdown/.scratch/architecture-deepening-2026-09-07/evidence/20260907-1415-ticket-27/consumer/DerivedData-InkMarkdownLaTeXConsumer/Build/Intermediates.noindex/iosMath.build/Debug-iphonesimulator/iosMath.build/Objects-normal/arm64/MTMathAtomFactory.dia -c /Users/shizihan/DailyUse/Github/InkMarkdown/Packages/Caches/iosMath/iosMath/lib/MTMathAtomFactory.m -o /Users/shizihan/DailyUse/Github/InkMarkdown/.scratch/architecture-deepening-2026-09-07/evidence/20260907-1415-ticket-27/consumer/DerivedData-InkMarkdownLaTeXConsumer/Build/Intermediates.noindex/iosMath.build/Debug-iphonesimulator/iosMath.build/Objects-normal/arm64/MTMathAtomFactory.o -index-unit-output-path /iosMath.build/Debug-iphonesimulator/iosMath.build/Objects-normal/arm64/MTMathAtomFactory.o

CompileC /Users/shizihan/DailyUse/Github/InkMarkdown/.scratch/architecture-deepening-2026-09-07/evidence/20260907-1415-ticket-27/consumer/DerivedData-InkMarkdownLaTeXConsumer/Build/Intermediates.noindex/iosMath.build/Debug-iphonesimulator/iosMath.build/Objects-normal/arm64/MTLabel.o /Users/shizihan/DailyUse/Github/InkMarkdown/Packages/Caches/iosMath/iosMath/render/MTLabel.m normal arm64 objective-c com.apple.compilers.llvm.clang.1_0.compiler (in target 'iosMath' from project 'iosMath')
    cd /Users/shizihan/DailyUse/Github/InkMarkdown/.github/fixtures/consumer-smoke/.swiftpm/xcode
    
    Using response file: /Users/shizihan/DailyUse/Github/InkMarkdown/.scratch/architecture-deepening-2026-09-07/evidence/20260907-1415-ticket-27/consumer/DerivedData-InkMarkdownLaTeXConsumer/Build/Intermediates.noindex/iosMath.build/Debug-iphonesimulator/iosMath.build/Objects-normal/arm64/e6072d4f65d7061329687fe24e3d63a7-common-args.resp
    
    /Applications/Xcode.app/Contents/Developer/Toolchains/XcodeDefault.xctoolchain/usr/bin/clang -x objective-c -ivfsstatcache /Users/shizihan/DailyUse/Github/InkMarkdown/.scratch/architecture-deepening-2026-09-07/evidence/20260907-1415-ticket-27/consumer/DerivedData-InkMarkdownLaTeXConsumer/SDKStatCaches.noindex/iphonesimulator26.5-23F81a-6cfe768891a92b912361537c460fe42b.sdkstatcache -target arm64-apple-ios13.0-simulator -fmessage-length\=0 -fdiagnostics-show-note-include-stack -fmacro-backtrace-limit\=0 -fno-color-diagnostics -fmodules-prune-interval\=86400 -fmodules-prune-after\=345600 -fbuild-session-file\=/Users/shizihan/DailyUse/Github/InkMarkdown/.scratch/architecture-deepening-2026-09-07/evidence/20260907-1415-ticket-27/consumer/DerivedData-InkMarkdownLaTeXConsumer/ModuleCache.noindex/Session.modulevalidation -fmodules-validate-once-per-build-session -Wnon-modular-include-in-framework-module -Werror\=non-modular-include-in-framework-module -Wno-trigraphs -Wno-missing-field-initializers -Wno-missing-prototypes -Wno-return-type -Wno-implicit-atomic-properties -Wno-objc-interface-ivars -Wno-arc-repeated-use-of-weak -Wno-missing-braces -Wparentheses -Wswitch -Wno-unused-function -Wno-unused-label -Wno-unused-parameter -Wno-unused-variable -Wunused-value -Wno-empty-body -Wno-uninitialized -Wno-unknown-pragmas -w -Wno-shadow -Wno-four-char-constants -Wno-conversion -Wno-constant-conversion -Wno-int-conversion -Wno-bool-conversion -Wno-enum-conversion -Wno-float-conversion -Wno-non-literal-null-conversion -Wno-objc-literal-conversion -Wshorten-64-to-32 -Wpointer-sign -Wno-newline-eof -Wno-selector -Wno-strict-selector-match -Wno-undeclared-selector -Wno-deprecated-implementations -Wno-implicit-fallthrough -isysroot /Applications/Xcode.app/Contents/Developer/Platforms/iPhoneSimulator.platform/Developer/SDKs/iPhoneSimulator26.5.sdk -fstrict-aliasing -Wprotocol -Wdeprecated-declarations -Wno-sign-conversion -Wno-infinite-recursion -Wno-comma -Wno-block-capture-autoreleasing -Wno-strict-prototypes -Wno-semicolon-before-method-body -index-store-path /Users/shizihan/DailyUse/Github/InkMarkdown/.scratch/architecture-deepening-2026-09-07/evidence/20260907-1415-ticket-27/consumer/DerivedData-InkMarkdownLaTeXConsumer/Index.noindex/DataStore @/Users/shizihan/DailyUse/Github/InkMarkdown/.scratch/architecture-deepening-2026-09-07/evidence/20260907-1415-ticket-27/consumer/DerivedData-InkMarkdownLaTeXConsumer/Build/Intermediates.noindex/iosMath.build/Debug-iphonesimulator/iosMath.build/Objects-normal/arm64/e6072d4f65d7061329687fe24e3d63a7-common-args.resp -include /Users/shizihan/DailyUse/Github/InkMarkdown/.scratch/architecture-deepening-2026-09-07/evidence/20260907-1415-ticket-27/consumer/DerivedData-InkMarkdownLaTeXConsumer/Build/Intermediates.noindex/iosMath.build/Debug-iphonesimulator/iosMath.build/DerivedSources/resource_bundle_accessor.h -MMD -MT dependencies -MF /Users/shizihan/DailyUse/Github/InkMarkdown/.scratch/architecture-deepening-2026-09-07/evidence/20260907-1415-ticket-27/consumer/DerivedData-InkMarkdownLaTeXConsumer/Build/Intermediates.noindex/iosMath.build/Debug-iphonesimulator/iosMath.build/Objects-normal/arm64/MTLabel.d --serialize-diagnostics /Users/shizihan/DailyUse/Github/InkMarkdown/.scratch/architecture-deepening-2026-09-07/evidence/20260907-1415-ticket-27/consumer/DerivedData-InkMarkdownLaTeXConsumer/Build/Intermediates.noindex/iosMath.build/Debug-iphonesimulator/iosMath.build/Objects-normal/arm64/MTLabel.dia -c /Users/shizihan/DailyUse/Github/InkMarkdown/Packages/Caches/iosMath/iosMath/render/MTLabel.m -o /Users/shizihan/DailyUse/Github/InkMarkdown/.scratch/architecture-deepening-2026-09-07/evidence/20260907-1415-ticket-27/consumer/DerivedData-InkMarkdownLaTeXConsumer/Build/Intermediates.noindex/iosMath.build/Debug-iphonesimulator/iosMath.build/Objects-normal/arm64/MTLabel.o -index-unit-output-path /iosMath.build/Debug-iphonesimulator/iosMath.build/Objects-normal/arm64/MTLabel.o

CompileC /Users/shizihan/DailyUse/Github/InkMarkdown/.scratch/architecture-deepening-2026-09-07/evidence/20260907-1415-ticket-27/consumer/DerivedData-InkMarkdownLaTeXConsumer/Build/Intermediates.noindex/iosMath.build/Debug-iphonesimulator/iosMath.build/Objects-normal/arm64/MTFontMathTable.o /Users/shizihan/DailyUse/Github/InkMarkdown/Packages/Caches/iosMath/iosMath/render/internal/MTFontMathTable.m normal arm64 objective-c com.apple.compilers.llvm.clang.1_0.compiler (in target 'iosMath' from project 'iosMath')
    cd /Users/shizihan/DailyUse/Github/InkMarkdown/.github/fixtures/consumer-smoke/.swiftpm/xcode
    
    Using response file: /Users/shizihan/DailyUse/Github/InkMarkdown/.scratch/architecture-deepening-2026-09-07/evidence/20260907-1415-ticket-27/consumer/DerivedData-InkMarkdownLaTeXConsumer/Build/Intermediates.noindex/iosMath.build/Debug-iphonesimulator/iosMath.build/Objects-normal/arm64/e6072d4f65d7061329687fe24e3d63a7-common-args.resp
    
    /Applications/Xcode.app/Contents/Developer/Toolchains/XcodeDefault.xctoolchain/usr/bin/clang -x objective-c -ivfsstatcache /Users/shizihan/DailyUse/Github/InkMarkdown/.scratch/architecture-deepening-2026-09-07/evidence/20260907-1415-ticket-27/consumer/DerivedData-InkMarkdownLaTeXConsumer/SDKStatCaches.noindex/iphonesimulator26.5-23F81a-6cfe768891a92b912361537c460fe42b.sdkstatcache -target arm64-apple-ios13.0-simulator -fmessage-length\=0 -fdiagnostics-show-note-include-stack -fmacro-backtrace-limit\=0 -fno-color-diagnostics -fmodules-prune-interval\=86400 -fmodules-prune-after\=345600 -fbuild-session-file\=/Users/shizihan/DailyUse/Github/InkMarkdown/.scratch/architecture-deepening-2026-09-07/evidence/20260907-1415-ticket-27/consumer/DerivedData-InkMarkdownLaTeXConsumer/ModuleCache.noindex/Session.modulevalidation -fmodules-validate-once-per-build-session -Wnon-modular-include-in-framework-module -Werror\=non-modular-include-in-framework-module -Wno-trigraphs -Wno-missing-field-initializers -Wno-missing-prototypes -Wno-return-type -Wno-implicit-atomic-properties -Wno-objc-interface-ivars -Wno-arc-repeated-use-of-weak -Wno-missing-braces -Wparentheses -Wswitch -Wno-unused-function -Wno-unused-label -Wno-unused-parameter -Wno-unused-variable -Wunused-value -Wno-empty-body -Wno-uninitialized -Wno-unknown-pragmas -w -Wno-shadow -Wno-four-char-constants -Wno-conversion -Wno-constant-conversion -Wno-int-conversion -Wno-bool-conversion -Wno-enum-conversion -Wno-float-conversion -Wno-non-literal-null-conversion -Wno-objc-literal-conversion -Wshorten-64-to-32 -Wpointer-sign -Wno-newline-eof -Wno-selector -Wno-strict-selector-match -Wno-undeclared-selector -Wno-deprecated-implementations -Wno-implicit-fallthrough -isysroot /Applications/Xcode.app/Contents/Developer/Platforms/iPhoneSimulator.platform/Developer/SDKs/iPhoneSimulator26.5.sdk -fstrict-aliasing -Wprotocol -Wdeprecated-declarations -Wno-sign-conversion -Wno-infinite-recursion -Wno-comma -Wno-block-capture-autoreleasing -Wno-strict-prototypes -Wno-semicolon-before-method-body -index-store-path /Users/shizihan/DailyUse/Github/InkMarkdown/.scratch/architecture-deepening-2026-09-07/evidence/20260907-1415-ticket-27/consumer/DerivedData-InkMarkdownLaTeXConsumer/Index.noindex/DataStore @/Users/shizihan/DailyUse/Github/InkMarkdown/.scratch/architecture-deepening-2026-09-07/evidence/20260907-1415-ticket-27/consumer/DerivedData-InkMarkdownLaTeXConsumer/Build/Intermediates.noindex/iosMath.build/Debug-iphonesimulator/iosMath.build/Objects-normal/arm64/e6072d4f65d7061329687fe24e3d63a7-common-args.resp -include /Users/shizihan/DailyUse/Github/InkMarkdown/.scratch/architecture-deepening-2026-09-07/evidence/20260907-1415-ticket-27/consumer/DerivedData-InkMarkdownLaTeXConsumer/Build/Intermediates.noindex/iosMath.build/Debug-iphonesimulator/iosMath.build/DerivedSources/resource_bundle_accessor.h -MMD -MT dependencies -MF /Users/shizihan/DailyUse/Github/InkMarkdown/.scratch/architecture-deepening-2026-09-07/evidence/20260907-1415-ticket-27/consumer/DerivedData-InkMarkdownLaTeXConsumer/Build/Intermediates.noindex/iosMath.build/Debug-iphonesimulator/iosMath.build/Objects-normal/arm64/MTFontMathTable.d --serialize-diagnostics /Users/shizihan/DailyUse/Github/InkMarkdown/.scratch/architecture-deepening-2026-09-07/evidence/20260907-1415-ticket-27/consumer/DerivedData-InkMarkdownLaTeXConsumer/Build/Intermediates.noindex/iosMath.build/Debug-iphonesimulator/iosMath.build/Objects-normal/arm64/MTFontMathTable.dia -c /Users/shizihan/DailyUse/Github/InkMarkdown/Packages/Caches/iosMath/iosMath/render/internal/MTFontMathTable.m -o /Users/shizihan/DailyUse/Github/InkMarkdown/.scratch/architecture-deepening-2026-09-07/evidence/20260907-1415-ticket-27/consumer/DerivedData-InkMarkdownLaTeXConsumer/Build/Intermediates.noindex/iosMath.build/Debug-iphonesimulator/iosMath.build/Objects-normal/arm64/MTFontMathTable.o -index-unit-output-path /iosMath.build/Debug-iphonesimulator/iosMath.build/Objects-normal/arm64/MTFontMathTable.o

PrecompileModule /Users/shizihan/DailyUse/Github/InkMarkdown/.scratch/architecture-deepening-2026-09-07/evidence/20260907-1415-ticket-27/consumer/DerivedData-InkMarkdownLaTeXConsumer/Build/Intermediates.noindex/ExplicitPrecompiledModules/IOSurface-CFCRP04MAGVXDVDUIVFRJOIW7.scan
    cd /
    builtin-precompileModule /Users/shizihan/DailyUse/Github/InkMarkdown/.scratch/architecture-deepening-2026-09-07/evidence/20260907-1415-ticket-27/consumer/DerivedData-InkMarkdownLaTeXConsumer/Build/Intermediates.noindex/ExplicitPrecompiledModules/IOSurface-CFCRP04MAGVXDVDUIVFRJOIW7.scan

PrecompileModule /Users/shizihan/DailyUse/Github/InkMarkdown/.scratch/architecture-deepening-2026-09-07/evidence/20260907-1415-ticket-27/consumer/DerivedData-InkMarkdownLaTeXConsumer/Build/Intermediates.noindex/ExplicitPrecompiledModules/Metal-ZUSCJJG4SLOW5MY8OGRZP60D.scan
    cd /
    builtin-precompileModule /Users/shizihan/DailyUse/Github/InkMarkdown/.scratch/architecture-deepening-2026-09-07/evidence/20260907-1415-ticket-27/consumer/DerivedData-InkMarkdownLaTeXConsumer/Build/Intermediates.noindex/ExplicitPrecompiledModules/Metal-ZUSCJJG4SLOW5MY8OGRZP60D.scan

SwiftExplicitDependencyGeneratePcm arm64 /Users/shizihan/DailyUse/Github/InkMarkdown/.scratch/architecture-deepening-2026-09-07/evidence/20260907-1415-ticket-27/consumer/DerivedData-InkMarkdownLaTeXConsumer/ModuleCache.noindex/CFNetwork-3L1VCPCGTDZHQUXH551DMEUPZ.pcm

SwiftExplicitDependencyGeneratePcm arm64 /Users/shizihan/DailyUse/Github/InkMarkdown/.scratch/architecture-deepening-2026-09-07/evidence/20260907-1415-ticket-27/consumer/DerivedData-InkMarkdownLaTeXConsumer/ModuleCache.noindex/Security-9VULV22RI1MZ7VGALJJMIKXS7.pcm

PrecompileModule /Users/shizihan/DailyUse/Github/InkMarkdown/.scratch/architecture-deepening-2026-09-07/evidence/20260907-1415-ticket-27/consumer/DerivedData-InkMarkdownLaTeXConsumer/Build/Intermediates.noindex/ExplicitPrecompiledModules/CoreVideo-70YMRRJZCQYSC7L5SDYK55A6V.scan
    cd /
    builtin-precompileModule /Users/shizihan/DailyUse/Github/InkMarkdown/.scratch/architecture-deepening-2026-09-07/evidence/20260907-1415-ticket-27/consumer/DerivedData-InkMarkdownLaTeXConsumer/Build/Intermediates.noindex/ExplicitPrecompiledModules/CoreVideo-70YMRRJZCQYSC7L5SDYK55A6V.scan

SwiftExplicitDependencyGeneratePcm arm64 /Users/shizihan/DailyUse/Github/InkMarkdown/.scratch/architecture-deepening-2026-09-07/evidence/20260907-1415-ticket-27/consumer/DerivedData-InkMarkdownLaTeXConsumer/ModuleCache.noindex/Foundation-21BPGG46QVMLE99F9BF6DZR2G.pcm

PrecompileModule /Users/shizihan/DailyUse/Github/InkMarkdown/.scratch/architecture-deepening-2026-09-07/evidence/20260907-1415-ticket-27/consumer/DerivedData-InkMarkdownLaTeXConsumer/Build/Intermediates.noindex/ExplicitPrecompiledModules/CoreImage-16ID1R2J1UPJCJPPGV9MO66VJ.scan
    cd /
    builtin-precompileModule /Users/shizihan/DailyUse/Github/InkMarkdown/.scratch/architecture-deepening-2026-09-07/evidence/20260907-1415-ticket-27/consumer/DerivedData-InkMarkdownLaTeXConsumer/Build/Intermediates.noindex/ExplicitPrecompiledModules/CoreImage-16ID1R2J1UPJCJPPGV9MO66VJ.scan

PrecompileModule /Users/shizihan/DailyUse/Github/InkMarkdown/.scratch/architecture-deepening-2026-09-07/evidence/20260907-1415-ticket-27/consumer/DerivedData-InkMarkdownLaTeXConsumer/Build/Intermediates.noindex/ExplicitPrecompiledModules/QuartzCore-8SQTRP7ABJ045017CQ46YXEMU.scan
    cd /
    builtin-precompileModule /Users/shizihan/DailyUse/Github/InkMarkdown/.scratch/architecture-deepening-2026-09-07/evidence/20260907-1415-ticket-27/consumer/DerivedData-InkMarkdownLaTeXConsumer/Build/Intermediates.noindex/ExplicitPrecompiledModules/QuartzCore-8SQTRP7ABJ045017CQ46YXEMU.scan

PrecompileModule /Users/shizihan/DailyUse/Github/InkMarkdown/.scratch/architecture-deepening-2026-09-07/evidence/20260907-1415-ticket-27/consumer/DerivedData-InkMarkdownLaTeXConsumer/Build/Intermediates.noindex/ExplicitPrecompiledModules/UIKit-E6887N8CSA5TRM67GBU1GLAOF.scan
    cd /
    builtin-precompileModule /Users/shizihan/DailyUse/Github/InkMarkdown/.scratch/architecture-deepening-2026-09-07/evidence/20260907-1415-ticket-27/consumer/DerivedData-InkMarkdownLaTeXConsumer/Build/Intermediates.noindex/ExplicitPrecompiledModules/UIKit-E6887N8CSA5TRM67GBU1GLAOF.scan

SwiftCompile normal arm64 Compiling\ BlockContainer.swift,\ BlockMarkup.swift,\ InlineContainer.swift,\ InlineMarkup.swift,\ ListItemContainer.swift,\ AtomicCounter.swift,\ CharacterExtensions.swift /Users/shizihan/DailyUse/Github/InkMarkdown/Packages/Caches/swift-markdown/Sources/Markdown/Structural\ Restrictions/BlockContainer.swift /Users/shizihan/DailyUse/Github/InkMarkdown/Packages/Caches/swift-markdown/Sources/Markdown/Structural\ Restrictions/BlockMarkup.swift /Users/shizihan/DailyUse/Github/InkMarkdown/Packages/Caches/swift-markdown/Sources/Markdown/Structural\ Restrictions/InlineContainer.swift /Users/shizihan/DailyUse/Github/InkMarkdown/Packages/Caches/swift-markdown/Sources/Markdown/Structural\ Restrictions/InlineMarkup.swift /Users/shizihan/DailyUse/Github/InkMarkdown/Packages/Caches/swift-markdown/Sources/Markdown/Structural\ Restrictions/ListItemContainer.swift /Users/shizihan/DailyUse/Github/InkMarkdown/Packages/Caches/swift-markdown/Sources/Markdown/Utility/AtomicCounter.swift /Users/shizihan/DailyUse/Github/InkMarkdown/Packages/Caches/swift-markdown/Sources/Markdown/Utility/CharacterExtensions.swift (in target 'Markdown' from project 'swift-markdown')
SwiftCompile normal arm64 /Users/shizihan/DailyUse/Github/InkMarkdown/Packages/Caches/swift-markdown/Sources/Markdown/Structural\ Restrictions/BlockContainer.swift (in target 'Markdown' from project 'swift-markdown')
    cd /Users/shizihan/DailyUse/Github/InkMarkdown/.github/fixtures/consumer-smoke/.swiftpm/xcode
    

SwiftCompile normal arm64 /Users/shizihan/DailyUse/Github/InkMarkdown/Packages/Caches/swift-markdown/Sources/Markdown/Structural\ Restrictions/BlockMarkup.swift (in target 'Markdown' from project 'swift-markdown')
    cd /Users/shizihan/DailyUse/Github/InkMarkdown/.github/fixtures/consumer-smoke/.swiftpm/xcode
    

SwiftCompile normal arm64 /Users/shizihan/DailyUse/Github/InkMarkdown/Packages/Caches/swift-markdown/Sources/Markdown/Structural\ Restrictions/InlineContainer.swift (in target 'Markdown' from project 'swift-markdown')
    cd /Users/shizihan/DailyUse/Github/InkMarkdown/.github/fixtures/consumer-smoke/.swiftpm/xcode
    

SwiftCompile normal arm64 /Users/shizihan/DailyUse/Github/InkMarkdown/Packages/Caches/swift-markdown/Sources/Markdown/Structural\ Restrictions/InlineMarkup.swift (in target 'Markdown' from project 'swift-markdown')
    cd /Users/shizihan/DailyUse/Github/InkMarkdown/.github/fixtures/consumer-smoke/.swiftpm/xcode
    

SwiftCompile normal arm64 /Users/shizihan/DailyUse/Github/InkMarkdown/Packages/Caches/swift-markdown/Sources/Markdown/Structural\ Restrictions/ListItemContainer.swift (in target 'Markdown' from project 'swift-markdown')
    cd /Users/shizihan/DailyUse/Github/InkMarkdown/.github/fixtures/consumer-smoke/.swiftpm/xcode
    

SwiftCompile normal arm64 /Users/shizihan/DailyUse/Github/InkMarkdown/Packages/Caches/swift-markdown/Sources/Markdown/Utility/AtomicCounter.swift (in target 'Markdown' from project 'swift-markdown')
    cd /Users/shizihan/DailyUse/Github/InkMarkdown/.github/fixtures/consumer-smoke/.swiftpm/xcode
    

SwiftCompile normal arm64 /Users/shizihan/DailyUse/Github/InkMarkdown/Packages/Caches/swift-markdown/Sources/Markdown/Utility/CharacterExtensions.swift (in target 'Markdown' from project 'swift-markdown')
    cd /Users/shizihan/DailyUse/Github/InkMarkdown/.github/fixtures/consumer-smoke/.swiftpm/xcode
    

SwiftEmitModule normal arm64 Emitting\ module\ for\ Markdown (in target 'Markdown' from project 'swift-markdown')

EmitSwiftModule normal arm64 (in target 'Markdown' from project 'swift-markdown')
    cd /Users/shizihan/DailyUse/Github/InkMarkdown/.github/fixtures/consumer-smoke/.swiftpm/xcode
    

SwiftCompile normal arm64 Compiling\ CollectionExtensions.swift,\ StringExtensions.swift,\ MarkupVisitor.swift,\ MarkupWalker.swift,\ HTMLFormatter.swift,\ MarkupFormatter.swift,\ MarkupTreeDumper.swift /Users/shizihan/DailyUse/Github/InkMarkdown/Packages/Caches/swift-markdown/Sources/Markdown/Utility/CollectionExtensions.swift /Users/shizihan/DailyUse/Github/InkMarkdown/Packages/Caches/swift-markdown/Sources/Markdown/Utility/StringExtensions.swift /Users/shizihan/DailyUse/Github/InkMarkdown/Packages/Caches/swift-markdown/Sources/Markdown/Visitor/MarkupVisitor.swift /Users/shizihan/DailyUse/Github/InkMarkdown/Packages/Caches/swift-markdown/Sources/Markdown/Walker/MarkupWalker.swift /Users/shizihan/DailyUse/Github/InkMarkdown/Packages/Caches/swift-markdown/Sources/Markdown/Walker/Walkers/HTMLFormatter.swift /Users/shizihan/DailyUse/Github/InkMarkdown/Packages/Caches/swift-markdown/Sources/Markdown/Walker/Walkers/MarkupFormatter.swift /Users/shizihan/DailyUse/Github/InkMarkdown/Packages/Caches/swift-markdown/Sources/Markdown/Walker/Walkers/MarkupTreeDumper.swift (in target 'Markdown' from project 'swift-markdown')
SwiftCompile normal arm64 /Users/shizihan/DailyUse/Github/InkMarkdown/Packages/Caches/swift-markdown/Sources/Markdown/Utility/CollectionExtensions.swift (in target 'Markdown' from project 'swift-markdown')
    cd /Users/shizihan/DailyUse/Github/InkMarkdown/.github/fixtures/consumer-smoke/.swiftpm/xcode
    

SwiftCompile normal arm64 /Users/shizihan/DailyUse/Github/InkMarkdown/Packages/Caches/swift-markdown/Sources/Markdown/Utility/StringExtensions.swift (in target 'Markdown' from project 'swift-markdown')
    cd /Users/shizihan/DailyUse/Github/InkMarkdown/.github/fixtures/consumer-smoke/.swiftpm/xcode
    

SwiftCompile normal arm64 /Users/shizihan/DailyUse/Github/InkMarkdown/Packages/Caches/swift-markdown/Sources/Markdown/Visitor/MarkupVisitor.swift (in target 'Markdown' from project 'swift-markdown')
    cd /Users/shizihan/DailyUse/Github/InkMarkdown/.github/fixtures/consumer-smoke/.swiftpm/xcode
    

SwiftCompile normal arm64 /Users/shizihan/DailyUse/Github/InkMarkdown/Packages/Caches/swift-markdown/Sources/Markdown/Walker/MarkupWalker.swift (in target 'Markdown' from project 'swift-markdown')
    cd /Users/shizihan/DailyUse/Github/InkMarkdown/.github/fixtures/consumer-smoke/.swiftpm/xcode
    

SwiftCompile normal arm64 /Users/shizihan/DailyUse/Github/InkMarkdown/Packages/Caches/swift-markdown/Sources/Markdown/Walker/Walkers/HTMLFormatter.swift (in target 'Markdown' from project 'swift-markdown')
    cd /Users/shizihan/DailyUse/Github/InkMarkdown/.github/fixtures/consumer-smoke/.swiftpm/xcode
    

SwiftCompile normal arm64 /Users/shizihan/DailyUse/Github/InkMarkdown/Packages/Caches/swift-markdown/Sources/Markdown/Walker/Walkers/MarkupFormatter.swift (in target 'Markdown' from project 'swift-markdown')
    cd /Users/shizihan/DailyUse/Github/InkMarkdown/.github/fixtures/consumer-smoke/.swiftpm/xcode
    

SwiftCompile normal arm64 /Users/shizihan/DailyUse/Github/InkMarkdown/Packages/Caches/swift-markdown/Sources/Markdown/Walker/Walkers/MarkupTreeDumper.swift (in target 'Markdown' from project 'swift-markdown')
    cd /Users/shizihan/DailyUse/Github/InkMarkdown/.github/fixtures/consumer-smoke/.swiftpm/xcode
    

SwiftCompile normal arm64 Compiling\ InlineAttributes.swift,\ Link.swift,\ Strikethrough.swift,\ Strong.swift,\ CustomInline.swift,\ InlineCode.swift,\ InlineHTML.swift /Users/shizihan/DailyUse/Github/InkMarkdown/Packages/Caches/swift-markdown/Sources/Markdown/Inline\ Nodes/Inline\ Containers/InlineAttributes.swift /Users/shizihan/DailyUse/Github/InkMarkdown/Packages/Caches/swift-markdown/Sources/Markdown/Inline\ Nodes/Inline\ Containers/Link.swift /Users/shizihan/DailyUse/Github/InkMarkdown/Packages/Caches/swift-markdown/Sources/Markdown/Inline\ Nodes/Inline\ Containers/Strikethrough.swift /Users/shizihan/DailyUse/Github/InkMarkdown/Packages/Caches/swift-markdown/Sources/Markdown/Inline\ Nodes/Inline\ Containers/Strong.swift /Users/shizihan/DailyUse/Github/InkMarkdown/Packages/Caches/swift-markdown/Sources/Markdown/Inline\ Nodes/Inline\ Leaves/CustomInline.swift /Users/shizihan/DailyUse/Github/InkMarkdown/Packages/Caches/swift-markdown/Sources/Markdown/Inline\ Nodes/Inline\ Leaves/InlineCode.swift /Users/shizihan/DailyUse/Github/InkMarkdown/Packages/Caches/swift-markdown/Sources/Markdown/Inline\ Nodes/Inline\ Leaves/InlineHTML.swift (in target 'Markdown' from project 'swift-markdown')

SwiftCompile normal arm64 /Users/shizihan/DailyUse/Github/InkMarkdown/Packages/Caches/swift-markdown/Sources/Markdown/Inline\ Nodes/Inline\ Containers/InlineAttributes.swift (in target 'Markdown' from project 'swift-markdown')
    cd /Users/shizihan/DailyUse/Github/InkMarkdown/.github/fixtures/consumer-smoke/.swiftpm/xcode
    

SwiftCompile normal arm64 /Users/shizihan/DailyUse/Github/InkMarkdown/Packages/Caches/swift-markdown/Sources/Markdown/Inline\ Nodes/Inline\ Containers/Link.swift (in target 'Markdown' from project 'swift-markdown')
    cd /Users/shizihan/DailyUse/Github/InkMarkdown/.github/fixtures/consumer-smoke/.swiftpm/xcode
    

SwiftCompile normal arm64 /Users/shizihan/DailyUse/Github/InkMarkdown/Packages/Caches/swift-markdown/Sources/Markdown/Inline\ Nodes/Inline\ Containers/Strikethrough.swift (in target 'Markdown' from project 'swift-markdown')
    cd /Users/shizihan/DailyUse/Github/InkMarkdown/.github/fixtures/consumer-smoke/.swiftpm/xcode
    

SwiftCompile normal arm64 /Users/shizihan/DailyUse/Github/InkMarkdown/Packages/Caches/swift-markdown/Sources/Markdown/Inline\ Nodes/Inline\ Containers/Strong.swift (in target 'Markdown' from project 'swift-markdown')
    cd /Users/shizihan/DailyUse/Github/InkMarkdown/.github/fixtures/consumer-smoke/.swiftpm/xcode
    

SwiftCompile normal arm64 /Users/shizihan/DailyUse/Github/InkMarkdown/Packages/Caches/swift-markdown/Sources/Markdown/Inline\ Nodes/Inline\ Leaves/CustomInline.swift (in target 'Markdown' from project 'swift-markdown')
    cd /Users/shizihan/DailyUse/Github/InkMarkdown/.github/fixtures/consumer-smoke/.swiftpm/xcode
    

SwiftCompile normal arm64 /Users/shizihan/DailyUse/Github/InkMarkdown/Packages/Caches/swift-markdown/Sources/Markdown/Inline\ Nodes/Inline\ Leaves/InlineCode.swift (in target 'Markdown' from project 'swift-markdown')
    cd /Users/shizihan/DailyUse/Github/InkMarkdown/.github/fixtures/consumer-smoke/.swiftpm/xcode
    

SwiftCompile normal arm64 /Users/shizihan/DailyUse/Github/InkMarkdown/Packages/Caches/swift-markdown/Sources/Markdown/Inline\ Nodes/Inline\ Leaves/InlineHTML.swift (in target 'Markdown' from project 'swift-markdown')
    cd /Users/shizihan/DailyUse/Github/InkMarkdown/.github/fixtures/consumer-smoke/.swiftpm/xcode
    

SwiftCompile normal arm64 Compiling\ DoxygenNote.swift,\ DoxygenParameter.swift,\ DoxygenReturns.swift,\ ListItem.swift,\ OrderedList.swift,\ UnorderedList.swift,\ Paragraph.swift /Users/shizihan/DailyUse/Github/InkMarkdown/Packages/Caches/swift-markdown/Sources/Markdown/Block\ Nodes/Block\ Container\ Blocks/Doxygen\ Commands/DoxygenNote.swift /Users/shizihan/DailyUse/Github/InkMarkdown/Packages/Caches/swift-markdown/Sources/Markdown/Block\ Nodes/Block\ Container\ Blocks/Doxygen\ Commands/DoxygenParameter.swift /Users/shizihan/DailyUse/Github/InkMarkdown/Packages/Caches/swift-markdown/Sources/Markdown/Block\ Nodes/Block\ Container\ Blocks/Doxygen\ Commands/DoxygenReturns.swift /Users/shizihan/DailyUse/Github/InkMarkdown/Packages/Caches/swift-markdown/Sources/Markdown/Block\ Nodes/Block\ Container\ Blocks/ListItem.swift /Users/shizihan/DailyUse/Github/InkMarkdown/Packages/Caches/swift-markdown/Sources/Markdown/Block\ Nodes/Block\ Container\ Blocks/OrderedList.swift /Users/shizihan/DailyUse/Github/InkMarkdown/Packages/Caches/swift-markdown/Sources/Markdown/Block\ Nodes/Block\ Container\ Blocks/UnorderedList.swift /Users/shizihan/DailyUse/Github/InkMarkdown/Packages/Caches/swift-markdown/Sources/Markdown/Block\ Nodes/Inline\ Container\ Blocks/Paragraph.swift (in target 'Markdown' from project 'swift-markdown')

SwiftCompile normal arm64 /Users/shizihan/DailyUse/Github/InkMarkdown/Packages/Caches/swift-markdown/Sources/Markdown/Block\ Nodes/Block\ Container\ Blocks/Doxygen\ Commands/DoxygenNote.swift (in target 'Markdown' from project 'swift-markdown')
    cd /Users/shizihan/DailyUse/Github/InkMarkdown/.github/fixtures/consumer-smoke/.swiftpm/xcode
    

SwiftCompile normal arm64 /Users/shizihan/DailyUse/Github/InkMarkdown/Packages/Caches/swift-markdown/Sources/Markdown/Block\ Nodes/Block\ Container\ Blocks/Doxygen\ Commands/DoxygenParameter.swift (in target 'Markdown' from project 'swift-markdown')
    cd /Users/shizihan/DailyUse/Github/InkMarkdown/.github/fixtures/consumer-smoke/.swiftpm/xcode
    

SwiftCompile normal arm64 /Users/shizihan/DailyUse/Github/InkMarkdown/Packages/Caches/swift-markdown/Sources/Markdown/Block\ Nodes/Block\ Container\ Blocks/Doxygen\ Commands/DoxygenReturns.swift (in target 'Markdown' from project 'swift-markdown')
    cd /Users/shizihan/DailyUse/Github/InkMarkdown/.github/fixtures/consumer-smoke/.swiftpm/xcode
    

SwiftCompile normal arm64 /Users/shizihan/DailyUse/Github/InkMarkdown/Packages/Caches/swift-markdown/Sources/Markdown/Block\ Nodes/Block\ Container\ Blocks/ListItem.swift (in target 'Markdown' from project 'swift-markdown')
    cd /Users/shizihan/DailyUse/Github/InkMarkdown/.github/fixtures/consumer-smoke/.swiftpm/xcode
    

SwiftCompile normal arm64 /Users/shizihan/DailyUse/Github/InkMarkdown/Packages/Caches/swift-markdown/Sources/Markdown/Block\ Nodes/Block\ Container\ Blocks/OrderedList.swift (in target 'Markdown' from project 'swift-markdown')
    cd /Users/shizihan/DailyUse/Github/InkMarkdown/.github/fixtures/consumer-smoke/.swiftpm/xcode
    

SwiftCompile normal arm64 /Users/shizihan/DailyUse/Github/InkMarkdown/Packages/Caches/swift-markdown/Sources/Markdown/Block\ Nodes/Block\ Container\ Blocks/UnorderedList.swift (in target 'Markdown' from project 'swift-markdown')
    cd /Users/shizihan/DailyUse/Github/InkMarkdown/.github/fixtures/consumer-smoke/.swiftpm/xcode
    

SwiftCompile normal arm64 /Users/shizihan/DailyUse/Github/InkMarkdown/Packages/Caches/swift-markdown/Sources/Markdown/Block\ Nodes/Inline\ Container\ Blocks/Paragraph.swift (in target 'Markdown' from project 'swift-markdown')
    cd /Users/shizihan/DailyUse/Github/InkMarkdown/.github/fixtures/consumer-smoke/.swiftpm/xcode
    

SwiftCompile normal arm64 Compiling\ TableCellContainer.swift,\ TableHead.swift,\ TableRow.swift,\ Replacement.swift,\ SourceLocation.swift,\ Emphasis.swift,\ Image.swift /Users/shizihan/DailyUse/Github/InkMarkdown/Packages/Caches/swift-markdown/Sources/Markdown/Block\ Nodes/Tables/TableCellContainer.swift /Users/shizihan/DailyUse/Github/InkMarkdown/Packages/Caches/swift-markdown/Sources/Markdown/Block\ Nodes/Tables/TableHead.swift /Users/shizihan/DailyUse/Github/InkMarkdown/Packages/Caches/swift-markdown/Sources/Markdown/Block\ Nodes/Tables/TableRow.swift /Users/shizihan/DailyUse/Github/InkMarkdown/Packages/Caches/swift-markdown/Sources/Markdown/Infrastructure/Replacement.swift /Users/shizihan/DailyUse/Github/InkMarkdown/Packages/Caches/swift-markdown/Sources/Markdown/Infrastructure/SourceLocation.swift /Users/shizihan/DailyUse/Github/InkMarkdown/Packages/Caches/swift-markdown/Sources/Markdown/Inline\ Nodes/Inline\ Containers/Emphasis.swift /Users/shizihan/DailyUse/Github/InkMarkdown/Packages/Caches/swift-markdown/Sources/Markdown/Inline\ Nodes/Inline\ Containers/Image.swift (in target 'Markdown' from project 'swift-markdown')

SwiftCompile normal arm64 /Users/shizihan/DailyUse/Github/InkMarkdown/Packages/Caches/swift-markdown/Sources/Markdown/Block\ Nodes/Tables/TableCellContainer.swift (in target 'Markdown' from project 'swift-markdown')
    cd /Users/shizihan/DailyUse/Github/InkMarkdown/.github/fixtures/consumer-smoke/.swiftpm/xcode
    

SwiftCompile normal arm64 /Users/shizihan/DailyUse/Github/InkMarkdown/Packages/Caches/swift-markdown/Sources/Markdown/Block\ Nodes/Tables/TableHead.swift (in target 'Markdown' from project 'swift-markdown')
    cd /Users/shizihan/DailyUse/Github/InkMarkdown/.github/fixtures/consumer-smoke/.swiftpm/xcode
    

SwiftCompile normal arm64 /Users/shizihan/DailyUse/Github/InkMarkdown/Packages/Caches/swift-markdown/Sources/Markdown/Block\ Nodes/Tables/TableRow.swift (in target 'Markdown' from project 'swift-markdown')
    cd /Users/shizihan/DailyUse/Github/InkMarkdown/.github/fixtures/consumer-smoke/.swiftpm/xcode
    

SwiftCompile normal arm64 /Users/shizihan/DailyUse/Github/InkMarkdown/Packages/Caches/swift-markdown/Sources/Markdown/Infrastructure/Replacement.swift (in target 'Markdown' from project 'swift-markdown')
    cd /Users/shizihan/DailyUse/Github/InkMarkdown/.github/fixtures/consumer-smoke/.swiftpm/xcode
    

SwiftCompile normal arm64 /Users/shizihan/DailyUse/Github/InkMarkdown/Packages/Caches/swift-markdown/Sources/Markdown/Infrastructure/SourceLocation.swift (in target 'Markdown' from project 'swift-markdown')
    cd /Users/shizihan/DailyUse/Github/InkMarkdown/.github/fixtures/consumer-smoke/.swiftpm/xcode
    

SwiftCompile normal arm64 /Users/shizihan/DailyUse/Github/InkMarkdown/Packages/Caches/swift-markdown/Sources/Markdown/Inline\ Nodes/Inline\ Containers/Emphasis.swift (in target 'Markdown' from project 'swift-markdown')
    cd /Users/shizihan/DailyUse/Github/InkMarkdown/.github/fixtures/consumer-smoke/.swiftpm/xcode
    

SwiftCompile normal arm64 /Users/shizihan/DailyUse/Github/InkMarkdown/Packages/Caches/swift-markdown/Sources/Markdown/Inline\ Nodes/Inline\ Containers/Image.swift (in target 'Markdown' from project 'swift-markdown')
    cd /Users/shizihan/DailyUse/Github/InkMarkdown/.github/fixtures/consumer-smoke/.swiftpm/xcode
    

SwiftCompile normal arm64 Compiling\ PlainTextConvertibleMarkup.swift,\ RawMarkup.swift,\ BlockDirective.swift,\ BlockQuote.swift,\ CustomBlock.swift,\ DoxygenAbstract.swift,\ DoxygenDiscussion.swift /Users/shizihan/DailyUse/Github/InkMarkdown/Packages/Caches/swift-markdown/Sources/Markdown/Base/PlainTextConvertibleMarkup.swift /Users/shizihan/DailyUse/Github/InkMarkdown/Packages/Caches/swift-markdown/Sources/Markdown/Base/RawMarkup.swift /Users/shizihan/DailyUse/Github/InkMarkdown/Packages/Caches/swift-markdown/Sources/Markdown/Block\ Nodes/Block\ Container\ Blocks/BlockDirective.swift /Users/shizihan/DailyUse/Github/InkMarkdown/Packages/Caches/swift-markdown/Sources/Markdown/Block\ Nodes/Block\ Container\ Blocks/BlockQuote.swift /Users/shizihan/DailyUse/Github/InkMarkdown/Packages/Caches/swift-markdown/Sources/Markdown/Block\ Nodes/Block\ Container\ Blocks/CustomBlock.swift /Users/shizihan/DailyUse/Github/InkMarkdown/Packages/Caches/swift-markdown/Sources/Markdown/Block\ Nodes/Block\ Container\ Blocks/Doxygen\ Commands/DoxygenAbstract.swift /Users/shizihan/DailyUse/Github/InkMarkdown/Packages/Caches/swift-markdown/Sources/Markdown/Block\ Nodes/Block\ Container\ Blocks/Doxygen\ Commands/DoxygenDiscussion.swift (in target 'Markdown' from project 'swift-markdown')

SwiftCompile normal arm64 /Users/shizihan/DailyUse/Github/InkMarkdown/Packages/Caches/swift-markdown/Sources/Markdown/Base/PlainTextConvertibleMarkup.swift (in target 'Markdown' from project 'swift-markdown')
    cd /Users/shizihan/DailyUse/Github/InkMarkdown/.github/fixtures/consumer-smoke/.swiftpm/xcode
    

SwiftCompile normal arm64 /Users/shizihan/DailyUse/Github/InkMarkdown/Packages/Caches/swift-markdown/Sources/Markdown/Base/RawMarkup.swift (in target 'Markdown' from project 'swift-markdown')
    cd /Users/shizihan/DailyUse/Github/InkMarkdown/.github/fixtures/consumer-smoke/.swiftpm/xcode
    

SwiftCompile normal arm64 /Users/shizihan/DailyUse/Github/InkMarkdown/Packages/Caches/swift-markdown/Sources/Markdown/Block\ Nodes/Block\ Container\ Blocks/BlockDirective.swift (in target 'Markdown' from project 'swift-markdown')
    cd /Users/shizihan/DailyUse/Github/InkMarkdown/.github/fixtures/consumer-smoke/.swiftpm/xcode
    

SwiftCompile normal arm64 /Users/shizihan/DailyUse/Github/InkMarkdown/Packages/Caches/swift-markdown/Sources/Markdown/Block\ Nodes/Block\ Container\ Blocks/BlockQuote.swift (in target 'Markdown' from project 'swift-markdown')
    cd /Users/shizihan/DailyUse/Github/InkMarkdown/.github/fixtures/consumer-smoke/.swiftpm/xcode
    

SwiftCompile normal arm64 /Users/shizihan/DailyUse/Github/InkMarkdown/Packages/Caches/swift-markdown/Sources/Markdown/Block\ Nodes/Block\ Container\ Blocks/CustomBlock.swift (in target 'Markdown' from project 'swift-markdown')
    cd /Users/shizihan/DailyUse/Github/InkMarkdown/.github/fixtures/consumer-smoke/.swiftpm/xcode
    

SwiftCompile normal arm64 /Users/shizihan/DailyUse/Github/InkMarkdown/Packages/Caches/swift-markdown/Sources/Markdown/Block\ Nodes/Block\ Container\ Blocks/Doxygen\ Commands/DoxygenAbstract.swift (in target 'Markdown' from project 'swift-markdown')
    cd /Users/shizihan/DailyUse/Github/InkMarkdown/.github/fixtures/consumer-smoke/.swiftpm/xcode
    

SwiftCompile normal arm64 /Users/shizihan/DailyUse/Github/InkMarkdown/Packages/Caches/swift-markdown/Sources/Markdown/Block\ Nodes/Block\ Container\ Blocks/Doxygen\ Commands/DoxygenDiscussion.swift (in target 'Markdown' from project 'swift-markdown')
    cd /Users/shizihan/DailyUse/Github/InkMarkdown/.github/fixtures/consumer-smoke/.swiftpm/xcode
    

SwiftCompile normal arm64 Compiling\ LineBreak.swift,\ SoftBreak.swift,\ SymbolLink.swift,\ Text.swift,\ Aside.swift,\ BlockDirectiveParser.swift,\ CommonMarkConverter.swift /Users/shizihan/DailyUse/Github/InkMarkdown/Packages/Caches/swift-markdown/Sources/Markdown/Inline\ Nodes/Inline\ Leaves/LineBreak.swift /Users/shizihan/DailyUse/Github/InkMarkdown/Packages/Caches/swift-markdown/Sources/Markdown/Inline\ Nodes/Inline\ Leaves/SoftBreak.swift /Users/shizihan/DailyUse/Github/InkMarkdown/Packages/Caches/swift-markdown/Sources/Markdown/Inline\ Nodes/Inline\ Leaves/SymbolLink.swift /Users/shizihan/DailyUse/Github/InkMarkdown/Packages/Caches/swift-markdown/Sources/Markdown/Inline\ Nodes/Inline\ Leaves/Text.swift /Users/shizihan/DailyUse/Github/InkMarkdown/Packages/Caches/swift-markdown/Sources/Markdown/Interpretive\ Nodes/Aside.swift /Users/shizihan/DailyUse/Github/InkMarkdown/Packages/Caches/swift-markdown/Sources/Markdown/Parser/BlockDirectiveParser.swift /Users/shizihan/DailyUse/Github/InkMarkdown/Packages/Caches/swift-markdown/Sources/Markdown/Parser/CommonMarkConverter.swift (in target 'Markdown' from project 'swift-markdown')
SwiftCompile normal arm64 /Users/shizihan/DailyUse/Github/InkMarkdown/Packages/Caches/swift-markdown/Sources/Markdown/Inline\ Nodes/Inline\ Leaves/LineBreak.swift (in target 'Markdown' from project 'swift-markdown')
    cd /Users/shizihan/DailyUse/Github/InkMarkdown/.github/fixtures/consumer-smoke/.swiftpm/xcode
    

SwiftCompile normal arm64 /Users/shizihan/DailyUse/Github/InkMarkdown/Packages/Caches/swift-markdown/Sources/Markdown/Inline\ Nodes/Inline\ Leaves/SoftBreak.swift (in target 'Markdown' from project 'swift-markdown')
    cd /Users/shizihan/DailyUse/Github/InkMarkdown/.github/fixtures/consumer-smoke/.swiftpm/xcode
    

SwiftCompile normal arm64 /Users/shizihan/DailyUse/Github/InkMarkdown/Packages/Caches/swift-markdown/Sources/Markdown/Inline\ Nodes/Inline\ Leaves/SymbolLink.swift (in target 'Markdown' from project 'swift-markdown')
    cd /Users/shizihan/DailyUse/Github/InkMarkdown/.github/fixtures/consumer-smoke/.swiftpm/xcode
    

SwiftCompile normal arm64 /Users/shizihan/DailyUse/Github/InkMarkdown/Packages/Caches/swift-markdown/Sources/Markdown/Inline\ Nodes/Inline\ Leaves/Text.swift (in target 'Markdown' from project 'swift-markdown')
    cd /Users/shizihan/DailyUse/Github/InkMarkdown/.github/fixtures/consumer-smoke/.swiftpm/xcode
    

SwiftCompile normal arm64 /Users/shizihan/DailyUse/Github/InkMarkdown/Packages/Caches/swift-markdown/Sources/Markdown/Interpretive\ Nodes/Aside.swift (in target 'Markdown' from project 'swift-markdown')
    cd /Users/shizihan/DailyUse/Github/InkMarkdown/.github/fixtures/consumer-smoke/.swiftpm/xcode
    

SwiftCompile normal arm64 /Users/shizihan/DailyUse/Github/InkMarkdown/Packages/Caches/swift-markdown/Sources/Markdown/Parser/BlockDirectiveParser.swift (in target 'Markdown' from project 'swift-markdown')
    cd /Users/shizihan/DailyUse/Github/InkMarkdown/.github/fixtures/consumer-smoke/.swiftpm/xcode
    

SwiftCompile normal arm64 /Users/shizihan/DailyUse/Github/InkMarkdown/Packages/Caches/swift-markdown/Sources/Markdown/Parser/CommonMarkConverter.swift (in target 'Markdown' from project 'swift-markdown')
    cd /Users/shizihan/DailyUse/Github/InkMarkdown/.github/fixtures/consumer-smoke/.swiftpm/xcode
    

SwiftCompile normal arm64 Compiling\ ChildIndexPath.swift,\ DirectiveArgument.swift,\ Document.swift,\ LiteralMarkup.swift,\ Markup.swift,\ MarkupChildren.swift,\ MarkupData.swift /Users/shizihan/DailyUse/Github/InkMarkdown/Packages/Caches/swift-markdown/Sources/Markdown/Base/ChildIndexPath.swift /Users/shizihan/DailyUse/Github/InkMarkdown/Packages/Caches/swift-markdown/Sources/Markdown/Base/DirectiveArgument.swift /Users/shizihan/DailyUse/Github/InkMarkdown/Packages/Caches/swift-markdown/Sources/Markdown/Base/Document.swift /Users/shizihan/DailyUse/Github/InkMarkdown/Packages/Caches/swift-markdown/Sources/Markdown/Base/LiteralMarkup.swift /Users/shizihan/DailyUse/Github/InkMarkdown/Packages/Caches/swift-markdown/Sources/Markdown/Base/Markup.swift /Users/shizihan/DailyUse/Github/InkMarkdown/Packages/Caches/swift-markdown/Sources/Markdown/Base/MarkupChildren.swift /Users/shizihan/DailyUse/Github/InkMarkdown/Packages/Caches/swift-markdown/Sources/Markdown/Base/MarkupData.swift (in target 'Markdown' from project 'swift-markdown')

SwiftCompile normal arm64 /Users/shizihan/DailyUse/Github/InkMarkdown/Packages/Caches/swift-markdown/Sources/Markdown/Base/ChildIndexPath.swift (in target 'Markdown' from project 'swift-markdown')
    cd /Users/shizihan/DailyUse/Github/InkMarkdown/.github/fixtures/consumer-smoke/.swiftpm/xcode
    

SwiftCompile normal arm64 /Users/shizihan/DailyUse/Github/InkMarkdown/Packages/Caches/swift-markdown/Sources/Markdown/Base/DirectiveArgument.swift (in target 'Markdown' from project 'swift-markdown')
    cd /Users/shizihan/DailyUse/Github/InkMarkdown/.github/fixtures/consumer-smoke/.swiftpm/xcode
    

SwiftCompile normal arm64 /Users/shizihan/DailyUse/Github/InkMarkdown/Packages/Caches/swift-markdown/Sources/Markdown/Base/Document.swift (in target 'Markdown' from project 'swift-markdown')
    cd /Users/shizihan/DailyUse/Github/InkMarkdown/.github/fixtures/consumer-smoke/.swiftpm/xcode
    

SwiftCompile normal arm64 /Users/shizihan/DailyUse/Github/InkMarkdown/Packages/Caches/swift-markdown/Sources/Markdown/Base/LiteralMarkup.swift (in target 'Markdown' from project 'swift-markdown')
    cd /Users/shizihan/DailyUse/Github/InkMarkdown/.github/fixtures/consumer-smoke/.swiftpm/xcode
    

SwiftCompile normal arm64 /Users/shizihan/DailyUse/Github/InkMarkdown/Packages/Caches/swift-markdown/Sources/Markdown/Base/Markup.swift (in target 'Markdown' from project 'swift-markdown')
    cd /Users/shizihan/DailyUse/Github/InkMarkdown/.github/fixtures/consumer-smoke/.swiftpm/xcode
    

SwiftCompile normal arm64 /Users/shizihan/DailyUse/Github/InkMarkdown/Packages/Caches/swift-markdown/Sources/Markdown/Base/MarkupChildren.swift (in target 'Markdown' from project 'swift-markdown')
    cd /Users/shizihan/DailyUse/Github/InkMarkdown/.github/fixtures/consumer-smoke/.swiftpm/xcode
    

SwiftCompile normal arm64 /Users/shizihan/DailyUse/Github/InkMarkdown/Packages/Caches/swift-markdown/Sources/Markdown/Base/MarkupData.swift (in target 'Markdown' from project 'swift-markdown')
    cd /Users/shizihan/DailyUse/Github/InkMarkdown/.github/fixtures/consumer-smoke/.swiftpm/xcode
    

SwiftCompile normal arm64 Compiling\ CodeBlock.swift,\ HTMLBlock.swift,\ Heading.swift,\ ThematicBreak.swift,\ Table.swift,\ TableBody.swift,\ TableCell.swift /Users/shizihan/DailyUse/Github/InkMarkdown/Packages/Caches/swift-markdown/Sources/Markdown/Block\ Nodes/Leaf\ Blocks/CodeBlock.swift /Users/shizihan/DailyUse/Github/InkMarkdown/Packages/Caches/swift-markdown/Sources/Markdown/Block\ Nodes/Leaf\ Blocks/HTMLBlock.swift /Users/shizihan/DailyUse/Github/InkMarkdown/Packages/Caches/swift-markdown/Sources/Markdown/Block\ Nodes/Leaf\ Blocks/Heading.swift /Users/shizihan/DailyUse/Github/InkMarkdown/Packages/Caches/swift-markdown/Sources/Markdown/Block\ Nodes/Leaf\ Blocks/ThematicBreak.swift /Users/shizihan/DailyUse/Github/InkMarkdown/Packages/Caches/swift-markdown/Sources/Markdown/Block\ Nodes/Tables/Table.swift /Users/shizihan/DailyUse/Github/InkMarkdown/Packages/Caches/swift-markdown/Sources/Markdown/Block\ Nodes/Tables/TableBody.swift /Users/shizihan/DailyUse/Github/InkMarkdown/Packages/Caches/swift-markdown/Sources/Markdown/Block\ Nodes/Tables/TableCell.swift (in target 'Markdown' from project 'swift-markdown')

SwiftCompile normal arm64 /Users/shizihan/DailyUse/Github/InkMarkdown/Packages/Caches/swift-markdown/Sources/Markdown/Block\ Nodes/Leaf\ Blocks/CodeBlock.swift (in target 'Markdown' from project 'swift-markdown')
    cd /Users/shizihan/DailyUse/Github/InkMarkdown/.github/fixtures/consumer-smoke/.swiftpm/xcode
    

SwiftCompile normal arm64 /Users/shizihan/DailyUse/Github/InkMarkdown/Packages/Caches/swift-markdown/Sources/Markdown/Block\ Nodes/Leaf\ Blocks/HTMLBlock.swift (in target 'Markdown' from project 'swift-markdown')
    cd /Users/shizihan/DailyUse/Github/InkMarkdown/.github/fixtures/consumer-smoke/.swiftpm/xcode
    

SwiftCompile normal arm64 /Users/shizihan/DailyUse/Github/InkMarkdown/Packages/Caches/swift-markdown/Sources/Markdown/Block\ Nodes/Leaf\ Blocks/Heading.swift (in target 'Markdown' from project 'swift-markdown')
    cd /Users/shizihan/DailyUse/Github/InkMarkdown/.github/fixtures/consumer-smoke/.swiftpm/xcode
    

SwiftCompile normal arm64 /Users/shizihan/DailyUse/Github/InkMarkdown/Packages/Caches/swift-markdown/Sources/Markdown/Block\ Nodes/Leaf\ Blocks/ThematicBreak.swift (in target 'Markdown' from project 'swift-markdown')
    cd /Users/shizihan/DailyUse/Github/InkMarkdown/.github/fixtures/consumer-smoke/.swiftpm/xcode
    

SwiftCompile normal arm64 /Users/shizihan/DailyUse/Github/InkMarkdown/Packages/Caches/swift-markdown/Sources/Markdown/Block\ Nodes/Tables/Table.swift (in target 'Markdown' from project 'swift-markdown')
    cd /Users/shizihan/DailyUse/Github/InkMarkdown/.github/fixtures/consumer-smoke/.swiftpm/xcode
    

SwiftCompile normal arm64 /Users/shizihan/DailyUse/Github/InkMarkdown/Packages/Caches/swift-markdown/Sources/Markdown/Block\ Nodes/Tables/TableBody.swift (in target 'Markdown' from project 'swift-markdown')
    cd /Users/shizihan/DailyUse/Github/InkMarkdown/.github/fixtures/consumer-smoke/.swiftpm/xcode
    

SwiftCompile normal arm64 /Users/shizihan/DailyUse/Github/InkMarkdown/Packages/Caches/swift-markdown/Sources/Markdown/Block\ Nodes/Tables/TableCell.swift (in target 'Markdown' from project 'swift-markdown')
    cd /Users/shizihan/DailyUse/Github/InkMarkdown/.github/fixtures/consumer-smoke/.swiftpm/xcode
    

CompileC /Users/shizihan/DailyUse/Github/InkMarkdown/.scratch/architecture-deepening-2026-09-07/evidence/20260907-1415-ticket-27/consumer/DerivedData-InkMarkdownLaTeXConsumer/Build/Intermediates.noindex/iosMath.build/Debug-iphonesimulator/iosMath.build/Objects-normal/arm64/UIColor+HexString.o /Users/shizihan/DailyUse/Github/InkMarkdown/Packages/Caches/iosMath/iosMath/render/UIColor+HexString.m normal arm64 objective-c com.apple.compilers.llvm.clang.1_0.compiler (in target 'iosMath' from project 'iosMath')
    cd /Users/shizihan/DailyUse/Github/InkMarkdown/.github/fixtures/consumer-smoke/.swiftpm/xcode
    
    Using response file: /Users/shizihan/DailyUse/Github/InkMarkdown/.scratch/architecture-deepening-2026-09-07/evidence/20260907-1415-ticket-27/consumer/DerivedData-InkMarkdownLaTeXConsumer/Build/Intermediates.noindex/iosMath.build/Debug-iphonesimulator/iosMath.build/Objects-normal/arm64/e6072d4f65d7061329687fe24e3d63a7-common-args.resp
    
    /Applications/Xcode.app/Contents/Developer/Toolchains/XcodeDefault.xctoolchain/usr/bin/clang -x objective-c -ivfsstatcache /Users/shizihan/DailyUse/Github/InkMarkdown/.scratch/architecture-deepening-2026-09-07/evidence/20260907-1415-ticket-27/consumer/DerivedData-InkMarkdownLaTeXConsumer/SDKStatCaches.noindex/iphonesimulator26.5-23F81a-6cfe768891a92b912361537c460fe42b.sdkstatcache -target arm64-apple-ios13.0-simulator -fmessage-length\=0 -fdiagnostics-show-note-include-stack -fmacro-backtrace-limit\=0 -fno-color-diagnostics -fmodules-prune-interval\=86400 -fmodules-prune-after\=345600 -fbuild-session-file\=/Users/shizihan/DailyUse/Github/InkMarkdown/.scratch/architecture-deepening-2026-09-07/evidence/20260907-1415-ticket-27/consumer/DerivedData-InkMarkdownLaTeXConsumer/ModuleCache.noindex/Session.modulevalidation -fmodules-validate-once-per-build-session -Wnon-modular-include-in-framework-module -Werror\=non-modular-include-in-framework-module -Wno-trigraphs -Wno-missing-field-initializers -Wno-missing-prototypes -Wno-return-type -Wno-implicit-atomic-properties -Wno-objc-interface-ivars -Wno-arc-repeated-use-of-weak -Wno-missing-braces -Wparentheses -Wswitch -Wno-unused-function -Wno-unused-label -Wno-unused-parameter -Wno-unused-variable -Wunused-value -Wno-empty-body -Wno-uninitialized -Wno-unknown-pragmas -w -Wno-shadow -Wno-four-char-constants -Wno-conversion -Wno-constant-conversion -Wno-int-conversion -Wno-bool-conversion -Wno-enum-conversion -Wno-float-conversion -Wno-non-literal-null-conversion -Wno-objc-literal-conversion -Wshorten-64-to-32 -Wpointer-sign -Wno-newline-eof -Wno-selector -Wno-strict-selector-match -Wno-undeclared-selector -Wno-deprecated-implementations -Wno-implicit-fallthrough -isysroot /Applications/Xcode.app/Contents/Developer/Platforms/iPhoneSimulator.platform/Developer/SDKs/iPhoneSimulator26.5.sdk -fstrict-aliasing -Wprotocol -Wdeprecated-declarations -Wno-sign-conversion -Wno-infinite-recursion -Wno-comma -Wno-block-capture-autoreleasing -Wno-strict-prototypes -Wno-semicolon-before-method-body -index-store-path /Users/shizihan/DailyUse/Github/InkMarkdown/.scratch/architecture-deepening-2026-09-07/evidence/20260907-1415-ticket-27/consumer/DerivedData-InkMarkdownLaTeXConsumer/Index.noindex/DataStore @/Users/shizihan/DailyUse/Github/InkMarkdown/.scratch/architecture-deepening-2026-09-07/evidence/20260907-1415-ticket-27/consumer/DerivedData-InkMarkdownLaTeXConsumer/Build/Intermediates.noindex/iosMath.build/Debug-iphonesimulator/iosMath.build/Objects-normal/arm64/e6072d4f65d7061329687fe24e3d63a7-common-args.resp -include /Users/shizihan/DailyUse/Github/InkMarkdown/.scratch/architecture-deepening-2026-09-07/evidence/20260907-1415-ticket-27/consumer/DerivedData-InkMarkdownLaTeXConsumer/Build/Intermediates.noindex/iosMath.build/Debug-iphonesimulator/iosMath.build/DerivedSources/resource_bundle_accessor.h -MMD -MT dependencies -MF /Users/shizihan/DailyUse/Github/InkMarkdown/.scratch/architecture-deepening-2026-09-07/evidence/20260907-1415-ticket-27/consumer/DerivedData-InkMarkdownLaTeXConsumer/Build/Intermediates.noindex/iosMath.build/Debug-iphonesimulator/iosMath.build/Objects-normal/arm64/UIColor+HexString.d --serialize-diagnostics /Users/shizihan/DailyUse/Github/InkMarkdown/.scratch/architecture-deepening-2026-09-07/evidence/20260907-1415-ticket-27/consumer/DerivedData-InkMarkdownLaTeXConsumer/Build/Intermediates.noindex/iosMath.build/Debug-iphonesimulator/iosMath.build/Objects-normal/arm64/UIColor+HexString.dia -c /Users/shizihan/DailyUse/Github/InkMarkdown/Packages/Caches/iosMath/iosMath/render/UIColor+HexString.m -o /Users/shizihan/DailyUse/Github/InkMarkdown/.scratch/architecture-deepening-2026-09-07/evidence/20260907-1415-ticket-27/consumer/DerivedData-InkMarkdownLaTeXConsumer/Build/Intermediates.noindex/iosMath.build/Debug-iphonesimulator/iosMath.build/Objects-normal/arm64/UIColor+HexString.o -index-unit-output-path /iosMath.build/Debug-iphonesimulator/iosMath.build/Objects-normal/arm64/UIColor+HexString.o

SwiftDriverJobDiscovery normal arm64 Emitting module for Markdown (in target 'Markdown' from project 'swift-markdown')

SwiftDriver\ Compilation\ Requirements Markdown normal arm64 com.apple.xcode.tools.swift.compiler (in target 'Markdown' from project 'swift-markdown')
    cd /Users/shizihan/DailyUse/Github/InkMarkdown/.github/fixtures/consumer-smoke/.swiftpm/xcode
    builtin-Swift-Compilation-Requirements -- /Applications/Xcode.app/Contents/Developer/Toolchains/XcodeDefault.xctoolchain/usr/bin/swiftc -module-name Markdown -Onone @/Users/shizihan/DailyUse/Github/InkMarkdown/.scratch/architecture-deepening-2026-09-07/evidence/20260907-1415-ticket-27/consumer/DerivedData-InkMarkdownLaTeXConsumer/Build/Intermediates.noindex/swift-markdown.build/Debug-iphonesimulator/Markdown.build/Objects-normal/arm64/Markdown.SwiftFileList -DSWIFT_PACKAGE -DDEBUG -DSWIFT_MODULE_RESOURCE_BUNDLE_UNAVAILABLE -DXcode -plugin-path /Applications/Xcode.app/Contents/Developer/Toolchains/XcodeDefault.xctoolchain/usr/lib/swift/host/plugins/testing -enable-experimental-feature DebugDescriptionMacro -sdk /Applications/Xcode.app/Contents/Developer/Platforms/iPhoneSimulator.platform/Developer/SDKs/iPhoneSimulator26.5.sdk -target arm64-apple-ios12.0-simulator -g -module-cache-path /Users/shizihan/DailyUse/Github/InkMarkdown/.scratch/architecture-deepening-2026-09-07/evidence/20260907-1415-ticket-27/consumer/DerivedData-InkMarkdownLaTeXConsumer/ModuleCache.noindex -Xfrontend -serialize-debugging-options -enable-testing -suppress-warnings -index-store-path /Users/shizihan/DailyUse/Github/InkMarkdown/.scratch/architecture-deepening-2026-09-07/evidence/20260907-1415-ticket-27/consumer/DerivedData-InkMarkdownLaTeXConsumer/Index.noindex/DataStore -Xcc -D_LIBCPP_HARDENING_MODE\=_LIBCPP_HARDENING_MODE_DEBUG -swift-version 5 -I /Users/shizihan/DailyUse/Github/InkMarkdown/.scratch/architecture-deepening-2026-09-07/evidence/20260907-1415-ticket-27/consumer/DerivedData-InkMarkdownLaTeXConsumer/Build/Products/Debug-iphonesimulator -Isystem /Applications/Xcode.app/Contents/Developer/Platforms/iPhoneSimulator.platform/Developer/usr/lib -F /Users/shizihan/DailyUse/Github/InkMarkdown/.scratch/architecture-deepening-2026-09-07/evidence/20260907-1415-ticket-27/consumer/DerivedData-InkMarkdownLaTeXConsumer/Build/Products/Debug-iphonesimulator/PackageFrameworks -F /Users/shizihan/DailyUse/Github/InkMarkdown/.scratch/architecture-deepening-2026-09-07/evidence/20260907-1415-ticket-27/consumer/DerivedData-InkMarkdownLaTeXConsumer/Build/Products/Debug-iphonesimulator/PackageFrameworks -F /Users/shizihan/DailyUse/Github/InkMarkdown/.scratch/architecture-deepening-2026-09-07/evidence/20260907-1415-ticket-27/consumer/DerivedData-InkMarkdownLaTeXConsumer/Build/Products/Debug-iphonesimulator/PackageFrameworks -F /Users/shizihan/DailyUse/Github/InkMarkdown/.scratch/architecture-deepening-2026-09-07/evidence/20260907-1415-ticket-27/consumer/DerivedData-InkMarkdownLaTeXConsumer/Build/Products/Debug-iphonesimulator -F /Applications/Xcode.app/Contents/Developer/Platforms/iPhoneSimulator.platform/Developer/Library/Frameworks -F /Applications/Xcode.app/Contents/Developer/Platforms/iPhoneSimulator.platform/Developer/SDKs/iPhoneSimulator26.5.sdk/Developer/Library/Frameworks -c -j10 -enable-batch-mode -incremental -Xcc -ivfsstatcache -Xcc /Users/shizihan/DailyUse/Github/InkMarkdown/.scratch/architecture-deepening-2026-09-07/evidence/20260907-1415-ticket-27/consumer/DerivedData-InkMarkdownLaTeXConsumer/SDKStatCaches.noindex/iphonesimulator26.5-23F81a-6cfe768891a92b912361537c460fe42b.sdkstatcache -output-file-map /Users/shizihan/DailyUse/Github/InkMarkdown/.scratch/architecture-deepening-2026-09-07/evidence/20260907-1415-ticket-27/consumer/DerivedData-InkMarkdownLaTeXConsumer/Build/Intermediates.noindex/swift-markdown.build/Debug-iphonesimulator/Markdown.build/Objects-normal/arm64/Markdown-OutputFileMap.json -use-frontend-parseable-output -save-temps -no-color-diagnostics -explicit-module-build -module-cache-path /Users/shizihan/DailyUse/Github/InkMarkdown/.scratch/architecture-deepening-2026-09-07/evidence/20260907-1415-ticket-27/consumer/DerivedData-InkMarkdownLaTeXConsumer/Build/Intermediates.noindex/SwiftExplicitPrecompiledModules -clang-scanner-module-cache-path /Users/shizihan/DailyUse/Github/InkMarkdown/.scratch/architecture-deepening-2026-09-07/evidence/20260907-1415-ticket-27/consumer/DerivedData-InkMarkdownLaTeXConsumer/ModuleCache.noindex -sdk-module-cache-path /Users/shizihan/DailyUse/Github/InkMarkdown/.scratch/architecture-deepening-2026-09-07/evidence/20260907-1415-ticket-27/consumer/DerivedData-InkMarkdownLaTeXConsumer/ModuleCache.noindex -serialize-diagnostics -emit-dependencies -emit-module -emit-module-path /Users/shizihan/DailyUse/Github/InkMarkdown/.scratch/architecture-deepening-2026-09-07/evidence/20260907-1415-ticket-27/consumer/DerivedData-InkMarkdownLaTeXConsumer/Build/Intermediates.noindex/swift-markdown.build/Debug-iphonesimulator/Markdown.build/Objects-normal/arm64/Markdown.swiftmodule -validate-clang-modules-once -clang-build-session-file /Users/shizihan/DailyUse/Github/InkMarkdown/.scratch/architecture-deepening-2026-09-07/evidence/20260907-1415-ticket-27/consumer/DerivedData-InkMarkdownLaTeXConsumer/ModuleCache.noindex/Session.modulevalidation -package-name swift_markdown -Xcc -I/Users/shizihan/DailyUse/Github/InkMarkdown/.scratch/architecture-deepening-2026-09-07/evidence/20260907-1415-ticket-27/consumer/DerivedData-InkMarkdownLaTeXConsumer/Build/Intermediates.noindex/swift-markdown.build/Debug-iphonesimulator/Markdown.build/swift-overrides.hmap -emit-const-values -Xfrontend -const-gather-protocols-file -Xfrontend /Users/shizihan/DailyUse/Github/InkMarkdown/.scratch/architecture-deepening-2026-09-07/evidence/20260907-1415-ticket-27/consumer/DerivedData-InkMarkdownLaTeXConsumer/Build/Intermediates.noindex/swift-markdown.build/Debug-iphonesimulator/Markdown.build/Objects-normal/arm64/Markdown_const_extract_protocols.json -Xcc -I/Users/shizihan/DailyUse/Github/InkMarkdown/Packages/Caches/swift-cmark/src/include -Xcc -I/Users/shizihan/DailyUse/Github/InkMarkdown/Packages/Caches/swift-cmark/extensions/include -Xcc -I/Users/shizihan/DailyUse/Github/InkMarkdown/Packages/Caches/swift-markdown/Sources/CAtomic/include -Xcc -I/Users/shizihan/DailyUse/Github/InkMarkdown/.scratch/architecture-deepening-2026-09-07/evidence/20260907-1415-ticket-27/consumer/DerivedData-InkMarkdownLaTeXConsumer/Build/Products/Debug-iphonesimulator/include -Xcc -I/Users/shizihan/DailyUse/Github/InkMarkdown/.scratch/architecture-deepening-2026-09-07/evidence/20260907-1415-ticket-27/consumer/DerivedData-InkMarkdownLaTeXConsumer/Build/Intermediates.noindex/swift-markdown.build/Debug-iphonesimulator/Markdown.build/DerivedSources-normal/arm64 -Xcc -I/Users/shizihan/DailyUse/Github/InkMarkdown/.scratch/architecture-deepening-2026-09-07/evidence/20260907-1415-ticket-27/consumer/DerivedData-InkMarkdownLaTeXConsumer/Build/Intermediates.noindex/swift-markdown.build/Debug-iphonesimulator/Markdown.build/DerivedSources/arm64 -Xcc -I/Users/shizihan/DailyUse/Github/InkMarkdown/.scratch/architecture-deepening-2026-09-07/evidence/20260907-1415-ticket-27/consumer/DerivedData-InkMarkdownLaTeXConsumer/Build/Intermediates.noindex/swift-markdown.build/Debug-iphonesimulator/Markdown.build/DerivedSources -Xcc -DSWIFT_PACKAGE -Xcc -DDEBUG\=1 -emit-objc-header -emit-objc-header-path /Users/shizihan/DailyUse/Github/InkMarkdown/.scratch/architecture-deepening-2026-09-07/evidence/20260907-1415-ticket-27/consumer/DerivedData-InkMarkdownLaTeXConsumer/Build/Intermediates.noindex/swift-markdown.build/Debug-iphonesimulator/Markdown.build/Objects-normal/arm64/Markdown-Swift.h -working-directory /Users/shizihan/DailyUse/Github/InkMarkdown/.github/fixtures/consumer-smoke/.swiftpm/xcode -experimental-emit-module-separately -disable-cmo

CompileC /Users/shizihan/DailyUse/Github/InkMarkdown/.scratch/architecture-deepening-2026-09-07/evidence/20260907-1415-ticket-27/consumer/DerivedData-InkMarkdownLaTeXConsumer/Build/Intermediates.noindex/iosMath.build/Debug-iphonesimulator/iosMath.build/Objects-normal/arm64/MTTypesetter.o /Users/shizihan/DailyUse/Github/InkMarkdown/Packages/Caches/iosMath/iosMath/render/internal/MTTypesetter.m normal arm64 objective-c com.apple.compilers.llvm.clang.1_0.compiler (in target 'iosMath' from project 'iosMath')
    cd /Users/shizihan/DailyUse/Github/InkMarkdown/.github/fixtures/consumer-smoke/.swiftpm/xcode
    
    Using response file: /Users/shizihan/DailyUse/Github/InkMarkdown/.scratch/architecture-deepening-2026-09-07/evidence/20260907-1415-ticket-27/consumer/DerivedData-InkMarkdownLaTeXConsumer/Build/Intermediates.noindex/iosMath.build/Debug-iphonesimulator/iosMath.build/Objects-normal/arm64/e6072d4f65d7061329687fe24e3d63a7-common-args.resp
    
    /Applications/Xcode.app/Contents/Developer/Toolchains/XcodeDefault.xctoolchain/usr/bin/clang -x objective-c -ivfsstatcache /Users/shizihan/DailyUse/Github/InkMarkdown/.scratch/architecture-deepening-2026-09-07/evidence/20260907-1415-ticket-27/consumer/DerivedData-InkMarkdownLaTeXConsumer/SDKStatCaches.noindex/iphonesimulator26.5-23F81a-6cfe768891a92b912361537c460fe42b.sdkstatcache -target arm64-apple-ios13.0-simulator -fmessage-length\=0 -fdiagnostics-show-note-include-stack -fmacro-backtrace-limit\=0 -fno-color-diagnostics -fmodules-prune-interval\=86400 -fmodules-prune-after\=345600 -fbuild-session-file\=/Users/shizihan/DailyUse/Github/InkMarkdown/.scratch/architecture-deepening-2026-09-07/evidence/20260907-1415-ticket-27/consumer/DerivedData-InkMarkdownLaTeXConsumer/ModuleCache.noindex/Session.modulevalidation -fmodules-validate-once-per-build-session -Wnon-modular-include-in-framework-module -Werror\=non-modular-include-in-framework-module -Wno-trigraphs -Wno-missing-field-initializers -Wno-missing-prototypes -Wno-return-type -Wno-implicit-atomic-properties -Wno-objc-interface-ivars -Wno-arc-repeated-use-of-weak -Wno-missing-braces -Wparentheses -Wswitch -Wno-unused-function -Wno-unused-label -Wno-unused-parameter -Wno-unused-variable -Wunused-value -Wno-empty-body -Wno-uninitialized -Wno-unknown-pragmas -w -Wno-shadow -Wno-four-char-constants -Wno-conversion -Wno-constant-conversion -Wno-int-conversion -Wno-bool-conversion -Wno-enum-conversion -Wno-float-conversion -Wno-non-literal-null-conversion -Wno-objc-literal-conversion -Wshorten-64-to-32 -Wpointer-sign -Wno-newline-eof -Wno-selector -Wno-strict-selector-match -Wno-undeclared-selector -Wno-deprecated-implementations -Wno-implicit-fallthrough -isysroot /Applications/Xcode.app/Contents/Developer/Platforms/iPhoneSimulator.platform/Developer/SDKs/iPhoneSimulator26.5.sdk -fstrict-aliasing -Wprotocol -Wdeprecated-declarations -Wno-sign-conversion -Wno-infinite-recursion -Wno-comma -Wno-block-capture-autoreleasing -Wno-strict-prototypes -Wno-semicolon-before-method-body -index-store-path /Users/shizihan/DailyUse/Github/InkMarkdown/.scratch/architecture-deepening-2026-09-07/evidence/20260907-1415-ticket-27/consumer/DerivedData-InkMarkdownLaTeXConsumer/Index.noindex/DataStore @/Users/shizihan/DailyUse/Github/InkMarkdown/.scratch/architecture-deepening-2026-09-07/evidence/20260907-1415-ticket-27/consumer/DerivedData-InkMarkdownLaTeXConsumer/Build/Intermediates.noindex/iosMath.build/Debug-iphonesimulator/iosMath.build/Objects-normal/arm64/e6072d4f65d7061329687fe24e3d63a7-common-args.resp -include /Users/shizihan/DailyUse/Github/InkMarkdown/.scratch/architecture-deepening-2026-09-07/evidence/20260907-1415-ticket-27/consumer/DerivedData-InkMarkdownLaTeXConsumer/Build/Intermediates.noindex/iosMath.build/Debug-iphonesimulator/iosMath.build/DerivedSources/resource_bundle_accessor.h -MMD -MT dependencies -MF /Users/shizihan/DailyUse/Github/InkMarkdown/.scratch/architecture-deepening-2026-09-07/evidence/20260907-1415-ticket-27/consumer/DerivedData-InkMarkdownLaTeXConsumer/Build/Intermediates.noindex/iosMath.build/Debug-iphonesimulator/iosMath.build/Objects-normal/arm64/MTTypesetter.d --serialize-diagnostics /Users/shizihan/DailyUse/Github/InkMarkdown/.scratch/architecture-deepening-2026-09-07/evidence/20260907-1415-ticket-27/consumer/DerivedData-InkMarkdownLaTeXConsumer/Build/Intermediates.noindex/iosMath.build/Debug-iphonesimulator/iosMath.build/Objects-normal/arm64/MTTypesetter.dia -c /Users/shizihan/DailyUse/Github/InkMarkdown/Packages/Caches/iosMath/iosMath/render/internal/MTTypesetter.m -o /Users/shizihan/DailyUse/Github/InkMarkdown/.scratch/architecture-deepening-2026-09-07/evidence/20260907-1415-ticket-27/consumer/DerivedData-InkMarkdownLaTeXConsumer/Build/Intermediates.noindex/iosMath.build/Debug-iphonesimulator/iosMath.build/Objects-normal/arm64/MTTypesetter.o -index-unit-output-path /iosMath.build/Debug-iphonesimulator/iosMath.build/Objects-normal/arm64/MTTypesetter.o

SwiftMergeGeneratedHeaders /Users/shizihan/DailyUse/Github/InkMarkdown/.scratch/architecture-deepening-2026-09-07/evidence/20260907-1415-ticket-27/consumer/DerivedData-InkMarkdownLaTeXConsumer/Build/Intermediates.noindex/GeneratedModuleMaps-iphonesimulator/Markdown-Swift.h /Users/shizihan/DailyUse/Github/InkMarkdown/.scratch/architecture-deepening-2026-09-07/evidence/20260907-1415-ticket-27/consumer/DerivedData-InkMarkdownLaTeXConsumer/Build/Intermediates.noindex/swift-markdown.build/Debug-iphonesimulator/Markdown.build/Objects-normal/arm64/Markdown-Swift.h (in target 'Markdown' from project 'swift-markdown')
    cd /Users/shizihan/DailyUse/Github/InkMarkdown/Packages/Caches/swift-markdown
    builtin-swiftHeaderTool -arch arm64 /Users/shizihan/DailyUse/Github/InkMarkdown/.scratch/architecture-deepening-2026-09-07/evidence/20260907-1415-ticket-27/consumer/DerivedData-InkMarkdownLaTeXConsumer/Build/Intermediates.noindex/swift-markdown.build/Debug-iphonesimulator/Markdown.build/Objects-normal/arm64/Markdown-Swift.h -o /Users/shizihan/DailyUse/Github/InkMarkdown/.scratch/architecture-deepening-2026-09-07/evidence/20260907-1415-ticket-27/consumer/DerivedData-InkMarkdownLaTeXConsumer/Build/Intermediates.noindex/GeneratedModuleMaps-iphonesimulator/Markdown-Swift.h

SwiftDriverJobDiscovery normal arm64 Compiling BlockContainer.swift, BlockMarkup.swift, InlineContainer.swift, InlineMarkup.swift, ListItemContainer.swift, AtomicCounter.swift, CharacterExtensions.swift (in target 'Markdown' from project 'swift-markdown')

Copy /Users/shizihan/DailyUse/Github/InkMarkdown/.scratch/architecture-deepening-2026-09-07/evidence/20260907-1415-ticket-27/consumer/DerivedData-InkMarkdownLaTeXConsumer/Build/Products/Debug-iphonesimulator/Markdown.swiftmodule/arm64-apple-ios-simulator.swiftmodule /Users/shizihan/DailyUse/Github/InkMarkdown/.scratch/architecture-deepening-2026-09-07/evidence/20260907-1415-ticket-27/consumer/DerivedData-InkMarkdownLaTeXConsumer/Build/Intermediates.noindex/swift-markdown.build/Debug-iphonesimulator/Markdown.build/Objects-normal/arm64/Markdown.swiftmodule (in target 'Markdown' from project 'swift-markdown')
    cd /Users/shizihan/DailyUse/Github/InkMarkdown/Packages/Caches/swift-markdown
    builtin-copy -exclude .DS_Store -exclude CVS -exclude .svn -exclude .git -exclude .hg -resolve-src-symlinks -rename /Users/shizihan/DailyUse/Github/InkMarkdown/.scratch/architecture-deepening-2026-09-07/evidence/20260907-1415-ticket-27/consumer/DerivedData-InkMarkdownLaTeXConsumer/Build/Intermediates.noindex/swift-markdown.build/Debug-iphonesimulator/Markdown.build/Objects-normal/arm64/Markdown.swiftmodule /Users/shizihan/DailyUse/Github/InkMarkdown/.scratch/architecture-deepening-2026-09-07/evidence/20260907-1415-ticket-27/consumer/DerivedData-InkMarkdownLaTeXConsumer/Build/Products/Debug-iphonesimulator/Markdown.swiftmodule/arm64-apple-ios-simulator.swiftmodule

Copy /Users/shizihan/DailyUse/Github/InkMarkdown/.scratch/architecture-deepening-2026-09-07/evidence/20260907-1415-ticket-27/consumer/DerivedData-InkMarkdownLaTeXConsumer/Build/Products/Debug-iphonesimulator/Markdown.swiftmodule/arm64-apple-ios-simulator.swiftdoc /Users/shizihan/DailyUse/Github/InkMarkdown/.scratch/architecture-deepening-2026-09-07/evidence/20260907-1415-ticket-27/consumer/DerivedData-InkMarkdownLaTeXConsumer/Build/Intermediates.noindex/swift-markdown.build/Debug-iphonesimulator/Markdown.build/Objects-normal/arm64/Markdown.swiftdoc (in target 'Markdown' from project 'swift-markdown')
    cd /Users/shizihan/DailyUse/Github/InkMarkdown/Packages/Caches/swift-markdown
    builtin-copy -exclude .DS_Store -exclude CVS -exclude .svn -exclude .git -exclude .hg -resolve-src-symlinks -rename /Users/shizihan/DailyUse/Github/InkMarkdown/.scratch/architecture-deepening-2026-09-07/evidence/20260907-1415-ticket-27/consumer/DerivedData-InkMarkdownLaTeXConsumer/Build/Intermediates.noindex/swift-markdown.build/Debug-iphonesimulator/Markdown.build/Objects-normal/arm64/Markdown.swiftdoc /Users/shizihan/DailyUse/Github/InkMarkdown/.scratch/architecture-deepening-2026-09-07/evidence/20260907-1415-ticket-27/consumer/DerivedData-InkMarkdownLaTeXConsumer/Build/Products/Debug-iphonesimulator/Markdown.swiftmodule/arm64-apple-ios-simulator.swiftdoc

Copy /Users/shizihan/DailyUse/Github/InkMarkdown/.scratch/architecture-deepening-2026-09-07/evidence/20260907-1415-ticket-27/consumer/DerivedData-InkMarkdownLaTeXConsumer/Build/Products/Debug-iphonesimulator/Markdown.swiftmodule/arm64-apple-ios-simulator.abi.json /Users/shizihan/DailyUse/Github/InkMarkdown/.scratch/architecture-deepening-2026-09-07/evidence/20260907-1415-ticket-27/consumer/DerivedData-InkMarkdownLaTeXConsumer/Build/Intermediates.noindex/swift-markdown.build/Debug-iphonesimulator/Markdown.build/Objects-normal/arm64/Markdown.abi.json (in target 'Markdown' from project 'swift-markdown')
    cd /Users/shizihan/DailyUse/Github/InkMarkdown/Packages/Caches/swift-markdown
    builtin-copy -exclude .DS_Store -exclude CVS -exclude .svn -exclude .git -exclude .hg -resolve-src-symlinks -rename /Users/shizihan/DailyUse/Github/InkMarkdown/.scratch/architecture-deepening-2026-09-07/evidence/20260907-1415-ticket-27/consumer/DerivedData-InkMarkdownLaTeXConsumer/Build/Intermediates.noindex/swift-markdown.build/Debug-iphonesimulator/Markdown.build/Objects-normal/arm64/Markdown.abi.json /Users/shizihan/DailyUse/Github/InkMarkdown/.scratch/architecture-deepening-2026-09-07/evidence/20260907-1415-ticket-27/consumer/DerivedData-InkMarkdownLaTeXConsumer/Build/Products/Debug-iphonesimulator/Markdown.swiftmodule/arm64-apple-ios-simulator.abi.json

Copy /Users/shizihan/DailyUse/Github/InkMarkdown/.scratch/architecture-deepening-2026-09-07/evidence/20260907-1415-ticket-27/consumer/DerivedData-InkMarkdownLaTeXConsumer/Build/Products/Debug-iphonesimulator/Markdown.swiftmodule/Project/arm64-apple-ios-simulator.swiftsourceinfo /Users/shizihan/DailyUse/Github/InkMarkdown/.scratch/architecture-deepening-2026-09-07/evidence/20260907-1415-ticket-27/consumer/DerivedData-InkMarkdownLaTeXConsumer/Build/Intermediates.noindex/swift-markdown.build/Debug-iphonesimulator/Markdown.build/Objects-normal/arm64/Markdown.swiftsourceinfo (in target 'Markdown' from project 'swift-markdown')
    cd /Users/shizihan/DailyUse/Github/InkMarkdown/Packages/Caches/swift-markdown
    builtin-copy -exclude .DS_Store -exclude CVS -exclude .svn -exclude .git -exclude .hg -resolve-src-symlinks -rename /Users/shizihan/DailyUse/Github/InkMarkdown/.scratch/architecture-deepening-2026-09-07/evidence/20260907-1415-ticket-27/consumer/DerivedData-InkMarkdownLaTeXConsumer/Build/Intermediates.noindex/swift-markdown.build/Debug-iphonesimulator/Markdown.build/Objects-normal/arm64/Markdown.swiftsourceinfo /Users/shizihan/DailyUse/Github/InkMarkdown/.scratch/architecture-deepening-2026-09-07/evidence/20260907-1415-ticket-27/consumer/DerivedData-InkMarkdownLaTeXConsumer/Build/Products/Debug-iphonesimulator/Markdown.swiftmodule/Project/arm64-apple-ios-simulator.swiftsourceinfo

CompileC /Users/shizihan/DailyUse/Github/InkMarkdown/.scratch/architecture-deepening-2026-09-07/evidence/20260907-1415-ticket-27/consumer/DerivedData-InkMarkdownLaTeXConsumer/Build/Intermediates.noindex/iosMath.build/Debug-iphonesimulator/iosMath.build/Objects-normal/arm64/MTMathUILabel.o /Users/shizihan/DailyUse/Github/InkMarkdown/Packages/Caches/iosMath/iosMath/render/MTMathUILabel.m normal arm64 objective-c com.apple.compilers.llvm.clang.1_0.compiler (in target 'iosMath' from project 'iosMath')
    cd /Users/shizihan/DailyUse/Github/InkMarkdown/.github/fixtures/consumer-smoke/.swiftpm/xcode
    
    Using response file: /Users/shizihan/DailyUse/Github/InkMarkdown/.scratch/architecture-deepening-2026-09-07/evidence/20260907-1415-ticket-27/consumer/DerivedData-InkMarkdownLaTeXConsumer/Build/Intermediates.noindex/iosMath.build/Debug-iphonesimulator/iosMath.build/Objects-normal/arm64/e6072d4f65d7061329687fe24e3d63a7-common-args.resp
    
    /Applications/Xcode.app/Contents/Developer/Toolchains/XcodeDefault.xctoolchain/usr/bin/clang -x objective-c -ivfsstatcache /Users/shizihan/DailyUse/Github/InkMarkdown/.scratch/architecture-deepening-2026-09-07/evidence/20260907-1415-ticket-27/consumer/DerivedData-InkMarkdownLaTeXConsumer/SDKStatCaches.noindex/iphonesimulator26.5-23F81a-6cfe768891a92b912361537c460fe42b.sdkstatcache -target arm64-apple-ios13.0-simulator -fmessage-length\=0 -fdiagnostics-show-note-include-stack -fmacro-backtrace-limit\=0 -fno-color-diagnostics -fmodules-prune-interval\=86400 -fmodules-prune-after\=345600 -fbuild-session-file\=/Users/shizihan/DailyUse/Github/InkMarkdown/.scratch/architecture-deepening-2026-09-07/evidence/20260907-1415-ticket-27/consumer/DerivedData-InkMarkdownLaTeXConsumer/ModuleCache.noindex/Session.modulevalidation -fmodules-validate-once-per-build-session -Wnon-modular-include-in-framework-module -Werror\=non-modular-include-in-framework-module -Wno-trigraphs -Wno-missing-field-initializers -Wno-missing-prototypes -Wno-return-type -Wno-implicit-atomic-properties -Wno-objc-interface-ivars -Wno-arc-repeated-use-of-weak -Wno-missing-braces -Wparentheses -Wswitch -Wno-unused-function -Wno-unused-label -Wno-unused-parameter -Wno-unused-variable -Wunused-value -Wno-empty-body -Wno-uninitialized -Wno-unknown-pragmas -w -Wno-shadow -Wno-four-char-constants -Wno-conversion -Wno-constant-conversion -Wno-int-conversion -Wno-bool-conversion -Wno-enum-conversion -Wno-float-conversion -Wno-non-literal-null-conversion -Wno-objc-literal-conversion -Wshorten-64-to-32 -Wpointer-sign -Wno-newline-eof -Wno-selector -Wno-strict-selector-match -Wno-undeclared-selector -Wno-deprecated-implementations -Wno-implicit-fallthrough -isysroot /Applications/Xcode.app/Contents/Developer/Platforms/iPhoneSimulator.platform/Developer/SDKs/iPhoneSimulator26.5.sdk -fstrict-aliasing -Wprotocol -Wdeprecated-declarations -Wno-sign-conversion -Wno-infinite-recursion -Wno-comma -Wno-block-capture-autoreleasing -Wno-strict-prototypes -Wno-semicolon-before-method-body -index-store-path /Users/shizihan/DailyUse/Github/InkMarkdown/.scratch/architecture-deepening-2026-09-07/evidence/20260907-1415-ticket-27/consumer/DerivedData-InkMarkdownLaTeXConsumer/Index.noindex/DataStore @/Users/shizihan/DailyUse/Github/InkMarkdown/.scratch/architecture-deepening-2026-09-07/evidence/20260907-1415-ticket-27/consumer/DerivedData-InkMarkdownLaTeXConsumer/Build/Intermediates.noindex/iosMath.build/Debug-iphonesimulator/iosMath.build/Objects-normal/arm64/e6072d4f65d7061329687fe24e3d63a7-common-args.resp -include /Users/shizihan/DailyUse/Github/InkMarkdown/.scratch/architecture-deepening-2026-09-07/evidence/20260907-1415-ticket-27/consumer/DerivedData-InkMarkdownLaTeXConsumer/Build/Intermediates.noindex/iosMath.build/Debug-iphonesimulator/iosMath.build/DerivedSources/resource_bundle_accessor.h -MMD -MT dependencies -MF /Users/shizihan/DailyUse/Github/InkMarkdown/.scratch/architecture-deepening-2026-09-07/evidence/20260907-1415-ticket-27/consumer/DerivedData-InkMarkdownLaTeXConsumer/Build/Intermediates.noindex/iosMath.build/Debug-iphonesimulator/iosMath.build/Objects-normal/arm64/MTMathUILabel.d --serialize-diagnostics /Users/shizihan/DailyUse/Github/InkMarkdown/.scratch/architecture-deepening-2026-09-07/evidence/20260907-1415-ticket-27/consumer/DerivedData-InkMarkdownLaTeXConsumer/Build/Intermediates.noindex/iosMath.build/Debug-iphonesimulator/iosMath.build/Objects-normal/arm64/MTMathUILabel.dia -c /Users/shizihan/DailyUse/Github/InkMarkdown/Packages/Caches/iosMath/iosMath/render/MTMathUILabel.m -o /Users/shizihan/DailyUse/Github/InkMarkdown/.scratch/architecture-deepening-2026-09-07/evidence/20260907-1415-ticket-27/consumer/DerivedData-InkMarkdownLaTeXConsumer/Build/Intermediates.noindex/iosMath.build/Debug-iphonesimulator/iosMath.build/Objects-normal/arm64/MTMathUILabel.o -index-unit-output-path /iosMath.build/Debug-iphonesimulator/iosMath.build/Objects-normal/arm64/MTMathUILabel.o

CompileC /Users/shizihan/DailyUse/Github/InkMarkdown/.scratch/architecture-deepening-2026-09-07/evidence/20260907-1415-ticket-27/consumer/DerivedData-InkMarkdownLaTeXConsumer/Build/Intermediates.noindex/iosMath.build/Debug-iphonesimulator/iosMath.build/Objects-normal/arm64/MTMathListDisplay.o /Users/shizihan/DailyUse/Github/InkMarkdown/Packages/Caches/iosMath/iosMath/render/MTMathListDisplay.m normal arm64 objective-c com.apple.compilers.llvm.clang.1_0.compiler (in target 'iosMath' from project 'iosMath')
    cd /Users/shizihan/DailyUse/Github/InkMarkdown/.github/fixtures/consumer-smoke/.swiftpm/xcode
    
    Using response file: /Users/shizihan/DailyUse/Github/InkMarkdown/.scratch/architecture-deepening-2026-09-07/evidence/20260907-1415-ticket-27/consumer/DerivedData-InkMarkdownLaTeXConsumer/Build/Intermediates.noindex/iosMath.build/Debug-iphonesimulator/iosMath.build/Objects-normal/arm64/e6072d4f65d7061329687fe24e3d63a7-common-args.resp
    
    /Applications/Xcode.app/Contents/Developer/Toolchains/XcodeDefault.xctoolchain/usr/bin/clang -x objective-c -ivfsstatcache /Users/shizihan/DailyUse/Github/InkMarkdown/.scratch/architecture-deepening-2026-09-07/evidence/20260907-1415-ticket-27/consumer/DerivedData-InkMarkdownLaTeXConsumer/SDKStatCaches.noindex/iphonesimulator26.5-23F81a-6cfe768891a92b912361537c460fe42b.sdkstatcache -target arm64-apple-ios13.0-simulator -fmessage-length\=0 -fdiagnostics-show-note-include-stack -fmacro-backtrace-limit\=0 -fno-color-diagnostics -fmodules-prune-interval\=86400 -fmodules-prune-after\=345600 -fbuild-session-file\=/Users/shizihan/DailyUse/Github/InkMarkdown/.scratch/architecture-deepening-2026-09-07/evidence/20260907-1415-ticket-27/consumer/DerivedData-InkMarkdownLaTeXConsumer/ModuleCache.noindex/Session.modulevalidation -fmodules-validate-once-per-build-session -Wnon-modular-include-in-framework-module -Werror\=non-modular-include-in-framework-module -Wno-trigraphs -Wno-missing-field-initializers -Wno-missing-prototypes -Wno-return-type -Wno-implicit-atomic-properties -Wno-objc-interface-ivars -Wno-arc-repeated-use-of-weak -Wno-missing-braces -Wparentheses -Wswitch -Wno-unused-function -Wno-unused-label -Wno-unused-parameter -Wno-unused-variable -Wunused-value -Wno-empty-body -Wno-uninitialized -Wno-unknown-pragmas -w -Wno-shadow -Wno-four-char-constants -Wno-conversion -Wno-constant-conversion -Wno-int-conversion -Wno-bool-conversion -Wno-enum-conversion -Wno-float-conversion -Wno-non-literal-null-conversion -Wno-objc-literal-conversion -Wshorten-64-to-32 -Wpointer-sign -Wno-newline-eof -Wno-selector -Wno-strict-selector-match -Wno-undeclared-selector -Wno-deprecated-implementations -Wno-implicit-fallthrough -isysroot /Applications/Xcode.app/Contents/Developer/Platforms/iPhoneSimulator.platform/Developer/SDKs/iPhoneSimulator26.5.sdk -fstrict-aliasing -Wprotocol -Wdeprecated-declarations -Wno-sign-conversion -Wno-infinite-recursion -Wno-comma -Wno-block-capture-autoreleasing -Wno-strict-prototypes -Wno-semicolon-before-method-body -index-store-path /Users/shizihan/DailyUse/Github/InkMarkdown/.scratch/architecture-deepening-2026-09-07/evidence/20260907-1415-ticket-27/consumer/DerivedData-InkMarkdownLaTeXConsumer/Index.noindex/DataStore @/Users/shizihan/DailyUse/Github/InkMarkdown/.scratch/architecture-deepening-2026-09-07/evidence/20260907-1415-ticket-27/consumer/DerivedData-InkMarkdownLaTeXConsumer/Build/Intermediates.noindex/iosMath.build/Debug-iphonesimulator/iosMath.build/Objects-normal/arm64/e6072d4f65d7061329687fe24e3d63a7-common-args.resp -include /Users/shizihan/DailyUse/Github/InkMarkdown/.scratch/architecture-deepening-2026-09-07/evidence/20260907-1415-ticket-27/consumer/DerivedData-InkMarkdownLaTeXConsumer/Build/Intermediates.noindex/iosMath.build/Debug-iphonesimulator/iosMath.build/DerivedSources/resource_bundle_accessor.h -MMD -MT dependencies -MF /Users/shizihan/DailyUse/Github/InkMarkdown/.scratch/architecture-deepening-2026-09-07/evidence/20260907-1415-ticket-27/consumer/DerivedData-InkMarkdownLaTeXConsumer/Build/Intermediates.noindex/iosMath.build/Debug-iphonesimulator/iosMath.build/Objects-normal/arm64/MTMathListDisplay.d --serialize-diagnostics /Users/shizihan/DailyUse/Github/InkMarkdown/.scratch/architecture-deepening-2026-09-07/evidence/20260907-1415-ticket-27/consumer/DerivedData-InkMarkdownLaTeXConsumer/Build/Intermediates.noindex/iosMath.build/Debug-iphonesimulator/iosMath.build/Objects-normal/arm64/MTMathListDisplay.dia -c /Users/shizihan/DailyUse/Github/InkMarkdown/Packages/Caches/iosMath/iosMath/render/MTMathListDisplay.m -o /Users/shizihan/DailyUse/Github/InkMarkdown/.scratch/architecture-deepening-2026-09-07/evidence/20260907-1415-ticket-27/consumer/DerivedData-InkMarkdownLaTeXConsumer/Build/Intermediates.noindex/iosMath.build/Debug-iphonesimulator/iosMath.build/Objects-normal/arm64/MTMathListDisplay.o -index-unit-output-path /iosMath.build/Debug-iphonesimulator/iosMath.build/Objects-normal/arm64/MTMathListDisplay.o

SwiftCompile normal arm64 Compiling\ LazySplitLines.swift,\ ParseOptions.swift,\ RangeAdjuster.swift,\ RangerTracker.swift,\ MarkupRewriter.swift,\ BasicBlockContainer.swift,\ BasicInlineContainer.swift /Users/shizihan/DailyUse/Github/InkMarkdown/Packages/Caches/swift-markdown/Sources/Markdown/Parser/LazySplitLines.swift /Users/shizihan/DailyUse/Github/InkMarkdown/Packages/Caches/swift-markdown/Sources/Markdown/Parser/ParseOptions.swift /Users/shizihan/DailyUse/Github/InkMarkdown/Packages/Caches/swift-markdown/Sources/Markdown/Parser/RangeAdjuster.swift /Users/shizihan/DailyUse/Github/InkMarkdown/Packages/Caches/swift-markdown/Sources/Markdown/Parser/RangerTracker.swift /Users/shizihan/DailyUse/Github/InkMarkdown/Packages/Caches/swift-markdown/Sources/Markdown/Rewriter/MarkupRewriter.swift /Users/shizihan/DailyUse/Github/InkMarkdown/Packages/Caches/swift-markdown/Sources/Markdown/Structural\ Restrictions/BasicBlockContainer.swift /Users/shizihan/DailyUse/Github/InkMarkdown/Packages/Caches/swift-markdown/Sources/Markdown/Structural\ Restrictions/BasicInlineContainer.swift (in target 'Markdown' from project 'swift-markdown')

SwiftCompile normal arm64 /Users/shizihan/DailyUse/Github/InkMarkdown/Packages/Caches/swift-markdown/Sources/Markdown/Parser/LazySplitLines.swift (in target 'Markdown' from project 'swift-markdown')
    cd /Users/shizihan/DailyUse/Github/InkMarkdown/.github/fixtures/consumer-smoke/.swiftpm/xcode
    

SwiftCompile normal arm64 /Users/shizihan/DailyUse/Github/InkMarkdown/Packages/Caches/swift-markdown/Sources/Markdown/Parser/ParseOptions.swift (in target 'Markdown' from project 'swift-markdown')
    cd /Users/shizihan/DailyUse/Github/InkMarkdown/.github/fixtures/consumer-smoke/.swiftpm/xcode
    

SwiftCompile normal arm64 /Users/shizihan/DailyUse/Github/InkMarkdown/Packages/Caches/swift-markdown/Sources/Markdown/Parser/RangeAdjuster.swift (in target 'Markdown' from project 'swift-markdown')
    cd /Users/shizihan/DailyUse/Github/InkMarkdown/.github/fixtures/consumer-smoke/.swiftpm/xcode
    

SwiftCompile normal arm64 /Users/shizihan/DailyUse/Github/InkMarkdown/Packages/Caches/swift-markdown/Sources/Markdown/Parser/RangerTracker.swift (in target 'Markdown' from project 'swift-markdown')
    cd /Users/shizihan/DailyUse/Github/InkMarkdown/.github/fixtures/consumer-smoke/.swiftpm/xcode
    

SwiftCompile normal arm64 /Users/shizihan/DailyUse/Github/InkMarkdown/Packages/Caches/swift-markdown/Sources/Markdown/Rewriter/MarkupRewriter.swift (in target 'Markdown' from project 'swift-markdown')
    cd /Users/shizihan/DailyUse/Github/InkMarkdown/.github/fixtures/consumer-smoke/.swiftpm/xcode
    

SwiftCompile normal arm64 /Users/shizihan/DailyUse/Github/InkMarkdown/Packages/Caches/swift-markdown/Sources/Markdown/Structural\ Restrictions/BasicBlockContainer.swift (in target 'Markdown' from project 'swift-markdown')
    cd /Users/shizihan/DailyUse/Github/InkMarkdown/.github/fixtures/consumer-smoke/.swiftpm/xcode
    

SwiftCompile normal arm64 /Users/shizihan/DailyUse/Github/InkMarkdown/Packages/Caches/swift-markdown/Sources/Markdown/Structural\ Restrictions/BasicInlineContainer.swift (in target 'Markdown' from project 'swift-markdown')
    cd /Users/shizihan/DailyUse/Github/InkMarkdown/.github/fixtures/consumer-smoke/.swiftpm/xcode
    

SwiftDriverJobDiscovery normal arm64 Compiling CodeBlock.swift, HTMLBlock.swift, Heading.swift, ThematicBreak.swift, Table.swift, TableBody.swift, TableCell.swift (in target 'Markdown' from project 'swift-markdown')

SwiftDriverJobDiscovery normal arm64 Compiling InlineAttributes.swift, Link.swift, Strikethrough.swift, Strong.swift, CustomInline.swift, InlineCode.swift, InlineHTML.swift (in target 'Markdown' from project 'swift-markdown')

SwiftDriver InkMarkdown normal arm64 com.apple.xcode.tools.swift.compiler (in target 'InkMarkdown' from project 'InkMarkdown')
    cd /Users/shizihan/DailyUse/Github/InkMarkdown/.github/fixtures/consumer-smoke/.swiftpm/xcode
    builtin-SwiftDriver -- /Applications/Xcode.app/Contents/Developer/Toolchains/XcodeDefault.xctoolchain/usr/bin/swiftc -module-name InkMarkdown -Onone @/Users/shizihan/DailyUse/Github/InkMarkdown/.scratch/architecture-deepening-2026-09-07/evidence/20260907-1415-ticket-27/consumer/DerivedData-InkMarkdownLaTeXConsumer/Build/Intermediates.noindex/InkMarkdown.build/Debug-iphonesimulator/InkMarkdown.build/Objects-normal/arm64/InkMarkdown.SwiftFileList -DSWIFT_PACKAGE -DDEBUG -DSWIFT_MODULE_RESOURCE_BUNDLE_UNAVAILABLE -DXcode -enable-experimental-feature StrictConcurrency -plugin-path /Applications/Xcode.app/Contents/Developer/Toolchains/XcodeDefault.xctoolchain/usr/lib/swift/host/plugins/testing -enable-experimental-feature DebugDescriptionMacro -sdk /Applications/Xcode.app/Contents/Developer/Platforms/iPhoneSimulator.platform/Developer/SDKs/iPhoneSimulator26.5.sdk -target arm64-apple-ios15.0-simulator -g -module-cache-path /Users/shizihan/DailyUse/Github/InkMarkdown/.scratch/architecture-deepening-2026-09-07/evidence/20260907-1415-ticket-27/consumer/DerivedData-InkMarkdownLaTeXConsumer/ModuleCache.noindex -Xfrontend -serialize-debugging-options -enable-testing -suppress-warnings -index-store-path /Users/shizihan/DailyUse/Github/InkMarkdown/.scratch/architecture-deepening-2026-09-07/evidence/20260907-1415-ticket-27/consumer/DerivedData-InkMarkdownLaTeXConsumer/Index.noindex/DataStore -Xcc -D_LIBCPP_HARDENING_MODE\=_LIBCPP_HARDENING_MODE_DEBUG -swift-version 5 -I /Users/shizihan/DailyUse/Github/InkMarkdown/.scratch/architecture-deepening-2026-09-07/evidence/20260907-1415-ticket-27/consumer/DerivedData-InkMarkdownLaTeXConsumer/Build/Products/Debug-iphonesimulator -Isystem /Applications/Xcode.app/Contents/Developer/Platforms/iPhoneSimulator.platform/Developer/usr/lib -F /Users/shizihan/DailyUse/Github/InkMarkdown/.scratch/architecture-deepening-2026-09-07/evidence/20260907-1415-ticket-27/consumer/DerivedData-InkMarkdownLaTeXConsumer/Build/Products/Debug-iphonesimulator/PackageFrameworks -F /Users/shizihan/DailyUse/Github/InkMarkdown/.scratch/architecture-deepening-2026-09-07/evidence/20260907-1415-ticket-27/consumer/DerivedData-InkMarkdownLaTeXConsumer/Build/Products/Debug-iphonesimulator/PackageFrameworks -F /Users/shizihan/DailyUse/Github/InkMarkdown/.scratch/architecture-deepening-2026-09-07/evidence/20260907-1415-ticket-27/consumer/DerivedData-InkMarkdownLaTeXConsumer/Build/Products/Debug-iphonesimulator/PackageFrameworks -F /Users/shizihan/DailyUse/Github/InkMarkdown/.scratch/architecture-deepening-2026-09-07/evidence/20260907-1415-ticket-27/consumer/DerivedData-InkMarkdownLaTeXConsumer/Build/Products/Debug-iphonesimulator/PackageFrameworks -F /Users/shizihan/DailyUse/Github/InkMarkdown/.scratch/architecture-deepening-2026-09-07/evidence/20260907-1415-ticket-27/consumer/DerivedData-InkMarkdownLaTeXConsumer/Build/Products/Debug-iphonesimulator -F /Applications/Xcode.app/Contents/Developer/Platforms/iPhoneSimulator.platform/Developer/Library/Frameworks -F /Applications/Xcode.app/Contents/Developer/Platforms/iPhoneSimulator.platform/Developer/SDKs/iPhoneSimulator26.5.sdk/Developer/Library/Frameworks -c -j10 -enable-batch-mode -incremental -Xcc -ivfsstatcache -Xcc /Users/shizihan/DailyUse/Github/InkMarkdown/.scratch/architecture-deepening-2026-09-07/evidence/20260907-1415-ticket-27/consumer/DerivedData-InkMarkdownLaTeXConsumer/SDKStatCaches.noindex/iphonesimulator26.5-23F81a-6cfe768891a92b912361537c460fe42b.sdkstatcache -output-file-map /Users/shizihan/DailyUse/Github/InkMarkdown/.scratch/architecture-deepening-2026-09-07/evidence/20260907-1415-ticket-27/consumer/DerivedData-InkMarkdownLaTeXConsumer/Build/Intermediates.noindex/InkMarkdown.build/Debug-iphonesimulator/InkMarkdown.build/Objects-normal/arm64/InkMarkdown-OutputFileMap.json -use-frontend-parseable-output -save-temps -no-color-diagnostics -explicit-module-build -module-cache-path /Users/shizihan/DailyUse/Github/InkMarkdown/.scratch/architecture-deepening-2026-09-07/evidence/20260907-1415-ticket-27/consumer/DerivedData-InkMarkdownLaTeXConsumer/Build/Intermediates.noindex/SwiftExplicitPrecompiledModules -clang-scanner-module-cache-path /Users/shizihan/DailyUse/Github/InkMarkdown/.scratch/architecture-deepening-2026-09-07/evidence/20260907-1415-ticket-27/consumer/DerivedData-InkMarkdownLaTeXConsumer/ModuleCache.noindex -sdk-module-cache-path /Users/shizihan/DailyUse/Github/InkMarkdown/.scratch/architecture-deepening-2026-09-07/evidence/20260907-1415-ticket-27/consumer/DerivedData-InkMarkdownLaTeXConsumer/ModuleCache.noindex -serialize-diagnostics -emit-dependencies -emit-module -emit-module-path /Users/shizihan/DailyUse/Github/InkMarkdown/.scratch/architecture-deepening-2026-09-07/evidence/20260907-1415-ticket-27/consumer/DerivedData-InkMarkdownLaTeXConsumer/Build/Intermediates.noindex/InkMarkdown.build/Debug-iphonesimulator/InkMarkdown.build/Objects-normal/arm64/InkMarkdown.swiftmodule -validate-clang-modules-once -clang-build-session-file /Users/shizihan/DailyUse/Github/InkMarkdown/.scratch/architecture-deepening-2026-09-07/evidence/20260907-1415-ticket-27/consumer/DerivedData-InkMarkdownLaTeXConsumer/ModuleCache.noindex/Session.modulevalidation -package-name inkmarkdown -Xcc -I/Users/shizihan/DailyUse/Github/InkMarkdown/.scratch/architecture-deepening-2026-09-07/evidence/20260907-1415-ticket-27/consumer/DerivedData-InkMarkdownLaTeXConsumer/Build/Intermediates.noindex/InkMarkdown.build/Debug-iphonesimulator/InkMarkdown.build/swift-overrides.hmap -emit-const-values -Xfrontend -const-gather-protocols-file -Xfrontend /Users/shizihan/DailyUse/Github/InkMarkdown/.scratch/architecture-deepening-2026-09-07/evidence/20260907-1415-ticket-27/consumer/DerivedData-InkMarkdownLaTeXConsumer/Build/Intermediates.noindex/InkMarkdown.build/Debug-iphonesimulator/InkMarkdown.build/Objects-normal/arm64/InkMarkdown_const_extract_protocols.json -Xcc -I/Users/shizihan/DailyUse/Github/InkMarkdown/Packages/Caches/swift-cmark/src/include -Xcc -I/Users/shizihan/DailyUse/Github/InkMarkdown/Packages/Caches/swift-cmark/extensions/include -Xcc -I/Users/shizihan/DailyUse/Github/InkMarkdown/Packages/Caches/swift-markdown/Sources/CAtomic/include -Xcc -I/Users/shizihan/DailyUse/Github/InkMarkdown/.scratch/architecture-deepening-2026-09-07/evidence/20260907-1415-ticket-27/consumer/DerivedData-InkMarkdownLaTeXConsumer/Build/Products/Debug-iphonesimulator/include -Xcc -I/Users/shizihan/DailyUse/Github/InkMarkdown/.scratch/architecture-deepening-2026-09-07/evidence/20260907-1415-ticket-27/consumer/DerivedData-InkMarkdownLaTeXConsumer/Build/Intermediates.noindex/InkMarkdown.build/Debug-iphonesimulator/InkMarkdown.build/DerivedSources-normal/arm64 -Xcc -I/Users/shizihan/DailyUse/Github/InkMarkdown/.scratch/architecture-deepening-2026-09-07/evidence/20260907-1415-ticket-27/consumer/DerivedData-InkMarkdownLaTeXConsumer/Build/Intermediates.noindex/InkMarkdown.build/Debug-iphonesimulator/InkMarkdown.build/DerivedSources/arm64 -Xcc -I/Users/shizihan/DailyUse/Github/InkMarkdown/.scratch/architecture-deepening-2026-09-07/evidence/20260907-1415-ticket-27/consumer/DerivedData-InkMarkdownLaTeXConsumer/Build/Intermediates.noindex/InkMarkdown.build/Debug-iphonesimulator/InkMarkdown.build/DerivedSources -Xcc -DSWIFT_PACKAGE -Xcc -DDEBUG\=1 -emit-objc-header -emit-objc-header-path /Users/shizihan/DailyUse/Github/InkMarkdown/.scratch/architecture-deepening-2026-09-07/evidence/20260907-1415-ticket-27/consumer/DerivedData-InkMarkdownLaTeXConsumer/Build/Intermediates.noindex/InkMarkdown.build/Debug-iphonesimulator/InkMarkdown.build/Objects-normal/arm64/InkMarkdown-Swift.h -working-directory /Users/shizihan/DailyUse/Github/InkMarkdown/.github/fixtures/consumer-smoke/.swiftpm/xcode -experimental-emit-module-separately -disable-cmo

Ld /Users/shizihan/DailyUse/Github/InkMarkdown/.scratch/architecture-deepening-2026-09-07/evidence/20260907-1415-ticket-27/consumer/DerivedData-InkMarkdownLaTeXConsumer/Build/Products/Debug-iphonesimulator/iosMath.o normal (in target 'iosMath' from project 'iosMath')
    cd /Users/shizihan/DailyUse/Github/InkMarkdown/Packages/Caches/iosMath
    /Applications/Xcode.app/Contents/Developer/Toolchains/XcodeDefault.xctoolchain/usr/bin/clang -Xlinker -reproducible -target arm64-apple-ios13.0-simulator -r -isysroot /Applications/Xcode.app/Contents/Developer/Platforms/iPhoneSimulator.platform/Developer/SDKs/iPhoneSimulator26.5.sdk -O0 -w -F/Users/shizihan/DailyUse/Github/InkMarkdown/.scratch/architecture-deepening-2026-09-07/evidence/20260907-1415-ticket-27/consumer/DerivedData-InkMarkdownLaTeXConsumer/Build/Intermediates.noindex/EagerLinkingTBDs/Debug-iphonesimulator -F/Users/shizihan/DailyUse/Github/InkMarkdown/.scratch/architecture-deepening-2026-09-07/evidence/20260907-1415-ticket-27/consumer/DerivedData-InkMarkdownLaTeXConsumer/Build/Products/Debug-iphonesimulator -iframework /Applications/Xcode.app/Contents/Developer/Platforms/iPhoneSimulator.platform/Developer/Library/Frameworks -iframework /Applications/Xcode.app/Contents/Developer/Platforms/iPhoneSimulator.platform/Developer/SDKs/iPhoneSimulator26.5.sdk/Developer/Library/Frameworks -filelist /Users/shizihan/DailyUse/Github/InkMarkdown/.scratch/architecture-deepening-2026-09-07/evidence/20260907-1415-ticket-27/consumer/DerivedData-InkMarkdownLaTeXConsumer/Build/Intermediates.noindex/iosMath.build/Debug-iphonesimulator/iosMath.build/Objects-normal/arm64/iosMath.LinkFileList -nostdlib -Xlinker -object_path_lto -Xlinker /Users/shizihan/DailyUse/Github/InkMarkdown/.scratch/architecture-deepening-2026-09-07/evidence/20260907-1415-ticket-27/consumer/DerivedData-InkMarkdownLaTeXConsumer/Build/Intermediates.noindex/iosMath.build/Debug-iphonesimulator/iosMath.build/Objects-normal/arm64/iosMath_lto.o -Xlinker -no_deduplicate -Xlinker -objc_abi_version -Xlinker 2 -Xlinker -dependency_info -Xlinker /Users/shizihan/DailyUse/Github/InkMarkdown/.scratch/architecture-deepening-2026-09-07/evidence/20260907-1415-ticket-27/consumer/DerivedData-InkMarkdownLaTeXConsumer/Build/Intermediates.noindex/iosMath.build/Debug-iphonesimulator/iosMath.build/Objects-normal/arm64/iosMath_dependency_info.dat -fobjc-arc -fobjc-link-runtime -o /Users/shizihan/DailyUse/Github/InkMarkdown/.scratch/architecture-deepening-2026-09-07/evidence/20260907-1415-ticket-27/consumer/DerivedData-InkMarkdownLaTeXConsumer/Build/Products/Debug-iphonesimulator/iosMath.o

RegisterExecutionPolicyException /Users/shizihan/DailyUse/Github/InkMarkdown/.scratch/architecture-deepening-2026-09-07/evidence/20260907-1415-ticket-27/consumer/DerivedData-InkMarkdownLaTeXConsumer/Build/Products/Debug-iphonesimulator/iosMath.o (in target 'iosMath' from project 'iosMath')
    cd /Users/shizihan/DailyUse/Github/InkMarkdown/Packages/Caches/iosMath
    builtin-RegisterExecutionPolicyException /Users/shizihan/DailyUse/Github/InkMarkdown/.scratch/architecture-deepening-2026-09-07/evidence/20260907-1415-ticket-27/consumer/DerivedData-InkMarkdownLaTeXConsumer/Build/Products/Debug-iphonesimulator/iosMath.o

SwiftExplicitDependencyGeneratePcm arm64 /Users/shizihan/DailyUse/Github/InkMarkdown/.scratch/architecture-deepening-2026-09-07/evidence/20260907-1415-ticket-27/consumer/DerivedData-InkMarkdownLaTeXConsumer/ModuleCache.noindex/_Builtin_stdatomic-A2Q1TTRIQRMQES1BOF8OYHGTG.pcm

SwiftExplicitDependencyGeneratePcm arm64 /Users/shizihan/DailyUse/Github/InkMarkdown/.scratch/architecture-deepening-2026-09-07/evidence/20260907-1415-ticket-27/consumer/DerivedData-InkMarkdownLaTeXConsumer/ModuleCache.noindex/MachO-42JTJL7P73E3HFHUYRLGCIQGO.pcm

SwiftExplicitDependencyGeneratePcm arm64 /Users/shizihan/DailyUse/Github/InkMarkdown/.scratch/architecture-deepening-2026-09-07/evidence/20260907-1415-ticket-27/consumer/DerivedData-InkMarkdownLaTeXConsumer/ModuleCache.noindex/_Builtin_intrinsics-7ZY6YA4XGGNXDAYHXP1MTVBU6.pcm

SwiftExplicitDependencyGeneratePcm arm64 /Users/shizihan/DailyUse/Github/InkMarkdown/.scratch/architecture-deepening-2026-09-07/evidence/20260907-1415-ticket-27/consumer/DerivedData-InkMarkdownLaTeXConsumer/ModuleCache.noindex/dnssd-6BF375KTCM94BVQ8Z1WURASY0.pcm

SwiftExplicitDependencyGeneratePcm arm64 /Users/shizihan/DailyUse/Github/InkMarkdown/.scratch/architecture-deepening-2026-09-07/evidence/20260907-1415-ticket-27/consumer/DerivedData-InkMarkdownLaTeXConsumer/ModuleCache.noindex/DataDetection-7RSYLGYRHBE2H120AS55GU7ZS.pcm

SwiftDriverJobDiscovery normal arm64 Compiling DoxygenNote.swift, DoxygenParameter.swift, DoxygenReturns.swift, ListItem.swift, OrderedList.swift, UnorderedList.swift, Paragraph.swift (in target 'Markdown' from project 'swift-markdown')

SwiftExplicitDependencyGeneratePcm arm64 /Users/shizihan/DailyUse/Github/InkMarkdown/.scratch/architecture-deepening-2026-09-07/evidence/20260907-1415-ticket-27/consumer/DerivedData-InkMarkdownLaTeXConsumer/ModuleCache.noindex/_Builtin_tgmath-60SHUUOOGXHHPYPHS7LUUPWVT.pcm

SwiftDriverJobDiscovery normal arm64 Compiling PlainTextConvertibleMarkup.swift, RawMarkup.swift, BlockDirective.swift, BlockQuote.swift, CustomBlock.swift, DoxygenAbstract.swift, DoxygenDiscussion.swift (in target 'Markdown' from project 'swift-markdown')

SwiftExplicitDependencyGeneratePcm arm64 /Users/shizihan/DailyUse/Github/InkMarkdown/.scratch/architecture-deepening-2026-09-07/evidence/20260907-1415-ticket-27/consumer/DerivedData-InkMarkdownLaTeXConsumer/ModuleCache.noindex/UserNotifications-DP10G3K4W6CV5PW88UIR92NP1.pcm

SwiftDriverJobDiscovery normal arm64 Compiling ChildIndexPath.swift, DirectiveArgument.swift, Document.swift, LiteralMarkup.swift, Markup.swift, MarkupChildren.swift, MarkupData.swift (in target 'Markdown' from project 'swift-markdown')

SwiftDriverJobDiscovery normal arm64 Compiling TableCellContainer.swift, TableHead.swift, TableRow.swift, Replacement.swift, SourceLocation.swift, Emphasis.swift, Image.swift (in target 'Markdown' from project 'swift-markdown')

SwiftExplicitDependencyGeneratePcm arm64 /Users/shizihan/DailyUse/Github/InkMarkdown/.scratch/architecture-deepening-2026-09-07/evidence/20260907-1415-ticket-27/consumer/DerivedData-InkMarkdownLaTeXConsumer/ModuleCache.noindex/LocalAuthentication-BHFK8E3OGY0LX951NMEXTSWVV.pcm

SwiftExplicitDependencyGeneratePcm arm64 /Users/shizihan/DailyUse/Github/InkMarkdown/.scratch/architecture-deepening-2026-09-07/evidence/20260907-1415-ticket-27/consumer/DerivedData-InkMarkdownLaTeXConsumer/ModuleCache.noindex/Symbols-A1GBERWADHVQJ4GH77K5FYVSM.pcm

SwiftExplicitDependencyGeneratePcm arm64 /Users/shizihan/DailyUse/Github/InkMarkdown/.scratch/architecture-deepening-2026-09-07/evidence/20260907-1415-ticket-27/consumer/DerivedData-InkMarkdownLaTeXConsumer/ModuleCache.noindex/os-C85SQ95X0CHOFAI9H2ZBKDOU8.pcm

SwiftExplicitDependencyGeneratePcm arm64 /Users/shizihan/DailyUse/Github/InkMarkdown/.scratch/architecture-deepening-2026-09-07/evidence/20260907-1415-ticket-27/consumer/DerivedData-InkMarkdownLaTeXConsumer/ModuleCache.noindex/CoreGraphics-EJKDQ49XOT1LAST3H79APUJK1.pcm

SwiftExplicitDependencyGeneratePcm arm64 /Users/shizihan/DailyUse/Github/InkMarkdown/.scratch/architecture-deepening-2026-09-07/evidence/20260907-1415-ticket-27/consumer/DerivedData-InkMarkdownLaTeXConsumer/ModuleCache.noindex/DeveloperToolsSupport-DCQY5ID2HYQF6YC45F63W01QA.pcm

SwiftExplicitDependencyGeneratePcm arm64 /Users/shizihan/DailyUse/Github/InkMarkdown/.scratch/architecture-deepening-2026-09-07/evidence/20260907-1415-ticket-27/consumer/DerivedData-InkMarkdownLaTeXConsumer/ModuleCache.noindex/Network-Y3MVMEYSTMTTEHACIKRBNZWT.pcm

SwiftExplicitDependencyGeneratePcm arm64 /Users/shizihan/DailyUse/Github/InkMarkdown/.scratch/architecture-deepening-2026-09-07/evidence/20260907-1415-ticket-27/consumer/DerivedData-InkMarkdownLaTeXConsumer/ModuleCache.noindex/UniformTypeIdentifiers-8EBHYULUB9UX976W65OLFBNQR.pcm

SwiftExplicitDependencyGeneratePcm arm64 /Users/shizihan/DailyUse/Github/InkMarkdown/.scratch/architecture-deepening-2026-09-07/evidence/20260907-1415-ticket-27/consumer/DerivedData-InkMarkdownLaTeXConsumer/ModuleCache.noindex/UIUtilities-9VS7WB5AG6FH8OCONRNFLX0MR.pcm

SwiftExplicitDependencyGeneratePcm arm64 /Users/shizihan/DailyUse/Github/InkMarkdown/.scratch/architecture-deepening-2026-09-07/evidence/20260907-1415-ticket-27/consumer/DerivedData-InkMarkdownLaTeXConsumer/ModuleCache.noindex/OpenGLES-AUVQ8YNCT34VLAXER0IP1C0P1.pcm

SwiftExplicitDependencyGeneratePcm arm64 /Users/shizihan/DailyUse/Github/InkMarkdown/.scratch/architecture-deepening-2026-09-07/evidence/20260907-1415-ticket-27/consumer/DerivedData-InkMarkdownLaTeXConsumer/ModuleCache.noindex/IOSurface-BG3WQT5I0N9NT59ZQJ9YLQT1Q.pcm

SwiftExplicitDependencyGeneratePcm arm64 /Users/shizihan/DailyUse/Github/InkMarkdown/.scratch/architecture-deepening-2026-09-07/evidence/20260907-1415-ticket-27/consumer/DerivedData-InkMarkdownLaTeXConsumer/ModuleCache.noindex/OSLog-EKNZ90AYQ41KFQ45N2FLP998P.pcm

SwiftExplicitDependencyGeneratePcm arm64 /Users/shizihan/DailyUse/Github/InkMarkdown/.scratch/architecture-deepening-2026-09-07/evidence/20260907-1415-ticket-27/consumer/DerivedData-InkMarkdownLaTeXConsumer/ModuleCache.noindex/CoreTransferable-B8KNJEXBOVBOPAUC8P6ZDH31S.pcm

SwiftDriverJobDiscovery normal arm64 Compiling CollectionExtensions.swift, StringExtensions.swift, MarkupVisitor.swift, MarkupWalker.swift, HTMLFormatter.swift, MarkupFormatter.swift, MarkupTreeDumper.swift (in target 'Markdown' from project 'swift-markdown')

SwiftExplicitDependencyGeneratePcm arm64 /Users/shizihan/DailyUse/Github/InkMarkdown/.scratch/architecture-deepening-2026-09-07/evidence/20260907-1415-ticket-27/consumer/DerivedData-InkMarkdownLaTeXConsumer/ModuleCache.noindex/Metal-C21PS81FYGWJCZHD68N92L7T2.pcm

SwiftExplicitDependencyGeneratePcm arm64 /Users/shizihan/DailyUse/Github/InkMarkdown/.scratch/architecture-deepening-2026-09-07/evidence/20260907-1415-ticket-27/consumer/DerivedData-InkMarkdownLaTeXConsumer/ModuleCache.noindex/FileProvider-37PHUQVA9RJJYK9YBVEF2M3PP.pcm

SwiftExplicitDependencyGeneratePcm arm64 /Users/shizihan/DailyUse/Github/InkMarkdown/.scratch/architecture-deepening-2026-09-07/evidence/20260907-1415-ticket-27/consumer/DerivedData-InkMarkdownLaTeXConsumer/ModuleCache.noindex/CoreText-4B1V34LS4LJY7MA1ZI3FJHK25.pcm

SwiftExplicitDependencyGeneratePcm arm64 /Users/shizihan/DailyUse/Github/InkMarkdown/.scratch/architecture-deepening-2026-09-07/evidence/20260907-1415-ticket-27/consumer/DerivedData-InkMarkdownLaTeXConsumer/ModuleCache.noindex/Accessibility-1ZLVWUQ8NSILO3D48SMXXIV67.pcm

SwiftExplicitDependencyGeneratePcm arm64 /Users/shizihan/DailyUse/Github/InkMarkdown/.scratch/architecture-deepening-2026-09-07/evidence/20260907-1415-ticket-27/consumer/DerivedData-InkMarkdownLaTeXConsumer/ModuleCache.noindex/ImageIO-A37VZSSGSK9SXDSKGR316GSMS.pcm

SwiftDriverJobDiscovery normal arm64 Compiling LazySplitLines.swift, ParseOptions.swift, RangeAdjuster.swift, RangerTracker.swift, MarkupRewriter.swift, BasicBlockContainer.swift, BasicInlineContainer.swift (in target 'Markdown' from project 'swift-markdown')

SwiftExplicitDependencyGeneratePcm arm64 /Users/shizihan/DailyUse/Github/InkMarkdown/.scratch/architecture-deepening-2026-09-07/evidence/20260907-1415-ticket-27/consumer/DerivedData-InkMarkdownLaTeXConsumer/ModuleCache.noindex/simd-6WMUTRNE0CLV0W66CWRI63FFY.pcm

SwiftExplicitDependencyGeneratePcm arm64 /Users/shizihan/DailyUse/Github/InkMarkdown/.scratch/architecture-deepening-2026-09-07/evidence/20260907-1415-ticket-27/consumer/DerivedData-InkMarkdownLaTeXConsumer/ModuleCache.noindex/CoreVideo-4B65D25KYWFRZT5WD7PWRGTIK.pcm

SwiftExplicitDependencyGeneratePcm arm64 /Users/shizihan/DailyUse/Github/InkMarkdown/.scratch/architecture-deepening-2026-09-07/evidence/20260907-1415-ticket-27/consumer/DerivedData-InkMarkdownLaTeXConsumer/ModuleCache.noindex/QuartzCore-A2MEO4L3DYUJD5UMGOHNKC863.pcm

SwiftExplicitDependencyGeneratePcm arm64 /Users/shizihan/DailyUse/Github/InkMarkdown/.scratch/architecture-deepening-2026-09-07/evidence/20260907-1415-ticket-27/consumer/DerivedData-InkMarkdownLaTeXConsumer/ModuleCache.noindex/CoreImage-AVIJZJ66OF0ULGAGG41HWBXXE.pcm

SwiftDriverJobDiscovery normal arm64 Compiling LineBreak.swift, SoftBreak.swift, SymbolLink.swift, Text.swift, Aside.swift, BlockDirectiveParser.swift, CommonMarkConverter.swift (in target 'Markdown' from project 'swift-markdown')

SwiftDriver\ Compilation Markdown normal arm64 com.apple.xcode.tools.swift.compiler (in target 'Markdown' from project 'swift-markdown')
    cd /Users/shizihan/DailyUse/Github/InkMarkdown/.github/fixtures/consumer-smoke/.swiftpm/xcode
    builtin-Swift-Compilation -- /Applications/Xcode.app/Contents/Developer/Toolchains/XcodeDefault.xctoolchain/usr/bin/swiftc -module-name Markdown -Onone @/Users/shizihan/DailyUse/Github/InkMarkdown/.scratch/architecture-deepening-2026-09-07/evidence/20260907-1415-ticket-27/consumer/DerivedData-InkMarkdownLaTeXConsumer/Build/Intermediates.noindex/swift-markdown.build/Debug-iphonesimulator/Markdown.build/Objects-normal/arm64/Markdown.SwiftFileList -DSWIFT_PACKAGE -DDEBUG -DSWIFT_MODULE_RESOURCE_BUNDLE_UNAVAILABLE -DXcode -plugin-path /Applications/Xcode.app/Contents/Developer/Toolchains/XcodeDefault.xctoolchain/usr/lib/swift/host/plugins/testing -enable-experimental-feature DebugDescriptionMacro -sdk /Applications/Xcode.app/Contents/Developer/Platforms/iPhoneSimulator.platform/Developer/SDKs/iPhoneSimulator26.5.sdk -target arm64-apple-ios12.0-simulator -g -module-cache-path /Users/shizihan/DailyUse/Github/InkMarkdown/.scratch/architecture-deepening-2026-09-07/evidence/20260907-1415-ticket-27/consumer/DerivedData-InkMarkdownLaTeXConsumer/ModuleCache.noindex -Xfrontend -serialize-debugging-options -enable-testing -suppress-warnings -index-store-path /Users/shizihan/DailyUse/Github/InkMarkdown/.scratch/architecture-deepening-2026-09-07/evidence/20260907-1415-ticket-27/consumer/DerivedData-InkMarkdownLaTeXConsumer/Index.noindex/DataStore -Xcc -D_LIBCPP_HARDENING_MODE\=_LIBCPP_HARDENING_MODE_DEBUG -swift-version 5 -I /Users/shizihan/DailyUse/Github/InkMarkdown/.scratch/architecture-deepening-2026-09-07/evidence/20260907-1415-ticket-27/consumer/DerivedData-InkMarkdownLaTeXConsumer/Build/Products/Debug-iphonesimulator -Isystem /Applications/Xcode.app/Contents/Developer/Platforms/iPhoneSimulator.platform/Developer/usr/lib -F /Users/shizihan/DailyUse/Github/InkMarkdown/.scratch/architecture-deepening-2026-09-07/evidence/20260907-1415-ticket-27/consumer/DerivedData-InkMarkdownLaTeXConsumer/Build/Products/Debug-iphonesimulator/PackageFrameworks -F /Users/shizihan/DailyUse/Github/InkMarkdown/.scratch/architecture-deepening-2026-09-07/evidence/20260907-1415-ticket-27/consumer/DerivedData-InkMarkdownLaTeXConsumer/Build/Products/Debug-iphonesimulator/PackageFrameworks -F /Users/shizihan/DailyUse/Github/InkMarkdown/.scratch/architecture-deepening-2026-09-07/evidence/20260907-1415-ticket-27/consumer/DerivedData-InkMarkdownLaTeXConsumer/Build/Products/Debug-iphonesimulator/PackageFrameworks -F /Users/shizihan/DailyUse/Github/InkMarkdown/.scratch/architecture-deepening-2026-09-07/evidence/20260907-1415-ticket-27/consumer/DerivedData-InkMarkdownLaTeXConsumer/Build/Products/Debug-iphonesimulator -F /Applications/Xcode.app/Contents/Developer/Platforms/iPhoneSimulator.platform/Developer/Library/Frameworks -F /Applications/Xcode.app/Contents/Developer/Platforms/iPhoneSimulator.platform/Developer/SDKs/iPhoneSimulator26.5.sdk/Developer/Library/Frameworks -c -j10 -enable-batch-mode -incremental -Xcc -ivfsstatcache -Xcc /Users/shizihan/DailyUse/Github/InkMarkdown/.scratch/architecture-deepening-2026-09-07/evidence/20260907-1415-ticket-27/consumer/DerivedData-InkMarkdownLaTeXConsumer/SDKStatCaches.noindex/iphonesimulator26.5-23F81a-6cfe768891a92b912361537c460fe42b.sdkstatcache -output-file-map /Users/shizihan/DailyUse/Github/InkMarkdown/.scratch/architecture-deepening-2026-09-07/evidence/20260907-1415-ticket-27/consumer/DerivedData-InkMarkdownLaTeXConsumer/Build/Intermediates.noindex/swift-markdown.build/Debug-iphonesimulator/Markdown.build/Objects-normal/arm64/Markdown-OutputFileMap.json -use-frontend-parseable-output -save-temps -no-color-diagnostics -explicit-module-build -module-cache-path /Users/shizihan/DailyUse/Github/InkMarkdown/.scratch/architecture-deepening-2026-09-07/evidence/20260907-1415-ticket-27/consumer/DerivedData-InkMarkdownLaTeXConsumer/Build/Intermediates.noindex/SwiftExplicitPrecompiledModules -clang-scanner-module-cache-path /Users/shizihan/DailyUse/Github/InkMarkdown/.scratch/architecture-deepening-2026-09-07/evidence/20260907-1415-ticket-27/consumer/DerivedData-InkMarkdownLaTeXConsumer/ModuleCache.noindex -sdk-module-cache-path /Users/shizihan/DailyUse/Github/InkMarkdown/.scratch/architecture-deepening-2026-09-07/evidence/20260907-1415-ticket-27/consumer/DerivedData-InkMarkdownLaTeXConsumer/ModuleCache.noindex -serialize-diagnostics -emit-dependencies -emit-module -emit-module-path /Users/shizihan/DailyUse/Github/InkMarkdown/.scratch/architecture-deepening-2026-09-07/evidence/20260907-1415-ticket-27/consumer/DerivedData-InkMarkdownLaTeXConsumer/Build/Intermediates.noindex/swift-markdown.build/Debug-iphonesimulator/Markdown.build/Objects-normal/arm64/Markdown.swiftmodule -validate-clang-modules-once -clang-build-session-file /Users/shizihan/DailyUse/Github/InkMarkdown/.scratch/architecture-deepening-2026-09-07/evidence/20260907-1415-ticket-27/consumer/DerivedData-InkMarkdownLaTeXConsumer/ModuleCache.noindex/Session.modulevalidation -package-name swift_markdown -Xcc -I/Users/shizihan/DailyUse/Github/InkMarkdown/.scratch/architecture-deepening-2026-09-07/evidence/20260907-1415-ticket-27/consumer/DerivedData-InkMarkdownLaTeXConsumer/Build/Intermediates.noindex/swift-markdown.build/Debug-iphonesimulator/Markdown.build/swift-overrides.hmap -emit-const-values -Xfrontend -const-gather-protocols-file -Xfrontend /Users/shizihan/DailyUse/Github/InkMarkdown/.scratch/architecture-deepening-2026-09-07/evidence/20260907-1415-ticket-27/consumer/DerivedData-InkMarkdownLaTeXConsumer/Build/Intermediates.noindex/swift-markdown.build/Debug-iphonesimulator/Markdown.build/Objects-normal/arm64/Markdown_const_extract_protocols.json -Xcc -I/Users/shizihan/DailyUse/Github/InkMarkdown/Packages/Caches/swift-cmark/src/include -Xcc -I/Users/shizihan/DailyUse/Github/InkMarkdown/Packages/Caches/swift-cmark/extensions/include -Xcc -I/Users/shizihan/DailyUse/Github/InkMarkdown/Packages/Caches/swift-markdown/Sources/CAtomic/include -Xcc -I/Users/shizihan/DailyUse/Github/InkMarkdown/.scratch/architecture-deepening-2026-09-07/evidence/20260907-1415-ticket-27/consumer/DerivedData-InkMarkdownLaTeXConsumer/Build/Products/Debug-iphonesimulator/include -Xcc -I/Users/shizihan/DailyUse/Github/InkMarkdown/.scratch/architecture-deepening-2026-09-07/evidence/20260907-1415-ticket-27/consumer/DerivedData-InkMarkdownLaTeXConsumer/Build/Intermediates.noindex/swift-markdown.build/Debug-iphonesimulator/Markdown.build/DerivedSources-normal/arm64 -Xcc -I/Users/shizihan/DailyUse/Github/InkMarkdown/.scratch/architecture-deepening-2026-09-07/evidence/20260907-1415-ticket-27/consumer/DerivedData-InkMarkdownLaTeXConsumer/Build/Intermediates.noindex/swift-markdown.build/Debug-iphonesimulator/Markdown.build/DerivedSources/arm64 -Xcc -I/Users/shizihan/DailyUse/Github/InkMarkdown/.scratch/architecture-deepening-2026-09-07/evidence/20260907-1415-ticket-27/consumer/DerivedData-InkMarkdownLaTeXConsumer/Build/Intermediates.noindex/swift-markdown.build/Debug-iphonesimulator/Markdown.build/DerivedSources -Xcc -DSWIFT_PACKAGE -Xcc -DDEBUG\=1 -emit-objc-header -emit-objc-header-path /Users/shizihan/DailyUse/Github/InkMarkdown/.scratch/architecture-deepening-2026-09-07/evidence/20260907-1415-ticket-27/consumer/DerivedData-InkMarkdownLaTeXConsumer/Build/Intermediates.noindex/swift-markdown.build/Debug-iphonesimulator/Markdown.build/Objects-normal/arm64/Markdown-Swift.h -working-directory /Users/shizihan/DailyUse/Github/InkMarkdown/.github/fixtures/consumer-smoke/.swiftpm/xcode -experimental-emit-module-separately -disable-cmo

Ld /Users/shizihan/DailyUse/Github/InkMarkdown/.scratch/architecture-deepening-2026-09-07/evidence/20260907-1415-ticket-27/consumer/DerivedData-InkMarkdownLaTeXConsumer/Build/Products/Debug-iphonesimulator/Markdown.o normal (in target 'Markdown' from project 'swift-markdown')
    cd /Users/shizihan/DailyUse/Github/InkMarkdown/Packages/Caches/swift-markdown
    /Applications/Xcode.app/Contents/Developer/Toolchains/XcodeDefault.xctoolchain/usr/bin/clang -Xlinker -reproducible -target arm64-apple-ios12.0-simulator -r -isysroot /Applications/Xcode.app/Contents/Developer/Platforms/iPhoneSimulator.platform/Developer/SDKs/iPhoneSimulator26.5.sdk -O0 -w -F/Users/shizihan/DailyUse/Github/InkMarkdown/.scratch/architecture-deepening-2026-09-07/evidence/20260907-1415-ticket-27/consumer/DerivedData-InkMarkdownLaTeXConsumer/Build/Intermediates.noindex/EagerLinkingTBDs/Debug-iphonesimulator -F/Users/shizihan/DailyUse/Github/InkMarkdown/.scratch/architecture-deepening-2026-09-07/evidence/20260907-1415-ticket-27/consumer/DerivedData-InkMarkdownLaTeXConsumer/Build/Products/Debug-iphonesimulator/PackageFrameworks -F/Users/shizihan/DailyUse/Github/InkMarkdown/.scratch/architecture-deepening-2026-09-07/evidence/20260907-1415-ticket-27/consumer/DerivedData-InkMarkdownLaTeXConsumer/Build/Products/Debug-iphonesimulator/PackageFrameworks -F/Users/shizihan/DailyUse/Github/InkMarkdown/.scratch/architecture-deepening-2026-09-07/evidence/20260907-1415-ticket-27/consumer/DerivedData-InkMarkdownLaTeXConsumer/Build/Products/Debug-iphonesimulator/PackageFrameworks -F/Users/shizihan/DailyUse/Github/InkMarkdown/.scratch/architecture-deepening-2026-09-07/evidence/20260907-1415-ticket-27/consumer/DerivedData-InkMarkdownLaTeXConsumer/Build/Products/Debug-iphonesimulator -iframework /Applications/Xcode.app/Contents/Developer/Platforms/iPhoneSimulator.platform/Developer/Library/Frameworks -iframework /Applications/Xcode.app/Contents/Developer/Platforms/iPhoneSimulator.platform/Developer/SDKs/iPhoneSimulator26.5.sdk/Developer/Library/Frameworks -filelist /Users/shizihan/DailyUse/Github/InkMarkdown/.scratch/architecture-deepening-2026-09-07/evidence/20260907-1415-ticket-27/consumer/DerivedData-InkMarkdownLaTeXConsumer/Build/Intermediates.noindex/swift-markdown.build/Debug-iphonesimulator/Markdown.build/Objects-normal/arm64/Markdown.LinkFileList -nostdlib -Xlinker -object_path_lto -Xlinker /Users/shizihan/DailyUse/Github/InkMarkdown/.scratch/architecture-deepening-2026-09-07/evidence/20260907-1415-ticket-27/consumer/DerivedData-InkMarkdownLaTeXConsumer/Build/Intermediates.noindex/swift-markdown.build/Debug-iphonesimulator/Markdown.build/Objects-normal/arm64/Markdown_lto.o -Xlinker -no_deduplicate -Xlinker -objc_abi_version -Xlinker 2 -Xlinker -dependency_info -Xlinker /Users/shizihan/DailyUse/Github/InkMarkdown/.scratch/architecture-deepening-2026-09-07/evidence/20260907-1415-ticket-27/consumer/DerivedData-InkMarkdownLaTeXConsumer/Build/Intermediates.noindex/swift-markdown.build/Debug-iphonesimulator/Markdown.build/Objects-normal/arm64/Markdown_dependency_info.dat -fobjc-link-runtime -L/Applications/Xcode.app/Contents/Developer/Toolchains/XcodeDefault.xctoolchain/usr/lib/swift/iphonesimulator -L/usr/lib/swift -Xlinker -add_ast_path -Xlinker /Users/shizihan/DailyUse/Github/InkMarkdown/.scratch/architecture-deepening-2026-09-07/evidence/20260907-1415-ticket-27/consumer/DerivedData-InkMarkdownLaTeXConsumer/Build/Intermediates.noindex/swift-markdown.build/Debug-iphonesimulator/Markdown.build/Objects-normal/arm64/Markdown.swiftmodule @/Users/shizihan/DailyUse/Github/InkMarkdown/.scratch/architecture-deepening-2026-09-07/evidence/20260907-1415-ticket-27/consumer/DerivedData-InkMarkdownLaTeXConsumer/Build/Intermediates.noindex/swift-markdown.build/Debug-iphonesimulator/Markdown.build/Objects-normal/arm64/Markdown-linker-args.resp -o /Users/shizihan/DailyUse/Github/InkMarkdown/.scratch/architecture-deepening-2026-09-07/evidence/20260907-1415-ticket-27/consumer/DerivedData-InkMarkdownLaTeXConsumer/Build/Products/Debug-iphonesimulator/Markdown.o

SwiftExplicitDependencyGeneratePcm arm64 /Users/shizihan/DailyUse/Github/InkMarkdown/.scratch/architecture-deepening-2026-09-07/evidence/20260907-1415-ticket-27/consumer/DerivedData-InkMarkdownLaTeXConsumer/ModuleCache.noindex/SwiftUICore-E5ZW1CRXREJUGIWOI9ECRBH5E.pcm

ExtractAppIntentsMetadata (in target 'Markdown' from project 'swift-markdown')
    cd /Users/shizihan/DailyUse/Github/InkMarkdown/Packages/Caches/swift-markdown
    /Applications/Xcode.app/Contents/Developer/Toolchains/XcodeDefault.xctoolchain/usr/bin/appintentsmetadataprocessor --toolchain-dir /Applications/Xcode.app/Contents/Developer/Toolchains/XcodeDefault.xctoolchain --module-name Markdown --sdk-root /Applications/Xcode.app/Contents/Developer/Platforms/iPhoneSimulator.platform/Developer/SDKs/iPhoneSimulator26.5.sdk --xcode-version 17F113 --platform-family iOS --deployment-target 12.0 --bundle-identifier swift-markdown.Markdown --output /Users/shizihan/DailyUse/Github/InkMarkdown/.scratch/architecture-deepening-2026-09-07/evidence/20260907-1415-ticket-27/consumer/DerivedData-InkMarkdownLaTeXConsumer/Build/Products/Debug-iphonesimulator/Markdown.appintents --target-triple arm64-apple-ios12.0-simulator --binary-file /Users/shizihan/DailyUse/Github/InkMarkdown/.scratch/architecture-deepening-2026-09-07/evidence/20260907-1415-ticket-27/consumer/DerivedData-InkMarkdownLaTeXConsumer/Build/Products/Debug-iphonesimulator/Markdown.o --dependency-file /Users/shizihan/DailyUse/Github/InkMarkdown/.scratch/architecture-deepening-2026-09-07/evidence/20260907-1415-ticket-27/consumer/DerivedData-InkMarkdownLaTeXConsumer/Build/Intermediates.noindex/swift-markdown.build/Debug-iphonesimulator/Markdown.build/Objects-normal/arm64/Markdown_dependency_info.dat --stringsdata-file /Users/shizihan/DailyUse/Github/InkMarkdown/.scratch/architecture-deepening-2026-09-07/evidence/20260907-1415-ticket-27/consumer/DerivedData-InkMarkdownLaTeXConsumer/Build/Intermediates.noindex/swift-markdown.build/Debug-iphonesimulator/Markdown.build/Objects-normal/arm64/ExtractedAppShortcutsMetadata.stringsdata --source-file-list /Users/shizihan/DailyUse/Github/InkMarkdown/.scratch/architecture-deepening-2026-09-07/evidence/20260907-1415-ticket-27/consumer/DerivedData-InkMarkdownLaTeXConsumer/Build/Intermediates.noindex/swift-markdown.build/Debug-iphonesimulator/Markdown.build/Objects-normal/arm64/Markdown.SwiftFileList --metadata-file-list /Users/shizihan/DailyUse/Github/InkMarkdown/.scratch/architecture-deepening-2026-09-07/evidence/20260907-1415-ticket-27/consumer/DerivedData-InkMarkdownLaTeXConsumer/Build/Intermediates.noindex/swift-markdown.build/Debug-iphonesimulator/Markdown.build/Markdown.DependencyMetadataFileList --static-metadata-file-list /Users/shizihan/DailyUse/Github/InkMarkdown/.scratch/architecture-deepening-2026-09-07/evidence/20260907-1415-ticket-27/consumer/DerivedData-InkMarkdownLaTeXConsumer/Build/Intermediates.noindex/swift-markdown.build/Debug-iphonesimulator/Markdown.build/Markdown.DependencyStaticMetadataFileList --swift-const-vals-list /Users/shizihan/DailyUse/Github/InkMarkdown/.scratch/architecture-deepening-2026-09-07/evidence/20260907-1415-ticket-27/consumer/DerivedData-InkMarkdownLaTeXConsumer/Build/Intermediates.noindex/swift-markdown.build/Debug-iphonesimulator/Markdown.build/Objects-normal/arm64/Markdown.SwiftConstValuesFileList --force --compile-time-extraction --deployment-aware-processing --validate-assistant-intents --no-app-shortcuts-localization
2026-09-07 14:40:57.971 appintentsmetadataprocessor[88091:6070198] Starting appintentsmetadataprocessor export
2026-09-07 14:40:57.994 appintentsmetadataprocessor[88091:6070198] Extracted no relevant App Intents symbols, skipping writing output

SwiftExplicitDependencyGeneratePcm arm64 /Users/shizihan/DailyUse/Github/InkMarkdown/.scratch/architecture-deepening-2026-09-07/evidence/20260907-1415-ticket-27/consumer/DerivedData-InkMarkdownLaTeXConsumer/ModuleCache.noindex/UIKit-730GPBT5E75R8H9V5GHPFDKRC.pcm

SwiftExplicitDependencyGeneratePcm arm64 /Users/shizihan/DailyUse/Github/InkMarkdown/.scratch/architecture-deepening-2026-09-07/evidence/20260907-1415-ticket-27/consumer/DerivedData-InkMarkdownLaTeXConsumer/ModuleCache.noindex/Spatial-8J95G79Z5YJFORY9KM4B4BQUK.pcm

RegisterExecutionPolicyException /Users/shizihan/DailyUse/Github/InkMarkdown/.scratch/architecture-deepening-2026-09-07/evidence/20260907-1415-ticket-27/consumer/DerivedData-InkMarkdownLaTeXConsumer/Build/Products/Debug-iphonesimulator/Markdown.o (in target 'Markdown' from project 'swift-markdown')
    cd /Users/shizihan/DailyUse/Github/InkMarkdown/Packages/Caches/swift-markdown
    builtin-RegisterExecutionPolicyException /Users/shizihan/DailyUse/Github/InkMarkdown/.scratch/architecture-deepening-2026-09-07/evidence/20260907-1415-ticket-27/consumer/DerivedData-InkMarkdownLaTeXConsumer/Build/Products/Debug-iphonesimulator/Markdown.o

SwiftExplicitDependencyGeneratePcm arm64 /Users/shizihan/DailyUse/Github/InkMarkdown/.scratch/architecture-deepening-2026-09-07/evidence/20260907-1415-ticket-27/consumer/DerivedData-InkMarkdownLaTeXConsumer/ModuleCache.noindex/WebKit-4F1D74E30RSRGS7G3DOFZBDIK.pcm

SwiftCompile normal arm64 Compiling\ InkImagePreviewController.swift,\ InkImageRendering.swift,\ InkImageSourceResolution.swift,\ InkImageStore.swift,\ InkDisplayMetrics.swift,\ InkInlineSyntax.swift /Users/shizihan/DailyUse/Github/InkMarkdown/Sources/InkMarkdown/Rendering/Image/InkImagePreviewController.swift /Users/shizihan/DailyUse/Github/InkMarkdown/Sources/InkMarkdown/Rendering/Image/InkImageRendering.swift /Users/shizihan/DailyUse/Github/InkMarkdown/Sources/InkMarkdown/Rendering/Image/InkImageSourceResolution.swift /Users/shizihan/DailyUse/Github/InkMarkdown/Sources/InkMarkdown/Rendering/Image/InkImageStore.swift /Users/shizihan/DailyUse/Github/InkMarkdown/Sources/InkMarkdown/Rendering/InkDisplayMetrics.swift /Users/shizihan/DailyUse/Github/InkMarkdown/Sources/InkMarkdown/Rendering/InkInlineSyntax.swift (in target 'InkMarkdown' from project 'InkMarkdown')

SwiftCompile normal arm64 /Users/shizihan/DailyUse/Github/InkMarkdown/Sources/InkMarkdown/Rendering/Image/InkImagePreviewController.swift (in target 'InkMarkdown' from project 'InkMarkdown')
    cd /Users/shizihan/DailyUse/Github/InkMarkdown/.github/fixtures/consumer-smoke/.swiftpm/xcode
    

SwiftCompile normal arm64 /Users/shizihan/DailyUse/Github/InkMarkdown/Sources/InkMarkdown/Rendering/Image/InkImageRendering.swift (in target 'InkMarkdown' from project 'InkMarkdown')
    cd /Users/shizihan/DailyUse/Github/InkMarkdown/.github/fixtures/consumer-smoke/.swiftpm/xcode
    

SwiftCompile normal arm64 /Users/shizihan/DailyUse/Github/InkMarkdown/Sources/InkMarkdown/Rendering/Image/InkImageSourceResolution.swift (in target 'InkMarkdown' from project 'InkMarkdown')
    cd /Users/shizihan/DailyUse/Github/InkMarkdown/.github/fixtures/consumer-smoke/.swiftpm/xcode
    

SwiftCompile normal arm64 /Users/shizihan/DailyUse/Github/InkMarkdown/Sources/InkMarkdown/Rendering/Image/InkImageStore.swift (in target 'InkMarkdown' from project 'InkMarkdown')
    cd /Users/shizihan/DailyUse/Github/InkMarkdown/.github/fixtures/consumer-smoke/.swiftpm/xcode
    

SwiftCompile normal arm64 /Users/shizihan/DailyUse/Github/InkMarkdown/Sources/InkMarkdown/Rendering/InkDisplayMetrics.swift (in target 'InkMarkdown' from project 'InkMarkdown')
    cd /Users/shizihan/DailyUse/Github/InkMarkdown/.github/fixtures/consumer-smoke/.swiftpm/xcode
    

SwiftCompile normal arm64 /Users/shizihan/DailyUse/Github/InkMarkdown/Sources/InkMarkdown/Rendering/InkInlineSyntax.swift (in target 'InkMarkdown' from project 'InkMarkdown')
    cd /Users/shizihan/DailyUse/Github/InkMarkdown/.github/fixtures/consumer-smoke/.swiftpm/xcode
    

SwiftEmitModule normal arm64 Emitting\ module\ for\ InkMarkdown (in target 'InkMarkdown' from project 'InkMarkdown')

EmitSwiftModule normal arm64 (in target 'InkMarkdown' from project 'InkMarkdown')
    cd /Users/shizihan/DailyUse/Github/InkMarkdown/.github/fixtures/consumer-smoke/.swiftpm/xcode
    

SwiftCompile normal arm64 Compiling\ InkMermaidImageRenderer.swift,\ InkMermaidPageLoadRouter.swift,\ InkMermaidRasterPlan.swift,\ InkMermaidRenderRequestState.swift,\ InkMermaidRenderScheduler.swift,\ InkMermaidTypes.swift /Users/shizihan/DailyUse/Github/InkMarkdown/Sources/InkMarkdown/Rendering/Mermaid/InkMermaidImageRenderer.swift /Users/shizihan/DailyUse/Github/InkMarkdown/Sources/InkMarkdown/Rendering/Mermaid/InkMermaidPageLoadRouter.swift /Users/shizihan/DailyUse/Github/InkMarkdown/Sources/InkMarkdown/Rendering/Mermaid/InkMermaidRasterPlan.swift /Users/shizihan/DailyUse/Github/InkMarkdown/Sources/InkMarkdown/Rendering/Mermaid/InkMermaidRenderRequestState.swift /Users/shizihan/DailyUse/Github/InkMarkdown/Sources/InkMarkdown/Rendering/Mermaid/InkMermaidRenderScheduler.swift /Users/shizihan/DailyUse/Github/InkMarkdown/Sources/InkMarkdown/Rendering/Mermaid/InkMermaidTypes.swift (in target 'InkMarkdown' from project 'InkMarkdown')
SwiftCompile normal arm64 /Users/shizihan/DailyUse/Github/InkMarkdown/Sources/InkMarkdown/Rendering/Mermaid/InkMermaidImageRenderer.swift (in target 'InkMarkdown' from project 'InkMarkdown')
    cd /Users/shizihan/DailyUse/Github/InkMarkdown/.github/fixtures/consumer-smoke/.swiftpm/xcode
    

SwiftCompile normal arm64 /Users/shizihan/DailyUse/Github/InkMarkdown/Sources/InkMarkdown/Rendering/Mermaid/InkMermaidPageLoadRouter.swift (in target 'InkMarkdown' from project 'InkMarkdown')
    cd /Users/shizihan/DailyUse/Github/InkMarkdown/.github/fixtures/consumer-smoke/.swiftpm/xcode
    

SwiftCompile normal arm64 /Users/shizihan/DailyUse/Github/InkMarkdown/Sources/InkMarkdown/Rendering/Mermaid/InkMermaidRasterPlan.swift (in target 'InkMarkdown' from project 'InkMarkdown')
    cd /Users/shizihan/DailyUse/Github/InkMarkdown/.github/fixtures/consumer-smoke/.swiftpm/xcode
    

SwiftCompile normal arm64 /Users/shizihan/DailyUse/Github/InkMarkdown/Sources/InkMarkdown/Rendering/Mermaid/InkMermaidRenderRequestState.swift (in target 'InkMarkdown' from project 'InkMarkdown')
    cd /Users/shizihan/DailyUse/Github/InkMarkdown/.github/fixtures/consumer-smoke/.swiftpm/xcode
    

SwiftCompile normal arm64 /Users/shizihan/DailyUse/Github/InkMarkdown/Sources/InkMarkdown/Rendering/Mermaid/InkMermaidRenderScheduler.swift (in target 'InkMarkdown' from project 'InkMarkdown')
    cd /Users/shizihan/DailyUse/Github/InkMarkdown/.github/fixtures/consumer-smoke/.swiftpm/xcode
    

SwiftCompile normal arm64 /Users/shizihan/DailyUse/Github/InkMarkdown/Sources/InkMarkdown/Rendering/Mermaid/InkMermaidTypes.swift (in target 'InkMarkdown' from project 'InkMarkdown')
    cd /Users/shizihan/DailyUse/Github/InkMarkdown/.github/fixtures/consumer-smoke/.swiftpm/xcode
    

SwiftCompile normal arm64 Compiling\ InkGeneratedImageRequest.swift,\ InkImageAttachment.swift,\ InkImageBlock.swift,\ InkImageBlockHandler.swift,\ InkImageLoading.swift,\ InkImagePresentationLoad.swift /Users/shizihan/DailyUse/Github/InkMarkdown/Sources/InkMarkdown/Rendering/Image/InkGeneratedImageRequest.swift /Users/shizihan/DailyUse/Github/InkMarkdown/Sources/InkMarkdown/Rendering/Image/InkImageAttachment.swift /Users/shizihan/DailyUse/Github/InkMarkdown/Sources/InkMarkdown/Rendering/Image/InkImageBlock.swift /Users/shizihan/DailyUse/Github/InkMarkdown/Sources/InkMarkdown/Rendering/Image/InkImageBlockHandler.swift /Users/shizihan/DailyUse/Github/InkMarkdown/Sources/InkMarkdown/Rendering/Image/InkImageLoading.swift /Users/shizihan/DailyUse/Github/InkMarkdown/Sources/InkMarkdown/Rendering/Image/InkImagePresentationLoad.swift (in target 'InkMarkdown' from project 'InkMarkdown')

SwiftCompile normal arm64 /Users/shizihan/DailyUse/Github/InkMarkdown/Sources/InkMarkdown/Rendering/Image/InkGeneratedImageRequest.swift (in target 'InkMarkdown' from project 'InkMarkdown')
    cd /Users/shizihan/DailyUse/Github/InkMarkdown/.github/fixtures/consumer-smoke/.swiftpm/xcode
    

SwiftCompile normal arm64 /Users/shizihan/DailyUse/Github/InkMarkdown/Sources/InkMarkdown/Rendering/Image/InkImageAttachment.swift (in target 'InkMarkdown' from project 'InkMarkdown')
    cd /Users/shizihan/DailyUse/Github/InkMarkdown/.github/fixtures/consumer-smoke/.swiftpm/xcode
    

SwiftCompile normal arm64 /Users/shizihan/DailyUse/Github/InkMarkdown/Sources/InkMarkdown/Rendering/Image/InkImageBlock.swift (in target 'InkMarkdown' from project 'InkMarkdown')
    cd /Users/shizihan/DailyUse/Github/InkMarkdown/.github/fixtures/consumer-smoke/.swiftpm/xcode
    

SwiftCompile normal arm64 /Users/shizihan/DailyUse/Github/InkMarkdown/Sources/InkMarkdown/Rendering/Image/InkImageBlockHandler.swift (in target 'InkMarkdown' from project 'InkMarkdown')
    cd /Users/shizihan/DailyUse/Github/InkMarkdown/.github/fixtures/consumer-smoke/.swiftpm/xcode
    

SwiftCompile normal arm64 /Users/shizihan/DailyUse/Github/InkMarkdown/Sources/InkMarkdown/Rendering/Image/InkImageLoading.swift (in target 'InkMarkdown' from project 'InkMarkdown')
    cd /Users/shizihan/DailyUse/Github/InkMarkdown/.github/fixtures/consumer-smoke/.swiftpm/xcode
    

SwiftCompile normal arm64 /Users/shizihan/DailyUse/Github/InkMarkdown/Sources/InkMarkdown/Rendering/Image/InkImagePresentationLoad.swift (in target 'InkMarkdown' from project 'InkMarkdown')
    cd /Users/shizihan/DailyUse/Github/InkMarkdown/.github/fixtures/consumer-smoke/.swiftpm/xcode
    

SwiftCompile normal arm64 Compiling\ InkStreamRenderer.swift,\ InkTextContext.swift,\ InkLaTeXImageRenderer.swift,\ InkLaTeXRenderRequest.swift,\ InkLaTeXSourcePreservation.swift,\ InkLaTeXSyntax.swift /Users/shizihan/DailyUse/Github/InkMarkdown/Sources/InkMarkdown/Rendering/InkStreamRenderer.swift /Users/shizihan/DailyUse/Github/InkMarkdown/Sources/InkMarkdown/Rendering/InkTextContext.swift /Users/shizihan/DailyUse/Github/InkMarkdown/Sources/InkMarkdown/Rendering/LaTeX/InkLaTeXImageRenderer.swift /Users/shizihan/DailyUse/Github/InkMarkdown/Sources/InkMarkdown/Rendering/LaTeX/InkLaTeXRenderRequest.swift /Users/shizihan/DailyUse/Github/InkMarkdown/Sources/InkMarkdown/Rendering/LaTeX/InkLaTeXSourcePreservation.swift /Users/shizihan/DailyUse/Github/InkMarkdown/Sources/InkMarkdown/Rendering/LaTeX/InkLaTeXSyntax.swift (in target 'InkMarkdown' from project 'InkMarkdown')

SwiftCompile normal arm64 /Users/shizihan/DailyUse/Github/InkMarkdown/Sources/InkMarkdown/Rendering/InkStreamRenderer.swift (in target 'InkMarkdown' from project 'InkMarkdown')
    cd /Users/shizihan/DailyUse/Github/InkMarkdown/.github/fixtures/consumer-smoke/.swiftpm/xcode
    

SwiftCompile normal arm64 /Users/shizihan/DailyUse/Github/InkMarkdown/Sources/InkMarkdown/Rendering/InkTextContext.swift (in target 'InkMarkdown' from project 'InkMarkdown')
    cd /Users/shizihan/DailyUse/Github/InkMarkdown/.github/fixtures/consumer-smoke/.swiftpm/xcode
    

SwiftCompile normal arm64 /Users/shizihan/DailyUse/Github/InkMarkdown/Sources/InkMarkdown/Rendering/LaTeX/InkLaTeXImageRenderer.swift (in target 'InkMarkdown' from project 'InkMarkdown')
    cd /Users/shizihan/DailyUse/Github/InkMarkdown/.github/fixtures/consumer-smoke/.swiftpm/xcode
    

SwiftCompile normal arm64 /Users/shizihan/DailyUse/Github/InkMarkdown/Sources/InkMarkdown/Rendering/LaTeX/InkLaTeXRenderRequest.swift (in target 'InkMarkdown' from project 'InkMarkdown')
    cd /Users/shizihan/DailyUse/Github/InkMarkdown/.github/fixtures/consumer-smoke/.swiftpm/xcode
    

SwiftCompile normal arm64 /Users/shizihan/DailyUse/Github/InkMarkdown/Sources/InkMarkdown/Rendering/LaTeX/InkLaTeXSourcePreservation.swift (in target 'InkMarkdown' from project 'InkMarkdown')
    cd /Users/shizihan/DailyUse/Github/InkMarkdown/.github/fixtures/consumer-smoke/.swiftpm/xcode
    

SwiftCompile normal arm64 /Users/shizihan/DailyUse/Github/InkMarkdown/Sources/InkMarkdown/Rendering/LaTeX/InkLaTeXSyntax.swift (in target 'InkMarkdown' from project 'InkMarkdown')
    cd /Users/shizihan/DailyUse/Github/InkMarkdown/.github/fixtures/consumer-smoke/.swiftpm/xcode
    

SwiftCompile normal arm64 Compiling\ ImageIODownsampler.swift,\ ImageLoadError.swift,\ ImageSecurityPolicy.swift,\ ImageSizingHelper.swift,\ ImageSource.swift,\ InkGeneratedImageLoading.swift /Users/shizihan/DailyUse/Github/InkMarkdown/Sources/InkMarkdown/Rendering/Image/ImageIODownsampler.swift /Users/shizihan/DailyUse/Github/InkMarkdown/Sources/InkMarkdown/Rendering/Image/ImageLoadError.swift /Users/shizihan/DailyUse/Github/InkMarkdown/Sources/InkMarkdown/Rendering/Image/ImageSecurityPolicy.swift /Users/shizihan/DailyUse/Github/InkMarkdown/Sources/InkMarkdown/Rendering/Image/ImageSizingHelper.swift /Users/shizihan/DailyUse/Github/InkMarkdown/Sources/InkMarkdown/Rendering/Image/ImageSource.swift /Users/shizihan/DailyUse/Github/InkMarkdown/Sources/InkMarkdown/Rendering/Image/InkGeneratedImageLoading.swift (in target 'InkMarkdown' from project 'InkMarkdown')

SwiftCompile normal arm64 /Users/shizihan/DailyUse/Github/InkMarkdown/Sources/InkMarkdown/Rendering/Image/ImageIODownsampler.swift (in target 'InkMarkdown' from project 'InkMarkdown')
    cd /Users/shizihan/DailyUse/Github/InkMarkdown/.github/fixtures/consumer-smoke/.swiftpm/xcode
    

SwiftCompile normal arm64 /Users/shizihan/DailyUse/Github/InkMarkdown/Sources/InkMarkdown/Rendering/Image/ImageLoadError.swift (in target 'InkMarkdown' from project 'InkMarkdown')
    cd /Users/shizihan/DailyUse/Github/InkMarkdown/.github/fixtures/consumer-smoke/.swiftpm/xcode
    

SwiftCompile normal arm64 /Users/shizihan/DailyUse/Github/InkMarkdown/Sources/InkMarkdown/Rendering/Image/ImageSecurityPolicy.swift (in target 'InkMarkdown' from project 'InkMarkdown')
    cd /Users/shizihan/DailyUse/Github/InkMarkdown/.github/fixtures/consumer-smoke/.swiftpm/xcode
    

SwiftCompile normal arm64 /Users/shizihan/DailyUse/Github/InkMarkdown/Sources/InkMarkdown/Rendering/Image/ImageSizingHelper.swift (in target 'InkMarkdown' from project 'InkMarkdown')
    cd /Users/shizihan/DailyUse/Github/InkMarkdown/.github/fixtures/consumer-smoke/.swiftpm/xcode
    

SwiftCompile normal arm64 /Users/shizihan/DailyUse/Github/InkMarkdown/Sources/InkMarkdown/Rendering/Image/ImageSource.swift (in target 'InkMarkdown' from project 'InkMarkdown')
    cd /Users/shizihan/DailyUse/Github/InkMarkdown/.github/fixtures/consumer-smoke/.swiftpm/xcode
    

SwiftCompile normal arm64 /Users/shizihan/DailyUse/Github/InkMarkdown/Sources/InkMarkdown/Rendering/Image/InkGeneratedImageLoading.swift (in target 'InkMarkdown' from project 'InkMarkdown')
    cd /Users/shizihan/DailyUse/Github/InkMarkdown/.github/fixtures/consumer-smoke/.swiftpm/xcode
    

SwiftCompile normal arm64 Compiling\ InkLaTeXIntegration.swift,\ InkMermaidIntegration.swift,\ DefaultURLSessionImageLoader.swift,\ DisplayContext.swift,\ DisplayKey.swift,\ ImageHTTPSessionDelegate.swift /Users/shizihan/DailyUse/Github/InkMarkdown/Sources/InkMarkdown/Rendering/Generated/InkLaTeXIntegration.swift /Users/shizihan/DailyUse/Github/InkMarkdown/Sources/InkMarkdown/Rendering/Generated/InkMermaidIntegration.swift /Users/shizihan/DailyUse/Github/InkMarkdown/Sources/InkMarkdown/Rendering/Image/DefaultURLSessionImageLoader.swift /Users/shizihan/DailyUse/Github/InkMarkdown/Sources/InkMarkdown/Rendering/Image/DisplayContext.swift /Users/shizihan/DailyUse/Github/InkMarkdown/Sources/InkMarkdown/Rendering/Image/DisplayKey.swift /Users/shizihan/DailyUse/Github/InkMarkdown/Sources/InkMarkdown/Rendering/Image/ImageHTTPSessionDelegate.swift (in target 'InkMarkdown' from project 'InkMarkdown')

SwiftCompile normal arm64 /Users/shizihan/DailyUse/Github/InkMarkdown/Sources/InkMarkdown/Rendering/Generated/InkLaTeXIntegration.swift (in target 'InkMarkdown' from project 'InkMarkdown')
    cd /Users/shizihan/DailyUse/Github/InkMarkdown/.github/fixtures/consumer-smoke/.swiftpm/xcode
    

SwiftCompile normal arm64 /Users/shizihan/DailyUse/Github/InkMarkdown/Sources/InkMarkdown/Rendering/Generated/InkMermaidIntegration.swift (in target 'InkMarkdown' from project 'InkMarkdown')
    cd /Users/shizihan/DailyUse/Github/InkMarkdown/.github/fixtures/consumer-smoke/.swiftpm/xcode
    

SwiftCompile normal arm64 /Users/shizihan/DailyUse/Github/InkMarkdown/Sources/InkMarkdown/Rendering/Image/DefaultURLSessionImageLoader.swift (in target 'InkMarkdown' from project 'InkMarkdown')
    cd /Users/shizihan/DailyUse/Github/InkMarkdown/.github/fixtures/consumer-smoke/.swiftpm/xcode
    

SwiftCompile normal arm64 /Users/shizihan/DailyUse/Github/InkMarkdown/Sources/InkMarkdown/Rendering/Image/DisplayContext.swift (in target 'InkMarkdown' from project 'InkMarkdown')
    cd /Users/shizihan/DailyUse/Github/InkMarkdown/.github/fixtures/consumer-smoke/.swiftpm/xcode
    

SwiftCompile normal arm64 /Users/shizihan/DailyUse/Github/InkMarkdown/Sources/InkMarkdown/Rendering/Image/DisplayKey.swift (in target 'InkMarkdown' from project 'InkMarkdown')
    cd /Users/shizihan/DailyUse/Github/InkMarkdown/.github/fixtures/consumer-smoke/.swiftpm/xcode
    

SwiftCompile normal arm64 /Users/shizihan/DailyUse/Github/InkMarkdown/Sources/InkMarkdown/Rendering/Image/ImageHTTPSessionDelegate.swift (in target 'InkMarkdown' from project 'InkMarkdown')
    cd /Users/shizihan/DailyUse/Github/InkMarkdown/.github/fixtures/consumer-smoke/.swiftpm/xcode
    

SwiftCompile normal arm64 Compiling\ InkTableBlockView.swift,\ InkTableCellTextView.swift,\ InkTablePresentation.swift,\ InkTableRenderHelper.swift,\ InkThematicBreakBlock.swift,\ InkThoughtBlock.swift,\ InkGeneratedAddonRuntime.swift /Users/shizihan/DailyUse/Github/InkMarkdown/Sources/InkMarkdown/Rendering/Components/InkTableBlockView.swift /Users/shizihan/DailyUse/Github/InkMarkdown/Sources/InkMarkdown/Rendering/Components/InkTableCellTextView.swift /Users/shizihan/DailyUse/Github/InkMarkdown/Sources/InkMarkdown/Rendering/Components/InkTablePresentation.swift /Users/shizihan/DailyUse/Github/InkMarkdown/Sources/InkMarkdown/Rendering/Components/InkTableRenderHelper.swift /Users/shizihan/DailyUse/Github/InkMarkdown/Sources/InkMarkdown/Rendering/Components/InkThematicBreakBlock.swift /Users/shizihan/DailyUse/Github/InkMarkdown/Sources/InkMarkdown/Rendering/Components/InkThoughtBlock.swift /Users/shizihan/DailyUse/Github/InkMarkdown/Sources/InkMarkdown/Rendering/Generated/InkGeneratedAddonRuntime.swift (in target 'InkMarkdown' from project 'InkMarkdown')
SwiftCompile normal arm64 /Users/shizihan/DailyUse/Github/InkMarkdown/Sources/InkMarkdown/Rendering/Components/InkTableBlockView.swift (in target 'InkMarkdown' from project 'InkMarkdown')
    cd /Users/shizihan/DailyUse/Github/InkMarkdown/.github/fixtures/consumer-smoke/.swiftpm/xcode
    

SwiftCompile normal arm64 /Users/shizihan/DailyUse/Github/InkMarkdown/Sources/InkMarkdown/Rendering/Components/InkTableCellTextView.swift (in target 'InkMarkdown' from project 'InkMarkdown')
    cd /Users/shizihan/DailyUse/Github/InkMarkdown/.github/fixtures/consumer-smoke/.swiftpm/xcode
    

SwiftCompile normal arm64 /Users/shizihan/DailyUse/Github/InkMarkdown/Sources/InkMarkdown/Rendering/Components/InkTablePresentation.swift (in target 'InkMarkdown' from project 'InkMarkdown')
    cd /Users/shizihan/DailyUse/Github/InkMarkdown/.github/fixtures/consumer-smoke/.swiftpm/xcode
    

SwiftCompile normal arm64 /Users/shizihan/DailyUse/Github/InkMarkdown/Sources/InkMarkdown/Rendering/Components/InkTableRenderHelper.swift (in target 'InkMarkdown' from project 'InkMarkdown')
    cd /Users/shizihan/DailyUse/Github/InkMarkdown/.github/fixtures/consumer-smoke/.swiftpm/xcode
    

SwiftCompile normal arm64 /Users/shizihan/DailyUse/Github/InkMarkdown/Sources/InkMarkdown/Rendering/Components/InkThematicBreakBlock.swift (in target 'InkMarkdown' from project 'InkMarkdown')
    cd /Users/shizihan/DailyUse/Github/InkMarkdown/.github/fixtures/consumer-smoke/.swiftpm/xcode
    

SwiftCompile normal arm64 /Users/shizihan/DailyUse/Github/InkMarkdown/Sources/InkMarkdown/Rendering/Components/InkThoughtBlock.swift (in target 'InkMarkdown' from project 'InkMarkdown')
    cd /Users/shizihan/DailyUse/Github/InkMarkdown/.github/fixtures/consumer-smoke/.swiftpm/xcode
    

SwiftCompile normal arm64 /Users/shizihan/DailyUse/Github/InkMarkdown/Sources/InkMarkdown/Rendering/Generated/InkGeneratedAddonRuntime.swift (in target 'InkMarkdown' from project 'InkMarkdown')
    cd /Users/shizihan/DailyUse/Github/InkMarkdown/.github/fixtures/consumer-smoke/.swiftpm/xcode
    

SwiftCompile normal arm64 Compiling\ InkAppearance.swift,\ InkConfiguration.swift,\ InkRenderEnvironment.swift,\ InkSemanticIdentity.swift,\ InkMarkdown.swift,\ InkLineClassifier.swift,\ InkParser.swift /Users/shizihan/DailyUse/Github/InkMarkdown/Sources/InkMarkdown/Configuration/InkAppearance.swift /Users/shizihan/DailyUse/Github/InkMarkdown/Sources/InkMarkdown/Configuration/InkConfiguration.swift /Users/shizihan/DailyUse/Github/InkMarkdown/Sources/InkMarkdown/Configuration/InkRenderEnvironment.swift /Users/shizihan/DailyUse/Github/InkMarkdown/Sources/InkMarkdown/Configuration/InkSemanticIdentity.swift /Users/shizihan/DailyUse/Github/InkMarkdown/Sources/InkMarkdown/InkMarkdown.swift /Users/shizihan/DailyUse/Github/InkMarkdown/Sources/InkMarkdown/Parser/InkLineClassifier.swift /Users/shizihan/DailyUse/Github/InkMarkdown/Sources/InkMarkdown/Parser/InkParser.swift (in target 'InkMarkdown' from project 'InkMarkdown')

SwiftCompile normal arm64 /Users/shizihan/DailyUse/Github/InkMarkdown/Sources/InkMarkdown/Configuration/InkAppearance.swift (in target 'InkMarkdown' from project 'InkMarkdown')
    cd /Users/shizihan/DailyUse/Github/InkMarkdown/.github/fixtures/consumer-smoke/.swiftpm/xcode
    

SwiftCompile normal arm64 /Users/shizihan/DailyUse/Github/InkMarkdown/Sources/InkMarkdown/Configuration/InkConfiguration.swift (in target 'InkMarkdown' from project 'InkMarkdown')
    cd /Users/shizihan/DailyUse/Github/InkMarkdown/.github/fixtures/consumer-smoke/.swiftpm/xcode
    

SwiftCompile normal arm64 /Users/shizihan/DailyUse/Github/InkMarkdown/Sources/InkMarkdown/Configuration/InkRenderEnvironment.swift (in target 'InkMarkdown' from project 'InkMarkdown')
    cd /Users/shizihan/DailyUse/Github/InkMarkdown/.github/fixtures/consumer-smoke/.swiftpm/xcode
    

SwiftCompile normal arm64 /Users/shizihan/DailyUse/Github/InkMarkdown/Sources/InkMarkdown/Configuration/InkSemanticIdentity.swift (in target 'InkMarkdown' from project 'InkMarkdown')
    cd /Users/shizihan/DailyUse/Github/InkMarkdown/.github/fixtures/consumer-smoke/.swiftpm/xcode
    

SwiftCompile normal arm64 /Users/shizihan/DailyUse/Github/InkMarkdown/Sources/InkMarkdown/InkMarkdown.swift (in target 'InkMarkdown' from project 'InkMarkdown')
    cd /Users/shizihan/DailyUse/Github/InkMarkdown/.github/fixtures/consumer-smoke/.swiftpm/xcode
    

SwiftCompile normal arm64 /Users/shizihan/DailyUse/Github/InkMarkdown/Sources/InkMarkdown/Parser/InkLineClassifier.swift (in target 'InkMarkdown' from project 'InkMarkdown')
    cd /Users/shizihan/DailyUse/Github/InkMarkdown/.github/fixtures/consumer-smoke/.swiftpm/xcode
    

SwiftCompile normal arm64 /Users/shizihan/DailyUse/Github/InkMarkdown/Sources/InkMarkdown/Parser/InkParser.swift (in target 'InkMarkdown' from project 'InkMarkdown')
    cd /Users/shizihan/DailyUse/Github/InkMarkdown/.github/fixtures/consumer-smoke/.swiftpm/xcode
    

SwiftCompile normal arm64 Compiling\ InkPreparedMarkdownSource.swift,\ InkAttributedRenderer.swift,\ InkAttributedTextBlock.swift,\ InkBlockHandler.swift,\ InkBlockRenderer.swift,\ InkRenderableBlock.swift,\ InkThoughtBlockHandler.swift /Users/shizihan/DailyUse/Github/InkMarkdown/Sources/InkMarkdown/Parser/InkPreparedMarkdownSource.swift /Users/shizihan/DailyUse/Github/InkMarkdown/Sources/InkMarkdown/Rendering/AttributedString/InkAttributedRenderer.swift /Users/shizihan/DailyUse/Github/InkMarkdown/Sources/InkMarkdown/Rendering/Block/InkAttributedTextBlock.swift /Users/shizihan/DailyUse/Github/InkMarkdown/Sources/InkMarkdown/Rendering/Block/InkBlockHandler.swift /Users/shizihan/DailyUse/Github/InkMarkdown/Sources/InkMarkdown/Rendering/Block/InkBlockRenderer.swift /Users/shizihan/DailyUse/Github/InkMarkdown/Sources/InkMarkdown/Rendering/Block/InkRenderableBlock.swift /Users/shizihan/DailyUse/Github/InkMarkdown/Sources/InkMarkdown/Rendering/Block/InkThoughtBlockHandler.swift (in target 'InkMarkdown' from project 'InkMarkdown')
SwiftCompile normal arm64 /Users/shizihan/DailyUse/Github/InkMarkdown/Sources/InkMarkdown/Parser/InkPreparedMarkdownSource.swift (in target 'InkMarkdown' from project 'InkMarkdown')
    cd /Users/shizihan/DailyUse/Github/InkMarkdown/.github/fixtures/consumer-smoke/.swiftpm/xcode
    

SwiftCompile normal arm64 /Users/shizihan/DailyUse/Github/InkMarkdown/Sources/InkMarkdown/Rendering/AttributedString/InkAttributedRenderer.swift (in target 'InkMarkdown' from project 'InkMarkdown')
    cd /Users/shizihan/DailyUse/Github/InkMarkdown/.github/fixtures/consumer-smoke/.swiftpm/xcode
    

SwiftCompile normal arm64 /Users/shizihan/DailyUse/Github/InkMarkdown/Sources/InkMarkdown/Rendering/Block/InkAttributedTextBlock.swift (in target 'InkMarkdown' from project 'InkMarkdown')
    cd /Users/shizihan/DailyUse/Github/InkMarkdown/.github/fixtures/consumer-smoke/.swiftpm/xcode
    

SwiftCompile normal arm64 /Users/shizihan/DailyUse/Github/InkMarkdown/Sources/InkMarkdown/Rendering/Block/InkBlockHandler.swift (in target 'InkMarkdown' from project 'InkMarkdown')
    cd /Users/shizihan/DailyUse/Github/InkMarkdown/.github/fixtures/consumer-smoke/.swiftpm/xcode
    

SwiftCompile normal arm64 /Users/shizihan/DailyUse/Github/InkMarkdown/Sources/InkMarkdown/Rendering/Block/InkBlockRenderer.swift (in target 'InkMarkdown' from project 'InkMarkdown')
    cd /Users/shizihan/DailyUse/Github/InkMarkdown/.github/fixtures/consumer-smoke/.swiftpm/xcode
    

SwiftCompile normal arm64 /Users/shizihan/DailyUse/Github/InkMarkdown/Sources/InkMarkdown/Rendering/Block/InkRenderableBlock.swift (in target 'InkMarkdown' from project 'InkMarkdown')
    cd /Users/shizihan/DailyUse/Github/InkMarkdown/.github/fixtures/consumer-smoke/.swiftpm/xcode
    

SwiftCompile normal arm64 /Users/shizihan/DailyUse/Github/InkMarkdown/Sources/InkMarkdown/Rendering/Block/InkThoughtBlockHandler.swift (in target 'InkMarkdown' from project 'InkMarkdown')
    cd /Users/shizihan/DailyUse/Github/InkMarkdown/.github/fixtures/consumer-smoke/.swiftpm/xcode
    

SwiftCompile normal arm64 Compiling\ InkThoughtPresentationPolicy.swift,\ InkThoughtScanner.swift,\ InkThoughtStreamingScanner.swift,\ InkCodeBlockView.swift,\ InkMarkdownLayoutManager.swift,\ InkStreamTableView.swift,\ InkTableBlock.swift /Users/shizihan/DailyUse/Github/InkMarkdown/Sources/InkMarkdown/Rendering/Block/InkThoughtPresentationPolicy.swift /Users/shizihan/DailyUse/Github/InkMarkdown/Sources/InkMarkdown/Rendering/Block/InkThoughtScanner.swift /Users/shizihan/DailyUse/Github/InkMarkdown/Sources/InkMarkdown/Rendering/Block/InkThoughtStreamingScanner.swift /Users/shizihan/DailyUse/Github/InkMarkdown/Sources/InkMarkdown/Rendering/Components/InkCodeBlockView.swift /Users/shizihan/DailyUse/Github/InkMarkdown/Sources/InkMarkdown/Rendering/Components/InkMarkdownLayoutManager.swift /Users/shizihan/DailyUse/Github/InkMarkdown/Sources/InkMarkdown/Rendering/Components/InkStreamTableView.swift /Users/shizihan/DailyUse/Github/InkMarkdown/Sources/InkMarkdown/Rendering/Components/InkTableBlock.swift (in target 'InkMarkdown' from project 'InkMarkdown')
SwiftCompile normal arm64 /Users/shizihan/DailyUse/Github/InkMarkdown/Sources/InkMarkdown/Rendering/Block/InkThoughtPresentationPolicy.swift (in target 'InkMarkdown' from project 'InkMarkdown')
    cd /Users/shizihan/DailyUse/Github/InkMarkdown/.github/fixtures/consumer-smoke/.swiftpm/xcode
    

SwiftCompile normal arm64 /Users/shizihan/DailyUse/Github/InkMarkdown/Sources/InkMarkdown/Rendering/Block/InkThoughtScanner.swift (in target 'InkMarkdown' from project 'InkMarkdown')
    cd /Users/shizihan/DailyUse/Github/InkMarkdown/.github/fixtures/consumer-smoke/.swiftpm/xcode
    

SwiftCompile normal arm64 /Users/shizihan/DailyUse/Github/InkMarkdown/Sources/InkMarkdown/Rendering/Block/InkThoughtStreamingScanner.swift (in target 'InkMarkdown' from project 'InkMarkdown')
    cd /Users/shizihan/DailyUse/Github/InkMarkdown/.github/fixtures/consumer-smoke/.swiftpm/xcode
    

SwiftCompile normal arm64 /Users/shizihan/DailyUse/Github/InkMarkdown/Sources/InkMarkdown/Rendering/Components/InkCodeBlockView.swift (in target 'InkMarkdown' from project 'InkMarkdown')
    cd /Users/shizihan/DailyUse/Github/InkMarkdown/.github/fixtures/consumer-smoke/.swiftpm/xcode
    

SwiftCompile normal arm64 /Users/shizihan/DailyUse/Github/InkMarkdown/Sources/InkMarkdown/Rendering/Components/InkMarkdownLayoutManager.swift (in target 'InkMarkdown' from project 'InkMarkdown')
    cd /Users/shizihan/DailyUse/Github/InkMarkdown/.github/fixtures/consumer-smoke/.swiftpm/xcode
    

SwiftCompile normal arm64 /Users/shizihan/DailyUse/Github/InkMarkdown/Sources/InkMarkdown/Rendering/Components/InkStreamTableView.swift (in target 'InkMarkdown' from project 'InkMarkdown')
    cd /Users/shizihan/DailyUse/Github/InkMarkdown/.github/fixtures/consumer-smoke/.swiftpm/xcode
    

SwiftCompile normal arm64 /Users/shizihan/DailyUse/Github/InkMarkdown/Sources/InkMarkdown/Rendering/Components/InkTableBlock.swift (in target 'InkMarkdown' from project 'InkMarkdown')
    cd /Users/shizihan/DailyUse/Github/InkMarkdown/.github/fixtures/consumer-smoke/.swiftpm/xcode
    

SwiftDriverJobDiscovery normal arm64 Emitting module for InkMarkdown (in target 'InkMarkdown' from project 'InkMarkdown')

SwiftDriverJobDiscovery normal arm64 Compiling InkImagePreviewController.swift, InkImageRendering.swift, InkImageSourceResolution.swift, InkImageStore.swift, InkDisplayMetrics.swift, InkInlineSyntax.swift (in target 'InkMarkdown' from project 'InkMarkdown')

SwiftDriver\ Compilation\ Requirements InkMarkdown normal arm64 com.apple.xcode.tools.swift.compiler (in target 'InkMarkdown' from project 'InkMarkdown')
    cd /Users/shizihan/DailyUse/Github/InkMarkdown/.github/fixtures/consumer-smoke/.swiftpm/xcode
    builtin-Swift-Compilation-Requirements -- /Applications/Xcode.app/Contents/Developer/Toolchains/XcodeDefault.xctoolchain/usr/bin/swiftc -module-name InkMarkdown -Onone @/Users/shizihan/DailyUse/Github/InkMarkdown/.scratch/architecture-deepening-2026-09-07/evidence/20260907-1415-ticket-27/consumer/DerivedData-InkMarkdownLaTeXConsumer/Build/Intermediates.noindex/InkMarkdown.build/Debug-iphonesimulator/InkMarkdown.build/Objects-normal/arm64/InkMarkdown.SwiftFileList -DSWIFT_PACKAGE -DDEBUG -DSWIFT_MODULE_RESOURCE_BUNDLE_UNAVAILABLE -DXcode -enable-experimental-feature StrictConcurrency -plugin-path /Applications/Xcode.app/Contents/Developer/Toolchains/XcodeDefault.xctoolchain/usr/lib/swift/host/plugins/testing -enable-experimental-feature DebugDescriptionMacro -sdk /Applications/Xcode.app/Contents/Developer/Platforms/iPhoneSimulator.platform/Developer/SDKs/iPhoneSimulator26.5.sdk -target arm64-apple-ios15.0-simulator -g -module-cache-path /Users/shizihan/DailyUse/Github/InkMarkdown/.scratch/architecture-deepening-2026-09-07/evidence/20260907-1415-ticket-27/consumer/DerivedData-InkMarkdownLaTeXConsumer/ModuleCache.noindex -Xfrontend -serialize-debugging-options -enable-testing -suppress-warnings -index-store-path /Users/shizihan/DailyUse/Github/InkMarkdown/.scratch/architecture-deepening-2026-09-07/evidence/20260907-1415-ticket-27/consumer/DerivedData-InkMarkdownLaTeXConsumer/Index.noindex/DataStore -Xcc -D_LIBCPP_HARDENING_MODE\=_LIBCPP_HARDENING_MODE_DEBUG -swift-version 5 -I /Users/shizihan/DailyUse/Github/InkMarkdown/.scratch/architecture-deepening-2026-09-07/evidence/20260907-1415-ticket-27/consumer/DerivedData-InkMarkdownLaTeXConsumer/Build/Products/Debug-iphonesimulator -Isystem /Applications/Xcode.app/Contents/Developer/Platforms/iPhoneSimulator.platform/Developer/usr/lib -F /Users/shizihan/DailyUse/Github/InkMarkdown/.scratch/architecture-deepening-2026-09-07/evidence/20260907-1415-ticket-27/consumer/DerivedData-InkMarkdownLaTeXConsumer/Build/Products/Debug-iphonesimulator/PackageFrameworks -F /Users/shizihan/DailyUse/Github/InkMarkdown/.scratch/architecture-deepening-2026-09-07/evidence/20260907-1415-ticket-27/consumer/DerivedData-InkMarkdownLaTeXConsumer/Build/Products/Debug-iphonesimulator/PackageFrameworks -F /Users/shizihan/DailyUse/Github/InkMarkdown/.scratch/architecture-deepening-2026-09-07/evidence/20260907-1415-ticket-27/consumer/DerivedData-InkMarkdownLaTeXConsumer/Build/Products/Debug-iphonesimulator/PackageFrameworks -F /Users/shizihan/DailyUse/Github/InkMarkdown/.scratch/architecture-deepening-2026-09-07/evidence/20260907-1415-ticket-27/consumer/DerivedData-InkMarkdownLaTeXConsumer/Build/Products/Debug-iphonesimulator/PackageFrameworks -F /Users/shizihan/DailyUse/Github/InkMarkdown/.scratch/architecture-deepening-2026-09-07/evidence/20260907-1415-ticket-27/consumer/DerivedData-InkMarkdownLaTeXConsumer/Build/Products/Debug-iphonesimulator -F /Applications/Xcode.app/Contents/Developer/Platforms/iPhoneSimulator.platform/Developer/Library/Frameworks -F /Applications/Xcode.app/Contents/Developer/Platforms/iPhoneSimulator.platform/Developer/SDKs/iPhoneSimulator26.5.sdk/Developer/Library/Frameworks -c -j10 -enable-batch-mode -incremental -Xcc -ivfsstatcache -Xcc /Users/shizihan/DailyUse/Github/InkMarkdown/.scratch/architecture-deepening-2026-09-07/evidence/20260907-1415-ticket-27/consumer/DerivedData-InkMarkdownLaTeXConsumer/SDKStatCaches.noindex/iphonesimulator26.5-23F81a-6cfe768891a92b912361537c460fe42b.sdkstatcache -output-file-map /Users/shizihan/DailyUse/Github/InkMarkdown/.scratch/architecture-deepening-2026-09-07/evidence/20260907-1415-ticket-27/consumer/DerivedData-InkMarkdownLaTeXConsumer/Build/Intermediates.noindex/InkMarkdown.build/Debug-iphonesimulator/InkMarkdown.build/Objects-normal/arm64/InkMarkdown-OutputFileMap.json -use-frontend-parseable-output -save-temps -no-color-diagnostics -explicit-module-build -module-cache-path /Users/shizihan/DailyUse/Github/InkMarkdown/.scratch/architecture-deepening-2026-09-07/evidence/20260907-1415-ticket-27/consumer/DerivedData-InkMarkdownLaTeXConsumer/Build/Intermediates.noindex/SwiftExplicitPrecompiledModules -clang-scanner-module-cache-path /Users/shizihan/DailyUse/Github/InkMarkdown/.scratch/architecture-deepening-2026-09-07/evidence/20260907-1415-ticket-27/consumer/DerivedData-InkMarkdownLaTeXConsumer/ModuleCache.noindex -sdk-module-cache-path /Users/shizihan/DailyUse/Github/InkMarkdown/.scratch/architecture-deepening-2026-09-07/evidence/20260907-1415-ticket-27/consumer/DerivedData-InkMarkdownLaTeXConsumer/ModuleCache.noindex -serialize-diagnostics -emit-dependencies -emit-module -emit-module-path /Users/shizihan/DailyUse/Github/InkMarkdown/.scratch/architecture-deepening-2026-09-07/evidence/20260907-1415-ticket-27/consumer/DerivedData-InkMarkdownLaTeXConsumer/Build/Intermediates.noindex/InkMarkdown.build/Debug-iphonesimulator/InkMarkdown.build/Objects-normal/arm64/InkMarkdown.swiftmodule -validate-clang-modules-once -clang-build-session-file /Users/shizihan/DailyUse/Github/InkMarkdown/.scratch/architecture-deepening-2026-09-07/evidence/20260907-1415-ticket-27/consumer/DerivedData-InkMarkdownLaTeXConsumer/ModuleCache.noindex/Session.modulevalidation -package-name inkmarkdown -Xcc -I/Users/shizihan/DailyUse/Github/InkMarkdown/.scratch/architecture-deepening-2026-09-07/evidence/20260907-1415-ticket-27/consumer/DerivedData-InkMarkdownLaTeXConsumer/Build/Intermediates.noindex/InkMarkdown.build/Debug-iphonesimulator/InkMarkdown.build/swift-overrides.hmap -emit-const-values -Xfrontend -const-gather-protocols-file -Xfrontend /Users/shizihan/DailyUse/Github/InkMarkdown/.scratch/architecture-deepening-2026-09-07/evidence/20260907-1415-ticket-27/consumer/DerivedData-InkMarkdownLaTeXConsumer/Build/Intermediates.noindex/InkMarkdown.build/Debug-iphonesimulator/InkMarkdown.build/Objects-normal/arm64/InkMarkdown_const_extract_protocols.json -Xcc -I/Users/shizihan/DailyUse/Github/InkMarkdown/Packages/Caches/swift-cmark/src/include -Xcc -I/Users/shizihan/DailyUse/Github/InkMarkdown/Packages/Caches/swift-cmark/extensions/include -Xcc -I/Users/shizihan/DailyUse/Github/InkMarkdown/Packages/Caches/swift-markdown/Sources/CAtomic/include -Xcc -I/Users/shizihan/DailyUse/Github/InkMarkdown/.scratch/architecture-deepening-2026-09-07/evidence/20260907-1415-ticket-27/consumer/DerivedData-InkMarkdownLaTeXConsumer/Build/Products/Debug-iphonesimulator/include -Xcc -I/Users/shizihan/DailyUse/Github/InkMarkdown/.scratch/architecture-deepening-2026-09-07/evidence/20260907-1415-ticket-27/consumer/DerivedData-InkMarkdownLaTeXConsumer/Build/Intermediates.noindex/InkMarkdown.build/Debug-iphonesimulator/InkMarkdown.build/DerivedSources-normal/arm64 -Xcc -I/Users/shizihan/DailyUse/Github/InkMarkdown/.scratch/architecture-deepening-2026-09-07/evidence/20260907-1415-ticket-27/consumer/DerivedData-InkMarkdownLaTeXConsumer/Build/Intermediates.noindex/InkMarkdown.build/Debug-iphonesimulator/InkMarkdown.build/DerivedSources/arm64 -Xcc -I/Users/shizihan/DailyUse/Github/InkMarkdown/.scratch/architecture-deepening-2026-09-07/evidence/20260907-1415-ticket-27/consumer/DerivedData-InkMarkdownLaTeXConsumer/Build/Intermediates.noindex/InkMarkdown.build/Debug-iphonesimulator/InkMarkdown.build/DerivedSources -Xcc -DSWIFT_PACKAGE -Xcc -DDEBUG\=1 -emit-objc-header -emit-objc-header-path /Users/shizihan/DailyUse/Github/InkMarkdown/.scratch/architecture-deepening-2026-09-07/evidence/20260907-1415-ticket-27/consumer/DerivedData-InkMarkdownLaTeXConsumer/Build/Intermediates.noindex/InkMarkdown.build/Debug-iphonesimulator/InkMarkdown.build/Objects-normal/arm64/InkMarkdown-Swift.h -working-directory /Users/shizihan/DailyUse/Github/InkMarkdown/.github/fixtures/consumer-smoke/.swiftpm/xcode -experimental-emit-module-separately -disable-cmo

SwiftDriverJobDiscovery normal arm64 Compiling ImageIODownsampler.swift, ImageLoadError.swift, ImageSecurityPolicy.swift, ImageSizingHelper.swift, ImageSource.swift, InkGeneratedImageLoading.swift (in target 'InkMarkdown' from project 'InkMarkdown')

SwiftMergeGeneratedHeaders /Users/shizihan/DailyUse/Github/InkMarkdown/.scratch/architecture-deepening-2026-09-07/evidence/20260907-1415-ticket-27/consumer/DerivedData-InkMarkdownLaTeXConsumer/Build/Intermediates.noindex/GeneratedModuleMaps-iphonesimulator/InkMarkdown-Swift.h /Users/shizihan/DailyUse/Github/InkMarkdown/.scratch/architecture-deepening-2026-09-07/evidence/20260907-1415-ticket-27/consumer/DerivedData-InkMarkdownLaTeXConsumer/Build/Intermediates.noindex/InkMarkdown.build/Debug-iphonesimulator/InkMarkdown.build/Objects-normal/arm64/InkMarkdown-Swift.h (in target 'InkMarkdown' from project 'InkMarkdown')
    cd /Users/shizihan/DailyUse/Github/InkMarkdown
    builtin-swiftHeaderTool -arch arm64 /Users/shizihan/DailyUse/Github/InkMarkdown/.scratch/architecture-deepening-2026-09-07/evidence/20260907-1415-ticket-27/consumer/DerivedData-InkMarkdownLaTeXConsumer/Build/Intermediates.noindex/InkMarkdown.build/Debug-iphonesimulator/InkMarkdown.build/Objects-normal/arm64/InkMarkdown-Swift.h -o /Users/shizihan/DailyUse/Github/InkMarkdown/.scratch/architecture-deepening-2026-09-07/evidence/20260907-1415-ticket-27/consumer/DerivedData-InkMarkdownLaTeXConsumer/Build/Intermediates.noindex/GeneratedModuleMaps-iphonesimulator/InkMarkdown-Swift.h

Copy /Users/shizihan/DailyUse/Github/InkMarkdown/.scratch/architecture-deepening-2026-09-07/evidence/20260907-1415-ticket-27/consumer/DerivedData-InkMarkdownLaTeXConsumer/Build/Products/Debug-iphonesimulator/InkMarkdown.swiftmodule/arm64-apple-ios-simulator.swiftmodule /Users/shizihan/DailyUse/Github/InkMarkdown/.scratch/architecture-deepening-2026-09-07/evidence/20260907-1415-ticket-27/consumer/DerivedData-InkMarkdownLaTeXConsumer/Build/Intermediates.noindex/InkMarkdown.build/Debug-iphonesimulator/InkMarkdown.build/Objects-normal/arm64/InkMarkdown.swiftmodule (in target 'InkMarkdown' from project 'InkMarkdown')
    cd /Users/shizihan/DailyUse/Github/InkMarkdown
    builtin-copy -exclude .DS_Store -exclude CVS -exclude .svn -exclude .git -exclude .hg -resolve-src-symlinks -rename /Users/shizihan/DailyUse/Github/InkMarkdown/.scratch/architecture-deepening-2026-09-07/evidence/20260907-1415-ticket-27/consumer/DerivedData-InkMarkdownLaTeXConsumer/Build/Intermediates.noindex/InkMarkdown.build/Debug-iphonesimulator/InkMarkdown.build/Objects-normal/arm64/InkMarkdown.swiftmodule /Users/shizihan/DailyUse/Github/InkMarkdown/.scratch/architecture-deepening-2026-09-07/evidence/20260907-1415-ticket-27/consumer/DerivedData-InkMarkdownLaTeXConsumer/Build/Products/Debug-iphonesimulator/InkMarkdown.swiftmodule/arm64-apple-ios-simulator.swiftmodule

Copy /Users/shizihan/DailyUse/Github/InkMarkdown/.scratch/architecture-deepening-2026-09-07/evidence/20260907-1415-ticket-27/consumer/DerivedData-InkMarkdownLaTeXConsumer/Build/Products/Debug-iphonesimulator/InkMarkdown.swiftmodule/arm64-apple-ios-simulator.swiftdoc /Users/shizihan/DailyUse/Github/InkMarkdown/.scratch/architecture-deepening-2026-09-07/evidence/20260907-1415-ticket-27/consumer/DerivedData-InkMarkdownLaTeXConsumer/Build/Intermediates.noindex/InkMarkdown.build/Debug-iphonesimulator/InkMarkdown.build/Objects-normal/arm64/InkMarkdown.swiftdoc (in target 'InkMarkdown' from project 'InkMarkdown')
    cd /Users/shizihan/DailyUse/Github/InkMarkdown
    builtin-copy -exclude .DS_Store -exclude CVS -exclude .svn -exclude .git -exclude .hg -resolve-src-symlinks -rename /Users/shizihan/DailyUse/Github/InkMarkdown/.scratch/architecture-deepening-2026-09-07/evidence/20260907-1415-ticket-27/consumer/DerivedData-InkMarkdownLaTeXConsumer/Build/Intermediates.noindex/InkMarkdown.build/Debug-iphonesimulator/InkMarkdown.build/Objects-normal/arm64/InkMarkdown.swiftdoc /Users/shizihan/DailyUse/Github/InkMarkdown/.scratch/architecture-deepening-2026-09-07/evidence/20260907-1415-ticket-27/consumer/DerivedData-InkMarkdownLaTeXConsumer/Build/Products/Debug-iphonesimulator/InkMarkdown.swiftmodule/arm64-apple-ios-simulator.swiftdoc

Copy /Users/shizihan/DailyUse/Github/InkMarkdown/.scratch/architecture-deepening-2026-09-07/evidence/20260907-1415-ticket-27/consumer/DerivedData-InkMarkdownLaTeXConsumer/Build/Products/Debug-iphonesimulator/InkMarkdown.swiftmodule/arm64-apple-ios-simulator.abi.json /Users/shizihan/DailyUse/Github/InkMarkdown/.scratch/architecture-deepening-2026-09-07/evidence/20260907-1415-ticket-27/consumer/DerivedData-InkMarkdownLaTeXConsumer/Build/Intermediates.noindex/InkMarkdown.build/Debug-iphonesimulator/InkMarkdown.build/Objects-normal/arm64/InkMarkdown.abi.json (in target 'InkMarkdown' from project 'InkMarkdown')
    cd /Users/shizihan/DailyUse/Github/InkMarkdown
    builtin-copy -exclude .DS_Store -exclude CVS -exclude .svn -exclude .git -exclude .hg -resolve-src-symlinks -rename /Users/shizihan/DailyUse/Github/InkMarkdown/.scratch/architecture-deepening-2026-09-07/evidence/20260907-1415-ticket-27/consumer/DerivedData-InkMarkdownLaTeXConsumer/Build/Intermediates.noindex/InkMarkdown.build/Debug-iphonesimulator/InkMarkdown.build/Objects-normal/arm64/InkMarkdown.abi.json /Users/shizihan/DailyUse/Github/InkMarkdown/.scratch/architecture-deepening-2026-09-07/evidence/20260907-1415-ticket-27/consumer/DerivedData-InkMarkdownLaTeXConsumer/Build/Products/Debug-iphonesimulator/InkMarkdown.swiftmodule/arm64-apple-ios-simulator.abi.json

SwiftDriverJobDiscovery normal arm64 Compiling InkLaTeXIntegration.swift, InkMermaidIntegration.swift, DefaultURLSessionImageLoader.swift, DisplayContext.swift, DisplayKey.swift, ImageHTTPSessionDelegate.swift (in target 'InkMarkdown' from project 'InkMarkdown')

Copy /Users/shizihan/DailyUse/Github/InkMarkdown/.scratch/architecture-deepening-2026-09-07/evidence/20260907-1415-ticket-27/consumer/DerivedData-InkMarkdownLaTeXConsumer/Build/Products/Debug-iphonesimulator/InkMarkdown.swiftmodule/Project/arm64-apple-ios-simulator.swiftsourceinfo /Users/shizihan/DailyUse/Github/InkMarkdown/.scratch/architecture-deepening-2026-09-07/evidence/20260907-1415-ticket-27/consumer/DerivedData-InkMarkdownLaTeXConsumer/Build/Intermediates.noindex/InkMarkdown.build/Debug-iphonesimulator/InkMarkdown.build/Objects-normal/arm64/InkMarkdown.swiftsourceinfo (in target 'InkMarkdown' from project 'InkMarkdown')
    cd /Users/shizihan/DailyUse/Github/InkMarkdown
    builtin-copy -exclude .DS_Store -exclude CVS -exclude .svn -exclude .git -exclude .hg -resolve-src-symlinks -rename /Users/shizihan/DailyUse/Github/InkMarkdown/.scratch/architecture-deepening-2026-09-07/evidence/20260907-1415-ticket-27/consumer/DerivedData-InkMarkdownLaTeXConsumer/Build/Intermediates.noindex/InkMarkdown.build/Debug-iphonesimulator/InkMarkdown.build/Objects-normal/arm64/InkMarkdown.swiftsourceinfo /Users/shizihan/DailyUse/Github/InkMarkdown/.scratch/architecture-deepening-2026-09-07/evidence/20260907-1415-ticket-27/consumer/DerivedData-InkMarkdownLaTeXConsumer/Build/Products/Debug-iphonesimulator/InkMarkdown.swiftmodule/Project/arm64-apple-ios-simulator.swiftsourceinfo

SwiftDriverJobDiscovery normal arm64 Compiling InkGeneratedImageRequest.swift, InkImageAttachment.swift, InkImageBlock.swift, InkImageBlockHandler.swift, InkImageLoading.swift, InkImagePresentationLoad.swift (in target 'InkMarkdown' from project 'InkMarkdown')

SwiftDriverJobDiscovery normal arm64 Compiling InkStreamRenderer.swift, InkTextContext.swift, InkLaTeXImageRenderer.swift, InkLaTeXRenderRequest.swift, InkLaTeXSourcePreservation.swift, InkLaTeXSyntax.swift (in target 'InkMarkdown' from project 'InkMarkdown')

SwiftDriver InkMarkdownLaTeX normal arm64 com.apple.xcode.tools.swift.compiler (in target 'InkMarkdownLaTeX' from project 'InkMarkdown')
    cd /Users/shizihan/DailyUse/Github/InkMarkdown/.github/fixtures/consumer-smoke/.swiftpm/xcode
    builtin-SwiftDriver -- /Applications/Xcode.app/Contents/Developer/Toolchains/XcodeDefault.xctoolchain/usr/bin/swiftc -module-name InkMarkdownLaTeX -Onone @/Users/shizihan/DailyUse/Github/InkMarkdown/.scratch/architecture-deepening-2026-09-07/evidence/20260907-1415-ticket-27/consumer/DerivedData-InkMarkdownLaTeXConsumer/Build/Intermediates.noindex/InkMarkdown.build/Debug-iphonesimulator/InkMarkdownLaTeX.build/Objects-normal/arm64/InkMarkdownLaTeX.SwiftFileList -DSWIFT_PACKAGE -DDEBUG -DSWIFT_MODULE_RESOURCE_BUNDLE_UNAVAILABLE -DXcode -enable-experimental-feature StrictConcurrency -plugin-path /Applications/Xcode.app/Contents/Developer/Toolchains/XcodeDefault.xctoolchain/usr/lib/swift/host/plugins/testing -enable-experimental-feature DebugDescriptionMacro -sdk /Applications/Xcode.app/Contents/Developer/Platforms/iPhoneSimulator.platform/Developer/SDKs/iPhoneSimulator26.5.sdk -target arm64-apple-ios15.0-simulator -g -module-cache-path /Users/shizihan/DailyUse/Github/InkMarkdown/.scratch/architecture-deepening-2026-09-07/evidence/20260907-1415-ticket-27/consumer/DerivedData-InkMarkdownLaTeXConsumer/ModuleCache.noindex -Xfrontend -serialize-debugging-options -enable-testing -suppress-warnings -index-store-path /Users/shizihan/DailyUse/Github/InkMarkdown/.scratch/architecture-deepening-2026-09-07/evidence/20260907-1415-ticket-27/consumer/DerivedData-InkMarkdownLaTeXConsumer/Index.noindex/DataStore -Xcc -D_LIBCPP_HARDENING_MODE\=_LIBCPP_HARDENING_MODE_DEBUG -swift-version 5 -I /Users/shizihan/DailyUse/Github/InkMarkdown/.scratch/architecture-deepening-2026-09-07/evidence/20260907-1415-ticket-27/consumer/DerivedData-InkMarkdownLaTeXConsumer/Build/Products/Debug-iphonesimulator -Isystem /Applications/Xcode.app/Contents/Developer/Platforms/iPhoneSimulator.platform/Developer/usr/lib -F /Users/shizihan/DailyUse/Github/InkMarkdown/.scratch/architecture-deepening-2026-09-07/evidence/20260907-1415-ticket-27/consumer/DerivedData-InkMarkdownLaTeXConsumer/Build/Products/Debug-iphonesimulator/PackageFrameworks -F /Users/shizihan/DailyUse/Github/InkMarkdown/.scratch/architecture-deepening-2026-09-07/evidence/20260907-1415-ticket-27/consumer/DerivedData-InkMarkdownLaTeXConsumer/Build/Products/Debug-iphonesimulator/PackageFrameworks -F /Users/shizihan/DailyUse/Github/InkMarkdown/.scratch/architecture-deepening-2026-09-07/evidence/20260907-1415-ticket-27/consumer/DerivedData-InkMarkdownLaTeXConsumer/Build/Products/Debug-iphonesimulator/PackageFrameworks -F /Users/shizihan/DailyUse/Github/InkMarkdown/.scratch/architecture-deepening-2026-09-07/evidence/20260907-1415-ticket-27/consumer/DerivedData-InkMarkdownLaTeXConsumer/Build/Products/Debug-iphonesimulator/PackageFrameworks -F /Users/shizihan/DailyUse/Github/InkMarkdown/.scratch/architecture-deepening-2026-09-07/evidence/20260907-1415-ticket-27/consumer/DerivedData-InkMarkdownLaTeXConsumer/Build/Products/Debug-iphonesimulator/PackageFrameworks -F /Users/shizihan/DailyUse/Github/InkMarkdown/.scratch/architecture-deepening-2026-09-07/evidence/20260907-1415-ticket-27/consumer/DerivedData-InkMarkdownLaTeXConsumer/Build/Products/Debug-iphonesimulator/PackageFrameworks -F /Users/shizihan/DailyUse/Github/InkMarkdown/.scratch/architecture-deepening-2026-09-07/evidence/20260907-1415-ticket-27/consumer/DerivedData-InkMarkdownLaTeXConsumer/Build/Products/Debug-iphonesimulator -F /Applications/Xcode.app/Contents/Developer/Platforms/iPhoneSimulator.platform/Developer/Library/Frameworks -F /Applications/Xcode.app/Contents/Developer/Platforms/iPhoneSimulator.platform/Developer/SDKs/iPhoneSimulator26.5.sdk/Developer/Library/Frameworks -c -j10 -enable-batch-mode -incremental -Xcc -ivfsstatcache -Xcc /Users/shizihan/DailyUse/Github/InkMarkdown/.scratch/architecture-deepening-2026-09-07/evidence/20260907-1415-ticket-27/consumer/DerivedData-InkMarkdownLaTeXConsumer/SDKStatCaches.noindex/iphonesimulator26.5-23F81a-6cfe768891a92b912361537c460fe42b.sdkstatcache -output-file-map /Users/shizihan/DailyUse/Github/InkMarkdown/.scratch/architecture-deepening-2026-09-07/evidence/20260907-1415-ticket-27/consumer/DerivedData-InkMarkdownLaTeXConsumer/Build/Intermediates.noindex/InkMarkdown.build/Debug-iphonesimulator/InkMarkdownLaTeX.build/Objects-normal/arm64/InkMarkdownLaTeX-OutputFileMap.json -use-frontend-parseable-output -save-temps -no-color-diagnostics -explicit-module-build -module-cache-path /Users/shizihan/DailyUse/Github/InkMarkdown/.scratch/architecture-deepening-2026-09-07/evidence/20260907-1415-ticket-27/consumer/DerivedData-InkMarkdownLaTeXConsumer/Build/Intermediates.noindex/SwiftExplicitPrecompiledModules -clang-scanner-module-cache-path /Users/shizihan/DailyUse/Github/InkMarkdown/.scratch/architecture-deepening-2026-09-07/evidence/20260907-1415-ticket-27/consumer/DerivedData-InkMarkdownLaTeXConsumer/ModuleCache.noindex -sdk-module-cache-path /Users/shizihan/DailyUse/Github/InkMarkdown/.scratch/architecture-deepening-2026-09-07/evidence/20260907-1415-ticket-27/consumer/DerivedData-InkMarkdownLaTeXConsumer/ModuleCache.noindex -serialize-diagnostics -emit-dependencies -emit-module -emit-module-path /Users/shizihan/DailyUse/Github/InkMarkdown/.scratch/architecture-deepening-2026-09-07/evidence/20260907-1415-ticket-27/consumer/DerivedData-InkMarkdownLaTeXConsumer/Build/Intermediates.noindex/InkMarkdown.build/Debug-iphonesimulator/InkMarkdownLaTeX.build/Objects-normal/arm64/InkMarkdownLaTeX.swiftmodule -validate-clang-modules-once -clang-build-session-file /Users/shizihan/DailyUse/Github/InkMarkdown/.scratch/architecture-deepening-2026-09-07/evidence/20260907-1415-ticket-27/consumer/DerivedData-InkMarkdownLaTeXConsumer/ModuleCache.noindex/Session.modulevalidation -package-name inkmarkdown -Xcc -I/Users/shizihan/DailyUse/Github/InkMarkdown/.scratch/architecture-deepening-2026-09-07/evidence/20260907-1415-ticket-27/consumer/DerivedData-InkMarkdownLaTeXConsumer/Build/Intermediates.noindex/InkMarkdown.build/Debug-iphonesimulator/InkMarkdownLaTeX.build/swift-overrides.hmap -emit-const-values -Xfrontend -const-gather-protocols-file -Xfrontend /Users/shizihan/DailyUse/Github/InkMarkdown/.scratch/architecture-deepening-2026-09-07/evidence/20260907-1415-ticket-27/consumer/DerivedData-InkMarkdownLaTeXConsumer/Build/Intermediates.noindex/InkMarkdown.build/Debug-iphonesimulator/InkMarkdownLaTeX.build/Objects-normal/arm64/InkMarkdownLaTeX_const_extract_protocols.json -Xcc -I/Users/shizihan/DailyUse/Github/InkMarkdown/Packages/Caches/swift-cmark/src/include -Xcc -I/Users/shizihan/DailyUse/Github/InkMarkdown/Packages/Caches/swift-cmark/extensions/include -Xcc -I/Users/shizihan/DailyUse/Github/InkMarkdown/Packages/Caches/swift-markdown/Sources/CAtomic/include -Xcc -I/Users/shizihan/DailyUse/Github/InkMarkdown/Packages/Caches/iosMath/iosMath -Xcc -I/Users/shizihan/DailyUse/Github/InkMarkdown/.scratch/architecture-deepening-2026-09-07/evidence/20260907-1415-ticket-27/consumer/DerivedData-InkMarkdownLaTeXConsumer/Build/Products/Debug-iphonesimulator/include -Xcc -I/Users/shizihan/DailyUse/Github/InkMarkdown/.scratch/architecture-deepening-2026-09-07/evidence/20260907-1415-ticket-27/consumer/DerivedData-InkMarkdownLaTeXConsumer/Build/Intermediates.noindex/InkMarkdown.build/Debug-iphonesimulator/InkMarkdownLaTeX.build/DerivedSources-normal/arm64 -Xcc -I/Users/shizihan/DailyUse/Github/InkMarkdown/.scratch/architecture-deepening-2026-09-07/evidence/20260907-1415-ticket-27/consumer/DerivedData-InkMarkdownLaTeXConsumer/Build/Intermediates.noindex/InkMarkdown.build/Debug-iphonesimulator/InkMarkdownLaTeX.build/DerivedSources/arm64 -Xcc -I/Users/shizihan/DailyUse/Github/InkMarkdown/.scratch/architecture-deepening-2026-09-07/evidence/20260907-1415-ticket-27/consumer/DerivedData-InkMarkdownLaTeXConsumer/Build/Intermediates.noindex/InkMarkdown.build/Debug-iphonesimulator/InkMarkdownLaTeX.build/DerivedSources -Xcc -DSWIFT_PACKAGE -Xcc -DDEBUG\=1 -emit-objc-header -emit-objc-header-path /Users/shizihan/DailyUse/Github/InkMarkdown/.scratch/architecture-deepening-2026-09-07/evidence/20260907-1415-ticket-27/consumer/DerivedData-InkMarkdownLaTeXConsumer/Build/Intermediates.noindex/InkMarkdown.build/Debug-iphonesimulator/InkMarkdownLaTeX.build/Objects-normal/arm64/InkMarkdownLaTeX-Swift.h -working-directory /Users/shizihan/DailyUse/Github/InkMarkdown/.github/fixtures/consumer-smoke/.swiftpm/xcode -experimental-emit-module-separately -disable-cmo

SwiftDriverJobDiscovery normal arm64 Compiling InkAppearance.swift, InkConfiguration.swift, InkRenderEnvironment.swift, InkSemanticIdentity.swift, InkMarkdown.swift, InkLineClassifier.swift, InkParser.swift (in target 'InkMarkdown' from project 'InkMarkdown')

SwiftDriverJobDiscovery normal arm64 Compiling InkMermaidImageRenderer.swift, InkMermaidPageLoadRouter.swift, InkMermaidRasterPlan.swift, InkMermaidRenderRequestState.swift, InkMermaidRenderScheduler.swift, InkMermaidTypes.swift (in target 'InkMarkdown' from project 'InkMarkdown')

SwiftDriverJobDiscovery normal arm64 Compiling InkTableBlockView.swift, InkTableCellTextView.swift, InkTablePresentation.swift, InkTableRenderHelper.swift, InkThematicBreakBlock.swift, InkThoughtBlock.swift, InkGeneratedAddonRuntime.swift (in target 'InkMarkdown' from project 'InkMarkdown')

SwiftDriverJobDiscovery normal arm64 Compiling InkPreparedMarkdownSource.swift, InkAttributedRenderer.swift, InkAttributedTextBlock.swift, InkBlockHandler.swift, InkBlockRenderer.swift, InkRenderableBlock.swift, InkThoughtBlockHandler.swift (in target 'InkMarkdown' from project 'InkMarkdown')

SwiftDriverJobDiscovery normal arm64 Compiling InkThoughtPresentationPolicy.swift, InkThoughtScanner.swift, InkThoughtStreamingScanner.swift, InkCodeBlockView.swift, InkMarkdownLayoutManager.swift, InkStreamTableView.swift, InkTableBlock.swift (in target 'InkMarkdown' from project 'InkMarkdown')

SwiftDriver\ Compilation InkMarkdown normal arm64 com.apple.xcode.tools.swift.compiler (in target 'InkMarkdown' from project 'InkMarkdown')
    cd /Users/shizihan/DailyUse/Github/InkMarkdown/.github/fixtures/consumer-smoke/.swiftpm/xcode
    builtin-Swift-Compilation -- /Applications/Xcode.app/Contents/Developer/Toolchains/XcodeDefault.xctoolchain/usr/bin/swiftc -module-name InkMarkdown -Onone @/Users/shizihan/DailyUse/Github/InkMarkdown/.scratch/architecture-deepening-2026-09-07/evidence/20260907-1415-ticket-27/consumer/DerivedData-InkMarkdownLaTeXConsumer/Build/Intermediates.noindex/InkMarkdown.build/Debug-iphonesimulator/InkMarkdown.build/Objects-normal/arm64/InkMarkdown.SwiftFileList -DSWIFT_PACKAGE -DDEBUG -DSWIFT_MODULE_RESOURCE_BUNDLE_UNAVAILABLE -DXcode -enable-experimental-feature StrictConcurrency -plugin-path /Applications/Xcode.app/Contents/Developer/Toolchains/XcodeDefault.xctoolchain/usr/lib/swift/host/plugins/testing -enable-experimental-feature DebugDescriptionMacro -sdk /Applications/Xcode.app/Contents/Developer/Platforms/iPhoneSimulator.platform/Developer/SDKs/iPhoneSimulator26.5.sdk -target arm64-apple-ios15.0-simulator -g -module-cache-path /Users/shizihan/DailyUse/Github/InkMarkdown/.scratch/architecture-deepening-2026-09-07/evidence/20260907-1415-ticket-27/consumer/DerivedData-InkMarkdownLaTeXConsumer/ModuleCache.noindex -Xfrontend -serialize-debugging-options -enable-testing -suppress-warnings -index-store-path /Users/shizihan/DailyUse/Github/InkMarkdown/.scratch/architecture-deepening-2026-09-07/evidence/20260907-1415-ticket-27/consumer/DerivedData-InkMarkdownLaTeXConsumer/Index.noindex/DataStore -Xcc -D_LIBCPP_HARDENING_MODE\=_LIBCPP_HARDENING_MODE_DEBUG -swift-version 5 -I /Users/shizihan/DailyUse/Github/InkMarkdown/.scratch/architecture-deepening-2026-09-07/evidence/20260907-1415-ticket-27/consumer/DerivedData-InkMarkdownLaTeXConsumer/Build/Products/Debug-iphonesimulator -Isystem /Applications/Xcode.app/Contents/Developer/Platforms/iPhoneSimulator.platform/Developer/usr/lib -F /Users/shizihan/DailyUse/Github/InkMarkdown/.scratch/architecture-deepening-2026-09-07/evidence/20260907-1415-ticket-27/consumer/DerivedData-InkMarkdownLaTeXConsumer/Build/Products/Debug-iphonesimulator/PackageFrameworks -F /Users/shizihan/DailyUse/Github/InkMarkdown/.scratch/architecture-deepening-2026-09-07/evidence/20260907-1415-ticket-27/consumer/DerivedData-InkMarkdownLaTeXConsumer/Build/Products/Debug-iphonesimulator/PackageFrameworks -F /Users/shizihan/DailyUse/Github/InkMarkdown/.scratch/architecture-deepening-2026-09-07/evidence/20260907-1415-ticket-27/consumer/DerivedData-InkMarkdownLaTeXConsumer/Build/Products/Debug-iphonesimulator/PackageFrameworks -F /Users/shizihan/DailyUse/Github/InkMarkdown/.scratch/architecture-deepening-2026-09-07/evidence/20260907-1415-ticket-27/consumer/DerivedData-InkMarkdownLaTeXConsumer/Build/Products/Debug-iphonesimulator/PackageFrameworks -F /Users/shizihan/DailyUse/Github/InkMarkdown/.scratch/architecture-deepening-2026-09-07/evidence/20260907-1415-ticket-27/consumer/DerivedData-InkMarkdownLaTeXConsumer/Build/Products/Debug-iphonesimulator -F /Applications/Xcode.app/Contents/Developer/Platforms/iPhoneSimulator.platform/Developer/Library/Frameworks -F /Applications/Xcode.app/Contents/Developer/Platforms/iPhoneSimulator.platform/Developer/SDKs/iPhoneSimulator26.5.sdk/Developer/Library/Frameworks -c -j10 -enable-batch-mode -incremental -Xcc -ivfsstatcache -Xcc /Users/shizihan/DailyUse/Github/InkMarkdown/.scratch/architecture-deepening-2026-09-07/evidence/20260907-1415-ticket-27/consumer/DerivedData-InkMarkdownLaTeXConsumer/SDKStatCaches.noindex/iphonesimulator26.5-23F81a-6cfe768891a92b912361537c460fe42b.sdkstatcache -output-file-map /Users/shizihan/DailyUse/Github/InkMarkdown/.scratch/architecture-deepening-2026-09-07/evidence/20260907-1415-ticket-27/consumer/DerivedData-InkMarkdownLaTeXConsumer/Build/Intermediates.noindex/InkMarkdown.build/Debug-iphonesimulator/InkMarkdown.build/Objects-normal/arm64/InkMarkdown-OutputFileMap.json -use-frontend-parseable-output -save-temps -no-color-diagnostics -explicit-module-build -module-cache-path /Users/shizihan/DailyUse/Github/InkMarkdown/.scratch/architecture-deepening-2026-09-07/evidence/20260907-1415-ticket-27/consumer/DerivedData-InkMarkdownLaTeXConsumer/Build/Intermediates.noindex/SwiftExplicitPrecompiledModules -clang-scanner-module-cache-path /Users/shizihan/DailyUse/Github/InkMarkdown/.scratch/architecture-deepening-2026-09-07/evidence/20260907-1415-ticket-27/consumer/DerivedData-InkMarkdownLaTeXConsumer/ModuleCache.noindex -sdk-module-cache-path /Users/shizihan/DailyUse/Github/InkMarkdown/.scratch/architecture-deepening-2026-09-07/evidence/20260907-1415-ticket-27/consumer/DerivedData-InkMarkdownLaTeXConsumer/ModuleCache.noindex -serialize-diagnostics -emit-dependencies -emit-module -emit-module-path /Users/shizihan/DailyUse/Github/InkMarkdown/.scratch/architecture-deepening-2026-09-07/evidence/20260907-1415-ticket-27/consumer/DerivedData-InkMarkdownLaTeXConsumer/Build/Intermediates.noindex/InkMarkdown.build/Debug-iphonesimulator/InkMarkdown.build/Objects-normal/arm64/InkMarkdown.swiftmodule -validate-clang-modules-once -clang-build-session-file /Users/shizihan/DailyUse/Github/InkMarkdown/.scratch/architecture-deepening-2026-09-07/evidence/20260907-1415-ticket-27/consumer/DerivedData-InkMarkdownLaTeXConsumer/ModuleCache.noindex/Session.modulevalidation -package-name inkmarkdown -Xcc -I/Users/shizihan/DailyUse/Github/InkMarkdown/.scratch/architecture-deepening-2026-09-07/evidence/20260907-1415-ticket-27/consumer/DerivedData-InkMarkdownLaTeXConsumer/Build/Intermediates.noindex/InkMarkdown.build/Debug-iphonesimulator/InkMarkdown.build/swift-overrides.hmap -emit-const-values -Xfrontend -const-gather-protocols-file -Xfrontend /Users/shizihan/DailyUse/Github/InkMarkdown/.scratch/architecture-deepening-2026-09-07/evidence/20260907-1415-ticket-27/consumer/DerivedData-InkMarkdownLaTeXConsumer/Build/Intermediates.noindex/InkMarkdown.build/Debug-iphonesimulator/InkMarkdown.build/Objects-normal/arm64/InkMarkdown_const_extract_protocols.json -Xcc -I/Users/shizihan/DailyUse/Github/InkMarkdown/Packages/Caches/swift-cmark/src/include -Xcc -I/Users/shizihan/DailyUse/Github/InkMarkdown/Packages/Caches/swift-cmark/extensions/include -Xcc -I/Users/shizihan/DailyUse/Github/InkMarkdown/Packages/Caches/swift-markdown/Sources/CAtomic/include -Xcc -I/Users/shizihan/DailyUse/Github/InkMarkdown/.scratch/architecture-deepening-2026-09-07/evidence/20260907-1415-ticket-27/consumer/DerivedData-InkMarkdownLaTeXConsumer/Build/Products/Debug-iphonesimulator/include -Xcc -I/Users/shizihan/DailyUse/Github/InkMarkdown/.scratch/architecture-deepening-2026-09-07/evidence/20260907-1415-ticket-27/consumer/DerivedData-InkMarkdownLaTeXConsumer/Build/Intermediates.noindex/InkMarkdown.build/Debug-iphonesimulator/InkMarkdown.build/DerivedSources-normal/arm64 -Xcc -I/Users/shizihan/DailyUse/Github/InkMarkdown/.scratch/architecture-deepening-2026-09-07/evidence/20260907-1415-ticket-27/consumer/DerivedData-InkMarkdownLaTeXConsumer/Build/Intermediates.noindex/InkMarkdown.build/Debug-iphonesimulator/InkMarkdown.build/DerivedSources/arm64 -Xcc -I/Users/shizihan/DailyUse/Github/InkMarkdown/.scratch/architecture-deepening-2026-09-07/evidence/20260907-1415-ticket-27/consumer/DerivedData-InkMarkdownLaTeXConsumer/Build/Intermediates.noindex/InkMarkdown.build/Debug-iphonesimulator/InkMarkdown.build/DerivedSources -Xcc -DSWIFT_PACKAGE -Xcc -DDEBUG\=1 -emit-objc-header -emit-objc-header-path /Users/shizihan/DailyUse/Github/InkMarkdown/.scratch/architecture-deepening-2026-09-07/evidence/20260907-1415-ticket-27/consumer/DerivedData-InkMarkdownLaTeXConsumer/Build/Intermediates.noindex/InkMarkdown.build/Debug-iphonesimulator/InkMarkdown.build/Objects-normal/arm64/InkMarkdown-Swift.h -working-directory /Users/shizihan/DailyUse/Github/InkMarkdown/.github/fixtures/consumer-smoke/.swiftpm/xcode -experimental-emit-module-separately -disable-cmo

Ld /Users/shizihan/DailyUse/Github/InkMarkdown/.scratch/architecture-deepening-2026-09-07/evidence/20260907-1415-ticket-27/consumer/DerivedData-InkMarkdownLaTeXConsumer/Build/Products/Debug-iphonesimulator/InkMarkdown.o normal (in target 'InkMarkdown' from project 'InkMarkdown')
    cd /Users/shizihan/DailyUse/Github/InkMarkdown
    /Applications/Xcode.app/Contents/Developer/Toolchains/XcodeDefault.xctoolchain/usr/bin/clang -Xlinker -reproducible -target arm64-apple-ios15.0-simulator -r -isysroot /Applications/Xcode.app/Contents/Developer/Platforms/iPhoneSimulator.platform/Developer/SDKs/iPhoneSimulator26.5.sdk -O0 -w -F/Users/shizihan/DailyUse/Github/InkMarkdown/.scratch/architecture-deepening-2026-09-07/evidence/20260907-1415-ticket-27/consumer/DerivedData-InkMarkdownLaTeXConsumer/Build/Intermediates.noindex/EagerLinkingTBDs/Debug-iphonesimulator -F/Users/shizihan/DailyUse/Github/InkMarkdown/.scratch/architecture-deepening-2026-09-07/evidence/20260907-1415-ticket-27/consumer/DerivedData-InkMarkdownLaTeXConsumer/Build/Products/Debug-iphonesimulator/PackageFrameworks -F/Users/shizihan/DailyUse/Github/InkMarkdown/.scratch/architecture-deepening-2026-09-07/evidence/20260907-1415-ticket-27/consumer/DerivedData-InkMarkdownLaTeXConsumer/Build/Products/Debug-iphonesimulator/PackageFrameworks -F/Users/shizihan/DailyUse/Github/InkMarkdown/.scratch/architecture-deepening-2026-09-07/evidence/20260907-1415-ticket-27/consumer/DerivedData-InkMarkdownLaTeXConsumer/Build/Products/Debug-iphonesimulator/PackageFrameworks -F/Users/shizihan/DailyUse/Github/InkMarkdown/.scratch/architecture-deepening-2026-09-07/evidence/20260907-1415-ticket-27/consumer/DerivedData-InkMarkdownLaTeXConsumer/Build/Products/Debug-iphonesimulator/PackageFrameworks -F/Users/shizihan/DailyUse/Github/InkMarkdown/.scratch/architecture-deepening-2026-09-07/evidence/20260907-1415-ticket-27/consumer/DerivedData-InkMarkdownLaTeXConsumer/Build/Products/Debug-iphonesimulator -iframework /Applications/Xcode.app/Contents/Developer/Platforms/iPhoneSimulator.platform/Developer/Library/Frameworks -iframework /Applications/Xcode.app/Contents/Developer/Platforms/iPhoneSimulator.platform/Developer/SDKs/iPhoneSimulator26.5.sdk/Developer/Library/Frameworks -filelist /Users/shizihan/DailyUse/Github/InkMarkdown/.scratch/architecture-deepening-2026-09-07/evidence/20260907-1415-ticket-27/consumer/DerivedData-InkMarkdownLaTeXConsumer/Build/Intermediates.noindex/InkMarkdown.build/Debug-iphonesimulator/InkMarkdown.build/Objects-normal/arm64/InkMarkdown.LinkFileList -nostdlib -Xlinker -object_path_lto -Xlinker /Users/shizihan/DailyUse/Github/InkMarkdown/.scratch/architecture-deepening-2026-09-07/evidence/20260907-1415-ticket-27/consumer/DerivedData-InkMarkdownLaTeXConsumer/Build/Intermediates.noindex/InkMarkdown.build/Debug-iphonesimulator/InkMarkdown.build/Objects-normal/arm64/InkMarkdown_lto.o -Xlinker -no_deduplicate -Xlinker -objc_abi_version -Xlinker 2 -Xlinker -dependency_info -Xlinker /Users/shizihan/DailyUse/Github/InkMarkdown/.scratch/architecture-deepening-2026-09-07/evidence/20260907-1415-ticket-27/consumer/DerivedData-InkMarkdownLaTeXConsumer/Build/Intermediates.noindex/InkMarkdown.build/Debug-iphonesimulator/InkMarkdown.build/Objects-normal/arm64/InkMarkdown_dependency_info.dat -fobjc-link-runtime -L/Applications/Xcode.app/Contents/Developer/Toolchains/XcodeDefault.xctoolchain/usr/lib/swift/iphonesimulator -L/usr/lib/swift -Xlinker -add_ast_path -Xlinker /Users/shizihan/DailyUse/Github/InkMarkdown/.scratch/architecture-deepening-2026-09-07/evidence/20260907-1415-ticket-27/consumer/DerivedData-InkMarkdownLaTeXConsumer/Build/Intermediates.noindex/InkMarkdown.build/Debug-iphonesimulator/InkMarkdown.build/Objects-normal/arm64/InkMarkdown.swiftmodule @/Users/shizihan/DailyUse/Github/InkMarkdown/.scratch/architecture-deepening-2026-09-07/evidence/20260907-1415-ticket-27/consumer/DerivedData-InkMarkdownLaTeXConsumer/Build/Intermediates.noindex/InkMarkdown.build/Debug-iphonesimulator/InkMarkdown.build/Objects-normal/arm64/InkMarkdown-linker-args.resp -o /Users/shizihan/DailyUse/Github/InkMarkdown/.scratch/architecture-deepening-2026-09-07/evidence/20260907-1415-ticket-27/consumer/DerivedData-InkMarkdownLaTeXConsumer/Build/Products/Debug-iphonesimulator/InkMarkdown.o

SwiftExplicitDependencyGeneratePcm arm64 /Users/shizihan/DailyUse/Github/InkMarkdown/.scratch/architecture-deepening-2026-09-07/evidence/20260907-1415-ticket-27/consumer/DerivedData-InkMarkdownLaTeXConsumer/Build/Intermediates.noindex/SwiftExplicitPrecompiledModules/iosMath-DQK8MB47DZWRESD5U3AT7XPES.pcm

SwiftEmitModule normal arm64 Emitting\ module\ for\ InkMarkdownLaTeX (in target 'InkMarkdownLaTeX' from project 'InkMarkdown')

EmitSwiftModule normal arm64 (in target 'InkMarkdownLaTeX' from project 'InkMarkdown')
    cd /Users/shizihan/DailyUse/Github/InkMarkdown/.github/fixtures/consumer-smoke/.swiftpm/xcode
    

SwiftCompile normal arm64 Compiling\ InkMarkdownLaTeX.swift /Users/shizihan/DailyUse/Github/InkMarkdown/Sources/InkMarkdownLaTeX/InkMarkdownLaTeX.swift (in target 'InkMarkdownLaTeX' from project 'InkMarkdown')

SwiftCompile normal arm64 /Users/shizihan/DailyUse/Github/InkMarkdown/Sources/InkMarkdownLaTeX/InkMarkdownLaTeX.swift (in target 'InkMarkdownLaTeX' from project 'InkMarkdown')
    cd /Users/shizihan/DailyUse/Github/InkMarkdown/.github/fixtures/consumer-smoke/.swiftpm/xcode
    

SwiftCompile normal arm64 Compiling\ InkLaTeXAddonRenderer.swift /Users/shizihan/DailyUse/Github/InkMarkdown/Sources/InkMarkdownLaTeX/InkLaTeXAddonRenderer.swift (in target 'InkMarkdownLaTeX' from project 'InkMarkdown')
SwiftCompile normal arm64 /Users/shizihan/DailyUse/Github/InkMarkdown/Sources/InkMarkdownLaTeX/InkLaTeXAddonRenderer.swift (in target 'InkMarkdownLaTeX' from project 'InkMarkdown')
    cd /Users/shizihan/DailyUse/Github/InkMarkdown/.github/fixtures/consumer-smoke/.swiftpm/xcode
    

SwiftDriverJobDiscovery normal arm64 Emitting module for InkMarkdownLaTeX (in target 'InkMarkdownLaTeX' from project 'InkMarkdown')

SwiftDriver\ Compilation\ Requirements InkMarkdownLaTeX normal arm64 com.apple.xcode.tools.swift.compiler (in target 'InkMarkdownLaTeX' from project 'InkMarkdown')
    cd /Users/shizihan/DailyUse/Github/InkMarkdown/.github/fixtures/consumer-smoke/.swiftpm/xcode
    builtin-Swift-Compilation-Requirements -- /Applications/Xcode.app/Contents/Developer/Toolchains/XcodeDefault.xctoolchain/usr/bin/swiftc -module-name InkMarkdownLaTeX -Onone @/Users/shizihan/DailyUse/Github/InkMarkdown/.scratch/architecture-deepening-2026-09-07/evidence/20260907-1415-ticket-27/consumer/DerivedData-InkMarkdownLaTeXConsumer/Build/Intermediates.noindex/InkMarkdown.build/Debug-iphonesimulator/InkMarkdownLaTeX.build/Objects-normal/arm64/InkMarkdownLaTeX.SwiftFileList -DSWIFT_PACKAGE -DDEBUG -DSWIFT_MODULE_RESOURCE_BUNDLE_UNAVAILABLE -DXcode -enable-experimental-feature StrictConcurrency -plugin-path /Applications/Xcode.app/Contents/Developer/Toolchains/XcodeDefault.xctoolchain/usr/lib/swift/host/plugins/testing -enable-experimental-feature DebugDescriptionMacro -sdk /Applications/Xcode.app/Contents/Developer/Platforms/iPhoneSimulator.platform/Developer/SDKs/iPhoneSimulator26.5.sdk -target arm64-apple-ios15.0-simulator -g -module-cache-path /Users/shizihan/DailyUse/Github/InkMarkdown/.scratch/architecture-deepening-2026-09-07/evidence/20260907-1415-ticket-27/consumer/DerivedData-InkMarkdownLaTeXConsumer/ModuleCache.noindex -Xfrontend -serialize-debugging-options -enable-testing -suppress-warnings -index-store-path /Users/shizihan/DailyUse/Github/InkMarkdown/.scratch/architecture-deepening-2026-09-07/evidence/20260907-1415-ticket-27/consumer/DerivedData-InkMarkdownLaTeXConsumer/Index.noindex/DataStore -Xcc -D_LIBCPP_HARDENING_MODE\=_LIBCPP_HARDENING_MODE_DEBUG -swift-version 5 -I /Users/shizihan/DailyUse/Github/InkMarkdown/.scratch/architecture-deepening-2026-09-07/evidence/20260907-1415-ticket-27/consumer/DerivedData-InkMarkdownLaTeXConsumer/Build/Products/Debug-iphonesimulator -Isystem /Applications/Xcode.app/Contents/Developer/Platforms/iPhoneSimulator.platform/Developer/usr/lib -F /Users/shizihan/DailyUse/Github/InkMarkdown/.scratch/architecture-deepening-2026-09-07/evidence/20260907-1415-ticket-27/consumer/DerivedData-InkMarkdownLaTeXConsumer/Build/Products/Debug-iphonesimulator/PackageFrameworks -F /Users/shizihan/DailyUse/Github/InkMarkdown/.scratch/architecture-deepening-2026-09-07/evidence/20260907-1415-ticket-27/consumer/DerivedData-InkMarkdownLaTeXConsumer/Build/Products/Debug-iphonesimulator/PackageFrameworks -F /Users/shizihan/DailyUse/Github/InkMarkdown/.scratch/architecture-deepening-2026-09-07/evidence/20260907-1415-ticket-27/consumer/DerivedData-InkMarkdownLaTeXConsumer/Build/Products/Debug-iphonesimulator/PackageFrameworks -F /Users/shizihan/DailyUse/Github/InkMarkdown/.scratch/architecture-deepening-2026-09-07/evidence/20260907-1415-ticket-27/consumer/DerivedData-InkMarkdownLaTeXConsumer/Build/Products/Debug-iphonesimulator/PackageFrameworks -F /Users/shizihan/DailyUse/Github/InkMarkdown/.scratch/architecture-deepening-2026-09-07/evidence/20260907-1415-ticket-27/consumer/DerivedData-InkMarkdownLaTeXConsumer/Build/Products/Debug-iphonesimulator/PackageFrameworks -F /Users/shizihan/DailyUse/Github/InkMarkdown/.scratch/architecture-deepening-2026-09-07/evidence/20260907-1415-ticket-27/consumer/DerivedData-InkMarkdownLaTeXConsumer/Build/Products/Debug-iphonesimulator/PackageFrameworks -F /Users/shizihan/DailyUse/Github/InkMarkdown/.scratch/architecture-deepening-2026-09-07/evidence/20260907-1415-ticket-27/consumer/DerivedData-InkMarkdownLaTeXConsumer/Build/Products/Debug-iphonesimulator -F /Applications/Xcode.app/Contents/Developer/Platforms/iPhoneSimulator.platform/Developer/Library/Frameworks -F /Applications/Xcode.app/Contents/Developer/Platforms/iPhoneSimulator.platform/Developer/SDKs/iPhoneSimulator26.5.sdk/Developer/Library/Frameworks -c -j10 -enable-batch-mode -incremental -Xcc -ivfsstatcache -Xcc /Users/shizihan/DailyUse/Github/InkMarkdown/.scratch/architecture-deepening-2026-09-07/evidence/20260907-1415-ticket-27/consumer/DerivedData-InkMarkdownLaTeXConsumer/SDKStatCaches.noindex/iphonesimulator26.5-23F81a-6cfe768891a92b912361537c460fe42b.sdkstatcache -output-file-map /Users/shizihan/DailyUse/Github/InkMarkdown/.scratch/architecture-deepening-2026-09-07/evidence/20260907-1415-ticket-27/consumer/DerivedData-InkMarkdownLaTeXConsumer/Build/Intermediates.noindex/InkMarkdown.build/Debug-iphonesimulator/InkMarkdownLaTeX.build/Objects-normal/arm64/InkMarkdownLaTeX-OutputFileMap.json -use-frontend-parseable-output -save-temps -no-color-diagnostics -explicit-module-build -module-cache-path /Users/shizihan/DailyUse/Github/InkMarkdown/.scratch/architecture-deepening-2026-09-07/evidence/20260907-1415-ticket-27/consumer/DerivedData-InkMarkdownLaTeXConsumer/Build/Intermediates.noindex/SwiftExplicitPrecompiledModules -clang-scanner-module-cache-path /Users/shizihan/DailyUse/Github/InkMarkdown/.scratch/architecture-deepening-2026-09-07/evidence/20260907-1415-ticket-27/consumer/DerivedData-InkMarkdownLaTeXConsumer/ModuleCache.noindex -sdk-module-cache-path /Users/shizihan/DailyUse/Github/InkMarkdown/.scratch/architecture-deepening-2026-09-07/evidence/20260907-1415-ticket-27/consumer/DerivedData-InkMarkdownLaTeXConsumer/ModuleCache.noindex -serialize-diagnostics -emit-dependencies -emit-module -emit-module-path /Users/shizihan/DailyUse/Github/InkMarkdown/.scratch/architecture-deepening-2026-09-07/evidence/20260907-1415-ticket-27/consumer/DerivedData-InkMarkdownLaTeXConsumer/Build/Intermediates.noindex/InkMarkdown.build/Debug-iphonesimulator/InkMarkdownLaTeX.build/Objects-normal/arm64/InkMarkdownLaTeX.swiftmodule -validate-clang-modules-once -clang-build-session-file /Users/shizihan/DailyUse/Github/InkMarkdown/.scratch/architecture-deepening-2026-09-07/evidence/20260907-1415-ticket-27/consumer/DerivedData-InkMarkdownLaTeXConsumer/ModuleCache.noindex/Session.modulevalidation -package-name inkmarkdown -Xcc -I/Users/shizihan/DailyUse/Github/InkMarkdown/.scratch/architecture-deepening-2026-09-07/evidence/20260907-1415-ticket-27/consumer/DerivedData-InkMarkdownLaTeXConsumer/Build/Intermediates.noindex/InkMarkdown.build/Debug-iphonesimulator/InkMarkdownLaTeX.build/swift-overrides.hmap -emit-const-values -Xfrontend -const-gather-protocols-file -Xfrontend /Users/shizihan/DailyUse/Github/InkMarkdown/.scratch/architecture-deepening-2026-09-07/evidence/20260907-1415-ticket-27/consumer/DerivedData-InkMarkdownLaTeXConsumer/Build/Intermediates.noindex/InkMarkdown.build/Debug-iphonesimulator/InkMarkdownLaTeX.build/Objects-normal/arm64/InkMarkdownLaTeX_const_extract_protocols.json -Xcc -I/Users/shizihan/DailyUse/Github/InkMarkdown/Packages/Caches/swift-cmark/src/include -Xcc -I/Users/shizihan/DailyUse/Github/InkMarkdown/Packages/Caches/swift-cmark/extensions/include -Xcc -I/Users/shizihan/DailyUse/Github/InkMarkdown/Packages/Caches/swift-markdown/Sources/CAtomic/include -Xcc -I/Users/shizihan/DailyUse/Github/InkMarkdown/Packages/Caches/iosMath/iosMath -Xcc -I/Users/shizihan/DailyUse/Github/InkMarkdown/.scratch/architecture-deepening-2026-09-07/evidence/20260907-1415-ticket-27/consumer/DerivedData-InkMarkdownLaTeXConsumer/Build/Products/Debug-iphonesimulator/include -Xcc -I/Users/shizihan/DailyUse/Github/InkMarkdown/.scratch/architecture-deepening-2026-09-07/evidence/20260907-1415-ticket-27/consumer/DerivedData-InkMarkdownLaTeXConsumer/Build/Intermediates.noindex/InkMarkdown.build/Debug-iphonesimulator/InkMarkdownLaTeX.build/DerivedSources-normal/arm64 -Xcc -I/Users/shizihan/DailyUse/Github/InkMarkdown/.scratch/architecture-deepening-2026-09-07/evidence/20260907-1415-ticket-27/consumer/DerivedData-InkMarkdownLaTeXConsumer/Build/Intermediates.noindex/InkMarkdown.build/Debug-iphonesimulator/InkMarkdownLaTeX.build/DerivedSources/arm64 -Xcc -I/Users/shizihan/DailyUse/Github/InkMarkdown/.scratch/architecture-deepening-2026-09-07/evidence/20260907-1415-ticket-27/consumer/DerivedData-InkMarkdownLaTeXConsumer/Build/Intermediates.noindex/InkMarkdown.build/Debug-iphonesimulator/InkMarkdownLaTeX.build/DerivedSources -Xcc -DSWIFT_PACKAGE -Xcc -DDEBUG\=1 -emit-objc-header -emit-objc-header-path /Users/shizihan/DailyUse/Github/InkMarkdown/.scratch/architecture-deepening-2026-09-07/evidence/20260907-1415-ticket-27/consumer/DerivedData-InkMarkdownLaTeXConsumer/Build/Intermediates.noindex/InkMarkdown.build/Debug-iphonesimulator/InkMarkdownLaTeX.build/Objects-normal/arm64/InkMarkdownLaTeX-Swift.h -working-directory /Users/shizihan/DailyUse/Github/InkMarkdown/.github/fixtures/consumer-smoke/.swiftpm/xcode -experimental-emit-module-separately -disable-cmo

SwiftMergeGeneratedHeaders /Users/shizihan/DailyUse/Github/InkMarkdown/.scratch/architecture-deepening-2026-09-07/evidence/20260907-1415-ticket-27/consumer/DerivedData-InkMarkdownLaTeXConsumer/Build/Intermediates.noindex/GeneratedModuleMaps-iphonesimulator/InkMarkdownLaTeX-Swift.h /Users/shizihan/DailyUse/Github/InkMarkdown/.scratch/architecture-deepening-2026-09-07/evidence/20260907-1415-ticket-27/consumer/DerivedData-InkMarkdownLaTeXConsumer/Build/Intermediates.noindex/InkMarkdown.build/Debug-iphonesimulator/InkMarkdownLaTeX.build/Objects-normal/arm64/InkMarkdownLaTeX-Swift.h (in target 'InkMarkdownLaTeX' from project 'InkMarkdown')
    cd /Users/shizihan/DailyUse/Github/InkMarkdown
    builtin-swiftHeaderTool -arch arm64 /Users/shizihan/DailyUse/Github/InkMarkdown/.scratch/architecture-deepening-2026-09-07/evidence/20260907-1415-ticket-27/consumer/DerivedData-InkMarkdownLaTeXConsumer/Build/Intermediates.noindex/InkMarkdown.build/Debug-iphonesimulator/InkMarkdownLaTeX.build/Objects-normal/arm64/InkMarkdownLaTeX-Swift.h -o /Users/shizihan/DailyUse/Github/InkMarkdown/.scratch/architecture-deepening-2026-09-07/evidence/20260907-1415-ticket-27/consumer/DerivedData-InkMarkdownLaTeXConsumer/Build/Intermediates.noindex/GeneratedModuleMaps-iphonesimulator/InkMarkdownLaTeX-Swift.h

Copy /Users/shizihan/DailyUse/Github/InkMarkdown/.scratch/architecture-deepening-2026-09-07/evidence/20260907-1415-ticket-27/consumer/DerivedData-InkMarkdownLaTeXConsumer/Build/Products/Debug-iphonesimulator/InkMarkdownLaTeX.swiftmodule/arm64-apple-ios-simulator.swiftmodule /Users/shizihan/DailyUse/Github/InkMarkdown/.scratch/architecture-deepening-2026-09-07/evidence/20260907-1415-ticket-27/consumer/DerivedData-InkMarkdownLaTeXConsumer/Build/Intermediates.noindex/InkMarkdown.build/Debug-iphonesimulator/InkMarkdownLaTeX.build/Objects-normal/arm64/InkMarkdownLaTeX.swiftmodule (in target 'InkMarkdownLaTeX' from project 'InkMarkdown')
    cd /Users/shizihan/DailyUse/Github/InkMarkdown
    builtin-copy -exclude .DS_Store -exclude CVS -exclude .svn -exclude .git -exclude .hg -resolve-src-symlinks -rename /Users/shizihan/DailyUse/Github/InkMarkdown/.scratch/architecture-deepening-2026-09-07/evidence/20260907-1415-ticket-27/consumer/DerivedData-InkMarkdownLaTeXConsumer/Build/Intermediates.noindex/InkMarkdown.build/Debug-iphonesimulator/InkMarkdownLaTeX.build/Objects-normal/arm64/InkMarkdownLaTeX.swiftmodule /Users/shizihan/DailyUse/Github/InkMarkdown/.scratch/architecture-deepening-2026-09-07/evidence/20260907-1415-ticket-27/consumer/DerivedData-InkMarkdownLaTeXConsumer/Build/Products/Debug-iphonesimulator/InkMarkdownLaTeX.swiftmodule/arm64-apple-ios-simulator.swiftmodule

Copy /Users/shizihan/DailyUse/Github/InkMarkdown/.scratch/architecture-deepening-2026-09-07/evidence/20260907-1415-ticket-27/consumer/DerivedData-InkMarkdownLaTeXConsumer/Build/Products/Debug-iphonesimulator/InkMarkdownLaTeX.swiftmodule/arm64-apple-ios-simulator.abi.json /Users/shizihan/DailyUse/Github/InkMarkdown/.scratch/architecture-deepening-2026-09-07/evidence/20260907-1415-ticket-27/consumer/DerivedData-InkMarkdownLaTeXConsumer/Build/Intermediates.noindex/InkMarkdown.build/Debug-iphonesimulator/InkMarkdownLaTeX.build/Objects-normal/arm64/InkMarkdownLaTeX.abi.json (in target 'InkMarkdownLaTeX' from project 'InkMarkdown')
    cd /Users/shizihan/DailyUse/Github/InkMarkdown
    builtin-copy -exclude .DS_Store -exclude CVS -exclude .svn -exclude .git -exclude .hg -resolve-src-symlinks -rename /Users/shizihan/DailyUse/Github/InkMarkdown/.scratch/architecture-deepening-2026-09-07/evidence/20260907-1415-ticket-27/consumer/DerivedData-InkMarkdownLaTeXConsumer/Build/Intermediates.noindex/InkMarkdown.build/Debug-iphonesimulator/InkMarkdownLaTeX.build/Objects-normal/arm64/InkMarkdownLaTeX.abi.json /Users/shizihan/DailyUse/Github/InkMarkdown/.scratch/architecture-deepening-2026-09-07/evidence/20260907-1415-ticket-27/consumer/DerivedData-InkMarkdownLaTeXConsumer/Build/Products/Debug-iphonesimulator/InkMarkdownLaTeX.swiftmodule/arm64-apple-ios-simulator.abi.json

Copy /Users/shizihan/DailyUse/Github/InkMarkdown/.scratch/architecture-deepening-2026-09-07/evidence/20260907-1415-ticket-27/consumer/DerivedData-InkMarkdownLaTeXConsumer/Build/Products/Debug-iphonesimulator/InkMarkdownLaTeX.swiftmodule/arm64-apple-ios-simulator.swiftdoc /Users/shizihan/DailyUse/Github/InkMarkdown/.scratch/architecture-deepening-2026-09-07/evidence/20260907-1415-ticket-27/consumer/DerivedData-InkMarkdownLaTeXConsumer/Build/Intermediates.noindex/InkMarkdown.build/Debug-iphonesimulator/InkMarkdownLaTeX.build/Objects-normal/arm64/InkMarkdownLaTeX.swiftdoc (in target 'InkMarkdownLaTeX' from project 'InkMarkdown')
    cd /Users/shizihan/DailyUse/Github/InkMarkdown
    builtin-copy -exclude .DS_Store -exclude CVS -exclude .svn -exclude .git -exclude .hg -resolve-src-symlinks -rename /Users/shizihan/DailyUse/Github/InkMarkdown/.scratch/architecture-deepening-2026-09-07/evidence/20260907-1415-ticket-27/consumer/DerivedData-InkMarkdownLaTeXConsumer/Build/Intermediates.noindex/InkMarkdown.build/Debug-iphonesimulator/InkMarkdownLaTeX.build/Objects-normal/arm64/InkMarkdownLaTeX.swiftdoc /Users/shizihan/DailyUse/Github/InkMarkdown/.scratch/architecture-deepening-2026-09-07/evidence/20260907-1415-ticket-27/consumer/DerivedData-InkMarkdownLaTeXConsumer/Build/Products/Debug-iphonesimulator/InkMarkdownLaTeX.swiftmodule/arm64-apple-ios-simulator.swiftdoc

Copy /Users/shizihan/DailyUse/Github/InkMarkdown/.scratch/architecture-deepening-2026-09-07/evidence/20260907-1415-ticket-27/consumer/DerivedData-InkMarkdownLaTeXConsumer/Build/Products/Debug-iphonesimulator/InkMarkdownLaTeX.swiftmodule/Project/arm64-apple-ios-simulator.swiftsourceinfo /Users/shizihan/DailyUse/Github/InkMarkdown/.scratch/architecture-deepening-2026-09-07/evidence/20260907-1415-ticket-27/consumer/DerivedData-InkMarkdownLaTeXConsumer/Build/Intermediates.noindex/InkMarkdown.build/Debug-iphonesimulator/InkMarkdownLaTeX.build/Objects-normal/arm64/InkMarkdownLaTeX.swiftsourceinfo (in target 'InkMarkdownLaTeX' from project 'InkMarkdown')
    cd /Users/shizihan/DailyUse/Github/InkMarkdown
    builtin-copy -exclude .DS_Store -exclude CVS -exclude .svn -exclude .git -exclude .hg -resolve-src-symlinks -rename /Users/shizihan/DailyUse/Github/InkMarkdown/.scratch/architecture-deepening-2026-09-07/evidence/20260907-1415-ticket-27/consumer/DerivedData-InkMarkdownLaTeXConsumer/Build/Intermediates.noindex/InkMarkdown.build/Debug-iphonesimulator/InkMarkdownLaTeX.build/Objects-normal/arm64/InkMarkdownLaTeX.swiftsourceinfo /Users/shizihan/DailyUse/Github/InkMarkdown/.scratch/architecture-deepening-2026-09-07/evidence/20260907-1415-ticket-27/consumer/DerivedData-InkMarkdownLaTeXConsumer/Build/Products/Debug-iphonesimulator/InkMarkdownLaTeX.swiftmodule/Project/arm64-apple-ios-simulator.swiftsourceinfo

SwiftDriverJobDiscovery normal arm64 Compiling InkMarkdownLaTeX.swift (in target 'InkMarkdownLaTeX' from project 'InkMarkdown')

SwiftDriver InkMarkdownLaTeXConsumer normal arm64 com.apple.xcode.tools.swift.compiler (in target 'InkMarkdownLaTeXConsumer' from project 'InkMarkdownConsumerSmoke')
    cd /Users/shizihan/DailyUse/Github/InkMarkdown/.github/fixtures/consumer-smoke/.swiftpm/xcode
    builtin-SwiftDriver -- /Applications/Xcode.app/Contents/Developer/Toolchains/XcodeDefault.xctoolchain/usr/bin/swiftc -module-name InkMarkdownLaTeXConsumer -Onone @/Users/shizihan/DailyUse/Github/InkMarkdown/.scratch/architecture-deepening-2026-09-07/evidence/20260907-1415-ticket-27/consumer/DerivedData-InkMarkdownLaTeXConsumer/Build/Intermediates.noindex/InkMarkdownConsumerSmoke.build/Debug-iphonesimulator/InkMarkdownLaTeXConsumer.build/Objects-normal/arm64/InkMarkdownLaTeXConsumer.SwiftFileList -DSWIFT_PACKAGE -DDEBUG -DSWIFT_MODULE_RESOURCE_BUNDLE_UNAVAILABLE -DXcode -plugin-path /Applications/Xcode.app/Contents/Developer/Toolchains/XcodeDefault.xctoolchain/usr/lib/swift/host/plugins/testing -enable-experimental-feature DebugDescriptionMacro -sdk /Applications/Xcode.app/Contents/Developer/Platforms/iPhoneSimulator.platform/Developer/SDKs/iPhoneSimulator26.5.sdk -target arm64-apple-ios15.0-simulator -g -module-cache-path /Users/shizihan/DailyUse/Github/InkMarkdown/.scratch/architecture-deepening-2026-09-07/evidence/20260907-1415-ticket-27/consumer/DerivedData-InkMarkdownLaTeXConsumer/ModuleCache.noindex -Xfrontend -serialize-debugging-options -enable-testing -index-store-path /Users/shizihan/DailyUse/Github/InkMarkdown/.scratch/architecture-deepening-2026-09-07/evidence/20260907-1415-ticket-27/consumer/DerivedData-InkMarkdownLaTeXConsumer/Index.noindex/DataStore -Xcc -D_LIBCPP_HARDENING_MODE\=_LIBCPP_HARDENING_MODE_DEBUG -swift-version 6 -I /Users/shizihan/DailyUse/Github/InkMarkdown/.scratch/architecture-deepening-2026-09-07/evidence/20260907-1415-ticket-27/consumer/DerivedData-InkMarkdownLaTeXConsumer/Build/Products/Debug-iphonesimulator -Isystem /Applications/Xcode.app/Contents/Developer/Platforms/iPhoneSimulator.platform/Developer/usr/lib -F /Users/shizihan/DailyUse/Github/InkMarkdown/.scratch/architecture-deepening-2026-09-07/evidence/20260907-1415-ticket-27/consumer/DerivedData-InkMarkdownLaTeXConsumer/Build/Products/Debug-iphonesimulator/PackageFrameworks -F /Users/shizihan/DailyUse/Github/InkMarkdown/.scratch/architecture-deepening-2026-09-07/evidence/20260907-1415-ticket-27/consumer/DerivedData-InkMarkdownLaTeXConsumer/Build/Products/Debug-iphonesimulator/PackageFrameworks -F /Users/shizihan/DailyUse/Github/InkMarkdown/.scratch/architecture-deepening-2026-09-07/evidence/20260907-1415-ticket-27/consumer/DerivedData-InkMarkdownLaTeXConsumer/Build/Products/Debug-iphonesimulator/PackageFrameworks -F /Users/shizihan/DailyUse/Github/InkMarkdown/.scratch/architecture-deepening-2026-09-07/evidence/20260907-1415-ticket-27/consumer/DerivedData-InkMarkdownLaTeXConsumer/Build/Products/Debug-iphonesimulator/PackageFrameworks -F /Users/shizihan/DailyUse/Github/InkMarkdown/.scratch/architecture-deepening-2026-09-07/evidence/20260907-1415-ticket-27/consumer/DerivedData-InkMarkdownLaTeXConsumer/Build/Products/Debug-iphonesimulator/PackageFrameworks -F /Users/shizihan/DailyUse/Github/InkMarkdown/.scratch/architecture-deepening-2026-09-07/evidence/20260907-1415-ticket-27/consumer/DerivedData-InkMarkdownLaTeXConsumer/Build/Products/Debug-iphonesimulator/PackageFrameworks -F /Users/shizihan/DailyUse/Github/InkMarkdown/.scratch/architecture-deepening-2026-09-07/evidence/20260907-1415-ticket-27/consumer/DerivedData-InkMarkdownLaTeXConsumer/Build/Products/Debug-iphonesimulator/PackageFrameworks -F /Users/shizihan/DailyUse/Github/InkMarkdown/.scratch/architecture-deepening-2026-09-07/evidence/20260907-1415-ticket-27/consumer/DerivedData-InkMarkdownLaTeXConsumer/Build/Products/Debug-iphonesimulator -F /Applications/Xcode.app/Contents/Developer/Platforms/iPhoneSimulator.platform/Developer/Library/Frameworks -F /Applications/Xcode.app/Contents/Developer/Platforms/iPhoneSimulator.platform/Developer/SDKs/iPhoneSimulator26.5.sdk/Developer/Library/Frameworks -parse-as-library -c -j10 -enable-batch-mode -incremental -Xcc -ivfsstatcache -Xcc /Users/shizihan/DailyUse/Github/InkMarkdown/.scratch/architecture-deepening-2026-09-07/evidence/20260907-1415-ticket-27/consumer/DerivedData-InkMarkdownLaTeXConsumer/SDKStatCaches.noindex/iphonesimulator26.5-23F81a-6cfe768891a92b912361537c460fe42b.sdkstatcache -output-file-map /Users/shizihan/DailyUse/Github/InkMarkdown/.scratch/architecture-deepening-2026-09-07/evidence/20260907-1415-ticket-27/consumer/DerivedData-InkMarkdownLaTeXConsumer/Build/Intermediates.noindex/InkMarkdownConsumerSmoke.build/Debug-iphonesimulator/InkMarkdownLaTeXConsumer.build/Objects-normal/arm64/InkMarkdownLaTeXConsumer-OutputFileMap.json -use-frontend-parseable-output -save-temps -no-color-diagnostics -explicit-module-build -module-cache-path /Users/shizihan/DailyUse/Github/InkMarkdown/.scratch/architecture-deepening-2026-09-07/evidence/20260907-1415-ticket-27/consumer/DerivedData-InkMarkdownLaTeXConsumer/Build/Intermediates.noindex/SwiftExplicitPrecompiledModules -clang-scanner-module-cache-path /Users/shizihan/DailyUse/Github/InkMarkdown/.scratch/architecture-deepening-2026-09-07/evidence/20260907-1415-ticket-27/consumer/DerivedData-InkMarkdownLaTeXConsumer/ModuleCache.noindex -sdk-module-cache-path /Users/shizihan/DailyUse/Github/InkMarkdown/.scratch/architecture-deepening-2026-09-07/evidence/20260907-1415-ticket-27/consumer/DerivedData-InkMarkdownLaTeXConsumer/ModuleCache.noindex -serialize-diagnostics -emit-dependencies -emit-module -emit-module-path /Users/shizihan/DailyUse/Github/InkMarkdown/.scratch/architecture-deepening-2026-09-07/evidence/20260907-1415-ticket-27/consumer/DerivedData-InkMarkdownLaTeXConsumer/Build/Intermediates.noindex/InkMarkdownConsumerSmoke.build/Debug-iphonesimulator/InkMarkdownLaTeXConsumer.build/Objects-normal/arm64/InkMarkdownLaTeXConsumer.swiftmodule -validate-clang-modules-once -clang-build-session-file /Users/shizihan/DailyUse/Github/InkMarkdown/.scratch/architecture-deepening-2026-09-07/evidence/20260907-1415-ticket-27/consumer/DerivedData-InkMarkdownLaTeXConsumer/ModuleCache.noindex/Session.modulevalidation -package-name consumer_smoke -Xcc -I/Users/shizihan/DailyUse/Github/InkMarkdown/.scratch/architecture-deepening-2026-09-07/evidence/20260907-1415-ticket-27/consumer/DerivedData-InkMarkdownLaTeXConsumer/Build/Intermediates.noindex/InkMarkdownConsumerSmoke.build/Debug-iphonesimulator/InkMarkdownLaTeXConsumer.build/swift-overrides.hmap -emit-const-values -Xfrontend -const-gather-protocols-file -Xfrontend /Users/shizihan/DailyUse/Github/InkMarkdown/.scratch/architecture-deepening-2026-09-07/evidence/20260907-1415-ticket-27/consumer/DerivedData-InkMarkdownLaTeXConsumer/Build/Intermediates.noindex/InkMarkdownConsumerSmoke.build/Debug-iphonesimulator/InkMarkdownLaTeXConsumer.build/Objects-normal/arm64/InkMarkdownLaTeXConsumer_const_extract_protocols.json -Xcc -I/Users/shizihan/DailyUse/Github/InkMarkdown/Packages/Caches/swift-cmark/src/include -Xcc -I/Users/shizihan/DailyUse/Github/InkMarkdown/Packages/Caches/swift-cmark/extensions/include -Xcc -I/Users/shizihan/DailyUse/Github/InkMarkdown/Packages/Caches/swift-markdown/Sources/CAtomic/include -Xcc -I/Users/shizihan/DailyUse/Github/InkMarkdown/Packages/Caches/iosMath/iosMath -Xcc -I/Users/shizihan/DailyUse/Github/InkMarkdown/.scratch/architecture-deepening-2026-09-07/evidence/20260907-1415-ticket-27/consumer/DerivedData-InkMarkdownLaTeXConsumer/Build/Products/Debug-iphonesimulator/include -Xcc -I/Users/shizihan/DailyUse/Github/InkMarkdown/.scratch/architecture-deepening-2026-09-07/evidence/20260907-1415-ticket-27/consumer/DerivedData-InkMarkdownLaTeXConsumer/Build/Intermediates.noindex/InkMarkdownConsumerSmoke.build/Debug-iphonesimulator/InkMarkdownLaTeXConsumer.build/DerivedSources-normal/arm64 -Xcc -I/Users/shizihan/DailyUse/Github/InkMarkdown/.scratch/architecture-deepening-2026-09-07/evidence/20260907-1415-ticket-27/consumer/DerivedData-InkMarkdownLaTeXConsumer/Build/Intermediates.noindex/InkMarkdownConsumerSmoke.build/Debug-iphonesimulator/InkMarkdownLaTeXConsumer.build/DerivedSources/arm64 -Xcc -I/Users/shizihan/DailyUse/Github/InkMarkdown/.scratch/architecture-deepening-2026-09-07/evidence/20260907-1415-ticket-27/consumer/DerivedData-InkMarkdownLaTeXConsumer/Build/Intermediates.noindex/InkMarkdownConsumerSmoke.build/Debug-iphonesimulator/InkMarkdownLaTeXConsumer.build/DerivedSources -Xcc -DSWIFT_PACKAGE -Xcc -DDEBUG\=1 -emit-objc-header -emit-objc-header-path /Users/shizihan/DailyUse/Github/InkMarkdown/.scratch/architecture-deepening-2026-09-07/evidence/20260907-1415-ticket-27/consumer/DerivedData-InkMarkdownLaTeXConsumer/Build/Intermediates.noindex/InkMarkdownConsumerSmoke.build/Debug-iphonesimulator/InkMarkdownLaTeXConsumer.build/Objects-normal/arm64/InkMarkdownLaTeXConsumer-Swift.h -working-directory /Users/shizihan/DailyUse/Github/InkMarkdown/.github/fixtures/consumer-smoke/.swiftpm/xcode -experimental-emit-module-separately -disable-cmo

ExtractAppIntentsMetadata (in target 'InkMarkdown' from project 'InkMarkdown')
    cd /Users/shizihan/DailyUse/Github/InkMarkdown
    /Applications/Xcode.app/Contents/Developer/Toolchains/XcodeDefault.xctoolchain/usr/bin/appintentsmetadataprocessor --toolchain-dir /Applications/Xcode.app/Contents/Developer/Toolchains/XcodeDefault.xctoolchain --module-name InkMarkdown --sdk-root /Applications/Xcode.app/Contents/Developer/Platforms/iPhoneSimulator.platform/Developer/SDKs/iPhoneSimulator26.5.sdk --xcode-version 17F113 --platform-family iOS --deployment-target 15.0 --bundle-identifier inkmarkdown.InkMarkdown --output /Users/shizihan/DailyUse/Github/InkMarkdown/.scratch/architecture-deepening-2026-09-07/evidence/20260907-1415-ticket-27/consumer/DerivedData-InkMarkdownLaTeXConsumer/Build/Products/Debug-iphonesimulator/InkMarkdown.appintents --target-triple arm64-apple-ios15.0-simulator --binary-file /Users/shizihan/DailyUse/Github/InkMarkdown/.scratch/architecture-deepening-2026-09-07/evidence/20260907-1415-ticket-27/consumer/DerivedData-InkMarkdownLaTeXConsumer/Build/Products/Debug-iphonesimulator/InkMarkdown.o --dependency-file /Users/shizihan/DailyUse/Github/InkMarkdown/.scratch/architecture-deepening-2026-09-07/evidence/20260907-1415-ticket-27/consumer/DerivedData-InkMarkdownLaTeXConsumer/Build/Intermediates.noindex/InkMarkdown.build/Debug-iphonesimulator/InkMarkdown.build/Objects-normal/arm64/InkMarkdown_dependency_info.dat --stringsdata-file /Users/shizihan/DailyUse/Github/InkMarkdown/.scratch/architecture-deepening-2026-09-07/evidence/20260907-1415-ticket-27/consumer/DerivedData-InkMarkdownLaTeXConsumer/Build/Intermediates.noindex/InkMarkdown.build/Debug-iphonesimulator/InkMarkdown.build/Objects-normal/arm64/ExtractedAppShortcutsMetadata.stringsdata --source-file-list /Users/shizihan/DailyUse/Github/InkMarkdown/.scratch/architecture-deepening-2026-09-07/evidence/20260907-1415-ticket-27/consumer/DerivedData-InkMarkdownLaTeXConsumer/Build/Intermediates.noindex/InkMarkdown.build/Debug-iphonesimulator/InkMarkdown.build/Objects-normal/arm64/InkMarkdown.SwiftFileList --metadata-file-list /Users/shizihan/DailyUse/Github/InkMarkdown/.scratch/architecture-deepening-2026-09-07/evidence/20260907-1415-ticket-27/consumer/DerivedData-InkMarkdownLaTeXConsumer/Build/Intermediates.noindex/InkMarkdown.build/Debug-iphonesimulator/InkMarkdown.build/InkMarkdown.DependencyMetadataFileList --static-metadata-file-list /Users/shizihan/DailyUse/Github/InkMarkdown/.scratch/architecture-deepening-2026-09-07/evidence/20260907-1415-ticket-27/consumer/DerivedData-InkMarkdownLaTeXConsumer/Build/Intermediates.noindex/InkMarkdown.build/Debug-iphonesimulator/InkMarkdown.build/InkMarkdown.DependencyStaticMetadataFileList --swift-const-vals-list /Users/shizihan/DailyUse/Github/InkMarkdown/.scratch/architecture-deepening-2026-09-07/evidence/20260907-1415-ticket-27/consumer/DerivedData-InkMarkdownLaTeXConsumer/Build/Intermediates.noindex/InkMarkdown.build/Debug-iphonesimulator/InkMarkdown.build/Objects-normal/arm64/InkMarkdown.SwiftConstValuesFileList --force --compile-time-extraction --deployment-aware-processing --validate-assistant-intents --no-app-shortcuts-localization
2026-09-07 14:41:04.214 appintentsmetadataprocessor[88279:6070819] Starting appintentsmetadataprocessor export
2026-09-07 14:41:04.248 appintentsmetadataprocessor[88279:6070819] Extracted no relevant App Intents symbols, skipping writing output

RegisterExecutionPolicyException /Users/shizihan/DailyUse/Github/InkMarkdown/.scratch/architecture-deepening-2026-09-07/evidence/20260907-1415-ticket-27/consumer/DerivedData-InkMarkdownLaTeXConsumer/Build/Products/Debug-iphonesimulator/InkMarkdown.o (in target 'InkMarkdown' from project 'InkMarkdown')
    cd /Users/shizihan/DailyUse/Github/InkMarkdown
    builtin-RegisterExecutionPolicyException /Users/shizihan/DailyUse/Github/InkMarkdown/.scratch/architecture-deepening-2026-09-07/evidence/20260907-1415-ticket-27/consumer/DerivedData-InkMarkdownLaTeXConsumer/Build/Products/Debug-iphonesimulator/InkMarkdown.o

SwiftDriverJobDiscovery normal arm64 Compiling InkLaTeXAddonRenderer.swift (in target 'InkMarkdownLaTeX' from project 'InkMarkdown')

SwiftDriver\ Compilation InkMarkdownLaTeX normal arm64 com.apple.xcode.tools.swift.compiler (in target 'InkMarkdownLaTeX' from project 'InkMarkdown')
    cd /Users/shizihan/DailyUse/Github/InkMarkdown/.github/fixtures/consumer-smoke/.swiftpm/xcode
    builtin-Swift-Compilation -- /Applications/Xcode.app/Contents/Developer/Toolchains/XcodeDefault.xctoolchain/usr/bin/swiftc -module-name InkMarkdownLaTeX -Onone @/Users/shizihan/DailyUse/Github/InkMarkdown/.scratch/architecture-deepening-2026-09-07/evidence/20260907-1415-ticket-27/consumer/DerivedData-InkMarkdownLaTeXConsumer/Build/Intermediates.noindex/InkMarkdown.build/Debug-iphonesimulator/InkMarkdownLaTeX.build/Objects-normal/arm64/InkMarkdownLaTeX.SwiftFileList -DSWIFT_PACKAGE -DDEBUG -DSWIFT_MODULE_RESOURCE_BUNDLE_UNAVAILABLE -DXcode -enable-experimental-feature StrictConcurrency -plugin-path /Applications/Xcode.app/Contents/Developer/Toolchains/XcodeDefault.xctoolchain/usr/lib/swift/host/plugins/testing -enable-experimental-feature DebugDescriptionMacro -sdk /Applications/Xcode.app/Contents/Developer/Platforms/iPhoneSimulator.platform/Developer/SDKs/iPhoneSimulator26.5.sdk -target arm64-apple-ios15.0-simulator -g -module-cache-path /Users/shizihan/DailyUse/Github/InkMarkdown/.scratch/architecture-deepening-2026-09-07/evidence/20260907-1415-ticket-27/consumer/DerivedData-InkMarkdownLaTeXConsumer/ModuleCache.noindex -Xfrontend -serialize-debugging-options -enable-testing -suppress-warnings -index-store-path /Users/shizihan/DailyUse/Github/InkMarkdown/.scratch/architecture-deepening-2026-09-07/evidence/20260907-1415-ticket-27/consumer/DerivedData-InkMarkdownLaTeXConsumer/Index.noindex/DataStore -Xcc -D_LIBCPP_HARDENING_MODE\=_LIBCPP_HARDENING_MODE_DEBUG -swift-version 5 -I /Users/shizihan/DailyUse/Github/InkMarkdown/.scratch/architecture-deepening-2026-09-07/evidence/20260907-1415-ticket-27/consumer/DerivedData-InkMarkdownLaTeXConsumer/Build/Products/Debug-iphonesimulator -Isystem /Applications/Xcode.app/Contents/Developer/Platforms/iPhoneSimulator.platform/Developer/usr/lib -F /Users/shizihan/DailyUse/Github/InkMarkdown/.scratch/architecture-deepening-2026-09-07/evidence/20260907-1415-ticket-27/consumer/DerivedData-InkMarkdownLaTeXConsumer/Build/Products/Debug-iphonesimulator/PackageFrameworks -F /Users/shizihan/DailyUse/Github/InkMarkdown/.scratch/architecture-deepening-2026-09-07/evidence/20260907-1415-ticket-27/consumer/DerivedData-InkMarkdownLaTeXConsumer/Build/Products/Debug-iphonesimulator/PackageFrameworks -F /Users/shizihan/DailyUse/Github/InkMarkdown/.scratch/architecture-deepening-2026-09-07/evidence/20260907-1415-ticket-27/consumer/DerivedData-InkMarkdownLaTeXConsumer/Build/Products/Debug-iphonesimulator/PackageFrameworks -F /Users/shizihan/DailyUse/Github/InkMarkdown/.scratch/architecture-deepening-2026-09-07/evidence/20260907-1415-ticket-27/consumer/DerivedData-InkMarkdownLaTeXConsumer/Build/Products/Debug-iphonesimulator/PackageFrameworks -F /Users/shizihan/DailyUse/Github/InkMarkdown/.scratch/architecture-deepening-2026-09-07/evidence/20260907-1415-ticket-27/consumer/DerivedData-InkMarkdownLaTeXConsumer/Build/Products/Debug-iphonesimulator/PackageFrameworks -F /Users/shizihan/DailyUse/Github/InkMarkdown/.scratch/architecture-deepening-2026-09-07/evidence/20260907-1415-ticket-27/consumer/DerivedData-InkMarkdownLaTeXConsumer/Build/Products/Debug-iphonesimulator/PackageFrameworks -F /Users/shizihan/DailyUse/Github/InkMarkdown/.scratch/architecture-deepening-2026-09-07/evidence/20260907-1415-ticket-27/consumer/DerivedData-InkMarkdownLaTeXConsumer/Build/Products/Debug-iphonesimulator -F /Applications/Xcode.app/Contents/Developer/Platforms/iPhoneSimulator.platform/Developer/Library/Frameworks -F /Applications/Xcode.app/Contents/Developer/Platforms/iPhoneSimulator.platform/Developer/SDKs/iPhoneSimulator26.5.sdk/Developer/Library/Frameworks -c -j10 -enable-batch-mode -incremental -Xcc -ivfsstatcache -Xcc /Users/shizihan/DailyUse/Github/InkMarkdown/.scratch/architecture-deepening-2026-09-07/evidence/20260907-1415-ticket-27/consumer/DerivedData-InkMarkdownLaTeXConsumer/SDKStatCaches.noindex/iphonesimulator26.5-23F81a-6cfe768891a92b912361537c460fe42b.sdkstatcache -output-file-map /Users/shizihan/DailyUse/Github/InkMarkdown/.scratch/architecture-deepening-2026-09-07/evidence/20260907-1415-ticket-27/consumer/DerivedData-InkMarkdownLaTeXConsumer/Build/Intermediates.noindex/InkMarkdown.build/Debug-iphonesimulator/InkMarkdownLaTeX.build/Objects-normal/arm64/InkMarkdownLaTeX-OutputFileMap.json -use-frontend-parseable-output -save-temps -no-color-diagnostics -explicit-module-build -module-cache-path /Users/shizihan/DailyUse/Github/InkMarkdown/.scratch/architecture-deepening-2026-09-07/evidence/20260907-1415-ticket-27/consumer/DerivedData-InkMarkdownLaTeXConsumer/Build/Intermediates.noindex/SwiftExplicitPrecompiledModules -clang-scanner-module-cache-path /Users/shizihan/DailyUse/Github/InkMarkdown/.scratch/architecture-deepening-2026-09-07/evidence/20260907-1415-ticket-27/consumer/DerivedData-InkMarkdownLaTeXConsumer/ModuleCache.noindex -sdk-module-cache-path /Users/shizihan/DailyUse/Github/InkMarkdown/.scratch/architecture-deepening-2026-09-07/evidence/20260907-1415-ticket-27/consumer/DerivedData-InkMarkdownLaTeXConsumer/ModuleCache.noindex -serialize-diagnostics -emit-dependencies -emit-module -emit-module-path /Users/shizihan/DailyUse/Github/InkMarkdown/.scratch/architecture-deepening-2026-09-07/evidence/20260907-1415-ticket-27/consumer/DerivedData-InkMarkdownLaTeXConsumer/Build/Intermediates.noindex/InkMarkdown.build/Debug-iphonesimulator/InkMarkdownLaTeX.build/Objects-normal/arm64/InkMarkdownLaTeX.swiftmodule -validate-clang-modules-once -clang-build-session-file /Users/shizihan/DailyUse/Github/InkMarkdown/.scratch/architecture-deepening-2026-09-07/evidence/20260907-1415-ticket-27/consumer/DerivedData-InkMarkdownLaTeXConsumer/ModuleCache.noindex/Session.modulevalidation -package-name inkmarkdown -Xcc -I/Users/shizihan/DailyUse/Github/InkMarkdown/.scratch/architecture-deepening-2026-09-07/evidence/20260907-1415-ticket-27/consumer/DerivedData-InkMarkdownLaTeXConsumer/Build/Intermediates.noindex/InkMarkdown.build/Debug-iphonesimulator/InkMarkdownLaTeX.build/swift-overrides.hmap -emit-const-values -Xfrontend -const-gather-protocols-file -Xfrontend /Users/shizihan/DailyUse/Github/InkMarkdown/.scratch/architecture-deepening-2026-09-07/evidence/20260907-1415-ticket-27/consumer/DerivedData-InkMarkdownLaTeXConsumer/Build/Intermediates.noindex/InkMarkdown.build/Debug-iphonesimulator/InkMarkdownLaTeX.build/Objects-normal/arm64/InkMarkdownLaTeX_const_extract_protocols.json -Xcc -I/Users/shizihan/DailyUse/Github/InkMarkdown/Packages/Caches/swift-cmark/src/include -Xcc -I/Users/shizihan/DailyUse/Github/InkMarkdown/Packages/Caches/swift-cmark/extensions/include -Xcc -I/Users/shizihan/DailyUse/Github/InkMarkdown/Packages/Caches/swift-markdown/Sources/CAtomic/include -Xcc -I/Users/shizihan/DailyUse/Github/InkMarkdown/Packages/Caches/iosMath/iosMath -Xcc -I/Users/shizihan/DailyUse/Github/InkMarkdown/.scratch/architecture-deepening-2026-09-07/evidence/20260907-1415-ticket-27/consumer/DerivedData-InkMarkdownLaTeXConsumer/Build/Products/Debug-iphonesimulator/include -Xcc -I/Users/shizihan/DailyUse/Github/InkMarkdown/.scratch/architecture-deepening-2026-09-07/evidence/20260907-1415-ticket-27/consumer/DerivedData-InkMarkdownLaTeXConsumer/Build/Intermediates.noindex/InkMarkdown.build/Debug-iphonesimulator/InkMarkdownLaTeX.build/DerivedSources-normal/arm64 -Xcc -I/Users/shizihan/DailyUse/Github/InkMarkdown/.scratch/architecture-deepening-2026-09-07/evidence/20260907-1415-ticket-27/consumer/DerivedData-InkMarkdownLaTeXConsumer/Build/Intermediates.noindex/InkMarkdown.build/Debug-iphonesimulator/InkMarkdownLaTeX.build/DerivedSources/arm64 -Xcc -I/Users/shizihan/DailyUse/Github/InkMarkdown/.scratch/architecture-deepening-2026-09-07/evidence/20260907-1415-ticket-27/consumer/DerivedData-InkMarkdownLaTeXConsumer/Build/Intermediates.noindex/InkMarkdown.build/Debug-iphonesimulator/InkMarkdownLaTeX.build/DerivedSources -Xcc -DSWIFT_PACKAGE -Xcc -DDEBUG\=1 -emit-objc-header -emit-objc-header-path /Users/shizihan/DailyUse/Github/InkMarkdown/.scratch/architecture-deepening-2026-09-07/evidence/20260907-1415-ticket-27/consumer/DerivedData-InkMarkdownLaTeXConsumer/Build/Intermediates.noindex/InkMarkdown.build/Debug-iphonesimulator/InkMarkdownLaTeX.build/Objects-normal/arm64/InkMarkdownLaTeX-Swift.h -working-directory /Users/shizihan/DailyUse/Github/InkMarkdown/.github/fixtures/consumer-smoke/.swiftpm/xcode -experimental-emit-module-separately -disable-cmo

Ld /Users/shizihan/DailyUse/Github/InkMarkdown/.scratch/architecture-deepening-2026-09-07/evidence/20260907-1415-ticket-27/consumer/DerivedData-InkMarkdownLaTeXConsumer/Build/Products/Debug-iphonesimulator/InkMarkdownLaTeX.o normal (in target 'InkMarkdownLaTeX' from project 'InkMarkdown')
    cd /Users/shizihan/DailyUse/Github/InkMarkdown
    /Applications/Xcode.app/Contents/Developer/Toolchains/XcodeDefault.xctoolchain/usr/bin/clang -Xlinker -reproducible -target arm64-apple-ios15.0-simulator -r -isysroot /Applications/Xcode.app/Contents/Developer/Platforms/iPhoneSimulator.platform/Developer/SDKs/iPhoneSimulator26.5.sdk -O0 -w -F/Users/shizihan/DailyUse/Github/InkMarkdown/.scratch/architecture-deepening-2026-09-07/evidence/20260907-1415-ticket-27/consumer/DerivedData-InkMarkdownLaTeXConsumer/Build/Intermediates.noindex/EagerLinkingTBDs/Debug-iphonesimulator -F/Users/shizihan/DailyUse/Github/InkMarkdown/.scratch/architecture-deepening-2026-09-07/evidence/20260907-1415-ticket-27/consumer/DerivedData-InkMarkdownLaTeXConsumer/Build/Products/Debug-iphonesimulator/PackageFrameworks -F/Users/shizihan/DailyUse/Github/InkMarkdown/.scratch/architecture-deepening-2026-09-07/evidence/20260907-1415-ticket-27/consumer/DerivedData-InkMarkdownLaTeXConsumer/Build/Products/Debug-iphonesimulator/PackageFrameworks -F/Users/shizihan/DailyUse/Github/InkMarkdown/.scratch/architecture-deepening-2026-09-07/evidence/20260907-1415-ticket-27/consumer/DerivedData-InkMarkdownLaTeXConsumer/Build/Products/Debug-iphonesimulator/PackageFrameworks -F/Users/shizihan/DailyUse/Github/InkMarkdown/.scratch/architecture-deepening-2026-09-07/evidence/20260907-1415-ticket-27/consumer/DerivedData-InkMarkdownLaTeXConsumer/Build/Products/Debug-iphonesimulator/PackageFrameworks -F/Users/shizihan/DailyUse/Github/InkMarkdown/.scratch/architecture-deepening-2026-09-07/evidence/20260907-1415-ticket-27/consumer/DerivedData-InkMarkdownLaTeXConsumer/Build/Products/Debug-iphonesimulator/PackageFrameworks -F/Users/shizihan/DailyUse/Github/InkMarkdown/.scratch/architecture-deepening-2026-09-07/evidence/20260907-1415-ticket-27/consumer/DerivedData-InkMarkdownLaTeXConsumer/Build/Products/Debug-iphonesimulator/PackageFrameworks -F/Users/shizihan/DailyUse/Github/InkMarkdown/.scratch/architecture-deepening-2026-09-07/evidence/20260907-1415-ticket-27/consumer/DerivedData-InkMarkdownLaTeXConsumer/Build/Products/Debug-iphonesimulator -iframework /Applications/Xcode.app/Contents/Developer/Platforms/iPhoneSimulator.platform/Developer/Library/Frameworks -iframework /Applications/Xcode.app/Contents/Developer/Platforms/iPhoneSimulator.platform/Developer/SDKs/iPhoneSimulator26.5.sdk/Developer/Library/Frameworks -filelist /Users/shizihan/DailyUse/Github/InkMarkdown/.scratch/architecture-deepening-2026-09-07/evidence/20260907-1415-ticket-27/consumer/DerivedData-InkMarkdownLaTeXConsumer/Build/Intermediates.noindex/InkMarkdown.build/Debug-iphonesimulator/InkMarkdownLaTeX.build/Objects-normal/arm64/InkMarkdownLaTeX.LinkFileList -nostdlib -Xlinker -object_path_lto -Xlinker /Users/shizihan/DailyUse/Github/InkMarkdown/.scratch/architecture-deepening-2026-09-07/evidence/20260907-1415-ticket-27/consumer/DerivedData-InkMarkdownLaTeXConsumer/Build/Intermediates.noindex/InkMarkdown.build/Debug-iphonesimulator/InkMarkdownLaTeX.build/Objects-normal/arm64/InkMarkdownLaTeX_lto.o -Xlinker -no_deduplicate -Xlinker -objc_abi_version -Xlinker 2 -Xlinker -dependency_info -Xlinker /Users/shizihan/DailyUse/Github/InkMarkdown/.scratch/architecture-deepening-2026-09-07/evidence/20260907-1415-ticket-27/consumer/DerivedData-InkMarkdownLaTeXConsumer/Build/Intermediates.noindex/InkMarkdown.build/Debug-iphonesimulator/InkMarkdownLaTeX.build/Objects-normal/arm64/InkMarkdownLaTeX_dependency_info.dat -fobjc-link-runtime -L/Applications/Xcode.app/Contents/Developer/Toolchains/XcodeDefault.xctoolchain/usr/lib/swift/iphonesimulator -L/usr/lib/swift -Xlinker -add_ast_path -Xlinker /Users/shizihan/DailyUse/Github/InkMarkdown/.scratch/architecture-deepening-2026-09-07/evidence/20260907-1415-ticket-27/consumer/DerivedData-InkMarkdownLaTeXConsumer/Build/Intermediates.noindex/InkMarkdown.build/Debug-iphonesimulator/InkMarkdownLaTeX.build/Objects-normal/arm64/InkMarkdownLaTeX.swiftmodule @/Users/shizihan/DailyUse/Github/InkMarkdown/.scratch/architecture-deepening-2026-09-07/evidence/20260907-1415-ticket-27/consumer/DerivedData-InkMarkdownLaTeXConsumer/Build/Intermediates.noindex/InkMarkdown.build/Debug-iphonesimulator/InkMarkdownLaTeX.build/Objects-normal/arm64/InkMarkdownLaTeX-linker-args.resp -o /Users/shizihan/DailyUse/Github/InkMarkdown/.scratch/architecture-deepening-2026-09-07/evidence/20260907-1415-ticket-27/consumer/DerivedData-InkMarkdownLaTeXConsumer/Build/Products/Debug-iphonesimulator/InkMarkdownLaTeX.o

ExtractAppIntentsMetadata (in target 'InkMarkdownLaTeX' from project 'InkMarkdown')
    cd /Users/shizihan/DailyUse/Github/InkMarkdown
    /Applications/Xcode.app/Contents/Developer/Toolchains/XcodeDefault.xctoolchain/usr/bin/appintentsmetadataprocessor --toolchain-dir /Applications/Xcode.app/Contents/Developer/Toolchains/XcodeDefault.xctoolchain --module-name InkMarkdownLaTeX --sdk-root /Applications/Xcode.app/Contents/Developer/Platforms/iPhoneSimulator.platform/Developer/SDKs/iPhoneSimulator26.5.sdk --xcode-version 17F113 --platform-family iOS --deployment-target 15.0 --bundle-identifier inkmarkdown.InkMarkdownLaTeX --output /Users/shizihan/DailyUse/Github/InkMarkdown/.scratch/architecture-deepening-2026-09-07/evidence/20260907-1415-ticket-27/consumer/DerivedData-InkMarkdownLaTeXConsumer/Build/Products/Debug-iphonesimulator/InkMarkdownLaTeX.appintents --target-triple arm64-apple-ios15.0-simulator --binary-file /Users/shizihan/DailyUse/Github/InkMarkdown/.scratch/architecture-deepening-2026-09-07/evidence/20260907-1415-ticket-27/consumer/DerivedData-InkMarkdownLaTeXConsumer/Build/Products/Debug-iphonesimulator/InkMarkdownLaTeX.o --dependency-file /Users/shizihan/DailyUse/Github/InkMarkdown/.scratch/architecture-deepening-2026-09-07/evidence/20260907-1415-ticket-27/consumer/DerivedData-InkMarkdownLaTeXConsumer/Build/Intermediates.noindex/InkMarkdown.build/Debug-iphonesimulator/InkMarkdownLaTeX.build/Objects-normal/arm64/InkMarkdownLaTeX_dependency_info.dat --stringsdata-file /Users/shizihan/DailyUse/Github/InkMarkdown/.scratch/architecture-deepening-2026-09-07/evidence/20260907-1415-ticket-27/consumer/DerivedData-InkMarkdownLaTeXConsumer/Build/Intermediates.noindex/InkMarkdown.build/Debug-iphonesimulator/InkMarkdownLaTeX.build/Objects-normal/arm64/ExtractedAppShortcutsMetadata.stringsdata --source-file-list /Users/shizihan/DailyUse/Github/InkMarkdown/.scratch/architecture-deepening-2026-09-07/evidence/20260907-1415-ticket-27/consumer/DerivedData-InkMarkdownLaTeXConsumer/Build/Intermediates.noindex/InkMarkdown.build/Debug-iphonesimulator/InkMarkdownLaTeX.build/Objects-normal/arm64/InkMarkdownLaTeX.SwiftFileList --metadata-file-list /Users/shizihan/DailyUse/Github/InkMarkdown/.scratch/architecture-deepening-2026-09-07/evidence/20260907-1415-ticket-27/consumer/DerivedData-InkMarkdownLaTeXConsumer/Build/Intermediates.noindex/InkMarkdown.build/Debug-iphonesimulator/InkMarkdownLaTeX.build/InkMarkdownLaTeX.DependencyMetadataFileList --static-metadata-file-list /Users/shizihan/DailyUse/Github/InkMarkdown/.scratch/architecture-deepening-2026-09-07/evidence/20260907-1415-ticket-27/consumer/DerivedData-InkMarkdownLaTeXConsumer/Build/Intermediates.noindex/InkMarkdown.build/Debug-iphonesimulator/InkMarkdownLaTeX.build/InkMarkdownLaTeX.DependencyStaticMetadataFileList --swift-const-vals-list /Users/shizihan/DailyUse/Github/InkMarkdown/.scratch/architecture-deepening-2026-09-07/evidence/20260907-1415-ticket-27/consumer/DerivedData-InkMarkdownLaTeXConsumer/Build/Intermediates.noindex/InkMarkdown.build/Debug-iphonesimulator/InkMarkdownLaTeX.build/Objects-normal/arm64/InkMarkdownLaTeX.SwiftConstValuesFileList --force --compile-time-extraction --deployment-aware-processing --validate-assistant-intents --no-app-shortcuts-localization
2026-09-07 14:41:04.427 appintentsmetadataprocessor[88289:6070921] Starting appintentsmetadataprocessor export
2026-09-07 14:41:04.436 appintentsmetadataprocessor[88289:6070921] Extracted no relevant App Intents symbols, skipping writing output

RegisterExecutionPolicyException /Users/shizihan/DailyUse/Github/InkMarkdown/.scratch/architecture-deepening-2026-09-07/evidence/20260907-1415-ticket-27/consumer/DerivedData-InkMarkdownLaTeXConsumer/Build/Products/Debug-iphonesimulator/InkMarkdownLaTeX.o (in target 'InkMarkdownLaTeX' from project 'InkMarkdown')
    cd /Users/shizihan/DailyUse/Github/InkMarkdown
    builtin-RegisterExecutionPolicyException /Users/shizihan/DailyUse/Github/InkMarkdown/.scratch/architecture-deepening-2026-09-07/evidence/20260907-1415-ticket-27/consumer/DerivedData-InkMarkdownLaTeXConsumer/Build/Products/Debug-iphonesimulator/InkMarkdownLaTeX.o

SwiftExplicitDependencyGeneratePcm arm64 /Users/shizihan/DailyUse/Github/InkMarkdown/.scratch/architecture-deepening-2026-09-07/evidence/20260907-1415-ticket-27/consumer/DerivedData-InkMarkdownLaTeXConsumer/ModuleCache.noindex/SwiftShims-4CL0AY5W3AZN21CSPSR7TIAD8.pcm

SwiftExplicitDependencyGeneratePcm arm64 /Users/shizihan/DailyUse/Github/InkMarkdown/.scratch/architecture-deepening-2026-09-07/evidence/20260907-1415-ticket-27/consumer/DerivedData-InkMarkdownLaTeXConsumer/ModuleCache.noindex/_SwiftConcurrencyShims-DJNCBKDYU1UALVEOSSDPOMU9Z.pcm

SwiftExplicitDependencyGeneratePcm arm64 /Users/shizihan/DailyUse/Github/InkMarkdown/.scratch/architecture-deepening-2026-09-07/evidence/20260907-1415-ticket-27/consumer/DerivedData-InkMarkdownLaTeXConsumer/ModuleCache.noindex/_Builtin_stddef-7WMJW0WH8UWDIFD3A6ES0MSY5.pcm

SwiftExplicitDependencyGeneratePcm arm64 /Users/shizihan/DailyUse/Github/InkMarkdown/.scratch/architecture-deepening-2026-09-07/evidence/20260907-1415-ticket-27/consumer/DerivedData-InkMarkdownLaTeXConsumer/ModuleCache.noindex/ptrcheck-CAIRQ5N43FQQ0IAGVYN3IJ5LI.pcm

SwiftExplicitDependencyGeneratePcm arm64 /Users/shizihan/DailyUse/Github/InkMarkdown/.scratch/architecture-deepening-2026-09-07/evidence/20260907-1415-ticket-27/consumer/DerivedData-InkMarkdownLaTeXConsumer/ModuleCache.noindex/_AvailabilityInternal-ARE9VX3I48QZDE8QLZ3U2KHTV.pcm

SwiftExplicitDependencyGeneratePcm arm64 /Users/shizihan/DailyUse/Github/InkMarkdown/.scratch/architecture-deepening-2026-09-07/evidence/20260907-1415-ticket-27/consumer/DerivedData-InkMarkdownLaTeXConsumer/ModuleCache.noindex/DeveloperToolsSupport-80Q6368EYGZ0SGT4PT77TPIOU.pcm

SwiftExplicitDependencyGeneratePcm arm64 /Users/shizihan/DailyUse/Github/InkMarkdown/.scratch/architecture-deepening-2026-09-07/evidence/20260907-1415-ticket-27/consumer/DerivedData-InkMarkdownLaTeXConsumer/ModuleCache.noindex/ptrauth-EFM9WY1RYYAOQGH8MOVYHICXP.pcm

SwiftExplicitDependencyGeneratePcm arm64 /Users/shizihan/DailyUse/Github/InkMarkdown/.scratch/architecture-deepening-2026-09-07/evidence/20260907-1415-ticket-27/consumer/DerivedData-InkMarkdownLaTeXConsumer/ModuleCache.noindex/_Builtin_stdbool-EGM47M4W6N907M9YVRLR6KG6H.pcm

SwiftExplicitDependencyGeneratePcm arm64 /Users/shizihan/DailyUse/Github/InkMarkdown/.scratch/architecture-deepening-2026-09-07/evidence/20260907-1415-ticket-27/consumer/DerivedData-InkMarkdownLaTeXConsumer/ModuleCache.noindex/_Builtin_float-1A9JD94KEXI3WZE57HGP2J6BT.pcm

SwiftExplicitDependencyGeneratePcm arm64 /Users/shizihan/DailyUse/Github/InkMarkdown/.scratch/architecture-deepening-2026-09-07/evidence/20260907-1415-ticket-27/consumer/DerivedData-InkMarkdownLaTeXConsumer/ModuleCache.noindex/_Builtin_stdarg-70WZ5EAASLWNTW317DPVD4HA.pcm

SwiftExplicitDependencyGeneratePcm arm64 /Users/shizihan/DailyUse/Github/InkMarkdown/.scratch/architecture-deepening-2026-09-07/evidence/20260907-1415-ticket-27/consumer/DerivedData-InkMarkdownLaTeXConsumer/ModuleCache.noindex/_DarwinFoundation1-AX1YVRNCEPBCJ0JDJU1BYX8IR.pcm

SwiftExplicitDependencyGeneratePcm arm64 /Users/shizihan/DailyUse/Github/InkMarkdown/.scratch/architecture-deepening-2026-09-07/evidence/20260907-1415-ticket-27/consumer/DerivedData-InkMarkdownLaTeXConsumer/ModuleCache.noindex/_DarwinFoundation2-C5X6P6HH5ILMUVM8OHTJ6SVRV.pcm

SwiftExplicitDependencyGeneratePcm arm64 /Users/shizihan/DailyUse/Github/InkMarkdown/.scratch/architecture-deepening-2026-09-07/evidence/20260907-1415-ticket-27/consumer/DerivedData-InkMarkdownLaTeXConsumer/ModuleCache.noindex/_Builtin_limits-BSMCJ6YMXX76LVCL2CGDCW69I.pcm

SwiftExplicitDependencyGeneratePcm arm64 /Users/shizihan/DailyUse/Github/InkMarkdown/.scratch/architecture-deepening-2026-09-07/evidence/20260907-1415-ticket-27/consumer/DerivedData-InkMarkdownLaTeXConsumer/ModuleCache.noindex/_Builtin_stdint-5CAMYB3CJ8KSO3ARCR4YYVXI3.pcm

SwiftExplicitDependencyGeneratePcm arm64 /Users/shizihan/DailyUse/Github/InkMarkdown/.scratch/architecture-deepening-2026-09-07/evidence/20260907-1415-ticket-27/consumer/DerivedData-InkMarkdownLaTeXConsumer/ModuleCache.noindex/_Builtin_tgmath-2FZW3ZRNJGFKGS7RLPWKGTEVD.pcm

SwiftExplicitDependencyGeneratePcm arm64 /Users/shizihan/DailyUse/Github/InkMarkdown/.scratch/architecture-deepening-2026-09-07/evidence/20260907-1415-ticket-27/consumer/DerivedData-InkMarkdownLaTeXConsumer/ModuleCache.noindex/sys_types-6ER0OJUDMDPUGZEL7LLASM8L2.pcm

SwiftExplicitDependencyGeneratePcm arm64 /Users/shizihan/DailyUse/Github/InkMarkdown/.scratch/architecture-deepening-2026-09-07/evidence/20260907-1415-ticket-27/consumer/DerivedData-InkMarkdownLaTeXConsumer/ModuleCache.noindex/_Builtin_intrinsics-E6RDCUOHTV2F9N11KMCPZQF0J.pcm

SwiftExplicitDependencyGeneratePcm arm64 /Users/shizihan/DailyUse/Github/InkMarkdown/.scratch/architecture-deepening-2026-09-07/evidence/20260907-1415-ticket-27/consumer/DerivedData-InkMarkdownLaTeXConsumer/ModuleCache.noindex/_Builtin_stdatomic-D04STK64BG1Y5UWDSE342EJCN.pcm

SwiftExplicitDependencyGeneratePcm arm64 /Users/shizihan/DailyUse/Github/InkMarkdown/.scratch/architecture-deepening-2026-09-07/evidence/20260907-1415-ticket-27/consumer/DerivedData-InkMarkdownLaTeXConsumer/ModuleCache.noindex/_DarwinFoundation3-10FWMQJCP43EYDEH5L2EHT9L2.pcm

SwiftExplicitDependencyGeneratePcm arm64 /Users/shizihan/DailyUse/Github/InkMarkdown/.scratch/architecture-deepening-2026-09-07/evidence/20260907-1415-ticket-27/consumer/DerivedData-InkMarkdownLaTeXConsumer/Build/Intermediates.noindex/SwiftExplicitPrecompiledModules/CAtomic-F2P9B6NS4A5ZHGYK1JAT38YUS.pcm

SwiftExplicitDependencyGeneratePcm arm64 /Users/shizihan/DailyUse/Github/InkMarkdown/.scratch/architecture-deepening-2026-09-07/evidence/20260907-1415-ticket-27/consumer/DerivedData-InkMarkdownLaTeXConsumer/Build/Intermediates.noindex/SwiftExplicitPrecompiledModules/cmark_gfm-4SLC0VMST6CXQCPE0LDSGKKE2.pcm

SwiftExplicitDependencyGeneratePcm arm64 /Users/shizihan/DailyUse/Github/InkMarkdown/.scratch/architecture-deepening-2026-09-07/evidence/20260907-1415-ticket-27/consumer/DerivedData-InkMarkdownLaTeXConsumer/ModuleCache.noindex/_Builtin_inttypes-CP5Q1C7SNTRH9VB2YUJ0L5FGV.pcm

SwiftExplicitDependencyGeneratePcm arm64 /Users/shizihan/DailyUse/Github/InkMarkdown/.scratch/architecture-deepening-2026-09-07/evidence/20260907-1415-ticket-27/consumer/DerivedData-InkMarkdownLaTeXConsumer/ModuleCache.noindex/Darwin-EY6PI1KMD1K0XL4JZHL25UO15.pcm

SwiftExplicitDependencyGeneratePcm arm64 /Users/shizihan/DailyUse/Github/InkMarkdown/.scratch/architecture-deepening-2026-09-07/evidence/20260907-1415-ticket-27/consumer/DerivedData-InkMarkdownLaTeXConsumer/Build/Intermediates.noindex/SwiftExplicitPrecompiledModules/cmark_gfm_extensions-7W2LRYI4GAV6XAT80NIK4Z356.pcm

SwiftExplicitDependencyGeneratePcm arm64 /Users/shizihan/DailyUse/Github/InkMarkdown/.scratch/architecture-deepening-2026-09-07/evidence/20260907-1415-ticket-27/consumer/DerivedData-InkMarkdownLaTeXConsumer/ModuleCache.noindex/simd-1MY2Z4SHN41BE6A3S7VSCK6Y9.pcm

SwiftExplicitDependencyGeneratePcm arm64 /Users/shizihan/DailyUse/Github/InkMarkdown/.scratch/architecture-deepening-2026-09-07/evidence/20260907-1415-ticket-27/consumer/DerivedData-InkMarkdownLaTeXConsumer/ModuleCache.noindex/ObjectiveC-CSW8EHFMZFP7M2Y6P66LBBHSI.pcm

SwiftExplicitDependencyGeneratePcm arm64 /Users/shizihan/DailyUse/Github/InkMarkdown/.scratch/architecture-deepening-2026-09-07/evidence/20260907-1415-ticket-27/consumer/DerivedData-InkMarkdownLaTeXConsumer/ModuleCache.noindex/MachO-56S1XEX15JN5YSOF12DFYBJ8S.pcm

SwiftExplicitDependencyGeneratePcm arm64 /Users/shizihan/DailyUse/Github/InkMarkdown/.scratch/architecture-deepening-2026-09-07/evidence/20260907-1415-ticket-27/consumer/DerivedData-InkMarkdownLaTeXConsumer/ModuleCache.noindex/Spatial-4GLC2QZR779AL1JHAKOUITNEI.pcm

SwiftExplicitDependencyGeneratePcm arm64 /Users/shizihan/DailyUse/Github/InkMarkdown/.scratch/architecture-deepening-2026-09-07/evidence/20260907-1415-ticket-27/consumer/DerivedData-InkMarkdownLaTeXConsumer/ModuleCache.noindex/os_object-CFFVQU0VGLO125AY24OKG0MOW.pcm

SwiftExplicitDependencyGeneratePcm arm64 /Users/shizihan/DailyUse/Github/InkMarkdown/.scratch/architecture-deepening-2026-09-07/evidence/20260907-1415-ticket-27/consumer/DerivedData-InkMarkdownLaTeXConsumer/ModuleCache.noindex/os_workgroup-ANI8I3EHQDQ1EDMIT2XLHM806.pcm

SwiftExplicitDependencyGeneratePcm arm64 /Users/shizihan/DailyUse/Github/InkMarkdown/.scratch/architecture-deepening-2026-09-07/evidence/20260907-1415-ticket-27/consumer/DerivedData-InkMarkdownLaTeXConsumer/ModuleCache.noindex/Dispatch-10CGVWVIXP2JVLWL5IEF7QCSV.pcm

SwiftExplicitDependencyGeneratePcm arm64 /Users/shizihan/DailyUse/Github/InkMarkdown/.scratch/architecture-deepening-2026-09-07/evidence/20260907-1415-ticket-27/consumer/DerivedData-InkMarkdownLaTeXConsumer/ModuleCache.noindex/XPC-4DWH59TL5PACDGEYHRHW9IWSP.pcm

SwiftExplicitDependencyGeneratePcm arm64 /Users/shizihan/DailyUse/Github/InkMarkdown/.scratch/architecture-deepening-2026-09-07/evidence/20260907-1415-ticket-27/consumer/DerivedData-InkMarkdownLaTeXConsumer/ModuleCache.noindex/CoreFoundation-24DLX8HOHY62LHXVDBHKT5NLP.pcm

SwiftExplicitDependencyGeneratePcm arm64 /Users/shizihan/DailyUse/Github/InkMarkdown/.scratch/architecture-deepening-2026-09-07/evidence/20260907-1415-ticket-27/consumer/DerivedData-InkMarkdownLaTeXConsumer/ModuleCache.noindex/dnssd-112K4CBZ5BQ7H09VXIFL3K1YP.pcm

SwiftExplicitDependencyGeneratePcm arm64 /Users/shizihan/DailyUse/Github/InkMarkdown/.scratch/architecture-deepening-2026-09-07/evidence/20260907-1415-ticket-27/consumer/DerivedData-InkMarkdownLaTeXConsumer/ModuleCache.noindex/os-6UTHEZ4X4LFZWX5KW01WVBXQY.pcm

SwiftExplicitDependencyGeneratePcm arm64 /Users/shizihan/DailyUse/Github/InkMarkdown/.scratch/architecture-deepening-2026-09-07/evidence/20260907-1415-ticket-27/consumer/DerivedData-InkMarkdownLaTeXConsumer/ModuleCache.noindex/CFNetwork-D8SBNXAQW3KFMF38KSBNZGI6B.pcm

SwiftExplicitDependencyGeneratePcm arm64 /Users/shizihan/DailyUse/Github/InkMarkdown/.scratch/architecture-deepening-2026-09-07/evidence/20260907-1415-ticket-27/consumer/DerivedData-InkMarkdownLaTeXConsumer/ModuleCache.noindex/CoreGraphics-25GFEZAGCD3PRTC4DA68JKM4I.pcm

SwiftExplicitDependencyGeneratePcm arm64 /Users/shizihan/DailyUse/Github/InkMarkdown/.scratch/architecture-deepening-2026-09-07/evidence/20260907-1415-ticket-27/consumer/DerivedData-InkMarkdownLaTeXConsumer/ModuleCache.noindex/Security-DHXVJ73NWN1G5KUIHA4JGN750.pcm

SwiftExplicitDependencyGeneratePcm arm64 /Users/shizihan/DailyUse/Github/InkMarkdown/.scratch/architecture-deepening-2026-09-07/evidence/20260907-1415-ticket-27/consumer/DerivedData-InkMarkdownLaTeXConsumer/ModuleCache.noindex/Foundation-F0P43CC6TUFY4FM84UO10LS6O.pcm

SwiftExplicitDependencyGeneratePcm arm64 /Users/shizihan/DailyUse/Github/InkMarkdown/.scratch/architecture-deepening-2026-09-07/evidence/20260907-1415-ticket-27/consumer/DerivedData-InkMarkdownLaTeXConsumer/ModuleCache.noindex/ImageIO-AGKNUBO9SJOONZB3S3W35VM3H.pcm

SwiftExplicitDependencyGeneratePcm arm64 /Users/shizihan/DailyUse/Github/InkMarkdown/.scratch/architecture-deepening-2026-09-07/evidence/20260907-1415-ticket-27/consumer/DerivedData-InkMarkdownLaTeXConsumer/ModuleCache.noindex/CoreText-5VXHDN6BWNAKKA64I6761S5CY.pcm

SwiftExplicitDependencyGeneratePcm arm64 /Users/shizihan/DailyUse/Github/InkMarkdown/.scratch/architecture-deepening-2026-09-07/evidence/20260907-1415-ticket-27/consumer/DerivedData-InkMarkdownLaTeXConsumer/ModuleCache.noindex/Symbols-930P48CN7GNDP2EWBRJXDJS61.pcm

SwiftExplicitDependencyGeneratePcm arm64 /Users/shizihan/DailyUse/Github/InkMarkdown/.scratch/architecture-deepening-2026-09-07/evidence/20260907-1415-ticket-27/consumer/DerivedData-InkMarkdownLaTeXConsumer/ModuleCache.noindex/FileProvider-6LNYB8M5OOIHX99F70VP0N08N.pcm

SwiftExplicitDependencyGeneratePcm arm64 /Users/shizihan/DailyUse/Github/InkMarkdown/.scratch/architecture-deepening-2026-09-07/evidence/20260907-1415-ticket-27/consumer/DerivedData-InkMarkdownLaTeXConsumer/ModuleCache.noindex/LocalAuthentication-O9360NBM3QJKG90147E1IMKS.pcm

SwiftExplicitDependencyGeneratePcm arm64 /Users/shizihan/DailyUse/Github/InkMarkdown/.scratch/architecture-deepening-2026-09-07/evidence/20260907-1415-ticket-27/consumer/DerivedData-InkMarkdownLaTeXConsumer/ModuleCache.noindex/UserNotifications-E0ZWFER84KLM56XF4LXELWEES.pcm

SwiftExplicitDependencyGeneratePcm arm64 /Users/shizihan/DailyUse/Github/InkMarkdown/.scratch/architecture-deepening-2026-09-07/evidence/20260907-1415-ticket-27/consumer/DerivedData-InkMarkdownLaTeXConsumer/ModuleCache.noindex/UIUtilities-DJNVU4NC69MYZAJTZZ9S6T6L3.pcm

SwiftExplicitDependencyGeneratePcm arm64 /Users/shizihan/DailyUse/Github/InkMarkdown/.scratch/architecture-deepening-2026-09-07/evidence/20260907-1415-ticket-27/consumer/DerivedData-InkMarkdownLaTeXConsumer/ModuleCache.noindex/OSLog-1UDP9XEGNPEB3WFD38A12BJTW.pcm

SwiftExplicitDependencyGeneratePcm arm64 /Users/shizihan/DailyUse/Github/InkMarkdown/.scratch/architecture-deepening-2026-09-07/evidence/20260907-1415-ticket-27/consumer/DerivedData-InkMarkdownLaTeXConsumer/ModuleCache.noindex/UniformTypeIdentifiers-O0UMN7DF1Q21JH7KH1I97TGT.pcm

SwiftExplicitDependencyGeneratePcm arm64 /Users/shizihan/DailyUse/Github/InkMarkdown/.scratch/architecture-deepening-2026-09-07/evidence/20260907-1415-ticket-27/consumer/DerivedData-InkMarkdownLaTeXConsumer/ModuleCache.noindex/CoreTransferable-3XN8E4XNSRC4R0JOPHIQKOH8P.pcm

SwiftExplicitDependencyGeneratePcm arm64 /Users/shizihan/DailyUse/Github/InkMarkdown/.scratch/architecture-deepening-2026-09-07/evidence/20260907-1415-ticket-27/consumer/DerivedData-InkMarkdownLaTeXConsumer/ModuleCache.noindex/OpenGLES-2IY0ZRCDELUK31LJ1LPY041TQ.pcm

SwiftExplicitDependencyGeneratePcm arm64 /Users/shizihan/DailyUse/Github/InkMarkdown/.scratch/architecture-deepening-2026-09-07/evidence/20260907-1415-ticket-27/consumer/DerivedData-InkMarkdownLaTeXConsumer/ModuleCache.noindex/IOSurface-5RPI0T5T9TE5GEX7I1MRUXH4S.pcm

SwiftExplicitDependencyGeneratePcm arm64 /Users/shizihan/DailyUse/Github/InkMarkdown/.scratch/architecture-deepening-2026-09-07/evidence/20260907-1415-ticket-27/consumer/DerivedData-InkMarkdownLaTeXConsumer/ModuleCache.noindex/DataDetection-EXXIB65KD1EDZCJ0VCTD7W24K.pcm

SwiftExplicitDependencyGeneratePcm arm64 /Users/shizihan/DailyUse/Github/InkMarkdown/.scratch/architecture-deepening-2026-09-07/evidence/20260907-1415-ticket-27/consumer/DerivedData-InkMarkdownLaTeXConsumer/ModuleCache.noindex/Network-5I8I0TMUWZAXU1E5P0RQHKOZT.pcm

SwiftExplicitDependencyGeneratePcm arm64 /Users/shizihan/DailyUse/Github/InkMarkdown/.scratch/architecture-deepening-2026-09-07/evidence/20260907-1415-ticket-27/consumer/DerivedData-InkMarkdownLaTeXConsumer/ModuleCache.noindex/Accessibility-4HR4H1LJ432RWCT3FPQR2VBXT.pcm

SwiftExplicitDependencyGeneratePcm arm64 /Users/shizihan/DailyUse/Github/InkMarkdown/.scratch/architecture-deepening-2026-09-07/evidence/20260907-1415-ticket-27/consumer/DerivedData-InkMarkdownLaTeXConsumer/ModuleCache.noindex/Metal-5HGTRT4NORNSXC2VTPFE7W4F5.pcm

SwiftExplicitDependencyGeneratePcm arm64 /Users/shizihan/DailyUse/Github/InkMarkdown/.scratch/architecture-deepening-2026-09-07/evidence/20260907-1415-ticket-27/consumer/DerivedData-InkMarkdownLaTeXConsumer/ModuleCache.noindex/CoreVideo-AIK31A2JEE2BIBA4FJCIUZR30.pcm

SwiftExplicitDependencyGeneratePcm arm64 /Users/shizihan/DailyUse/Github/InkMarkdown/.scratch/architecture-deepening-2026-09-07/evidence/20260907-1415-ticket-27/consumer/DerivedData-InkMarkdownLaTeXConsumer/ModuleCache.noindex/QuartzCore-AQWSQDA92KQ35T4ICURHLQ7BJ.pcm

SwiftExplicitDependencyGeneratePcm arm64 /Users/shizihan/DailyUse/Github/InkMarkdown/.scratch/architecture-deepening-2026-09-07/evidence/20260907-1415-ticket-27/consumer/DerivedData-InkMarkdownLaTeXConsumer/ModuleCache.noindex/CoreImage-5T4IQ33JU1KCDI74L0RLXBRH2.pcm

SwiftExplicitDependencyGeneratePcm arm64 /Users/shizihan/DailyUse/Github/InkMarkdown/.scratch/architecture-deepening-2026-09-07/evidence/20260907-1415-ticket-27/consumer/DerivedData-InkMarkdownLaTeXConsumer/ModuleCache.noindex/SwiftUICore-DSB0NZQ1T6X2R3STJ1IZL4ZLR.pcm

SwiftExplicitDependencyGeneratePcm arm64 /Users/shizihan/DailyUse/Github/InkMarkdown/.scratch/architecture-deepening-2026-09-07/evidence/20260907-1415-ticket-27/consumer/DerivedData-InkMarkdownLaTeXConsumer/ModuleCache.noindex/UIKit-4KJ35SKYLQZMP8947CGHAKVDG.pcm

SwiftExplicitDependencyGeneratePcm arm64 /Users/shizihan/DailyUse/Github/InkMarkdown/.scratch/architecture-deepening-2026-09-07/evidence/20260907-1415-ticket-27/consumer/DerivedData-InkMarkdownLaTeXConsumer/Build/Intermediates.noindex/SwiftExplicitPrecompiledModules/iosMath-D6V12G0QEIHSPBW1RK7ZNEJY8.pcm

SwiftExplicitDependencyGeneratePcm arm64 /Users/shizihan/DailyUse/Github/InkMarkdown/.scratch/architecture-deepening-2026-09-07/evidence/20260907-1415-ticket-27/consumer/DerivedData-InkMarkdownLaTeXConsumer/ModuleCache.noindex/WebKit-DK2JRE8WM3AJM0198OL2ZSFUE.pcm

SwiftEmitModule normal arm64 Emitting\ module\ for\ InkMarkdownLaTeXConsumer (in target 'InkMarkdownLaTeXConsumer' from project 'InkMarkdownConsumerSmoke')

SwiftCompile normal arm64 /Users/shizihan/DailyUse/Github/InkMarkdown/.github/fixtures/consumer-smoke/Sources/InkMarkdownLaTeXConsumer/LaTeXConsumer.swift (in target 'InkMarkdownLaTeXConsumer' from project 'InkMarkdownConsumerSmoke')
    cd /Users/shizihan/DailyUse/Github/InkMarkdown/.github/fixtures/consumer-smoke/.swiftpm/xcode
    

SwiftCompile normal arm64 Compiling\ LaTeXConsumer.swift /Users/shizihan/DailyUse/Github/InkMarkdown/.github/fixtures/consumer-smoke/Sources/InkMarkdownLaTeXConsumer/LaTeXConsumer.swift (in target 'InkMarkdownLaTeXConsumer' from project 'InkMarkdownConsumerSmoke')
SwiftCompile normal arm64 /Users/shizihan/DailyUse/Github/InkMarkdown/.github/fixtures/consumer-smoke/Sources/InkMarkdownLaTeXConsumer/LaTeXConsumer.swift (in target 'InkMarkdownLaTeXConsumer' from project 'InkMarkdownConsumerSmoke')
    cd /Users/shizihan/DailyUse/Github/InkMarkdown/.github/fixtures/consumer-smoke/.swiftpm/xcode
    

SwiftDriverJobDiscovery normal arm64 Emitting module for InkMarkdownLaTeXConsumer (in target 'InkMarkdownLaTeXConsumer' from project 'InkMarkdownConsumerSmoke')

SwiftDriver\ Compilation\ Requirements InkMarkdownLaTeXConsumer normal arm64 com.apple.xcode.tools.swift.compiler (in target 'InkMarkdownLaTeXConsumer' from project 'InkMarkdownConsumerSmoke')
    cd /Users/shizihan/DailyUse/Github/InkMarkdown/.github/fixtures/consumer-smoke/.swiftpm/xcode
    builtin-Swift-Compilation-Requirements -- /Applications/Xcode.app/Contents/Developer/Toolchains/XcodeDefault.xctoolchain/usr/bin/swiftc -module-name InkMarkdownLaTeXConsumer -Onone @/Users/shizihan/DailyUse/Github/InkMarkdown/.scratch/architecture-deepening-2026-09-07/evidence/20260907-1415-ticket-27/consumer/DerivedData-InkMarkdownLaTeXConsumer/Build/Intermediates.noindex/InkMarkdownConsumerSmoke.build/Debug-iphonesimulator/InkMarkdownLaTeXConsumer.build/Objects-normal/arm64/InkMarkdownLaTeXConsumer.SwiftFileList -DSWIFT_PACKAGE -DDEBUG -DSWIFT_MODULE_RESOURCE_BUNDLE_UNAVAILABLE -DXcode -plugin-path /Applications/Xcode.app/Contents/Developer/Toolchains/XcodeDefault.xctoolchain/usr/lib/swift/host/plugins/testing -enable-experimental-feature DebugDescriptionMacro -sdk /Applications/Xcode.app/Contents/Developer/Platforms/iPhoneSimulator.platform/Developer/SDKs/iPhoneSimulator26.5.sdk -target arm64-apple-ios15.0-simulator -g -module-cache-path /Users/shizihan/DailyUse/Github/InkMarkdown/.scratch/architecture-deepening-2026-09-07/evidence/20260907-1415-ticket-27/consumer/DerivedData-InkMarkdownLaTeXConsumer/ModuleCache.noindex -Xfrontend -serialize-debugging-options -enable-testing -index-store-path /Users/shizihan/DailyUse/Github/InkMarkdown/.scratch/architecture-deepening-2026-09-07/evidence/20260907-1415-ticket-27/consumer/DerivedData-InkMarkdownLaTeXConsumer/Index.noindex/DataStore -Xcc -D_LIBCPP_HARDENING_MODE\=_LIBCPP_HARDENING_MODE_DEBUG -swift-version 6 -I /Users/shizihan/DailyUse/Github/InkMarkdown/.scratch/architecture-deepening-2026-09-07/evidence/20260907-1415-ticket-27/consumer/DerivedData-InkMarkdownLaTeXConsumer/Build/Products/Debug-iphonesimulator -Isystem /Applications/Xcode.app/Contents/Developer/Platforms/iPhoneSimulator.platform/Developer/usr/lib -F /Users/shizihan/DailyUse/Github/InkMarkdown/.scratch/architecture-deepening-2026-09-07/evidence/20260907-1415-ticket-27/consumer/DerivedData-InkMarkdownLaTeXConsumer/Build/Products/Debug-iphonesimulator/PackageFrameworks -F /Users/shizihan/DailyUse/Github/InkMarkdown/.scratch/architecture-deepening-2026-09-07/evidence/20260907-1415-ticket-27/consumer/DerivedData-InkMarkdownLaTeXConsumer/Build/Products/Debug-iphonesimulator/PackageFrameworks -F /Users/shizihan/DailyUse/Github/InkMarkdown/.scratch/architecture-deepening-2026-09-07/evidence/20260907-1415-ticket-27/consumer/DerivedData-InkMarkdownLaTeXConsumer/Build/Products/Debug-iphonesimulator/PackageFrameworks -F /Users/shizihan/DailyUse/Github/InkMarkdown/.scratch/architecture-deepening-2026-09-07/evidence/20260907-1415-ticket-27/consumer/DerivedData-InkMarkdownLaTeXConsumer/Build/Products/Debug-iphonesimulator/PackageFrameworks -F /Users/shizihan/DailyUse/Github/InkMarkdown/.scratch/architecture-deepening-2026-09-07/evidence/20260907-1415-ticket-27/consumer/DerivedData-InkMarkdownLaTeXConsumer/Build/Products/Debug-iphonesimulator/PackageFrameworks -F /Users/shizihan/DailyUse/Github/InkMarkdown/.scratch/architecture-deepening-2026-09-07/evidence/20260907-1415-ticket-27/consumer/DerivedData-InkMarkdownLaTeXConsumer/Build/Products/Debug-iphonesimulator/PackageFrameworks -F /Users/shizihan/DailyUse/Github/InkMarkdown/.scratch/architecture-deepening-2026-09-07/evidence/20260907-1415-ticket-27/consumer/DerivedData-InkMarkdownLaTeXConsumer/Build/Products/Debug-iphonesimulator/PackageFrameworks -F /Users/shizihan/DailyUse/Github/InkMarkdown/.scratch/architecture-deepening-2026-09-07/evidence/20260907-1415-ticket-27/consumer/DerivedData-InkMarkdownLaTeXConsumer/Build/Products/Debug-iphonesimulator -F /Applications/Xcode.app/Contents/Developer/Platforms/iPhoneSimulator.platform/Developer/Library/Frameworks -F /Applications/Xcode.app/Contents/Developer/Platforms/iPhoneSimulator.platform/Developer/SDKs/iPhoneSimulator26.5.sdk/Developer/Library/Frameworks -parse-as-library -c -j10 -enable-batch-mode -incremental -Xcc -ivfsstatcache -Xcc /Users/shizihan/DailyUse/Github/InkMarkdown/.scratch/architecture-deepening-2026-09-07/evidence/20260907-1415-ticket-27/consumer/DerivedData-InkMarkdownLaTeXConsumer/SDKStatCaches.noindex/iphonesimulator26.5-23F81a-6cfe768891a92b912361537c460fe42b.sdkstatcache -output-file-map /Users/shizihan/DailyUse/Github/InkMarkdown/.scratch/architecture-deepening-2026-09-07/evidence/20260907-1415-ticket-27/consumer/DerivedData-InkMarkdownLaTeXConsumer/Build/Intermediates.noindex/InkMarkdownConsumerSmoke.build/Debug-iphonesimulator/InkMarkdownLaTeXConsumer.build/Objects-normal/arm64/InkMarkdownLaTeXConsumer-OutputFileMap.json -use-frontend-parseable-output -save-temps -no-color-diagnostics -explicit-module-build -module-cache-path /Users/shizihan/DailyUse/Github/InkMarkdown/.scratch/architecture-deepening-2026-09-07/evidence/20260907-1415-ticket-27/consumer/DerivedData-InkMarkdownLaTeXConsumer/Build/Intermediates.noindex/SwiftExplicitPrecompiledModules -clang-scanner-module-cache-path /Users/shizihan/DailyUse/Github/InkMarkdown/.scratch/architecture-deepening-2026-09-07/evidence/20260907-1415-ticket-27/consumer/DerivedData-InkMarkdownLaTeXConsumer/ModuleCache.noindex -sdk-module-cache-path /Users/shizihan/DailyUse/Github/InkMarkdown/.scratch/architecture-deepening-2026-09-07/evidence/20260907-1415-ticket-27/consumer/DerivedData-InkMarkdownLaTeXConsumer/ModuleCache.noindex -serialize-diagnostics -emit-dependencies -emit-module -emit-module-path /Users/shizihan/DailyUse/Github/InkMarkdown/.scratch/architecture-deepening-2026-09-07/evidence/20260907-1415-ticket-27/consumer/DerivedData-InkMarkdownLaTeXConsumer/Build/Intermediates.noindex/InkMarkdownConsumerSmoke.build/Debug-iphonesimulator/InkMarkdownLaTeXConsumer.build/Objects-normal/arm64/InkMarkdownLaTeXConsumer.swiftmodule -validate-clang-modules-once -clang-build-session-file /Users/shizihan/DailyUse/Github/InkMarkdown/.scratch/architecture-deepening-2026-09-07/evidence/20260907-1415-ticket-27/consumer/DerivedData-InkMarkdownLaTeXConsumer/ModuleCache.noindex/Session.modulevalidation -package-name consumer_smoke -Xcc -I/Users/shizihan/DailyUse/Github/InkMarkdown/.scratch/architecture-deepening-2026-09-07/evidence/20260907-1415-ticket-27/consumer/DerivedData-InkMarkdownLaTeXConsumer/Build/Intermediates.noindex/InkMarkdownConsumerSmoke.build/Debug-iphonesimulator/InkMarkdownLaTeXConsumer.build/swift-overrides.hmap -emit-const-values -Xfrontend -const-gather-protocols-file -Xfrontend /Users/shizihan/DailyUse/Github/InkMarkdown/.scratch/architecture-deepening-2026-09-07/evidence/20260907-1415-ticket-27/consumer/DerivedData-InkMarkdownLaTeXConsumer/Build/Intermediates.noindex/InkMarkdownConsumerSmoke.build/Debug-iphonesimulator/InkMarkdownLaTeXConsumer.build/Objects-normal/arm64/InkMarkdownLaTeXConsumer_const_extract_protocols.json -Xcc -I/Users/shizihan/DailyUse/Github/InkMarkdown/Packages/Caches/swift-cmark/src/include -Xcc -I/Users/shizihan/DailyUse/Github/InkMarkdown/Packages/Caches/swift-cmark/extensions/include -Xcc -I/Users/shizihan/DailyUse/Github/InkMarkdown/Packages/Caches/swift-markdown/Sources/CAtomic/include -Xcc -I/Users/shizihan/DailyUse/Github/InkMarkdown/Packages/Caches/iosMath/iosMath -Xcc -I/Users/shizihan/DailyUse/Github/InkMarkdown/.scratch/architecture-deepening-2026-09-07/evidence/20260907-1415-ticket-27/consumer/DerivedData-InkMarkdownLaTeXConsumer/Build/Products/Debug-iphonesimulator/include -Xcc -I/Users/shizihan/DailyUse/Github/InkMarkdown/.scratch/architecture-deepening-2026-09-07/evidence/20260907-1415-ticket-27/consumer/DerivedData-InkMarkdownLaTeXConsumer/Build/Intermediates.noindex/InkMarkdownConsumerSmoke.build/Debug-iphonesimulator/InkMarkdownLaTeXConsumer.build/DerivedSources-normal/arm64 -Xcc -I/Users/shizihan/DailyUse/Github/InkMarkdown/.scratch/architecture-deepening-2026-09-07/evidence/20260907-1415-ticket-27/consumer/DerivedData-InkMarkdownLaTeXConsumer/Build/Intermediates.noindex/InkMarkdownConsumerSmoke.build/Debug-iphonesimulator/InkMarkdownLaTeXConsumer.build/DerivedSources/arm64 -Xcc -I/Users/shizihan/DailyUse/Github/InkMarkdown/.scratch/architecture-deepening-2026-09-07/evidence/20260907-1415-ticket-27/consumer/DerivedData-InkMarkdownLaTeXConsumer/Build/Intermediates.noindex/InkMarkdownConsumerSmoke.build/Debug-iphonesimulator/InkMarkdownLaTeXConsumer.build/DerivedSources -Xcc -DSWIFT_PACKAGE -Xcc -DDEBUG\=1 -emit-objc-header -emit-objc-header-path /Users/shizihan/DailyUse/Github/InkMarkdown/.scratch/architecture-deepening-2026-09-07/evidence/20260907-1415-ticket-27/consumer/DerivedData-InkMarkdownLaTeXConsumer/Build/Intermediates.noindex/InkMarkdownConsumerSmoke.build/Debug-iphonesimulator/InkMarkdownLaTeXConsumer.build/Objects-normal/arm64/InkMarkdownLaTeXConsumer-Swift.h -working-directory /Users/shizihan/DailyUse/Github/InkMarkdown/.github/fixtures/consumer-smoke/.swiftpm/xcode -experimental-emit-module-separately -disable-cmo

SwiftMergeGeneratedHeaders /Users/shizihan/DailyUse/Github/InkMarkdown/.scratch/architecture-deepening-2026-09-07/evidence/20260907-1415-ticket-27/consumer/DerivedData-InkMarkdownLaTeXConsumer/Build/Intermediates.noindex/GeneratedModuleMaps-iphonesimulator/InkMarkdownLaTeXConsumer-Swift.h /Users/shizihan/DailyUse/Github/InkMarkdown/.scratch/architecture-deepening-2026-09-07/evidence/20260907-1415-ticket-27/consumer/DerivedData-InkMarkdownLaTeXConsumer/Build/Intermediates.noindex/InkMarkdownConsumerSmoke.build/Debug-iphonesimulator/InkMarkdownLaTeXConsumer.build/Objects-normal/arm64/InkMarkdownLaTeXConsumer-Swift.h (in target 'InkMarkdownLaTeXConsumer' from project 'InkMarkdownConsumerSmoke')
    cd /Users/shizihan/DailyUse/Github/InkMarkdown/.github/fixtures/consumer-smoke
    builtin-swiftHeaderTool -arch arm64 /Users/shizihan/DailyUse/Github/InkMarkdown/.scratch/architecture-deepening-2026-09-07/evidence/20260907-1415-ticket-27/consumer/DerivedData-InkMarkdownLaTeXConsumer/Build/Intermediates.noindex/InkMarkdownConsumerSmoke.build/Debug-iphonesimulator/InkMarkdownLaTeXConsumer.build/Objects-normal/arm64/InkMarkdownLaTeXConsumer-Swift.h -o /Users/shizihan/DailyUse/Github/InkMarkdown/.scratch/architecture-deepening-2026-09-07/evidence/20260907-1415-ticket-27/consumer/DerivedData-InkMarkdownLaTeXConsumer/Build/Intermediates.noindex/GeneratedModuleMaps-iphonesimulator/InkMarkdownLaTeXConsumer-Swift.h

Copy /Users/shizihan/DailyUse/Github/InkMarkdown/.scratch/architecture-deepening-2026-09-07/evidence/20260907-1415-ticket-27/consumer/DerivedData-InkMarkdownLaTeXConsumer/Build/Products/Debug-iphonesimulator/InkMarkdownLaTeXConsumer.swiftmodule/arm64-apple-ios-simulator.swiftmodule /Users/shizihan/DailyUse/Github/InkMarkdown/.scratch/architecture-deepening-2026-09-07/evidence/20260907-1415-ticket-27/consumer/DerivedData-InkMarkdownLaTeXConsumer/Build/Intermediates.noindex/InkMarkdownConsumerSmoke.build/Debug-iphonesimulator/InkMarkdownLaTeXConsumer.build/Objects-normal/arm64/InkMarkdownLaTeXConsumer.swiftmodule (in target 'InkMarkdownLaTeXConsumer' from project 'InkMarkdownConsumerSmoke')
    cd /Users/shizihan/DailyUse/Github/InkMarkdown/.github/fixtures/consumer-smoke
    builtin-copy -exclude .DS_Store -exclude CVS -exclude .svn -exclude .git -exclude .hg -resolve-src-symlinks -rename /Users/shizihan/DailyUse/Github/InkMarkdown/.scratch/architecture-deepening-2026-09-07/evidence/20260907-1415-ticket-27/consumer/DerivedData-InkMarkdownLaTeXConsumer/Build/Intermediates.noindex/InkMarkdownConsumerSmoke.build/Debug-iphonesimulator/InkMarkdownLaTeXConsumer.build/Objects-normal/arm64/InkMarkdownLaTeXConsumer.swiftmodule /Users/shizihan/DailyUse/Github/InkMarkdown/.scratch/architecture-deepening-2026-09-07/evidence/20260907-1415-ticket-27/consumer/DerivedData-InkMarkdownLaTeXConsumer/Build/Products/Debug-iphonesimulator/InkMarkdownLaTeXConsumer.swiftmodule/arm64-apple-ios-simulator.swiftmodule

Copy /Users/shizihan/DailyUse/Github/InkMarkdown/.scratch/architecture-deepening-2026-09-07/evidence/20260907-1415-ticket-27/consumer/DerivedData-InkMarkdownLaTeXConsumer/Build/Products/Debug-iphonesimulator/InkMarkdownLaTeXConsumer.swiftmodule/arm64-apple-ios-simulator.swiftdoc /Users/shizihan/DailyUse/Github/InkMarkdown/.scratch/architecture-deepening-2026-09-07/evidence/20260907-1415-ticket-27/consumer/DerivedData-InkMarkdownLaTeXConsumer/Build/Intermediates.noindex/InkMarkdownConsumerSmoke.build/Debug-iphonesimulator/InkMarkdownLaTeXConsumer.build/Objects-normal/arm64/InkMarkdownLaTeXConsumer.swiftdoc (in target 'InkMarkdownLaTeXConsumer' from project 'InkMarkdownConsumerSmoke')
    cd /Users/shizihan/DailyUse/Github/InkMarkdown/.github/fixtures/consumer-smoke
    builtin-copy -exclude .DS_Store -exclude CVS -exclude .svn -exclude .git -exclude .hg -resolve-src-symlinks -rename /Users/shizihan/DailyUse/Github/InkMarkdown/.scratch/architecture-deepening-2026-09-07/evidence/20260907-1415-ticket-27/consumer/DerivedData-InkMarkdownLaTeXConsumer/Build/Intermediates.noindex/InkMarkdownConsumerSmoke.build/Debug-iphonesimulator/InkMarkdownLaTeXConsumer.build/Objects-normal/arm64/InkMarkdownLaTeXConsumer.swiftdoc /Users/shizihan/DailyUse/Github/InkMarkdown/.scratch/architecture-deepening-2026-09-07/evidence/20260907-1415-ticket-27/consumer/DerivedData-InkMarkdownLaTeXConsumer/Build/Products/Debug-iphonesimulator/InkMarkdownLaTeXConsumer.swiftmodule/arm64-apple-ios-simulator.swiftdoc

Copy /Users/shizihan/DailyUse/Github/InkMarkdown/.scratch/architecture-deepening-2026-09-07/evidence/20260907-1415-ticket-27/consumer/DerivedData-InkMarkdownLaTeXConsumer/Build/Products/Debug-iphonesimulator/InkMarkdownLaTeXConsumer.swiftmodule/arm64-apple-ios-simulator.abi.json /Users/shizihan/DailyUse/Github/InkMarkdown/.scratch/architecture-deepening-2026-09-07/evidence/20260907-1415-ticket-27/consumer/DerivedData-InkMarkdownLaTeXConsumer/Build/Intermediates.noindex/InkMarkdownConsumerSmoke.build/Debug-iphonesimulator/InkMarkdownLaTeXConsumer.build/Objects-normal/arm64/InkMarkdownLaTeXConsumer.abi.json (in target 'InkMarkdownLaTeXConsumer' from project 'InkMarkdownConsumerSmoke')
    cd /Users/shizihan/DailyUse/Github/InkMarkdown/.github/fixtures/consumer-smoke
    builtin-copy -exclude .DS_Store -exclude CVS -exclude .svn -exclude .git -exclude .hg -resolve-src-symlinks -rename /Users/shizihan/DailyUse/Github/InkMarkdown/.scratch/architecture-deepening-2026-09-07/evidence/20260907-1415-ticket-27/consumer/DerivedData-InkMarkdownLaTeXConsumer/Build/Intermediates.noindex/InkMarkdownConsumerSmoke.build/Debug-iphonesimulator/InkMarkdownLaTeXConsumer.build/Objects-normal/arm64/InkMarkdownLaTeXConsumer.abi.json /Users/shizihan/DailyUse/Github/InkMarkdown/.scratch/architecture-deepening-2026-09-07/evidence/20260907-1415-ticket-27/consumer/DerivedData-InkMarkdownLaTeXConsumer/Build/Products/Debug-iphonesimulator/InkMarkdownLaTeXConsumer.swiftmodule/arm64-apple-ios-simulator.abi.json

Copy /Users/shizihan/DailyUse/Github/InkMarkdown/.scratch/architecture-deepening-2026-09-07/evidence/20260907-1415-ticket-27/consumer/DerivedData-InkMarkdownLaTeXConsumer/Build/Products/Debug-iphonesimulator/InkMarkdownLaTeXConsumer.swiftmodule/Project/arm64-apple-ios-simulator.swiftsourceinfo /Users/shizihan/DailyUse/Github/InkMarkdown/.scratch/architecture-deepening-2026-09-07/evidence/20260907-1415-ticket-27/consumer/DerivedData-InkMarkdownLaTeXConsumer/Build/Intermediates.noindex/InkMarkdownConsumerSmoke.build/Debug-iphonesimulator/InkMarkdownLaTeXConsumer.build/Objects-normal/arm64/InkMarkdownLaTeXConsumer.swiftsourceinfo (in target 'InkMarkdownLaTeXConsumer' from project 'InkMarkdownConsumerSmoke')
    cd /Users/shizihan/DailyUse/Github/InkMarkdown/.github/fixtures/consumer-smoke
    builtin-copy -exclude .DS_Store -exclude CVS -exclude .svn -exclude .git -exclude .hg -resolve-src-symlinks -rename /Users/shizihan/DailyUse/Github/InkMarkdown/.scratch/architecture-deepening-2026-09-07/evidence/20260907-1415-ticket-27/consumer/DerivedData-InkMarkdownLaTeXConsumer/Build/Intermediates.noindex/InkMarkdownConsumerSmoke.build/Debug-iphonesimulator/InkMarkdownLaTeXConsumer.build/Objects-normal/arm64/InkMarkdownLaTeXConsumer.swiftsourceinfo /Users/shizihan/DailyUse/Github/InkMarkdown/.scratch/architecture-deepening-2026-09-07/evidence/20260907-1415-ticket-27/consumer/DerivedData-InkMarkdownLaTeXConsumer/Build/Products/Debug-iphonesimulator/InkMarkdownLaTeXConsumer.swiftmodule/Project/arm64-apple-ios-simulator.swiftsourceinfo

SwiftDriverJobDiscovery normal arm64 Compiling LaTeXConsumer.swift (in target 'InkMarkdownLaTeXConsumer' from project 'InkMarkdownConsumerSmoke')

SwiftDriver\ Compilation InkMarkdownLaTeXConsumer normal arm64 com.apple.xcode.tools.swift.compiler (in target 'InkMarkdownLaTeXConsumer' from project 'InkMarkdownConsumerSmoke')
    cd /Users/shizihan/DailyUse/Github/InkMarkdown/.github/fixtures/consumer-smoke/.swiftpm/xcode
    builtin-Swift-Compilation -- /Applications/Xcode.app/Contents/Developer/Toolchains/XcodeDefault.xctoolchain/usr/bin/swiftc -module-name InkMarkdownLaTeXConsumer -Onone @/Users/shizihan/DailyUse/Github/InkMarkdown/.scratch/architecture-deepening-2026-09-07/evidence/20260907-1415-ticket-27/consumer/DerivedData-InkMarkdownLaTeXConsumer/Build/Intermediates.noindex/InkMarkdownConsumerSmoke.build/Debug-iphonesimulator/InkMarkdownLaTeXConsumer.build/Objects-normal/arm64/InkMarkdownLaTeXConsumer.SwiftFileList -DSWIFT_PACKAGE -DDEBUG -DSWIFT_MODULE_RESOURCE_BUNDLE_UNAVAILABLE -DXcode -plugin-path /Applications/Xcode.app/Contents/Developer/Toolchains/XcodeDefault.xctoolchain/usr/lib/swift/host/plugins/testing -enable-experimental-feature DebugDescriptionMacro -sdk /Applications/Xcode.app/Contents/Developer/Platforms/iPhoneSimulator.platform/Developer/SDKs/iPhoneSimulator26.5.sdk -target arm64-apple-ios15.0-simulator -g -module-cache-path /Users/shizihan/DailyUse/Github/InkMarkdown/.scratch/architecture-deepening-2026-09-07/evidence/20260907-1415-ticket-27/consumer/DerivedData-InkMarkdownLaTeXConsumer/ModuleCache.noindex -Xfrontend -serialize-debugging-options -enable-testing -index-store-path /Users/shizihan/DailyUse/Github/InkMarkdown/.scratch/architecture-deepening-2026-09-07/evidence/20260907-1415-ticket-27/consumer/DerivedData-InkMarkdownLaTeXConsumer/Index.noindex/DataStore -Xcc -D_LIBCPP_HARDENING_MODE\=_LIBCPP_HARDENING_MODE_DEBUG -swift-version 6 -I /Users/shizihan/DailyUse/Github/InkMarkdown/.scratch/architecture-deepening-2026-09-07/evidence/20260907-1415-ticket-27/consumer/DerivedData-InkMarkdownLaTeXConsumer/Build/Products/Debug-iphonesimulator -Isystem /Applications/Xcode.app/Contents/Developer/Platforms/iPhoneSimulator.platform/Developer/usr/lib -F /Users/shizihan/DailyUse/Github/InkMarkdown/.scratch/architecture-deepening-2026-09-07/evidence/20260907-1415-ticket-27/consumer/DerivedData-InkMarkdownLaTeXConsumer/Build/Products/Debug-iphonesimulator/PackageFrameworks -F /Users/shizihan/DailyUse/Github/InkMarkdown/.scratch/architecture-deepening-2026-09-07/evidence/20260907-1415-ticket-27/consumer/DerivedData-InkMarkdownLaTeXConsumer/Build/Products/Debug-iphonesimulator/PackageFrameworks -F /Users/shizihan/DailyUse/Github/InkMarkdown/.scratch/architecture-deepening-2026-09-07/evidence/20260907-1415-ticket-27/consumer/DerivedData-InkMarkdownLaTeXConsumer/Build/Products/Debug-iphonesimulator/PackageFrameworks -F /Users/shizihan/DailyUse/Github/InkMarkdown/.scratch/architecture-deepening-2026-09-07/evidence/20260907-1415-ticket-27/consumer/DerivedData-InkMarkdownLaTeXConsumer/Build/Products/Debug-iphonesimulator/PackageFrameworks -F /Users/shizihan/DailyUse/Github/InkMarkdown/.scratch/architecture-deepening-2026-09-07/evidence/20260907-1415-ticket-27/consumer/DerivedData-InkMarkdownLaTeXConsumer/Build/Products/Debug-iphonesimulator/PackageFrameworks -F /Users/shizihan/DailyUse/Github/InkMarkdown/.scratch/architecture-deepening-2026-09-07/evidence/20260907-1415-ticket-27/consumer/DerivedData-InkMarkdownLaTeXConsumer/Build/Products/Debug-iphonesimulator/PackageFrameworks -F /Users/shizihan/DailyUse/Github/InkMarkdown/.scratch/architecture-deepening-2026-09-07/evidence/20260907-1415-ticket-27/consumer/DerivedData-InkMarkdownLaTeXConsumer/Build/Products/Debug-iphonesimulator/PackageFrameworks -F /Users/shizihan/DailyUse/Github/InkMarkdown/.scratch/architecture-deepening-2026-09-07/evidence/20260907-1415-ticket-27/consumer/DerivedData-InkMarkdownLaTeXConsumer/Build/Products/Debug-iphonesimulator -F /Applications/Xcode.app/Contents/Developer/Platforms/iPhoneSimulator.platform/Developer/Library/Frameworks -F /Applications/Xcode.app/Contents/Developer/Platforms/iPhoneSimulator.platform/Developer/SDKs/iPhoneSimulator26.5.sdk/Developer/Library/Frameworks -parse-as-library -c -j10 -enable-batch-mode -incremental -Xcc -ivfsstatcache -Xcc /Users/shizihan/DailyUse/Github/InkMarkdown/.scratch/architecture-deepening-2026-09-07/evidence/20260907-1415-ticket-27/consumer/DerivedData-InkMarkdownLaTeXConsumer/SDKStatCaches.noindex/iphonesimulator26.5-23F81a-6cfe768891a92b912361537c460fe42b.sdkstatcache -output-file-map /Users/shizihan/DailyUse/Github/InkMarkdown/.scratch/architecture-deepening-2026-09-07/evidence/20260907-1415-ticket-27/consumer/DerivedData-InkMarkdownLaTeXConsumer/Build/Intermediates.noindex/InkMarkdownConsumerSmoke.build/Debug-iphonesimulator/InkMarkdownLaTeXConsumer.build/Objects-normal/arm64/InkMarkdownLaTeXConsumer-OutputFileMap.json -use-frontend-parseable-output -save-temps -no-color-diagnostics -explicit-module-build -module-cache-path /Users/shizihan/DailyUse/Github/InkMarkdown/.scratch/architecture-deepening-2026-09-07/evidence/20260907-1415-ticket-27/consumer/DerivedData-InkMarkdownLaTeXConsumer/Build/Intermediates.noindex/SwiftExplicitPrecompiledModules -clang-scanner-module-cache-path /Users/shizihan/DailyUse/Github/InkMarkdown/.scratch/architecture-deepening-2026-09-07/evidence/20260907-1415-ticket-27/consumer/DerivedData-InkMarkdownLaTeXConsumer/ModuleCache.noindex -sdk-module-cache-path /Users/shizihan/DailyUse/Github/InkMarkdown/.scratch/architecture-deepening-2026-09-07/evidence/20260907-1415-ticket-27/consumer/DerivedData-InkMarkdownLaTeXConsumer/ModuleCache.noindex -serialize-diagnostics -emit-dependencies -emit-module -emit-module-path /Users/shizihan/DailyUse/Github/InkMarkdown/.scratch/architecture-deepening-2026-09-07/evidence/20260907-1415-ticket-27/consumer/DerivedData-InkMarkdownLaTeXConsumer/Build/Intermediates.noindex/InkMarkdownConsumerSmoke.build/Debug-iphonesimulator/InkMarkdownLaTeXConsumer.build/Objects-normal/arm64/InkMarkdownLaTeXConsumer.swiftmodule -validate-clang-modules-once -clang-build-session-file /Users/shizihan/DailyUse/Github/InkMarkdown/.scratch/architecture-deepening-2026-09-07/evidence/20260907-1415-ticket-27/consumer/DerivedData-InkMarkdownLaTeXConsumer/ModuleCache.noindex/Session.modulevalidation -package-name consumer_smoke -Xcc -I/Users/shizihan/DailyUse/Github/InkMarkdown/.scratch/architecture-deepening-2026-09-07/evidence/20260907-1415-ticket-27/consumer/DerivedData-InkMarkdownLaTeXConsumer/Build/Intermediates.noindex/InkMarkdownConsumerSmoke.build/Debug-iphonesimulator/InkMarkdownLaTeXConsumer.build/swift-overrides.hmap -emit-const-values -Xfrontend -const-gather-protocols-file -Xfrontend /Users/shizihan/DailyUse/Github/InkMarkdown/.scratch/architecture-deepening-2026-09-07/evidence/20260907-1415-ticket-27/consumer/DerivedData-InkMarkdownLaTeXConsumer/Build/Intermediates.noindex/InkMarkdownConsumerSmoke.build/Debug-iphonesimulator/InkMarkdownLaTeXConsumer.build/Objects-normal/arm64/InkMarkdownLaTeXConsumer_const_extract_protocols.json -Xcc -I/Users/shizihan/DailyUse/Github/InkMarkdown/Packages/Caches/swift-cmark/src/include -Xcc -I/Users/shizihan/DailyUse/Github/InkMarkdown/Packages/Caches/swift-cmark/extensions/include -Xcc -I/Users/shizihan/DailyUse/Github/InkMarkdown/Packages/Caches/swift-markdown/Sources/CAtomic/include -Xcc -I/Users/shizihan/DailyUse/Github/InkMarkdown/Packages/Caches/iosMath/iosMath -Xcc -I/Users/shizihan/DailyUse/Github/InkMarkdown/.scratch/architecture-deepening-2026-09-07/evidence/20260907-1415-ticket-27/consumer/DerivedData-InkMarkdownLaTeXConsumer/Build/Products/Debug-iphonesimulator/include -Xcc -I/Users/shizihan/DailyUse/Github/InkMarkdown/.scratch/architecture-deepening-2026-09-07/evidence/20260907-1415-ticket-27/consumer/DerivedData-InkMarkdownLaTeXConsumer/Build/Intermediates.noindex/InkMarkdownConsumerSmoke.build/Debug-iphonesimulator/InkMarkdownLaTeXConsumer.build/DerivedSources-normal/arm64 -Xcc -I/Users/shizihan/DailyUse/Github/InkMarkdown/.scratch/architecture-deepening-2026-09-07/evidence/20260907-1415-ticket-27/consumer/DerivedData-InkMarkdownLaTeXConsumer/Build/Intermediates.noindex/InkMarkdownConsumerSmoke.build/Debug-iphonesimulator/InkMarkdownLaTeXConsumer.build/DerivedSources/arm64 -Xcc -I/Users/shizihan/DailyUse/Github/InkMarkdown/.scratch/architecture-deepening-2026-09-07/evidence/20260907-1415-ticket-27/consumer/DerivedData-InkMarkdownLaTeXConsumer/Build/Intermediates.noindex/InkMarkdownConsumerSmoke.build/Debug-iphonesimulator/InkMarkdownLaTeXConsumer.build/DerivedSources -Xcc -DSWIFT_PACKAGE -Xcc -DDEBUG\=1 -emit-objc-header -emit-objc-header-path /Users/shizihan/DailyUse/Github/InkMarkdown/.scratch/architecture-deepening-2026-09-07/evidence/20260907-1415-ticket-27/consumer/DerivedData-InkMarkdownLaTeXConsumer/Build/Intermediates.noindex/InkMarkdownConsumerSmoke.build/Debug-iphonesimulator/InkMarkdownLaTeXConsumer.build/Objects-normal/arm64/InkMarkdownLaTeXConsumer-Swift.h -working-directory /Users/shizihan/DailyUse/Github/InkMarkdown/.github/fixtures/consumer-smoke/.swiftpm/xcode -experimental-emit-module-separately -disable-cmo

Ld /Users/shizihan/DailyUse/Github/InkMarkdown/.scratch/architecture-deepening-2026-09-07/evidence/20260907-1415-ticket-27/consumer/DerivedData-InkMarkdownLaTeXConsumer/Build/Products/Debug-iphonesimulator/InkMarkdownLaTeXConsumer.o normal (in target 'InkMarkdownLaTeXConsumer' from project 'InkMarkdownConsumerSmoke')
    cd /Users/shizihan/DailyUse/Github/InkMarkdown/.github/fixtures/consumer-smoke
    /Applications/Xcode.app/Contents/Developer/Toolchains/XcodeDefault.xctoolchain/usr/bin/clang -Xlinker -reproducible -target arm64-apple-ios15.0-simulator -r -isysroot /Applications/Xcode.app/Contents/Developer/Platforms/iPhoneSimulator.platform/Developer/SDKs/iPhoneSimulator26.5.sdk -O0 -F/Users/shizihan/DailyUse/Github/InkMarkdown/.scratch/architecture-deepening-2026-09-07/evidence/20260907-1415-ticket-27/consumer/DerivedData-InkMarkdownLaTeXConsumer/Build/Intermediates.noindex/EagerLinkingTBDs/Debug-iphonesimulator -F/Users/shizihan/DailyUse/Github/InkMarkdown/.scratch/architecture-deepening-2026-09-07/evidence/20260907-1415-ticket-27/consumer/DerivedData-InkMarkdownLaTeXConsumer/Build/Products/Debug-iphonesimulator/PackageFrameworks -F/Users/shizihan/DailyUse/Github/InkMarkdown/.scratch/architecture-deepening-2026-09-07/evidence/20260907-1415-ticket-27/consumer/DerivedData-InkMarkdownLaTeXConsumer/Build/Products/Debug-iphonesimulator/PackageFrameworks -F/Users/shizihan/DailyUse/Github/InkMarkdown/.scratch/architecture-deepening-2026-09-07/evidence/20260907-1415-ticket-27/consumer/DerivedData-InkMarkdownLaTeXConsumer/Build/Products/Debug-iphonesimulator/PackageFrameworks -F/Users/shizihan/DailyUse/Github/InkMarkdown/.scratch/architecture-deepening-2026-09-07/evidence/20260907-1415-ticket-27/consumer/DerivedData-InkMarkdownLaTeXConsumer/Build/Products/Debug-iphonesimulator/PackageFrameworks -F/Users/shizihan/DailyUse/Github/InkMarkdown/.scratch/architecture-deepening-2026-09-07/evidence/20260907-1415-ticket-27/consumer/DerivedData-InkMarkdownLaTeXConsumer/Build/Products/Debug-iphonesimulator/PackageFrameworks -F/Users/shizihan/DailyUse/Github/InkMarkdown/.scratch/architecture-deepening-2026-09-07/evidence/20260907-1415-ticket-27/consumer/DerivedData-InkMarkdownLaTeXConsumer/Build/Products/Debug-iphonesimulator/PackageFrameworks -F/Users/shizihan/DailyUse/Github/InkMarkdown/.scratch/architecture-deepening-2026-09-07/evidence/20260907-1415-ticket-27/consumer/DerivedData-InkMarkdownLaTeXConsumer/Build/Products/Debug-iphonesimulator/PackageFrameworks -F/Users/shizihan/DailyUse/Github/InkMarkdown/.scratch/architecture-deepening-2026-09-07/evidence/20260907-1415-ticket-27/consumer/DerivedData-InkMarkdownLaTeXConsumer/Build/Products/Debug-iphonesimulator -iframework /Applications/Xcode.app/Contents/Developer/Platforms/iPhoneSimulator.platform/Developer/Library/Frameworks -iframework /Applications/Xcode.app/Contents/Developer/Platforms/iPhoneSimulator.platform/Developer/SDKs/iPhoneSimulator26.5.sdk/Developer/Library/Frameworks -filelist /Users/shizihan/DailyUse/Github/InkMarkdown/.scratch/architecture-deepening-2026-09-07/evidence/20260907-1415-ticket-27/consumer/DerivedData-InkMarkdownLaTeXConsumer/Build/Intermediates.noindex/InkMarkdownConsumerSmoke.build/Debug-iphonesimulator/InkMarkdownLaTeXConsumer.build/Objects-normal/arm64/InkMarkdownLaTeXConsumer.LinkFileList -nostdlib -Xlinker -object_path_lto -Xlinker /Users/shizihan/DailyUse/Github/InkMarkdown/.scratch/architecture-deepening-2026-09-07/evidence/20260907-1415-ticket-27/consumer/DerivedData-InkMarkdownLaTeXConsumer/Build/Intermediates.noindex/InkMarkdownConsumerSmoke.build/Debug-iphonesimulator/InkMarkdownLaTeXConsumer.build/Objects-normal/arm64/InkMarkdownLaTeXConsumer_lto.o -Xlinker -no_deduplicate -Xlinker -objc_abi_version -Xlinker 2 -Xlinker -dependency_info -Xlinker /Users/shizihan/DailyUse/Github/InkMarkdown/.scratch/architecture-deepening-2026-09-07/evidence/20260907-1415-ticket-27/consumer/DerivedData-InkMarkdownLaTeXConsumer/Build/Intermediates.noindex/InkMarkdownConsumerSmoke.build/Debug-iphonesimulator/InkMarkdownLaTeXConsumer.build/Objects-normal/arm64/InkMarkdownLaTeXConsumer_dependency_info.dat -fobjc-link-runtime -L/Applications/Xcode.app/Contents/Developer/Toolchains/XcodeDefault.xctoolchain/usr/lib/swift/iphonesimulator -L/usr/lib/swift -Xlinker -add_ast_path -Xlinker /Users/shizihan/DailyUse/Github/InkMarkdown/.scratch/architecture-deepening-2026-09-07/evidence/20260907-1415-ticket-27/consumer/DerivedData-InkMarkdownLaTeXConsumer/Build/Intermediates.noindex/InkMarkdownConsumerSmoke.build/Debug-iphonesimulator/InkMarkdownLaTeXConsumer.build/Objects-normal/arm64/InkMarkdownLaTeXConsumer.swiftmodule @/Users/shizihan/DailyUse/Github/InkMarkdown/.scratch/architecture-deepening-2026-09-07/evidence/20260907-1415-ticket-27/consumer/DerivedData-InkMarkdownLaTeXConsumer/Build/Intermediates.noindex/InkMarkdownConsumerSmoke.build/Debug-iphonesimulator/InkMarkdownLaTeXConsumer.build/Objects-normal/arm64/InkMarkdownLaTeXConsumer-linker-args.resp -o /Users/shizihan/DailyUse/Github/InkMarkdown/.scratch/architecture-deepening-2026-09-07/evidence/20260907-1415-ticket-27/consumer/DerivedData-InkMarkdownLaTeXConsumer/Build/Products/Debug-iphonesimulator/InkMarkdownLaTeXConsumer.o

ExtractAppIntentsMetadata (in target 'InkMarkdownLaTeXConsumer' from project 'InkMarkdownConsumerSmoke')
    cd /Users/shizihan/DailyUse/Github/InkMarkdown/.github/fixtures/consumer-smoke
    /Applications/Xcode.app/Contents/Developer/Toolchains/XcodeDefault.xctoolchain/usr/bin/appintentsmetadataprocessor --toolchain-dir /Applications/Xcode.app/Contents/Developer/Toolchains/XcodeDefault.xctoolchain --module-name InkMarkdownLaTeXConsumer --sdk-root /Applications/Xcode.app/Contents/Developer/Platforms/iPhoneSimulator.platform/Developer/SDKs/iPhoneSimulator26.5.sdk --xcode-version 17F113 --platform-family iOS --deployment-target 15.0 --bundle-identifier consumer-smoke.InkMarkdownLaTeXConsumer --output /Users/shizihan/DailyUse/Github/InkMarkdown/.scratch/architecture-deepening-2026-09-07/evidence/20260907-1415-ticket-27/consumer/DerivedData-InkMarkdownLaTeXConsumer/Build/Products/Debug-iphonesimulator/InkMarkdownLaTeXConsumer.appintents --target-triple arm64-apple-ios15.0-simulator --binary-file /Users/shizihan/DailyUse/Github/InkMarkdown/.scratch/architecture-deepening-2026-09-07/evidence/20260907-1415-ticket-27/consumer/DerivedData-InkMarkdownLaTeXConsumer/Build/Products/Debug-iphonesimulator/InkMarkdownLaTeXConsumer.o --dependency-file /Users/shizihan/DailyUse/Github/InkMarkdown/.scratch/architecture-deepening-2026-09-07/evidence/20260907-1415-ticket-27/consumer/DerivedData-InkMarkdownLaTeXConsumer/Build/Intermediates.noindex/InkMarkdownConsumerSmoke.build/Debug-iphonesimulator/InkMarkdownLaTeXConsumer.build/Objects-normal/arm64/InkMarkdownLaTeXConsumer_dependency_info.dat --stringsdata-file /Users/shizihan/DailyUse/Github/InkMarkdown/.scratch/architecture-deepening-2026-09-07/evidence/20260907-1415-ticket-27/consumer/DerivedData-InkMarkdownLaTeXConsumer/Build/Intermediates.noindex/InkMarkdownConsumerSmoke.build/Debug-iphonesimulator/InkMarkdownLaTeXConsumer.build/Objects-normal/arm64/ExtractedAppShortcutsMetadata.stringsdata --source-file-list /Users/shizihan/DailyUse/Github/InkMarkdown/.scratch/architecture-deepening-2026-09-07/evidence/20260907-1415-ticket-27/consumer/DerivedData-InkMarkdownLaTeXConsumer/Build/Intermediates.noindex/InkMarkdownConsumerSmoke.build/Debug-iphonesimulator/InkMarkdownLaTeXConsumer.build/Objects-normal/arm64/InkMarkdownLaTeXConsumer.SwiftFileList --metadata-file-list /Users/shizihan/DailyUse/Github/InkMarkdown/.scratch/architecture-deepening-2026-09-07/evidence/20260907-1415-ticket-27/consumer/DerivedData-InkMarkdownLaTeXConsumer/Build/Intermediates.noindex/InkMarkdownConsumerSmoke.build/Debug-iphonesimulator/InkMarkdownLaTeXConsumer.build/InkMarkdownLaTeXConsumer.DependencyMetadataFileList --static-metadata-file-list /Users/shizihan/DailyUse/Github/InkMarkdown/.scratch/architecture-deepening-2026-09-07/evidence/20260907-1415-ticket-27/consumer/DerivedData-InkMarkdownLaTeXConsumer/Build/Intermediates.noindex/InkMarkdownConsumerSmoke.build/Debug-iphonesimulator/InkMarkdownLaTeXConsumer.build/InkMarkdownLaTeXConsumer.DependencyStaticMetadataFileList --swift-const-vals-list /Users/shizihan/DailyUse/Github/InkMarkdown/.scratch/architecture-deepening-2026-09-07/evidence/20260907-1415-ticket-27/consumer/DerivedData-InkMarkdownLaTeXConsumer/Build/Intermediates.noindex/InkMarkdownConsumerSmoke.build/Debug-iphonesimulator/InkMarkdownLaTeXConsumer.build/Objects-normal/arm64/InkMarkdownLaTeXConsumer.SwiftConstValuesFileList --force --compile-time-extraction --deployment-aware-processing --validate-assistant-intents --no-app-shortcuts-localization
2026-09-07 14:41:07.250 appintentsmetadataprocessor[88441:6071246] Starting appintentsmetadataprocessor export
2026-09-07 14:41:07.256 appintentsmetadataprocessor[88441:6071246] Extracted no relevant App Intents symbols, skipping writing output

RegisterExecutionPolicyException /Users/shizihan/DailyUse/Github/InkMarkdown/.scratch/architecture-deepening-2026-09-07/evidence/20260907-1415-ticket-27/consumer/DerivedData-InkMarkdownLaTeXConsumer/Build/Products/Debug-iphonesimulator/InkMarkdownLaTeXConsumer.o (in target 'InkMarkdownLaTeXConsumer' from project 'InkMarkdownConsumerSmoke')
    cd /Users/shizihan/DailyUse/Github/InkMarkdown/.github/fixtures/consumer-smoke
    builtin-RegisterExecutionPolicyException /Users/shizihan/DailyUse/Github/InkMarkdown/.scratch/architecture-deepening-2026-09-07/evidence/20260907-1415-ticket-27/consumer/DerivedData-InkMarkdownLaTeXConsumer/Build/Products/Debug-iphonesimulator/InkMarkdownLaTeXConsumer.o

** BUILD SUCCEEDED **

