Command line invocation:
    /Applications/Xcode.app/Contents/Developer/usr/bin/xcodebuild build -scheme InkMarkdownMermaidConsumer -destination "platform=iOS Simulator,id=10F638E2-84FB-42AE-9BAE-0E246F463E8D" -derivedDataPath /Users/shizihan/DailyUse/Github/InkMarkdown/.scratch/architecture-deepening-2026-09-07/evidence/20260907-1415-ticket-27/consumer/DerivedData-InkMarkdownMermaidConsumer

Resolve Package Graph
2026-09-07 14:41:09.597 xcodebuild[88457:6071306] [MT] IDERunDestination: Supported platforms for the buildables in the current scheme is empty.


Resolved source packages:
  iosMath: /Users/shizihan/DailyUse/Github/InkMarkdown/Packages/Caches/iosMath @ local
  InkMarkdownConsumerSmoke: /Users/shizihan/DailyUse/Github/InkMarkdown/.github/fixtures/consumer-smoke
  cmark-gfm: /Users/shizihan/DailyUse/Github/InkMarkdown/Packages/Caches/swift-cmark @ local
  InkMarkdown: /Users/shizihan/DailyUse/Github/InkMarkdown @ local
  swift-markdown: /Users/shizihan/DailyUse/Github/InkMarkdown/Packages/Caches/swift-markdown @ local

--- xcodebuild: WARNING: Using the first of multiple matching destinations:
{ platform:iOS Simulator, arch:arm64, id:10F638E2-84FB-42AE-9BAE-0E246F463E8D, OS:26.5, name:iPhone 17 Pro }
{ platform:iOS Simulator, arch:x86_64, id:10F638E2-84FB-42AE-9BAE-0E246F463E8D, OS:26.5, name:iPhone 17 Pro }
ComputePackagePrebuildTargetDependencyGraph

Prepare packages

CreateBuildRequest

SendProjectDescription

CreateBuildOperation

ComputeTargetDependencyGraph
note: Building targets in dependency order
note: Target dependency graph (13 targets)
    Target 'InkMarkdownMermaidConsumer' in project 'InkMarkdownConsumerSmoke'
        ➜ Explicit dependency on target 'InkMarkdownMermaidConsumer' in project 'InkMarkdownConsumerSmoke'
        ➜ Explicit dependency on target 'InkMarkdownMermaid' in project 'InkMarkdown'
    Target 'InkMarkdownMermaidConsumer' in project 'InkMarkdownConsumerSmoke'
        ➜ Explicit dependency on target 'InkMarkdownMermaid' in project 'InkMarkdown'
    Target 'InkMarkdownMermaid' in project 'InkMarkdown'
        ➜ Explicit dependency on target 'InkMarkdownMermaid' in project 'InkMarkdown'
        ➜ Explicit dependency on target 'InkMarkdown_InkMarkdownMermaid' in project 'InkMarkdown'
        ➜ Explicit dependency on target 'InkMarkdown' in project 'InkMarkdown'
        ➜ Explicit dependency on target 'Markdown' in project 'swift-markdown'
    Target 'InkMarkdownMermaid' in project 'InkMarkdown'
        ➜ Explicit dependency on target 'InkMarkdown_InkMarkdownMermaid' in project 'InkMarkdown'
        ➜ Explicit dependency on target 'InkMarkdown' in project 'InkMarkdown'
        ➜ Explicit dependency on target 'Markdown' in project 'swift-markdown'
    Target 'InkMarkdown' in project 'InkMarkdown'
        ➜ Explicit dependency on target 'Markdown' in project 'swift-markdown'
    Target 'Markdown' in project 'swift-markdown'
        ➜ Explicit dependency on target 'Markdown' in project 'swift-markdown'
        ➜ Explicit dependency on target 'CAtomic' in project 'swift-markdown'
        ➜ Explicit dependency on target 'cmark-gfm' in project 'cmark-gfm'
        ➜ Explicit dependency on target 'cmark-gfm-extensions' in project 'cmark-gfm'
    Target 'Markdown' in project 'swift-markdown'
        ➜ Explicit dependency on target 'CAtomic' in project 'swift-markdown'
        ➜ Explicit dependency on target 'cmark-gfm' in project 'cmark-gfm'
        ➜ Explicit dependency on target 'cmark-gfm-extensions' in project 'cmark-gfm'
    Target 'cmark-gfm-extensions' in project 'cmark-gfm'
        ➜ Explicit dependency on target 'cmark-gfm-extensions' in project 'cmark-gfm'
        ➜ Explicit dependency on target 'cmark-gfm' in project 'cmark-gfm'
    Target 'cmark-gfm-extensions' in project 'cmark-gfm'
        ➜ Explicit dependency on target 'cmark-gfm' in project 'cmark-gfm'
    Target 'cmark-gfm' in project 'cmark-gfm'
        ➜ Explicit dependency on target 'cmark-gfm' in project 'cmark-gfm'
    Target 'cmark-gfm' in project 'cmark-gfm' (no dependencies)
    Target 'CAtomic' in project 'swift-markdown' (no dependencies)
    Target 'InkMarkdown_InkMarkdownMermaid' in project 'InkMarkdown' (no dependencies)

GatherProvisioningInputs

CreateBuildDescription

ExecuteExternalTool /Applications/Xcode.app/Contents/Developer/Toolchains/XcodeDefault.xctoolchain/usr/bin/clang -v -E -dM -arch arm64 -isysroot /Applications/Xcode.app/Contents/Developer/Platforms/iPhoneSimulator.platform/Developer/SDKs/iPhoneSimulator26.5.sdk -x c -c /dev/null

ExecuteExternalTool /Applications/Xcode.app/Contents/Developer/Toolchains/XcodeDefault.xctoolchain/usr/bin/swiftc --version

ExecuteExternalTool /Applications/Xcode.app/Contents/Developer/Toolchains/XcodeDefault.xctoolchain/usr/bin/clang -v -E -dM -isysroot /Applications/Xcode.app/Contents/Developer/Platforms/iPhoneSimulator.platform/Developer/SDKs/iPhoneSimulator26.5.sdk -x c -c /dev/null

ExecuteExternalTool /Applications/Xcode.app/Contents/Developer/Toolchains/XcodeDefault.xctoolchain/usr/bin/ld -version_details

ReadFileContents /Applications/Xcode.app/Contents/Developer/Toolchains/XcodeDefault.xctoolchain/usr/share/docc/features.json

Build description signature: cf1dab409fde122990211d18d2b8c4d8
Build description path: /Users/shizihan/DailyUse/Github/InkMarkdown/.scratch/architecture-deepening-2026-09-07/evidence/20260907-1415-ticket-27/consumer/DerivedData-InkMarkdownMermaidConsumer/Build/Intermediates.noindex/XCBuildData/cf1dab409fde122990211d18d2b8c4d8.xcbuilddata
ClangStatCache /Applications/Xcode.app/Contents/Developer/Toolchains/XcodeDefault.xctoolchain/usr/bin/clang-stat-cache /Applications/Xcode.app/Contents/Developer/Platforms/iPhoneSimulator.platform/Developer/SDKs/iPhoneSimulator26.5.sdk /Users/shizihan/DailyUse/Github/InkMarkdown/.scratch/architecture-deepening-2026-09-07/evidence/20260907-1415-ticket-27/consumer/DerivedData-InkMarkdownMermaidConsumer/SDKStatCaches.noindex/iphonesimulator26.5-23F81a-6cfe768891a92b912361537c460fe42b.sdkstatcache
    cd /Users/shizihan/DailyUse/Github/InkMarkdown/.github/fixtures/consumer-smoke/.swiftpm/xcode
    /Applications/Xcode.app/Contents/Developer/Toolchains/XcodeDefault.xctoolchain/usr/bin/clang-stat-cache /Applications/Xcode.app/Contents/Developer/Platforms/iPhoneSimulator.platform/Developer/SDKs/iPhoneSimulator26.5.sdk -o /Users/shizihan/DailyUse/Github/InkMarkdown/.scratch/architecture-deepening-2026-09-07/evidence/20260907-1415-ticket-27/consumer/DerivedData-InkMarkdownMermaidConsumer/SDKStatCaches.noindex/iphonesimulator26.5-23F81a-6cfe768891a92b912361537c460fe42b.sdkstatcache

CreateBuildDirectory /Users/shizihan/DailyUse/Github/InkMarkdown/.scratch/architecture-deepening-2026-09-07/evidence/20260907-1415-ticket-27/consumer/DerivedData-InkMarkdownMermaidConsumer/Build/Products
    cd /Users/shizihan/DailyUse/Github/InkMarkdown/.github/fixtures/consumer-smoke/.swiftpm/xcode
    builtin-create-build-directory /Users/shizihan/DailyUse/Github/InkMarkdown/.scratch/architecture-deepening-2026-09-07/evidence/20260907-1415-ticket-27/consumer/DerivedData-InkMarkdownMermaidConsumer/Build/Products

CreateBuildDirectory /Users/shizihan/DailyUse/Github/InkMarkdown/.scratch/architecture-deepening-2026-09-07/evidence/20260907-1415-ticket-27/consumer/DerivedData-InkMarkdownMermaidConsumer/Build/Intermediates.noindex
    cd /Users/shizihan/DailyUse/Github/InkMarkdown/.github/fixtures/consumer-smoke/.swiftpm/xcode
    builtin-create-build-directory /Users/shizihan/DailyUse/Github/InkMarkdown/.scratch/architecture-deepening-2026-09-07/evidence/20260907-1415-ticket-27/consumer/DerivedData-InkMarkdownMermaidConsumer/Build/Intermediates.noindex

CreateBuildDirectory /Users/shizihan/DailyUse/Github/InkMarkdown/.scratch/architecture-deepening-2026-09-07/evidence/20260907-1415-ticket-27/consumer/DerivedData-InkMarkdownMermaidConsumer/Build/Intermediates.noindex/SwiftExplicitPrecompiledModules
    cd /Users/shizihan/DailyUse/Github/InkMarkdown/.github/fixtures/consumer-smoke/.swiftpm/xcode
    builtin-create-build-directory /Users/shizihan/DailyUse/Github/InkMarkdown/.scratch/architecture-deepening-2026-09-07/evidence/20260907-1415-ticket-27/consumer/DerivedData-InkMarkdownMermaidConsumer/Build/Intermediates.noindex/SwiftExplicitPrecompiledModules

CreateBuildDirectory /Users/shizihan/DailyUse/Github/InkMarkdown/.scratch/architecture-deepening-2026-09-07/evidence/20260907-1415-ticket-27/consumer/DerivedData-InkMarkdownMermaidConsumer/Build/Products/Debug-iphonesimulator
    cd /Users/shizihan/DailyUse/Github/InkMarkdown/.github/fixtures/consumer-smoke/.swiftpm/xcode
    builtin-create-build-directory /Users/shizihan/DailyUse/Github/InkMarkdown/.scratch/architecture-deepening-2026-09-07/evidence/20260907-1415-ticket-27/consumer/DerivedData-InkMarkdownMermaidConsumer/Build/Products/Debug-iphonesimulator

CreateBuildDirectory /Users/shizihan/DailyUse/Github/InkMarkdown/.scratch/architecture-deepening-2026-09-07/evidence/20260907-1415-ticket-27/consumer/DerivedData-InkMarkdownMermaidConsumer/Build/Intermediates.noindex/ExplicitPrecompiledModules
    cd /Users/shizihan/DailyUse/Github/InkMarkdown/.github/fixtures/consumer-smoke/.swiftpm/xcode
    builtin-create-build-directory /Users/shizihan/DailyUse/Github/InkMarkdown/.scratch/architecture-deepening-2026-09-07/evidence/20260907-1415-ticket-27/consumer/DerivedData-InkMarkdownMermaidConsumer/Build/Intermediates.noindex/ExplicitPrecompiledModules

CreateBuildDirectory /Users/shizihan/DailyUse/Github/InkMarkdown/.scratch/architecture-deepening-2026-09-07/evidence/20260907-1415-ticket-27/consumer/DerivedData-InkMarkdownMermaidConsumer/Build/Intermediates.noindex/EagerLinkingTBDs/Debug-iphonesimulator
    cd /Users/shizihan/DailyUse/Github/InkMarkdown/.github/fixtures/consumer-smoke/.swiftpm/xcode
    builtin-create-build-directory /Users/shizihan/DailyUse/Github/InkMarkdown/.scratch/architecture-deepening-2026-09-07/evidence/20260907-1415-ticket-27/consumer/DerivedData-InkMarkdownMermaidConsumer/Build/Intermediates.noindex/EagerLinkingTBDs/Debug-iphonesimulator

CreateBuildDirectory /Users/shizihan/DailyUse/Github/InkMarkdown/.scratch/architecture-deepening-2026-09-07/evidence/20260907-1415-ticket-27/consumer/DerivedData-InkMarkdownMermaidConsumer/Build/Products/Debug-iphonesimulator/PackageFrameworks
    cd /Users/shizihan/DailyUse/Github/InkMarkdown/.github/fixtures/consumer-smoke/.swiftpm/xcode
    builtin-create-build-directory /Users/shizihan/DailyUse/Github/InkMarkdown/.scratch/architecture-deepening-2026-09-07/evidence/20260907-1415-ticket-27/consumer/DerivedData-InkMarkdownMermaidConsumer/Build/Products/Debug-iphonesimulator/PackageFrameworks

WriteAuxiliaryFile /Users/shizihan/DailyUse/Github/InkMarkdown/.scratch/architecture-deepening-2026-09-07/evidence/20260907-1415-ticket-27/consumer/DerivedData-InkMarkdownMermaidConsumer/Build/Intermediates.noindex/cmark-gfm.build/Debug-iphonesimulator/cmark-gfm.build/cmark-gfm.DependencyMetadataFileList (in target 'cmark-gfm' from project 'cmark-gfm')
    cd /Users/shizihan/DailyUse/Github/InkMarkdown/Packages/Caches/swift-cmark
    write-file /Users/shizihan/DailyUse/Github/InkMarkdown/.scratch/architecture-deepening-2026-09-07/evidence/20260907-1415-ticket-27/consumer/DerivedData-InkMarkdownMermaidConsumer/Build/Intermediates.noindex/cmark-gfm.build/Debug-iphonesimulator/cmark-gfm.build/cmark-gfm.DependencyMetadataFileList

WriteAuxiliaryFile /Users/shizihan/DailyUse/Github/InkMarkdown/.scratch/architecture-deepening-2026-09-07/evidence/20260907-1415-ticket-27/consumer/DerivedData-InkMarkdownMermaidConsumer/Build/Intermediates.noindex/cmark-gfm.build/Debug-iphonesimulator/cmark-gfm.build/cmark-gfm.DependencyStaticMetadataFileList (in target 'cmark-gfm' from project 'cmark-gfm')
    cd /Users/shizihan/DailyUse/Github/InkMarkdown/Packages/Caches/swift-cmark
    write-file /Users/shizihan/DailyUse/Github/InkMarkdown/.scratch/architecture-deepening-2026-09-07/evidence/20260907-1415-ticket-27/consumer/DerivedData-InkMarkdownMermaidConsumer/Build/Intermediates.noindex/cmark-gfm.build/Debug-iphonesimulator/cmark-gfm.build/cmark-gfm.DependencyStaticMetadataFileList

WriteAuxiliaryFile /Users/shizihan/DailyUse/Github/InkMarkdown/.scratch/architecture-deepening-2026-09-07/evidence/20260907-1415-ticket-27/consumer/DerivedData-InkMarkdownMermaidConsumer/Build/Intermediates.noindex/cmark-gfm.build/Debug-iphonesimulator/cmark-gfm-extensions.build/cmark-gfm-extensions.DependencyStaticMetadataFileList (in target 'cmark-gfm-extensions' from project 'cmark-gfm')
    cd /Users/shizihan/DailyUse/Github/InkMarkdown/Packages/Caches/swift-cmark
    write-file /Users/shizihan/DailyUse/Github/InkMarkdown/.scratch/architecture-deepening-2026-09-07/evidence/20260907-1415-ticket-27/consumer/DerivedData-InkMarkdownMermaidConsumer/Build/Intermediates.noindex/cmark-gfm.build/Debug-iphonesimulator/cmark-gfm-extensions.build/cmark-gfm-extensions.DependencyStaticMetadataFileList

WriteAuxiliaryFile /Users/shizihan/DailyUse/Github/InkMarkdown/.scratch/architecture-deepening-2026-09-07/evidence/20260907-1415-ticket-27/consumer/DerivedData-InkMarkdownMermaidConsumer/Build/Intermediates.noindex/cmark-gfm.build/Debug-iphonesimulator/cmark-gfm-extensions.build/cmark-gfm-extensions.DependencyMetadataFileList (in target 'cmark-gfm-extensions' from project 'cmark-gfm')
    cd /Users/shizihan/DailyUse/Github/InkMarkdown/Packages/Caches/swift-cmark
    write-file /Users/shizihan/DailyUse/Github/InkMarkdown/.scratch/architecture-deepening-2026-09-07/evidence/20260907-1415-ticket-27/consumer/DerivedData-InkMarkdownMermaidConsumer/Build/Intermediates.noindex/cmark-gfm.build/Debug-iphonesimulator/cmark-gfm-extensions.build/cmark-gfm-extensions.DependencyMetadataFileList

WriteAuxiliaryFile /Users/shizihan/DailyUse/Github/InkMarkdown/.scratch/architecture-deepening-2026-09-07/evidence/20260907-1415-ticket-27/consumer/DerivedData-InkMarkdownMermaidConsumer/Build/Intermediates.noindex/cmark-gfm.build/Debug-iphonesimulator/cmark-gfm.build/Objects-normal/arm64/7187679823f38a2a940e0043cdf9d637-common-args.resp (in target 'cmark-gfm' from project 'cmark-gfm')
    cd /Users/shizihan/DailyUse/Github/InkMarkdown/Packages/Caches/swift-cmark
    write-file /Users/shizihan/DailyUse/Github/InkMarkdown/.scratch/architecture-deepening-2026-09-07/evidence/20260907-1415-ticket-27/consumer/DerivedData-InkMarkdownMermaidConsumer/Build/Intermediates.noindex/cmark-gfm.build/Debug-iphonesimulator/cmark-gfm.build/Objects-normal/arm64/7187679823f38a2a940e0043cdf9d637-common-args.resp
-fmodules -gmodules '-fmodules-cache-path=/Users/shizihan/DailyUse/Github/InkMarkdown/.scratch/architecture-deepening-2026-09-07/evidence/20260907-1415-ticket-27/consumer/DerivedData-InkMarkdownMermaidConsumer/ModuleCache.noindex' '-fmodule-name=cmark_gfm' -fpascal-strings -O0 -DSWIFT_PACKAGE '-DDEBUG=1' -g -I/Users/shizihan/DailyUse/Github/InkMarkdown/.scratch/architecture-deepening-2026-09-07/evidence/20260907-1415-ticket-27/consumer/DerivedData-InkMarkdownMermaidConsumer/Build/Products/Debug-iphonesimulator/include -I/Users/shizihan/DailyUse/Github/InkMarkdown/Packages/Caches/swift-cmark/src/include -I/Users/shizihan/DailyUse/Github/InkMarkdown/.scratch/architecture-deepening-2026-09-07/evidence/20260907-1415-ticket-27/consumer/DerivedData-InkMarkdownMermaidConsumer/Build/Intermediates.noindex/cmark-gfm.build/Debug-iphonesimulator/cmark-gfm.build/DerivedSources-normal/arm64 -I/Users/shizihan/DailyUse/Github/InkMarkdown/.scratch/architecture-deepening-2026-09-07/evidence/20260907-1415-ticket-27/consumer/DerivedData-InkMarkdownMermaidConsumer/Build/Intermediates.noindex/cmark-gfm.build/Debug-iphonesimulator/cmark-gfm.build/DerivedSources/arm64 -I/Users/shizihan/DailyUse/Github/InkMarkdown/.scratch/architecture-deepening-2026-09-07/evidence/20260907-1415-ticket-27/consumer/DerivedData-InkMarkdownMermaidConsumer/Build/Intermediates.noindex/cmark-gfm.build/Debug-iphonesimulator/cmark-gfm.build/DerivedSources -F/Users/shizihan/DailyUse/Github/InkMarkdown/.scratch/architecture-deepening-2026-09-07/evidence/20260907-1415-ticket-27/consumer/DerivedData-InkMarkdownMermaidConsumer/Build/Products/Debug-iphonesimulator -iframework /Applications/Xcode.app/Contents/Developer/Platforms/iPhoneSimulator.platform/Developer/Library/Frameworks -iframework /Applications/Xcode.app/Contents/Developer/Platforms/iPhoneSimulator.platform/Developer/SDKs/iPhoneSimulator26.5.sdk/Developer/Library/Frameworks -DXcode

WriteAuxiliaryFile /Users/shizihan/DailyUse/Github/InkMarkdown/.scratch/architecture-deepening-2026-09-07/evidence/20260907-1415-ticket-27/consumer/DerivedData-InkMarkdownMermaidConsumer/Build/Intermediates.noindex/cmark-gfm.build/Debug-iphonesimulator/cmark-gfm.build/Objects-normal/arm64/cmark-gfm.LinkFileList (in target 'cmark-gfm' from project 'cmark-gfm')
    cd /Users/shizihan/DailyUse/Github/InkMarkdown/Packages/Caches/swift-cmark
    write-file /Users/shizihan/DailyUse/Github/InkMarkdown/.scratch/architecture-deepening-2026-09-07/evidence/20260907-1415-ticket-27/consumer/DerivedData-InkMarkdownMermaidConsumer/Build/Intermediates.noindex/cmark-gfm.build/Debug-iphonesimulator/cmark-gfm.build/Objects-normal/arm64/cmark-gfm.LinkFileList

WriteAuxiliaryFile /Users/shizihan/DailyUse/Github/InkMarkdown/.scratch/architecture-deepening-2026-09-07/evidence/20260907-1415-ticket-27/consumer/DerivedData-InkMarkdownMermaidConsumer/Build/Intermediates.noindex/swift-markdown.build/Debug-iphonesimulator/Markdown.build/Objects-normal/arm64/Markdown.SwiftFileList (in target 'Markdown' from project 'swift-markdown')
    cd /Users/shizihan/DailyUse/Github/InkMarkdown/Packages/Caches/swift-markdown
    write-file /Users/shizihan/DailyUse/Github/InkMarkdown/.scratch/architecture-deepening-2026-09-07/evidence/20260907-1415-ticket-27/consumer/DerivedData-InkMarkdownMermaidConsumer/Build/Intermediates.noindex/swift-markdown.build/Debug-iphonesimulator/Markdown.build/Objects-normal/arm64/Markdown.SwiftFileList

WriteAuxiliaryFile /Users/shizihan/DailyUse/Github/InkMarkdown/.scratch/architecture-deepening-2026-09-07/evidence/20260907-1415-ticket-27/consumer/DerivedData-InkMarkdownMermaidConsumer/Build/Intermediates.noindex/swift-markdown.build/Debug-iphonesimulator/Markdown.build/Objects-normal/arm64/Markdown_const_extract_protocols.json (in target 'Markdown' from project 'swift-markdown')
    cd /Users/shizihan/DailyUse/Github/InkMarkdown/Packages/Caches/swift-markdown
    write-file /Users/shizihan/DailyUse/Github/InkMarkdown/.scratch/architecture-deepening-2026-09-07/evidence/20260907-1415-ticket-27/consumer/DerivedData-InkMarkdownMermaidConsumer/Build/Intermediates.noindex/swift-markdown.build/Debug-iphonesimulator/Markdown.build/Objects-normal/arm64/Markdown_const_extract_protocols.json

WriteAuxiliaryFile /Users/shizihan/DailyUse/Github/InkMarkdown/.scratch/architecture-deepening-2026-09-07/evidence/20260907-1415-ticket-27/consumer/DerivedData-InkMarkdownMermaidConsumer/Build/Intermediates.noindex/cmark-gfm.build/Debug-iphonesimulator/cmark-gfm-extensions.build/Objects-normal/arm64/7187679823f38a2a940e0043cdf9d637-common-args.resp (in target 'cmark-gfm-extensions' from project 'cmark-gfm')
    cd /Users/shizihan/DailyUse/Github/InkMarkdown/Packages/Caches/swift-cmark
    write-file /Users/shizihan/DailyUse/Github/InkMarkdown/.scratch/architecture-deepening-2026-09-07/evidence/20260907-1415-ticket-27/consumer/DerivedData-InkMarkdownMermaidConsumer/Build/Intermediates.noindex/cmark-gfm.build/Debug-iphonesimulator/cmark-gfm-extensions.build/Objects-normal/arm64/7187679823f38a2a940e0043cdf9d637-common-args.resp
-fmodules -gmodules '-fmodules-cache-path=/Users/shizihan/DailyUse/Github/InkMarkdown/.scratch/architecture-deepening-2026-09-07/evidence/20260907-1415-ticket-27/consumer/DerivedData-InkMarkdownMermaidConsumer/ModuleCache.noindex' '-fmodule-name=cmark_gfm_extensions' -fpascal-strings -O0 -DSWIFT_PACKAGE '-DDEBUG=1' -g -I/Users/shizihan/DailyUse/Github/InkMarkdown/Packages/Caches/swift-cmark/src/include -I/Users/shizihan/DailyUse/Github/InkMarkdown/.scratch/architecture-deepening-2026-09-07/evidence/20260907-1415-ticket-27/consumer/DerivedData-InkMarkdownMermaidConsumer/Build/Products/Debug-iphonesimulator/include -I/Users/shizihan/DailyUse/Github/InkMarkdown/Packages/Caches/swift-cmark/extensions/include -I/Users/shizihan/DailyUse/Github/InkMarkdown/.scratch/architecture-deepening-2026-09-07/evidence/20260907-1415-ticket-27/consumer/DerivedData-InkMarkdownMermaidConsumer/Build/Intermediates.noindex/cmark-gfm.build/Debug-iphonesimulator/cmark-gfm-extensions.build/DerivedSources-normal/arm64 -I/Users/shizihan/DailyUse/Github/InkMarkdown/.scratch/architecture-deepening-2026-09-07/evidence/20260907-1415-ticket-27/consumer/DerivedData-InkMarkdownMermaidConsumer/Build/Intermediates.noindex/cmark-gfm.build/Debug-iphonesimulator/cmark-gfm-extensions.build/DerivedSources/arm64 -I/Users/shizihan/DailyUse/Github/InkMarkdown/.scratch/architecture-deepening-2026-09-07/evidence/20260907-1415-ticket-27/consumer/DerivedData-InkMarkdownMermaidConsumer/Build/Intermediates.noindex/cmark-gfm.build/Debug-iphonesimulator/cmark-gfm-extensions.build/DerivedSources -F/Users/shizihan/DailyUse/Github/InkMarkdown/.scratch/architecture-deepening-2026-09-07/evidence/20260907-1415-ticket-27/consumer/DerivedData-InkMarkdownMermaidConsumer/Build/Products/Debug-iphonesimulator/PackageFrameworks -F/Users/shizihan/DailyUse/Github/InkMarkdown/.scratch/architecture-deepening-2026-09-07/evidence/20260907-1415-ticket-27/consumer/DerivedData-InkMarkdownMermaidConsumer/Build/Products/Debug-iphonesimulator -iframework /Applications/Xcode.app/Contents/Developer/Platforms/iPhoneSimulator.platform/Developer/Library/Frameworks -iframework /Applications/Xcode.app/Contents/Developer/Platforms/iPhoneSimulator.platform/Developer/SDKs/iPhoneSimulator26.5.sdk/Developer/Library/Frameworks -DXcode

WriteAuxiliaryFile /Users/shizihan/DailyUse/Github/InkMarkdown/.scratch/architecture-deepening-2026-09-07/evidence/20260907-1415-ticket-27/consumer/DerivedData-InkMarkdownMermaidConsumer/Build/Intermediates.noindex/cmark-gfm.build/Debug-iphonesimulator/cmark-gfm-extensions.build/Objects-normal/arm64/cmark-gfm-extensions.LinkFileList (in target 'cmark-gfm-extensions' from project 'cmark-gfm')
    cd /Users/shizihan/DailyUse/Github/InkMarkdown/Packages/Caches/swift-cmark
    write-file /Users/shizihan/DailyUse/Github/InkMarkdown/.scratch/architecture-deepening-2026-09-07/evidence/20260907-1415-ticket-27/consumer/DerivedData-InkMarkdownMermaidConsumer/Build/Intermediates.noindex/cmark-gfm.build/Debug-iphonesimulator/cmark-gfm-extensions.build/Objects-normal/arm64/cmark-gfm-extensions.LinkFileList

WriteAuxiliaryFile /Users/shizihan/DailyUse/Github/InkMarkdown/.scratch/architecture-deepening-2026-09-07/evidence/20260907-1415-ticket-27/consumer/DerivedData-InkMarkdownMermaidConsumer/Build/Intermediates.noindex/swift-markdown.build/Debug-iphonesimulator/Markdown.build/Objects-normal/arm64/Markdown.SwiftConstValuesFileList (in target 'Markdown' from project 'swift-markdown')
    cd /Users/shizihan/DailyUse/Github/InkMarkdown/Packages/Caches/swift-markdown
    write-file /Users/shizihan/DailyUse/Github/InkMarkdown/.scratch/architecture-deepening-2026-09-07/evidence/20260907-1415-ticket-27/consumer/DerivedData-InkMarkdownMermaidConsumer/Build/Intermediates.noindex/swift-markdown.build/Debug-iphonesimulator/Markdown.build/Objects-normal/arm64/Markdown.SwiftConstValuesFileList

WriteAuxiliaryFile /Users/shizihan/DailyUse/Github/InkMarkdown/.scratch/architecture-deepening-2026-09-07/evidence/20260907-1415-ticket-27/consumer/DerivedData-InkMarkdownMermaidConsumer/Build/Intermediates.noindex/swift-markdown.build/Debug-iphonesimulator/Markdown.build/Objects-normal/arm64/Markdown-OutputFileMap.json (in target 'Markdown' from project 'swift-markdown')
    cd /Users/shizihan/DailyUse/Github/InkMarkdown/Packages/Caches/swift-markdown
    write-file /Users/shizihan/DailyUse/Github/InkMarkdown/.scratch/architecture-deepening-2026-09-07/evidence/20260907-1415-ticket-27/consumer/DerivedData-InkMarkdownMermaidConsumer/Build/Intermediates.noindex/swift-markdown.build/Debug-iphonesimulator/Markdown.build/Objects-normal/arm64/Markdown-OutputFileMap.json

WriteAuxiliaryFile /Users/shizihan/DailyUse/Github/InkMarkdown/.scratch/architecture-deepening-2026-09-07/evidence/20260907-1415-ticket-27/consumer/DerivedData-InkMarkdownMermaidConsumer/Build/Intermediates.noindex/swift-markdown.build/Debug-iphonesimulator/Markdown.build/Objects-normal/arm64/Markdown.LinkFileList (in target 'Markdown' from project 'swift-markdown')
    cd /Users/shizihan/DailyUse/Github/InkMarkdown/Packages/Caches/swift-markdown
    write-file /Users/shizihan/DailyUse/Github/InkMarkdown/.scratch/architecture-deepening-2026-09-07/evidence/20260907-1415-ticket-27/consumer/DerivedData-InkMarkdownMermaidConsumer/Build/Intermediates.noindex/swift-markdown.build/Debug-iphonesimulator/Markdown.build/Objects-normal/arm64/Markdown.LinkFileList

WriteAuxiliaryFile /Users/shizihan/DailyUse/Github/InkMarkdown/.scratch/architecture-deepening-2026-09-07/evidence/20260907-1415-ticket-27/consumer/DerivedData-InkMarkdownMermaidConsumer/Build/Intermediates.noindex/swift-markdown.build/Debug-iphonesimulator/Markdown.build/Markdown.modulemap (in target 'Markdown' from project 'swift-markdown')
    cd /Users/shizihan/DailyUse/Github/InkMarkdown/Packages/Caches/swift-markdown
    write-file /Users/shizihan/DailyUse/Github/InkMarkdown/.scratch/architecture-deepening-2026-09-07/evidence/20260907-1415-ticket-27/consumer/DerivedData-InkMarkdownMermaidConsumer/Build/Intermediates.noindex/swift-markdown.build/Debug-iphonesimulator/Markdown.build/Markdown.modulemap

WriteAuxiliaryFile /Users/shizihan/DailyUse/Github/InkMarkdown/.scratch/architecture-deepening-2026-09-07/evidence/20260907-1415-ticket-27/consumer/DerivedData-InkMarkdownMermaidConsumer/Build/Intermediates.noindex/swift-markdown.build/Debug-iphonesimulator/Markdown.build/Markdown.DependencyStaticMetadataFileList (in target 'Markdown' from project 'swift-markdown')
    cd /Users/shizihan/DailyUse/Github/InkMarkdown/Packages/Caches/swift-markdown
    write-file /Users/shizihan/DailyUse/Github/InkMarkdown/.scratch/architecture-deepening-2026-09-07/evidence/20260907-1415-ticket-27/consumer/DerivedData-InkMarkdownMermaidConsumer/Build/Intermediates.noindex/swift-markdown.build/Debug-iphonesimulator/Markdown.build/Markdown.DependencyStaticMetadataFileList

WriteAuxiliaryFile /Users/shizihan/DailyUse/Github/InkMarkdown/.scratch/architecture-deepening-2026-09-07/evidence/20260907-1415-ticket-27/consumer/DerivedData-InkMarkdownMermaidConsumer/Build/Intermediates.noindex/swift-markdown.build/Debug-iphonesimulator/Markdown.build/Markdown.DependencyMetadataFileList (in target 'Markdown' from project 'swift-markdown')
    cd /Users/shizihan/DailyUse/Github/InkMarkdown/Packages/Caches/swift-markdown
    write-file /Users/shizihan/DailyUse/Github/InkMarkdown/.scratch/architecture-deepening-2026-09-07/evidence/20260907-1415-ticket-27/consumer/DerivedData-InkMarkdownMermaidConsumer/Build/Intermediates.noindex/swift-markdown.build/Debug-iphonesimulator/Markdown.build/Markdown.DependencyMetadataFileList

WriteAuxiliaryFile /Users/shizihan/DailyUse/Github/InkMarkdown/.scratch/architecture-deepening-2026-09-07/evidence/20260907-1415-ticket-27/consumer/DerivedData-InkMarkdownMermaidConsumer/Build/Intermediates.noindex/InkMarkdown.build/Debug-iphonesimulator/InkMarkdown_InkMarkdownMermaid.build/empty-InkMarkdown_InkMarkdownMermaid.plist (in target 'InkMarkdown_InkMarkdownMermaid' from project 'InkMarkdown')
    cd /Users/shizihan/DailyUse/Github/InkMarkdown
    write-file /Users/shizihan/DailyUse/Github/InkMarkdown/.scratch/architecture-deepening-2026-09-07/evidence/20260907-1415-ticket-27/consumer/DerivedData-InkMarkdownMermaidConsumer/Build/Intermediates.noindex/InkMarkdown.build/Debug-iphonesimulator/InkMarkdown_InkMarkdownMermaid.build/empty-InkMarkdown_InkMarkdownMermaid.plist

WriteAuxiliaryFile /Users/shizihan/DailyUse/Github/InkMarkdown/.scratch/architecture-deepening-2026-09-07/evidence/20260907-1415-ticket-27/consumer/DerivedData-InkMarkdownMermaidConsumer/Build/Intermediates.noindex/InkMarkdown.build/Debug-iphonesimulator/InkMarkdown_InkMarkdownMermaid.build/InkMarkdown_InkMarkdownMermaid.DependencyStaticMetadataFileList (in target 'InkMarkdown_InkMarkdownMermaid' from project 'InkMarkdown')
    cd /Users/shizihan/DailyUse/Github/InkMarkdown
    write-file /Users/shizihan/DailyUse/Github/InkMarkdown/.scratch/architecture-deepening-2026-09-07/evidence/20260907-1415-ticket-27/consumer/DerivedData-InkMarkdownMermaidConsumer/Build/Intermediates.noindex/InkMarkdown.build/Debug-iphonesimulator/InkMarkdown_InkMarkdownMermaid.build/InkMarkdown_InkMarkdownMermaid.DependencyStaticMetadataFileList

WriteAuxiliaryFile /Users/shizihan/DailyUse/Github/InkMarkdown/.scratch/architecture-deepening-2026-09-07/evidence/20260907-1415-ticket-27/consumer/DerivedData-InkMarkdownMermaidConsumer/Build/Intermediates.noindex/InkMarkdown.build/Debug-iphonesimulator/InkMarkdown_InkMarkdownMermaid.build/InkMarkdown_InkMarkdownMermaid.DependencyMetadataFileList (in target 'InkMarkdown_InkMarkdownMermaid' from project 'InkMarkdown')
    cd /Users/shizihan/DailyUse/Github/InkMarkdown
    write-file /Users/shizihan/DailyUse/Github/InkMarkdown/.scratch/architecture-deepening-2026-09-07/evidence/20260907-1415-ticket-27/consumer/DerivedData-InkMarkdownMermaidConsumer/Build/Intermediates.noindex/InkMarkdown.build/Debug-iphonesimulator/InkMarkdown_InkMarkdownMermaid.build/InkMarkdown_InkMarkdownMermaid.DependencyMetadataFileList

WriteAuxiliaryFile /Users/shizihan/DailyUse/Github/InkMarkdown/.scratch/architecture-deepening-2026-09-07/evidence/20260907-1415-ticket-27/consumer/DerivedData-InkMarkdownMermaidConsumer/Build/Intermediates.noindex/InkMarkdownConsumerSmoke.build/Debug-iphonesimulator/InkMarkdownMermaidConsumer.build/Objects-normal/arm64/InkMarkdownMermaidConsumer_const_extract_protocols.json (in target 'InkMarkdownMermaidConsumer' from project 'InkMarkdownConsumerSmoke')
    cd /Users/shizihan/DailyUse/Github/InkMarkdown/.github/fixtures/consumer-smoke
    write-file /Users/shizihan/DailyUse/Github/InkMarkdown/.scratch/architecture-deepening-2026-09-07/evidence/20260907-1415-ticket-27/consumer/DerivedData-InkMarkdownMermaidConsumer/Build/Intermediates.noindex/InkMarkdownConsumerSmoke.build/Debug-iphonesimulator/InkMarkdownMermaidConsumer.build/Objects-normal/arm64/InkMarkdownMermaidConsumer_const_extract_protocols.json

WriteAuxiliaryFile /Users/shizihan/DailyUse/Github/InkMarkdown/.scratch/architecture-deepening-2026-09-07/evidence/20260907-1415-ticket-27/consumer/DerivedData-InkMarkdownMermaidConsumer/Build/Intermediates.noindex/InkMarkdownConsumerSmoke.build/Debug-iphonesimulator/InkMarkdownMermaidConsumer.build/Objects-normal/arm64/InkMarkdownMermaidConsumer.SwiftFileList (in target 'InkMarkdownMermaidConsumer' from project 'InkMarkdownConsumerSmoke')
    cd /Users/shizihan/DailyUse/Github/InkMarkdown/.github/fixtures/consumer-smoke
    write-file /Users/shizihan/DailyUse/Github/InkMarkdown/.scratch/architecture-deepening-2026-09-07/evidence/20260907-1415-ticket-27/consumer/DerivedData-InkMarkdownMermaidConsumer/Build/Intermediates.noindex/InkMarkdownConsumerSmoke.build/Debug-iphonesimulator/InkMarkdownMermaidConsumer.build/Objects-normal/arm64/InkMarkdownMermaidConsumer.SwiftFileList

WriteAuxiliaryFile /Users/shizihan/DailyUse/Github/InkMarkdown/.scratch/architecture-deepening-2026-09-07/evidence/20260907-1415-ticket-27/consumer/DerivedData-InkMarkdownMermaidConsumer/Build/Intermediates.noindex/InkMarkdownConsumerSmoke.build/Debug-iphonesimulator/InkMarkdownMermaidConsumer.build/Objects-normal/arm64/InkMarkdownMermaidConsumer.SwiftConstValuesFileList (in target 'InkMarkdownMermaidConsumer' from project 'InkMarkdownConsumerSmoke')
    cd /Users/shizihan/DailyUse/Github/InkMarkdown/.github/fixtures/consumer-smoke
    write-file /Users/shizihan/DailyUse/Github/InkMarkdown/.scratch/architecture-deepening-2026-09-07/evidence/20260907-1415-ticket-27/consumer/DerivedData-InkMarkdownMermaidConsumer/Build/Intermediates.noindex/InkMarkdownConsumerSmoke.build/Debug-iphonesimulator/InkMarkdownMermaidConsumer.build/Objects-normal/arm64/InkMarkdownMermaidConsumer.SwiftConstValuesFileList

WriteAuxiliaryFile /Users/shizihan/DailyUse/Github/InkMarkdown/.scratch/architecture-deepening-2026-09-07/evidence/20260907-1415-ticket-27/consumer/DerivedData-InkMarkdownMermaidConsumer/Build/Intermediates.noindex/InkMarkdownConsumerSmoke.build/Debug-iphonesimulator/InkMarkdownMermaidConsumer.build/Objects-normal/arm64/InkMarkdownMermaidConsumer.LinkFileList (in target 'InkMarkdownMermaidConsumer' from project 'InkMarkdownConsumerSmoke')
    cd /Users/shizihan/DailyUse/Github/InkMarkdown/.github/fixtures/consumer-smoke
    write-file /Users/shizihan/DailyUse/Github/InkMarkdown/.scratch/architecture-deepening-2026-09-07/evidence/20260907-1415-ticket-27/consumer/DerivedData-InkMarkdownMermaidConsumer/Build/Intermediates.noindex/InkMarkdownConsumerSmoke.build/Debug-iphonesimulator/InkMarkdownMermaidConsumer.build/Objects-normal/arm64/InkMarkdownMermaidConsumer.LinkFileList

Copy /Users/shizihan/DailyUse/Github/InkMarkdown/.scratch/architecture-deepening-2026-09-07/evidence/20260907-1415-ticket-27/consumer/DerivedData-InkMarkdownMermaidConsumer/Build/Intermediates.noindex/GeneratedModuleMaps-iphonesimulator/Markdown.modulemap /Users/shizihan/DailyUse/Github/InkMarkdown/.scratch/architecture-deepening-2026-09-07/evidence/20260907-1415-ticket-27/consumer/DerivedData-InkMarkdownMermaidConsumer/Build/Intermediates.noindex/swift-markdown.build/Debug-iphonesimulator/Markdown.build/Markdown.modulemap (in target 'Markdown' from project 'swift-markdown')
    cd /Users/shizihan/DailyUse/Github/InkMarkdown/Packages/Caches/swift-markdown
    builtin-copy -exclude .DS_Store -exclude CVS -exclude .svn -exclude .git -exclude .hg -resolve-src-symlinks /Users/shizihan/DailyUse/Github/InkMarkdown/.scratch/architecture-deepening-2026-09-07/evidence/20260907-1415-ticket-27/consumer/DerivedData-InkMarkdownMermaidConsumer/Build/Intermediates.noindex/swift-markdown.build/Debug-iphonesimulator/Markdown.build/Markdown.modulemap /Users/shizihan/DailyUse/Github/InkMarkdown/.scratch/architecture-deepening-2026-09-07/evidence/20260907-1415-ticket-27/consumer/DerivedData-InkMarkdownMermaidConsumer/Build/Intermediates.noindex/GeneratedModuleMaps-iphonesimulator

WriteAuxiliaryFile /Users/shizihan/DailyUse/Github/InkMarkdown/.scratch/architecture-deepening-2026-09-07/evidence/20260907-1415-ticket-27/consumer/DerivedData-InkMarkdownMermaidConsumer/Build/Intermediates.noindex/InkMarkdownConsumerSmoke.build/Debug-iphonesimulator/InkMarkdownMermaidConsumer.build/Objects-normal/arm64/InkMarkdownMermaidConsumer-OutputFileMap.json (in target 'InkMarkdownMermaidConsumer' from project 'InkMarkdownConsumerSmoke')
    cd /Users/shizihan/DailyUse/Github/InkMarkdown/.github/fixtures/consumer-smoke
    write-file /Users/shizihan/DailyUse/Github/InkMarkdown/.scratch/architecture-deepening-2026-09-07/evidence/20260907-1415-ticket-27/consumer/DerivedData-InkMarkdownMermaidConsumer/Build/Intermediates.noindex/InkMarkdownConsumerSmoke.build/Debug-iphonesimulator/InkMarkdownMermaidConsumer.build/Objects-normal/arm64/InkMarkdownMermaidConsumer-OutputFileMap.json

WriteAuxiliaryFile /Users/shizihan/DailyUse/Github/InkMarkdown/.scratch/architecture-deepening-2026-09-07/evidence/20260907-1415-ticket-27/consumer/DerivedData-InkMarkdownMermaidConsumer/Build/Intermediates.noindex/InkMarkdownConsumerSmoke.build/Debug-iphonesimulator/InkMarkdownMermaidConsumer.build/InkMarkdownMermaidConsumer.modulemap (in target 'InkMarkdownMermaidConsumer' from project 'InkMarkdownConsumerSmoke')
    cd /Users/shizihan/DailyUse/Github/InkMarkdown/.github/fixtures/consumer-smoke
    write-file /Users/shizihan/DailyUse/Github/InkMarkdown/.scratch/architecture-deepening-2026-09-07/evidence/20260907-1415-ticket-27/consumer/DerivedData-InkMarkdownMermaidConsumer/Build/Intermediates.noindex/InkMarkdownConsumerSmoke.build/Debug-iphonesimulator/InkMarkdownMermaidConsumer.build/InkMarkdownMermaidConsumer.modulemap

WriteAuxiliaryFile /Users/shizihan/DailyUse/Github/InkMarkdown/.scratch/architecture-deepening-2026-09-07/evidence/20260907-1415-ticket-27/consumer/DerivedData-InkMarkdownMermaidConsumer/Build/Intermediates.noindex/InkMarkdownConsumerSmoke.build/Debug-iphonesimulator/InkMarkdownMermaidConsumer.build/InkMarkdownMermaidConsumer.DependencyStaticMetadataFileList (in target 'InkMarkdownMermaidConsumer' from project 'InkMarkdownConsumerSmoke')
    cd /Users/shizihan/DailyUse/Github/InkMarkdown/.github/fixtures/consumer-smoke
    write-file /Users/shizihan/DailyUse/Github/InkMarkdown/.scratch/architecture-deepening-2026-09-07/evidence/20260907-1415-ticket-27/consumer/DerivedData-InkMarkdownMermaidConsumer/Build/Intermediates.noindex/InkMarkdownConsumerSmoke.build/Debug-iphonesimulator/InkMarkdownMermaidConsumer.build/InkMarkdownMermaidConsumer.DependencyStaticMetadataFileList

WriteAuxiliaryFile /Users/shizihan/DailyUse/Github/InkMarkdown/.scratch/architecture-deepening-2026-09-07/evidence/20260907-1415-ticket-27/consumer/DerivedData-InkMarkdownMermaidConsumer/Build/Intermediates.noindex/InkMarkdownConsumerSmoke.build/Debug-iphonesimulator/InkMarkdownMermaidConsumer.build/InkMarkdownMermaidConsumer.DependencyMetadataFileList (in target 'InkMarkdownMermaidConsumer' from project 'InkMarkdownConsumerSmoke')
    cd /Users/shizihan/DailyUse/Github/InkMarkdown/.github/fixtures/consumer-smoke
    write-file /Users/shizihan/DailyUse/Github/InkMarkdown/.scratch/architecture-deepening-2026-09-07/evidence/20260907-1415-ticket-27/consumer/DerivedData-InkMarkdownMermaidConsumer/Build/Intermediates.noindex/InkMarkdownConsumerSmoke.build/Debug-iphonesimulator/InkMarkdownMermaidConsumer.build/InkMarkdownMermaidConsumer.DependencyMetadataFileList

WriteAuxiliaryFile /Users/shizihan/DailyUse/Github/InkMarkdown/.scratch/architecture-deepening-2026-09-07/evidence/20260907-1415-ticket-27/consumer/DerivedData-InkMarkdownMermaidConsumer/Build/Intermediates.noindex/InkMarkdown.build/Debug-iphonesimulator/InkMarkdownMermaid.build/Objects-normal/arm64/InkMarkdownMermaid.SwiftFileList (in target 'InkMarkdownMermaid' from project 'InkMarkdown')
    cd /Users/shizihan/DailyUse/Github/InkMarkdown
    write-file /Users/shizihan/DailyUse/Github/InkMarkdown/.scratch/architecture-deepening-2026-09-07/evidence/20260907-1415-ticket-27/consumer/DerivedData-InkMarkdownMermaidConsumer/Build/Intermediates.noindex/InkMarkdown.build/Debug-iphonesimulator/InkMarkdownMermaid.build/Objects-normal/arm64/InkMarkdownMermaid.SwiftFileList

WriteAuxiliaryFile /Users/shizihan/DailyUse/Github/InkMarkdown/.scratch/architecture-deepening-2026-09-07/evidence/20260907-1415-ticket-27/consumer/DerivedData-InkMarkdownMermaidConsumer/Build/Intermediates.noindex/InkMarkdown.build/Debug-iphonesimulator/InkMarkdownMermaid.build/Objects-normal/arm64/InkMarkdownMermaid_const_extract_protocols.json (in target 'InkMarkdownMermaid' from project 'InkMarkdown')
    cd /Users/shizihan/DailyUse/Github/InkMarkdown
    write-file /Users/shizihan/DailyUse/Github/InkMarkdown/.scratch/architecture-deepening-2026-09-07/evidence/20260907-1415-ticket-27/consumer/DerivedData-InkMarkdownMermaidConsumer/Build/Intermediates.noindex/InkMarkdown.build/Debug-iphonesimulator/InkMarkdownMermaid.build/Objects-normal/arm64/InkMarkdownMermaid_const_extract_protocols.json

WriteAuxiliaryFile /Users/shizihan/DailyUse/Github/InkMarkdown/.scratch/architecture-deepening-2026-09-07/evidence/20260907-1415-ticket-27/consumer/DerivedData-InkMarkdownMermaidConsumer/Build/Intermediates.noindex/InkMarkdown.build/Debug-iphonesimulator/InkMarkdownMermaid.build/Objects-normal/arm64/InkMarkdownMermaid.SwiftConstValuesFileList (in target 'InkMarkdownMermaid' from project 'InkMarkdown')
    cd /Users/shizihan/DailyUse/Github/InkMarkdown
    write-file /Users/shizihan/DailyUse/Github/InkMarkdown/.scratch/architecture-deepening-2026-09-07/evidence/20260907-1415-ticket-27/consumer/DerivedData-InkMarkdownMermaidConsumer/Build/Intermediates.noindex/InkMarkdown.build/Debug-iphonesimulator/InkMarkdownMermaid.build/Objects-normal/arm64/InkMarkdownMermaid.SwiftConstValuesFileList

WriteAuxiliaryFile /Users/shizihan/DailyUse/Github/InkMarkdown/.scratch/architecture-deepening-2026-09-07/evidence/20260907-1415-ticket-27/consumer/DerivedData-InkMarkdownMermaidConsumer/Build/Intermediates.noindex/InkMarkdown.build/Debug-iphonesimulator/InkMarkdownMermaid.build/Objects-normal/arm64/InkMarkdownMermaid.LinkFileList (in target 'InkMarkdownMermaid' from project 'InkMarkdown')
    cd /Users/shizihan/DailyUse/Github/InkMarkdown
    write-file /Users/shizihan/DailyUse/Github/InkMarkdown/.scratch/architecture-deepening-2026-09-07/evidence/20260907-1415-ticket-27/consumer/DerivedData-InkMarkdownMermaidConsumer/Build/Intermediates.noindex/InkMarkdown.build/Debug-iphonesimulator/InkMarkdownMermaid.build/Objects-normal/arm64/InkMarkdownMermaid.LinkFileList

WriteAuxiliaryFile /Users/shizihan/DailyUse/Github/InkMarkdown/.scratch/architecture-deepening-2026-09-07/evidence/20260907-1415-ticket-27/consumer/DerivedData-InkMarkdownMermaidConsumer/Build/Intermediates.noindex/InkMarkdown.build/Debug-iphonesimulator/InkMarkdownMermaid.build/Objects-normal/arm64/InkMarkdownMermaid-OutputFileMap.json (in target 'InkMarkdownMermaid' from project 'InkMarkdown')
    cd /Users/shizihan/DailyUse/Github/InkMarkdown
    write-file /Users/shizihan/DailyUse/Github/InkMarkdown/.scratch/architecture-deepening-2026-09-07/evidence/20260907-1415-ticket-27/consumer/DerivedData-InkMarkdownMermaidConsumer/Build/Intermediates.noindex/InkMarkdown.build/Debug-iphonesimulator/InkMarkdownMermaid.build/Objects-normal/arm64/InkMarkdownMermaid-OutputFileMap.json

WriteAuxiliaryFile /Users/shizihan/DailyUse/Github/InkMarkdown/.scratch/architecture-deepening-2026-09-07/evidence/20260907-1415-ticket-27/consumer/DerivedData-InkMarkdownMermaidConsumer/Build/Intermediates.noindex/InkMarkdown.build/Debug-iphonesimulator/InkMarkdownMermaid.build/InkMarkdownMermaid.modulemap (in target 'InkMarkdownMermaid' from project 'InkMarkdown')
    cd /Users/shizihan/DailyUse/Github/InkMarkdown
    write-file /Users/shizihan/DailyUse/Github/InkMarkdown/.scratch/architecture-deepening-2026-09-07/evidence/20260907-1415-ticket-27/consumer/DerivedData-InkMarkdownMermaidConsumer/Build/Intermediates.noindex/InkMarkdown.build/Debug-iphonesimulator/InkMarkdownMermaid.build/InkMarkdownMermaid.modulemap

Copy /Users/shizihan/DailyUse/Github/InkMarkdown/.scratch/architecture-deepening-2026-09-07/evidence/20260907-1415-ticket-27/consumer/DerivedData-InkMarkdownMermaidConsumer/Build/Intermediates.noindex/GeneratedModuleMaps-iphonesimulator/InkMarkdownMermaidConsumer.modulemap /Users/shizihan/DailyUse/Github/InkMarkdown/.scratch/architecture-deepening-2026-09-07/evidence/20260907-1415-ticket-27/consumer/DerivedData-InkMarkdownMermaidConsumer/Build/Intermediates.noindex/InkMarkdownConsumerSmoke.build/Debug-iphonesimulator/InkMarkdownMermaidConsumer.build/InkMarkdownMermaidConsumer.modulemap (in target 'InkMarkdownMermaidConsumer' from project 'InkMarkdownConsumerSmoke')
    cd /Users/shizihan/DailyUse/Github/InkMarkdown/.github/fixtures/consumer-smoke
    builtin-copy -exclude .DS_Store -exclude CVS -exclude .svn -exclude .git -exclude .hg -resolve-src-symlinks /Users/shizihan/DailyUse/Github/InkMarkdown/.scratch/architecture-deepening-2026-09-07/evidence/20260907-1415-ticket-27/consumer/DerivedData-InkMarkdownMermaidConsumer/Build/Intermediates.noindex/InkMarkdownConsumerSmoke.build/Debug-iphonesimulator/InkMarkdownMermaidConsumer.build/InkMarkdownMermaidConsumer.modulemap /Users/shizihan/DailyUse/Github/InkMarkdown/.scratch/architecture-deepening-2026-09-07/evidence/20260907-1415-ticket-27/consumer/DerivedData-InkMarkdownMermaidConsumer/Build/Intermediates.noindex/GeneratedModuleMaps-iphonesimulator

WriteAuxiliaryFile /Users/shizihan/DailyUse/Github/InkMarkdown/.scratch/architecture-deepening-2026-09-07/evidence/20260907-1415-ticket-27/consumer/DerivedData-InkMarkdownMermaidConsumer/Build/Intermediates.noindex/InkMarkdown.build/Debug-iphonesimulator/InkMarkdownMermaid.build/InkMarkdownMermaid.DependencyStaticMetadataFileList (in target 'InkMarkdownMermaid' from project 'InkMarkdown')
    cd /Users/shizihan/DailyUse/Github/InkMarkdown
    write-file /Users/shizihan/DailyUse/Github/InkMarkdown/.scratch/architecture-deepening-2026-09-07/evidence/20260907-1415-ticket-27/consumer/DerivedData-InkMarkdownMermaidConsumer/Build/Intermediates.noindex/InkMarkdown.build/Debug-iphonesimulator/InkMarkdownMermaid.build/InkMarkdownMermaid.DependencyStaticMetadataFileList

WriteAuxiliaryFile /Users/shizihan/DailyUse/Github/InkMarkdown/.scratch/architecture-deepening-2026-09-07/evidence/20260907-1415-ticket-27/consumer/DerivedData-InkMarkdownMermaidConsumer/Build/Intermediates.noindex/InkMarkdown.build/Debug-iphonesimulator/InkMarkdownMermaid.build/InkMarkdownMermaid.DependencyMetadataFileList (in target 'InkMarkdownMermaid' from project 'InkMarkdown')
    cd /Users/shizihan/DailyUse/Github/InkMarkdown
    write-file /Users/shizihan/DailyUse/Github/InkMarkdown/.scratch/architecture-deepening-2026-09-07/evidence/20260907-1415-ticket-27/consumer/DerivedData-InkMarkdownMermaidConsumer/Build/Intermediates.noindex/InkMarkdown.build/Debug-iphonesimulator/InkMarkdownMermaid.build/InkMarkdownMermaid.DependencyMetadataFileList

WriteAuxiliaryFile /Users/shizihan/DailyUse/Github/InkMarkdown/.scratch/architecture-deepening-2026-09-07/evidence/20260907-1415-ticket-27/consumer/DerivedData-InkMarkdownMermaidConsumer/Build/Intermediates.noindex/InkMarkdown.build/Debug-iphonesimulator/InkMarkdownMermaid.build/DerivedSources/resource_bundle_accessor.swift (in target 'InkMarkdownMermaid' from project 'InkMarkdown')
    cd /Users/shizihan/DailyUse/Github/InkMarkdown
    write-file /Users/shizihan/DailyUse/Github/InkMarkdown/.scratch/architecture-deepening-2026-09-07/evidence/20260907-1415-ticket-27/consumer/DerivedData-InkMarkdownMermaidConsumer/Build/Intermediates.noindex/InkMarkdown.build/Debug-iphonesimulator/InkMarkdownMermaid.build/DerivedSources/resource_bundle_accessor.swift

WriteAuxiliaryFile /Users/shizihan/DailyUse/Github/InkMarkdown/.scratch/architecture-deepening-2026-09-07/evidence/20260907-1415-ticket-27/consumer/DerivedData-InkMarkdownMermaidConsumer/Build/Intermediates.noindex/InkMarkdown.build/Debug-iphonesimulator/InkMarkdown.build/Objects-normal/arm64/InkMarkdown_const_extract_protocols.json (in target 'InkMarkdown' from project 'InkMarkdown')
    cd /Users/shizihan/DailyUse/Github/InkMarkdown
    write-file /Users/shizihan/DailyUse/Github/InkMarkdown/.scratch/architecture-deepening-2026-09-07/evidence/20260907-1415-ticket-27/consumer/DerivedData-InkMarkdownMermaidConsumer/Build/Intermediates.noindex/InkMarkdown.build/Debug-iphonesimulator/InkMarkdown.build/Objects-normal/arm64/InkMarkdown_const_extract_protocols.json

WriteAuxiliaryFile /Users/shizihan/DailyUse/Github/InkMarkdown/.scratch/architecture-deepening-2026-09-07/evidence/20260907-1415-ticket-27/consumer/DerivedData-InkMarkdownMermaidConsumer/Build/Intermediates.noindex/InkMarkdown.build/Debug-iphonesimulator/InkMarkdown.build/Objects-normal/arm64/InkMarkdown.SwiftFileList (in target 'InkMarkdown' from project 'InkMarkdown')
    cd /Users/shizihan/DailyUse/Github/InkMarkdown
    write-file /Users/shizihan/DailyUse/Github/InkMarkdown/.scratch/architecture-deepening-2026-09-07/evidence/20260907-1415-ticket-27/consumer/DerivedData-InkMarkdownMermaidConsumer/Build/Intermediates.noindex/InkMarkdown.build/Debug-iphonesimulator/InkMarkdown.build/Objects-normal/arm64/InkMarkdown.SwiftFileList

WriteAuxiliaryFile /Users/shizihan/DailyUse/Github/InkMarkdown/.scratch/architecture-deepening-2026-09-07/evidence/20260907-1415-ticket-27/consumer/DerivedData-InkMarkdownMermaidConsumer/Build/Intermediates.noindex/InkMarkdown.build/Debug-iphonesimulator/InkMarkdown.build/Objects-normal/arm64/InkMarkdown.SwiftConstValuesFileList (in target 'InkMarkdown' from project 'InkMarkdown')
    cd /Users/shizihan/DailyUse/Github/InkMarkdown
    write-file /Users/shizihan/DailyUse/Github/InkMarkdown/.scratch/architecture-deepening-2026-09-07/evidence/20260907-1415-ticket-27/consumer/DerivedData-InkMarkdownMermaidConsumer/Build/Intermediates.noindex/InkMarkdown.build/Debug-iphonesimulator/InkMarkdown.build/Objects-normal/arm64/InkMarkdown.SwiftConstValuesFileList

Copy /Users/shizihan/DailyUse/Github/InkMarkdown/.scratch/architecture-deepening-2026-09-07/evidence/20260907-1415-ticket-27/consumer/DerivedData-InkMarkdownMermaidConsumer/Build/Intermediates.noindex/GeneratedModuleMaps-iphonesimulator/InkMarkdownMermaid.modulemap /Users/shizihan/DailyUse/Github/InkMarkdown/.scratch/architecture-deepening-2026-09-07/evidence/20260907-1415-ticket-27/consumer/DerivedData-InkMarkdownMermaidConsumer/Build/Intermediates.noindex/InkMarkdown.build/Debug-iphonesimulator/InkMarkdownMermaid.build/InkMarkdownMermaid.modulemap (in target 'InkMarkdownMermaid' from project 'InkMarkdown')
    cd /Users/shizihan/DailyUse/Github/InkMarkdown
    builtin-copy -exclude .DS_Store -exclude CVS -exclude .svn -exclude .git -exclude .hg -resolve-src-symlinks /Users/shizihan/DailyUse/Github/InkMarkdown/.scratch/architecture-deepening-2026-09-07/evidence/20260907-1415-ticket-27/consumer/DerivedData-InkMarkdownMermaidConsumer/Build/Intermediates.noindex/InkMarkdown.build/Debug-iphonesimulator/InkMarkdownMermaid.build/InkMarkdownMermaid.modulemap /Users/shizihan/DailyUse/Github/InkMarkdown/.scratch/architecture-deepening-2026-09-07/evidence/20260907-1415-ticket-27/consumer/DerivedData-InkMarkdownMermaidConsumer/Build/Intermediates.noindex/GeneratedModuleMaps-iphonesimulator

WriteAuxiliaryFile /Users/shizihan/DailyUse/Github/InkMarkdown/.scratch/architecture-deepening-2026-09-07/evidence/20260907-1415-ticket-27/consumer/DerivedData-InkMarkdownMermaidConsumer/Build/Intermediates.noindex/InkMarkdown.build/Debug-iphonesimulator/InkMarkdown.build/Objects-normal/arm64/InkMarkdown-OutputFileMap.json (in target 'InkMarkdown' from project 'InkMarkdown')
    cd /Users/shizihan/DailyUse/Github/InkMarkdown
    write-file /Users/shizihan/DailyUse/Github/InkMarkdown/.scratch/architecture-deepening-2026-09-07/evidence/20260907-1415-ticket-27/consumer/DerivedData-InkMarkdownMermaidConsumer/Build/Intermediates.noindex/InkMarkdown.build/Debug-iphonesimulator/InkMarkdown.build/Objects-normal/arm64/InkMarkdown-OutputFileMap.json

WriteAuxiliaryFile /Users/shizihan/DailyUse/Github/InkMarkdown/.scratch/architecture-deepening-2026-09-07/evidence/20260907-1415-ticket-27/consumer/DerivedData-InkMarkdownMermaidConsumer/Build/Intermediates.noindex/InkMarkdown.build/Debug-iphonesimulator/InkMarkdown.build/Objects-normal/arm64/InkMarkdown.LinkFileList (in target 'InkMarkdown' from project 'InkMarkdown')
    cd /Users/shizihan/DailyUse/Github/InkMarkdown
    write-file /Users/shizihan/DailyUse/Github/InkMarkdown/.scratch/architecture-deepening-2026-09-07/evidence/20260907-1415-ticket-27/consumer/DerivedData-InkMarkdownMermaidConsumer/Build/Intermediates.noindex/InkMarkdown.build/Debug-iphonesimulator/InkMarkdown.build/Objects-normal/arm64/InkMarkdown.LinkFileList

WriteAuxiliaryFile /Users/shizihan/DailyUse/Github/InkMarkdown/.scratch/architecture-deepening-2026-09-07/evidence/20260907-1415-ticket-27/consumer/DerivedData-InkMarkdownMermaidConsumer/Build/Intermediates.noindex/InkMarkdown.build/Debug-iphonesimulator/InkMarkdown.build/InkMarkdown.modulemap (in target 'InkMarkdown' from project 'InkMarkdown')
    cd /Users/shizihan/DailyUse/Github/InkMarkdown
    write-file /Users/shizihan/DailyUse/Github/InkMarkdown/.scratch/architecture-deepening-2026-09-07/evidence/20260907-1415-ticket-27/consumer/DerivedData-InkMarkdownMermaidConsumer/Build/Intermediates.noindex/InkMarkdown.build/Debug-iphonesimulator/InkMarkdown.build/InkMarkdown.modulemap

WriteAuxiliaryFile /Users/shizihan/DailyUse/Github/InkMarkdown/.scratch/architecture-deepening-2026-09-07/evidence/20260907-1415-ticket-27/consumer/DerivedData-InkMarkdownMermaidConsumer/Build/Intermediates.noindex/InkMarkdown.build/Debug-iphonesimulator/InkMarkdown.build/InkMarkdown.DependencyStaticMetadataFileList (in target 'InkMarkdown' from project 'InkMarkdown')
    cd /Users/shizihan/DailyUse/Github/InkMarkdown
    write-file /Users/shizihan/DailyUse/Github/InkMarkdown/.scratch/architecture-deepening-2026-09-07/evidence/20260907-1415-ticket-27/consumer/DerivedData-InkMarkdownMermaidConsumer/Build/Intermediates.noindex/InkMarkdown.build/Debug-iphonesimulator/InkMarkdown.build/InkMarkdown.DependencyStaticMetadataFileList

WriteAuxiliaryFile /Users/shizihan/DailyUse/Github/InkMarkdown/.scratch/architecture-deepening-2026-09-07/evidence/20260907-1415-ticket-27/consumer/DerivedData-InkMarkdownMermaidConsumer/Build/Intermediates.noindex/InkMarkdown.build/Debug-iphonesimulator/InkMarkdown.build/InkMarkdown.DependencyMetadataFileList (in target 'InkMarkdown' from project 'InkMarkdown')
    cd /Users/shizihan/DailyUse/Github/InkMarkdown
    write-file /Users/shizihan/DailyUse/Github/InkMarkdown/.scratch/architecture-deepening-2026-09-07/evidence/20260907-1415-ticket-27/consumer/DerivedData-InkMarkdownMermaidConsumer/Build/Intermediates.noindex/InkMarkdown.build/Debug-iphonesimulator/InkMarkdown.build/InkMarkdown.DependencyMetadataFileList

WriteAuxiliaryFile /Users/shizihan/DailyUse/Github/InkMarkdown/.scratch/architecture-deepening-2026-09-07/evidence/20260907-1415-ticket-27/consumer/DerivedData-InkMarkdownMermaidConsumer/Build/Intermediates.noindex/swift-markdown.build/Debug-iphonesimulator/CAtomic.build/CAtomic.DependencyStaticMetadataFileList (in target 'CAtomic' from project 'swift-markdown')
    cd /Users/shizihan/DailyUse/Github/InkMarkdown/Packages/Caches/swift-markdown
    write-file /Users/shizihan/DailyUse/Github/InkMarkdown/.scratch/architecture-deepening-2026-09-07/evidence/20260907-1415-ticket-27/consumer/DerivedData-InkMarkdownMermaidConsumer/Build/Intermediates.noindex/swift-markdown.build/Debug-iphonesimulator/CAtomic.build/CAtomic.DependencyStaticMetadataFileList

WriteAuxiliaryFile /Users/shizihan/DailyUse/Github/InkMarkdown/.scratch/architecture-deepening-2026-09-07/evidence/20260907-1415-ticket-27/consumer/DerivedData-InkMarkdownMermaidConsumer/Build/Intermediates.noindex/swift-markdown.build/Debug-iphonesimulator/CAtomic.build/Objects-normal/arm64/CAtomic.LinkFileList (in target 'CAtomic' from project 'swift-markdown')
    cd /Users/shizihan/DailyUse/Github/InkMarkdown/Packages/Caches/swift-markdown
    write-file /Users/shizihan/DailyUse/Github/InkMarkdown/.scratch/architecture-deepening-2026-09-07/evidence/20260907-1415-ticket-27/consumer/DerivedData-InkMarkdownMermaidConsumer/Build/Intermediates.noindex/swift-markdown.build/Debug-iphonesimulator/CAtomic.build/Objects-normal/arm64/CAtomic.LinkFileList

WriteAuxiliaryFile /Users/shizihan/DailyUse/Github/InkMarkdown/.scratch/architecture-deepening-2026-09-07/evidence/20260907-1415-ticket-27/consumer/DerivedData-InkMarkdownMermaidConsumer/Build/Intermediates.noindex/swift-markdown.build/Debug-iphonesimulator/CAtomic.build/Objects-normal/arm64/7187679823f38a2a940e0043cdf9d637-common-args.resp (in target 'CAtomic' from project 'swift-markdown')
    cd /Users/shizihan/DailyUse/Github/InkMarkdown/Packages/Caches/swift-markdown
    write-file /Users/shizihan/DailyUse/Github/InkMarkdown/.scratch/architecture-deepening-2026-09-07/evidence/20260907-1415-ticket-27/consumer/DerivedData-InkMarkdownMermaidConsumer/Build/Intermediates.noindex/swift-markdown.build/Debug-iphonesimulator/CAtomic.build/Objects-normal/arm64/7187679823f38a2a940e0043cdf9d637-common-args.resp
-fmodules -gmodules '-fmodules-cache-path=/Users/shizihan/DailyUse/Github/InkMarkdown/.scratch/architecture-deepening-2026-09-07/evidence/20260907-1415-ticket-27/consumer/DerivedData-InkMarkdownMermaidConsumer/ModuleCache.noindex' '-fmodule-name=CAtomic' -fpascal-strings -O0 -DSWIFT_PACKAGE '-DDEBUG=1' -g -I/Users/shizihan/DailyUse/Github/InkMarkdown/.scratch/architecture-deepening-2026-09-07/evidence/20260907-1415-ticket-27/consumer/DerivedData-InkMarkdownMermaidConsumer/Build/Products/Debug-iphonesimulator/include -I/Users/shizihan/DailyUse/Github/InkMarkdown/Packages/Caches/swift-markdown/Sources/CAtomic/include -I/Users/shizihan/DailyUse/Github/InkMarkdown/.scratch/architecture-deepening-2026-09-07/evidence/20260907-1415-ticket-27/consumer/DerivedData-InkMarkdownMermaidConsumer/Build/Intermediates.noindex/swift-markdown.build/Debug-iphonesimulator/CAtomic.build/DerivedSources-normal/arm64 -I/Users/shizihan/DailyUse/Github/InkMarkdown/.scratch/architecture-deepening-2026-09-07/evidence/20260907-1415-ticket-27/consumer/DerivedData-InkMarkdownMermaidConsumer/Build/Intermediates.noindex/swift-markdown.build/Debug-iphonesimulator/CAtomic.build/DerivedSources/arm64 -I/Users/shizihan/DailyUse/Github/InkMarkdown/.scratch/architecture-deepening-2026-09-07/evidence/20260907-1415-ticket-27/consumer/DerivedData-InkMarkdownMermaidConsumer/Build/Intermediates.noindex/swift-markdown.build/Debug-iphonesimulator/CAtomic.build/DerivedSources -F/Users/shizihan/DailyUse/Github/InkMarkdown/.scratch/architecture-deepening-2026-09-07/evidence/20260907-1415-ticket-27/consumer/DerivedData-InkMarkdownMermaidConsumer/Build/Products/Debug-iphonesimulator -iframework /Applications/Xcode.app/Contents/Developer/Platforms/iPhoneSimulator.platform/Developer/Library/Frameworks -iframework /Applications/Xcode.app/Contents/Developer/Platforms/iPhoneSimulator.platform/Developer/SDKs/iPhoneSimulator26.5.sdk/Developer/Library/Frameworks -DXcode

WriteAuxiliaryFile /Users/shizihan/DailyUse/Github/InkMarkdown/.scratch/architecture-deepening-2026-09-07/evidence/20260907-1415-ticket-27/consumer/DerivedData-InkMarkdownMermaidConsumer/Build/Intermediates.noindex/swift-markdown.build/Debug-iphonesimulator/CAtomic.build/CAtomic.DependencyMetadataFileList (in target 'CAtomic' from project 'swift-markdown')
    cd /Users/shizihan/DailyUse/Github/InkMarkdown/Packages/Caches/swift-markdown
    write-file /Users/shizihan/DailyUse/Github/InkMarkdown/.scratch/architecture-deepening-2026-09-07/evidence/20260907-1415-ticket-27/consumer/DerivedData-InkMarkdownMermaidConsumer/Build/Intermediates.noindex/swift-markdown.build/Debug-iphonesimulator/CAtomic.build/CAtomic.DependencyMetadataFileList

MkDir /Users/shizihan/DailyUse/Github/InkMarkdown/.scratch/architecture-deepening-2026-09-07/evidence/20260907-1415-ticket-27/consumer/DerivedData-InkMarkdownMermaidConsumer/Build/Products/Debug-iphonesimulator/InkMarkdown_InkMarkdownMermaid.bundle (in target 'InkMarkdown_InkMarkdownMermaid' from project 'InkMarkdown')
    cd /Users/shizihan/DailyUse/Github/InkMarkdown
    /bin/mkdir -p /Users/shizihan/DailyUse/Github/InkMarkdown/.scratch/architecture-deepening-2026-09-07/evidence/20260907-1415-ticket-27/consumer/DerivedData-InkMarkdownMermaidConsumer/Build/Products/Debug-iphonesimulator/InkMarkdown_InkMarkdownMermaid.bundle

Copy /Users/shizihan/DailyUse/Github/InkMarkdown/.scratch/architecture-deepening-2026-09-07/evidence/20260907-1415-ticket-27/consumer/DerivedData-InkMarkdownMermaidConsumer/Build/Intermediates.noindex/GeneratedModuleMaps-iphonesimulator/InkMarkdown.modulemap /Users/shizihan/DailyUse/Github/InkMarkdown/.scratch/architecture-deepening-2026-09-07/evidence/20260907-1415-ticket-27/consumer/DerivedData-InkMarkdownMermaidConsumer/Build/Intermediates.noindex/InkMarkdown.build/Debug-iphonesimulator/InkMarkdown.build/InkMarkdown.modulemap (in target 'InkMarkdown' from project 'InkMarkdown')
    cd /Users/shizihan/DailyUse/Github/InkMarkdown
    builtin-copy -exclude .DS_Store -exclude CVS -exclude .svn -exclude .git -exclude .hg -resolve-src-symlinks /Users/shizihan/DailyUse/Github/InkMarkdown/.scratch/architecture-deepening-2026-09-07/evidence/20260907-1415-ticket-27/consumer/DerivedData-InkMarkdownMermaidConsumer/Build/Intermediates.noindex/InkMarkdown.build/Debug-iphonesimulator/InkMarkdown.build/InkMarkdown.modulemap /Users/shizihan/DailyUse/Github/InkMarkdown/.scratch/architecture-deepening-2026-09-07/evidence/20260907-1415-ticket-27/consumer/DerivedData-InkMarkdownMermaidConsumer/Build/Intermediates.noindex/GeneratedModuleMaps-iphonesimulator

ProcessInfoPlistFile /Users/shizihan/DailyUse/Github/InkMarkdown/.scratch/architecture-deepening-2026-09-07/evidence/20260907-1415-ticket-27/consumer/DerivedData-InkMarkdownMermaidConsumer/Build/Products/Debug-iphonesimulator/InkMarkdown_InkMarkdownMermaid.bundle/Info.plist /Users/shizihan/DailyUse/Github/InkMarkdown/.scratch/architecture-deepening-2026-09-07/evidence/20260907-1415-ticket-27/consumer/DerivedData-InkMarkdownMermaidConsumer/Build/Intermediates.noindex/InkMarkdown.build/Debug-iphonesimulator/InkMarkdown_InkMarkdownMermaid.build/empty-InkMarkdown_InkMarkdownMermaid.plist (in target 'InkMarkdown_InkMarkdownMermaid' from project 'InkMarkdown')
    cd /Users/shizihan/DailyUse/Github/InkMarkdown
    builtin-infoPlistUtility /Users/shizihan/DailyUse/Github/InkMarkdown/.scratch/architecture-deepening-2026-09-07/evidence/20260907-1415-ticket-27/consumer/DerivedData-InkMarkdownMermaidConsumer/Build/Intermediates.noindex/InkMarkdown.build/Debug-iphonesimulator/InkMarkdown_InkMarkdownMermaid.build/empty-InkMarkdown_InkMarkdownMermaid.plist -producttype com.apple.product-type.bundle -expandbuildsettings -format binary -platform iphonesimulator -o /Users/shizihan/DailyUse/Github/InkMarkdown/.scratch/architecture-deepening-2026-09-07/evidence/20260907-1415-ticket-27/consumer/DerivedData-InkMarkdownMermaidConsumer/Build/Products/Debug-iphonesimulator/InkMarkdown_InkMarkdownMermaid.bundle/Info.plist

CpResource /Users/shizihan/DailyUse/Github/InkMarkdown/.scratch/architecture-deepening-2026-09-07/evidence/20260907-1415-ticket-27/consumer/DerivedData-InkMarkdownMermaidConsumer/Build/Products/Debug-iphonesimulator/InkMarkdown_InkMarkdownMermaid.bundle/mermaid.min.js /Users/shizihan/DailyUse/Github/InkMarkdown/Sources/InkMarkdownMermaid/Resources/mermaid.min.js (in target 'InkMarkdown_InkMarkdownMermaid' from project 'InkMarkdown')
    cd /Users/shizihan/DailyUse/Github/InkMarkdown
    builtin-copy -exclude .DS_Store -exclude CVS -exclude .svn -exclude .git -exclude .hg -resolve-src-symlinks /Users/shizihan/DailyUse/Github/InkMarkdown/Sources/InkMarkdownMermaid/Resources/mermaid.min.js /Users/shizihan/DailyUse/Github/InkMarkdown/.scratch/architecture-deepening-2026-09-07/evidence/20260907-1415-ticket-27/consumer/DerivedData-InkMarkdownMermaidConsumer/Build/Products/Debug-iphonesimulator/InkMarkdown_InkMarkdownMermaid.bundle

CpResource /Users/shizihan/DailyUse/Github/InkMarkdown/.scratch/architecture-deepening-2026-09-07/evidence/20260907-1415-ticket-27/consumer/DerivedData-InkMarkdownMermaidConsumer/Build/Products/Debug-iphonesimulator/InkMarkdown_InkMarkdownMermaid.bundle/MERMAID-RESOURCE-NOTICE.md /Users/shizihan/DailyUse/Github/InkMarkdown/Sources/InkMarkdownMermaid/Resources/MERMAID-RESOURCE-NOTICE.md (in target 'InkMarkdown_InkMarkdownMermaid' from project 'InkMarkdown')
    cd /Users/shizihan/DailyUse/Github/InkMarkdown
    builtin-copy -exclude .DS_Store -exclude CVS -exclude .svn -exclude .git -exclude .hg -resolve-src-symlinks /Users/shizihan/DailyUse/Github/InkMarkdown/Sources/InkMarkdownMermaid/Resources/MERMAID-RESOURCE-NOTICE.md /Users/shizihan/DailyUse/Github/InkMarkdown/.scratch/architecture-deepening-2026-09-07/evidence/20260907-1415-ticket-27/consumer/DerivedData-InkMarkdownMermaidConsumer/Build/Products/Debug-iphonesimulator/InkMarkdown_InkMarkdownMermaid.bundle

CpResource /Users/shizihan/DailyUse/Github/InkMarkdown/.scratch/architecture-deepening-2026-09-07/evidence/20260907-1415-ticket-27/consumer/DerivedData-InkMarkdownMermaidConsumer/Build/Products/Debug-iphonesimulator/InkMarkdown_InkMarkdownMermaid.bundle/MERMAID-LICENSE.txt /Users/shizihan/DailyUse/Github/InkMarkdown/Sources/InkMarkdownMermaid/Resources/MERMAID-LICENSE.txt (in target 'InkMarkdown_InkMarkdownMermaid' from project 'InkMarkdown')
    cd /Users/shizihan/DailyUse/Github/InkMarkdown
    builtin-copy -exclude .DS_Store -exclude CVS -exclude .svn -exclude .git -exclude .hg -resolve-src-symlinks /Users/shizihan/DailyUse/Github/InkMarkdown/Sources/InkMarkdownMermaid/Resources/MERMAID-LICENSE.txt /Users/shizihan/DailyUse/Github/InkMarkdown/.scratch/architecture-deepening-2026-09-07/evidence/20260907-1415-ticket-27/consumer/DerivedData-InkMarkdownMermaidConsumer/Build/Products/Debug-iphonesimulator/InkMarkdown_InkMarkdownMermaid.bundle

CpResource /Users/shizihan/DailyUse/Github/InkMarkdown/.scratch/architecture-deepening-2026-09-07/evidence/20260907-1415-ticket-27/consumer/DerivedData-InkMarkdownMermaidConsumer/Build/Products/Debug-iphonesimulator/InkMarkdown_InkMarkdownMermaid.bundle/InkMermaidBridge.js /Users/shizihan/DailyUse/Github/InkMarkdown/Sources/InkMarkdownMermaid/Resources/InkMermaidBridge.js (in target 'InkMarkdown_InkMarkdownMermaid' from project 'InkMarkdown')
    cd /Users/shizihan/DailyUse/Github/InkMarkdown
    builtin-copy -exclude .DS_Store -exclude CVS -exclude .svn -exclude .git -exclude .hg -resolve-src-symlinks /Users/shizihan/DailyUse/Github/InkMarkdown/Sources/InkMarkdownMermaid/Resources/InkMermaidBridge.js /Users/shizihan/DailyUse/Github/InkMarkdown/.scratch/architecture-deepening-2026-09-07/evidence/20260907-1415-ticket-27/consumer/DerivedData-InkMarkdownMermaidConsumer/Build/Products/Debug-iphonesimulator/InkMarkdown_InkMarkdownMermaid.bundle

CpResource /Users/shizihan/DailyUse/Github/InkMarkdown/.scratch/architecture-deepening-2026-09-07/evidence/20260907-1415-ticket-27/consumer/DerivedData-InkMarkdownMermaidConsumer/Build/Products/Debug-iphonesimulator/InkMarkdown_InkMarkdownMermaid.bundle/InkMermaidBridge.html /Users/shizihan/DailyUse/Github/InkMarkdown/Sources/InkMarkdownMermaid/Resources/InkMermaidBridge.html (in target 'InkMarkdown_InkMarkdownMermaid' from project 'InkMarkdown')
    cd /Users/shizihan/DailyUse/Github/InkMarkdown
    builtin-copy -exclude .DS_Store -exclude CVS -exclude .svn -exclude .git -exclude .hg -resolve-src-symlinks /Users/shizihan/DailyUse/Github/InkMarkdown/Sources/InkMarkdownMermaid/Resources/InkMermaidBridge.html /Users/shizihan/DailyUse/Github/InkMarkdown/.scratch/architecture-deepening-2026-09-07/evidence/20260907-1415-ticket-27/consumer/DerivedData-InkMarkdownMermaidConsumer/Build/Products/Debug-iphonesimulator/InkMarkdown_InkMarkdownMermaid.bundle

CodeSign /Users/shizihan/DailyUse/Github/InkMarkdown/.scratch/architecture-deepening-2026-09-07/evidence/20260907-1415-ticket-27/consumer/DerivedData-InkMarkdownMermaidConsumer/Build/Products/Debug-iphonesimulator/InkMarkdown_InkMarkdownMermaid.bundle (in target 'InkMarkdown_InkMarkdownMermaid' from project 'InkMarkdown')
    cd /Users/shizihan/DailyUse/Github/InkMarkdown
    
    Signing Identity:     "Sign to Run Locally"
    
    /usr/bin/codesign --force --sign - --timestamp\=none --generate-entitlement-der /Users/shizihan/DailyUse/Github/InkMarkdown/.scratch/architecture-deepening-2026-09-07/evidence/20260907-1415-ticket-27/consumer/DerivedData-InkMarkdownMermaidConsumer/Build/Products/Debug-iphonesimulator/InkMarkdown_InkMarkdownMermaid.bundle

RegisterExecutionPolicyException /Users/shizihan/DailyUse/Github/InkMarkdown/.scratch/architecture-deepening-2026-09-07/evidence/20260907-1415-ticket-27/consumer/DerivedData-InkMarkdownMermaidConsumer/Build/Products/Debug-iphonesimulator/InkMarkdown_InkMarkdownMermaid.bundle (in target 'InkMarkdown_InkMarkdownMermaid' from project 'InkMarkdown')
    cd /Users/shizihan/DailyUse/Github/InkMarkdown
    builtin-RegisterExecutionPolicyException /Users/shizihan/DailyUse/Github/InkMarkdown/.scratch/architecture-deepening-2026-09-07/evidence/20260907-1415-ticket-27/consumer/DerivedData-InkMarkdownMermaidConsumer/Build/Products/Debug-iphonesimulator/InkMarkdown_InkMarkdownMermaid.bundle

Touch /Users/shizihan/DailyUse/Github/InkMarkdown/.scratch/architecture-deepening-2026-09-07/evidence/20260907-1415-ticket-27/consumer/DerivedData-InkMarkdownMermaidConsumer/Build/Products/Debug-iphonesimulator/InkMarkdown_InkMarkdownMermaid.bundle (in target 'InkMarkdown_InkMarkdownMermaid' from project 'InkMarkdown')
    cd /Users/shizihan/DailyUse/Github/InkMarkdown
    /usr/bin/touch -c /Users/shizihan/DailyUse/Github/InkMarkdown/.scratch/architecture-deepening-2026-09-07/evidence/20260907-1415-ticket-27/consumer/DerivedData-InkMarkdownMermaidConsumer/Build/Products/Debug-iphonesimulator/InkMarkdown_InkMarkdownMermaid.bundle

ScanDependencies /Users/shizihan/DailyUse/Github/InkMarkdown/.scratch/architecture-deepening-2026-09-07/evidence/20260907-1415-ticket-27/consumer/DerivedData-InkMarkdownMermaidConsumer/Build/Intermediates.noindex/cmark-gfm.build/Debug-iphonesimulator/cmark-gfm.build/Objects-normal/arm64/utf8.o /Users/shizihan/DailyUse/Github/InkMarkdown/Packages/Caches/swift-cmark/src/utf8.c normal arm64 c com.apple.compilers.llvm.clang.1_0.compiler (in target 'cmark-gfm' from project 'cmark-gfm')
    cd /Users/shizihan/DailyUse/Github/InkMarkdown/.github/fixtures/consumer-smoke/.swiftpm/xcode
    
    Using response file: /Users/shizihan/DailyUse/Github/InkMarkdown/.scratch/architecture-deepening-2026-09-07/evidence/20260907-1415-ticket-27/consumer/DerivedData-InkMarkdownMermaidConsumer/Build/Intermediates.noindex/cmark-gfm.build/Debug-iphonesimulator/cmark-gfm.build/Objects-normal/arm64/7187679823f38a2a940e0043cdf9d637-common-args.resp
    
    builtin-ScanDependencies -o /Users/shizihan/DailyUse/Github/InkMarkdown/.scratch/architecture-deepening-2026-09-07/evidence/20260907-1415-ticket-27/consumer/DerivedData-InkMarkdownMermaidConsumer/Build/Intermediates.noindex/cmark-gfm.build/Debug-iphonesimulator/cmark-gfm.build/Objects-normal/arm64/utf8.o.scan -- /Applications/Xcode.app/Contents/Developer/Toolchains/XcodeDefault.xctoolchain/usr/bin/clang -x c -ivfsstatcache /Users/shizihan/DailyUse/Github/InkMarkdown/.scratch/architecture-deepening-2026-09-07/evidence/20260907-1415-ticket-27/consumer/DerivedData-InkMarkdownMermaidConsumer/SDKStatCaches.noindex/iphonesimulator26.5-23F81a-6cfe768891a92b912361537c460fe42b.sdkstatcache -target arm64-apple-ios12.0-simulator -fmessage-length\=0 -fdiagnostics-show-note-include-stack -fmacro-backtrace-limit\=0 -fno-color-diagnostics -fmodules-prune-interval\=86400 -fmodules-prune-after\=345600 -fbuild-session-file\=/Users/shizihan/DailyUse/Github/InkMarkdown/.scratch/architecture-deepening-2026-09-07/evidence/20260907-1415-ticket-27/consumer/DerivedData-InkMarkdownMermaidConsumer/ModuleCache.noindex/Session.modulevalidation -fmodules-validate-once-per-build-session -Wnon-modular-include-in-framework-module -Werror\=non-modular-include-in-framework-module -Wno-trigraphs -Wno-missing-field-initializers -Wno-missing-prototypes -Wno-return-type -Wno-missing-braces -Wparentheses -Wswitch -Wno-unused-function -Wno-unused-label -Wno-unused-parameter -Wno-unused-variable -Wunused-value -Wno-empty-body -Wno-uninitialized -Wno-unknown-pragmas -w -Wno-shadow -Wno-four-char-constants -Wno-conversion -Wno-constant-conversion -Wno-int-conversion -Wno-bool-conversion -Wno-enum-conversion -Wno-float-conversion -Wno-non-literal-null-conversion -Wno-objc-literal-conversion -Wshorten-64-to-32 -Wpointer-sign -Wno-newline-eof -Wno-implicit-fallthrough -isysroot /Applications/Xcode.app/Contents/Developer/Platforms/iPhoneSimulator.platform/Developer/SDKs/iPhoneSimulator26.5.sdk -fstrict-aliasing -Wdeprecated-declarations -Wno-sign-conversion -Wno-infinite-recursion -Wno-comma -Wno-block-capture-autoreleasing -Wno-strict-prototypes -Wno-semicolon-before-method-body -index-store-path /Users/shizihan/DailyUse/Github/InkMarkdown/.scratch/architecture-deepening-2026-09-07/evidence/20260907-1415-ticket-27/consumer/DerivedData-InkMarkdownMermaidConsumer/Index.noindex/DataStore @/Users/shizihan/DailyUse/Github/InkMarkdown/.scratch/architecture-deepening-2026-09-07/evidence/20260907-1415-ticket-27/consumer/DerivedData-InkMarkdownMermaidConsumer/Build/Intermediates.noindex/cmark-gfm.build/Debug-iphonesimulator/cmark-gfm.build/Objects-normal/arm64/7187679823f38a2a940e0043cdf9d637-common-args.resp -MMD -MT dependencies -MF /Users/shizihan/DailyUse/Github/InkMarkdown/.scratch/architecture-deepening-2026-09-07/evidence/20260907-1415-ticket-27/consumer/DerivedData-InkMarkdownMermaidConsumer/Build/Intermediates.noindex/cmark-gfm.build/Debug-iphonesimulator/cmark-gfm.build/Objects-normal/arm64/utf8.d --serialize-diagnostics /Users/shizihan/DailyUse/Github/InkMarkdown/.scratch/architecture-deepening-2026-09-07/evidence/20260907-1415-ticket-27/consumer/DerivedData-InkMarkdownMermaidConsumer/Build/Intermediates.noindex/cmark-gfm.build/Debug-iphonesimulator/cmark-gfm.build/Objects-normal/arm64/utf8.dia -c /Users/shizihan/DailyUse/Github/InkMarkdown/Packages/Caches/swift-cmark/src/utf8.c -o /Users/shizihan/DailyUse/Github/InkMarkdown/.scratch/architecture-deepening-2026-09-07/evidence/20260907-1415-ticket-27/consumer/DerivedData-InkMarkdownMermaidConsumer/Build/Intermediates.noindex/cmark-gfm.build/Debug-iphonesimulator/cmark-gfm.build/Objects-normal/arm64/utf8.o -index-unit-output-path /cmark-gfm.build/Debug-iphonesimulator/cmark-gfm.build/Objects-normal/arm64/utf8.o

ScanDependencies /Users/shizihan/DailyUse/Github/InkMarkdown/.scratch/architecture-deepening-2026-09-07/evidence/20260907-1415-ticket-27/consumer/DerivedData-InkMarkdownMermaidConsumer/Build/Intermediates.noindex/cmark-gfm.build/Debug-iphonesimulator/cmark-gfm.build/Objects-normal/arm64/xml.o /Users/shizihan/DailyUse/Github/InkMarkdown/Packages/Caches/swift-cmark/src/xml.c normal arm64 c com.apple.compilers.llvm.clang.1_0.compiler (in target 'cmark-gfm' from project 'cmark-gfm')
    cd /Users/shizihan/DailyUse/Github/InkMarkdown/.github/fixtures/consumer-smoke/.swiftpm/xcode
    
    Using response file: /Users/shizihan/DailyUse/Github/InkMarkdown/.scratch/architecture-deepening-2026-09-07/evidence/20260907-1415-ticket-27/consumer/DerivedData-InkMarkdownMermaidConsumer/Build/Intermediates.noindex/cmark-gfm.build/Debug-iphonesimulator/cmark-gfm.build/Objects-normal/arm64/7187679823f38a2a940e0043cdf9d637-common-args.resp
    
    builtin-ScanDependencies -o /Users/shizihan/DailyUse/Github/InkMarkdown/.scratch/architecture-deepening-2026-09-07/evidence/20260907-1415-ticket-27/consumer/DerivedData-InkMarkdownMermaidConsumer/Build/Intermediates.noindex/cmark-gfm.build/Debug-iphonesimulator/cmark-gfm.build/Objects-normal/arm64/xml.o.scan -- /Applications/Xcode.app/Contents/Developer/Toolchains/XcodeDefault.xctoolchain/usr/bin/clang -x c -ivfsstatcache /Users/shizihan/DailyUse/Github/InkMarkdown/.scratch/architecture-deepening-2026-09-07/evidence/20260907-1415-ticket-27/consumer/DerivedData-InkMarkdownMermaidConsumer/SDKStatCaches.noindex/iphonesimulator26.5-23F81a-6cfe768891a92b912361537c460fe42b.sdkstatcache -target arm64-apple-ios12.0-simulator -fmessage-length\=0 -fdiagnostics-show-note-include-stack -fmacro-backtrace-limit\=0 -fno-color-diagnostics -fmodules-prune-interval\=86400 -fmodules-prune-after\=345600 -fbuild-session-file\=/Users/shizihan/DailyUse/Github/InkMarkdown/.scratch/architecture-deepening-2026-09-07/evidence/20260907-1415-ticket-27/consumer/DerivedData-InkMarkdownMermaidConsumer/ModuleCache.noindex/Session.modulevalidation -fmodules-validate-once-per-build-session -Wnon-modular-include-in-framework-module -Werror\=non-modular-include-in-framework-module -Wno-trigraphs -Wno-missing-field-initializers -Wno-missing-prototypes -Wno-return-type -Wno-missing-braces -Wparentheses -Wswitch -Wno-unused-function -Wno-unused-label -Wno-unused-parameter -Wno-unused-variable -Wunused-value -Wno-empty-body -Wno-uninitialized -Wno-unknown-pragmas -w -Wno-shadow -Wno-four-char-constants -Wno-conversion -Wno-constant-conversion -Wno-int-conversion -Wno-bool-conversion -Wno-enum-conversion -Wno-float-conversion -Wno-non-literal-null-conversion -Wno-objc-literal-conversion -Wshorten-64-to-32 -Wpointer-sign -Wno-newline-eof -Wno-implicit-fallthrough -isysroot /Applications/Xcode.app/Contents/Developer/Platforms/iPhoneSimulator.platform/Developer/SDKs/iPhoneSimulator26.5.sdk -fstrict-aliasing -Wdeprecated-declarations -Wno-sign-conversion -Wno-infinite-recursion -Wno-comma -Wno-block-capture-autoreleasing -Wno-strict-prototypes -Wno-semicolon-before-method-body -index-store-path /Users/shizihan/DailyUse/Github/InkMarkdown/.scratch/architecture-deepening-2026-09-07/evidence/20260907-1415-ticket-27/consumer/DerivedData-InkMarkdownMermaidConsumer/Index.noindex/DataStore @/Users/shizihan/DailyUse/Github/InkMarkdown/.scratch/architecture-deepening-2026-09-07/evidence/20260907-1415-ticket-27/consumer/DerivedData-InkMarkdownMermaidConsumer/Build/Intermediates.noindex/cmark-gfm.build/Debug-iphonesimulator/cmark-gfm.build/Objects-normal/arm64/7187679823f38a2a940e0043cdf9d637-common-args.resp -MMD -MT dependencies -MF /Users/shizihan/DailyUse/Github/InkMarkdown/.scratch/architecture-deepening-2026-09-07/evidence/20260907-1415-ticket-27/consumer/DerivedData-InkMarkdownMermaidConsumer/Build/Intermediates.noindex/cmark-gfm.build/Debug-iphonesimulator/cmark-gfm.build/Objects-normal/arm64/xml.d --serialize-diagnostics /Users/shizihan/DailyUse/Github/InkMarkdown/.scratch/architecture-deepening-2026-09-07/evidence/20260907-1415-ticket-27/consumer/DerivedData-InkMarkdownMermaidConsumer/Build/Intermediates.noindex/cmark-gfm.build/Debug-iphonesimulator/cmark-gfm.build/Objects-normal/arm64/xml.dia -c /Users/shizihan/DailyUse/Github/InkMarkdown/Packages/Caches/swift-cmark/src/xml.c -o /Users/shizihan/DailyUse/Github/InkMarkdown/.scratch/architecture-deepening-2026-09-07/evidence/20260907-1415-ticket-27/consumer/DerivedData-InkMarkdownMermaidConsumer/Build/Intermediates.noindex/cmark-gfm.build/Debug-iphonesimulator/cmark-gfm.build/Objects-normal/arm64/xml.o -index-unit-output-path /cmark-gfm.build/Debug-iphonesimulator/cmark-gfm.build/Objects-normal/arm64/xml.o

ScanDependencies /Users/shizihan/DailyUse/Github/InkMarkdown/.scratch/architecture-deepening-2026-09-07/evidence/20260907-1415-ticket-27/consumer/DerivedData-InkMarkdownMermaidConsumer/Build/Intermediates.noindex/cmark-gfm.build/Debug-iphonesimulator/cmark-gfm.build/Objects-normal/arm64/scanners.o /Users/shizihan/DailyUse/Github/InkMarkdown/Packages/Caches/swift-cmark/src/scanners.c normal arm64 c com.apple.compilers.llvm.clang.1_0.compiler (in target 'cmark-gfm' from project 'cmark-gfm')
    cd /Users/shizihan/DailyUse/Github/InkMarkdown/.github/fixtures/consumer-smoke/.swiftpm/xcode
    
    Using response file: /Users/shizihan/DailyUse/Github/InkMarkdown/.scratch/architecture-deepening-2026-09-07/evidence/20260907-1415-ticket-27/consumer/DerivedData-InkMarkdownMermaidConsumer/Build/Intermediates.noindex/cmark-gfm.build/Debug-iphonesimulator/cmark-gfm.build/Objects-normal/arm64/7187679823f38a2a940e0043cdf9d637-common-args.resp
    
    builtin-ScanDependencies -o /Users/shizihan/DailyUse/Github/InkMarkdown/.scratch/architecture-deepening-2026-09-07/evidence/20260907-1415-ticket-27/consumer/DerivedData-InkMarkdownMermaidConsumer/Build/Intermediates.noindex/cmark-gfm.build/Debug-iphonesimulator/cmark-gfm.build/Objects-normal/arm64/scanners.o.scan -- /Applications/Xcode.app/Contents/Developer/Toolchains/XcodeDefault.xctoolchain/usr/bin/clang -x c -ivfsstatcache /Users/shizihan/DailyUse/Github/InkMarkdown/.scratch/architecture-deepening-2026-09-07/evidence/20260907-1415-ticket-27/consumer/DerivedData-InkMarkdownMermaidConsumer/SDKStatCaches.noindex/iphonesimulator26.5-23F81a-6cfe768891a92b912361537c460fe42b.sdkstatcache -target arm64-apple-ios12.0-simulator -fmessage-length\=0 -fdiagnostics-show-note-include-stack -fmacro-backtrace-limit\=0 -fno-color-diagnostics -fmodules-prune-interval\=86400 -fmodules-prune-after\=345600 -fbuild-session-file\=/Users/shizihan/DailyUse/Github/InkMarkdown/.scratch/architecture-deepening-2026-09-07/evidence/20260907-1415-ticket-27/consumer/DerivedData-InkMarkdownMermaidConsumer/ModuleCache.noindex/Session.modulevalidation -fmodules-validate-once-per-build-session -Wnon-modular-include-in-framework-module -Werror\=non-modular-include-in-framework-module -Wno-trigraphs -Wno-missing-field-initializers -Wno-missing-prototypes -Wno-return-type -Wno-missing-braces -Wparentheses -Wswitch -Wno-unused-function -Wno-unused-label -Wno-unused-parameter -Wno-unused-variable -Wunused-value -Wno-empty-body -Wno-uninitialized -Wno-unknown-pragmas -w -Wno-shadow -Wno-four-char-constants -Wno-conversion -Wno-constant-conversion -Wno-int-conversion -Wno-bool-conversion -Wno-enum-conversion -Wno-float-conversion -Wno-non-literal-null-conversion -Wno-objc-literal-conversion -Wshorten-64-to-32 -Wpointer-sign -Wno-newline-eof -Wno-implicit-fallthrough -isysroot /Applications/Xcode.app/Contents/Developer/Platforms/iPhoneSimulator.platform/Developer/SDKs/iPhoneSimulator26.5.sdk -fstrict-aliasing -Wdeprecated-declarations -Wno-sign-conversion -Wno-infinite-recursion -Wno-comma -Wno-block-capture-autoreleasing -Wno-strict-prototypes -Wno-semicolon-before-method-body -index-store-path /Users/shizihan/DailyUse/Github/InkMarkdown/.scratch/architecture-deepening-2026-09-07/evidence/20260907-1415-ticket-27/consumer/DerivedData-InkMarkdownMermaidConsumer/Index.noindex/DataStore @/Users/shizihan/DailyUse/Github/InkMarkdown/.scratch/architecture-deepening-2026-09-07/evidence/20260907-1415-ticket-27/consumer/DerivedData-InkMarkdownMermaidConsumer/Build/Intermediates.noindex/cmark-gfm.build/Debug-iphonesimulator/cmark-gfm.build/Objects-normal/arm64/7187679823f38a2a940e0043cdf9d637-common-args.resp -MMD -MT dependencies -MF /Users/shizihan/DailyUse/Github/InkMarkdown/.scratch/architecture-deepening-2026-09-07/evidence/20260907-1415-ticket-27/consumer/DerivedData-InkMarkdownMermaidConsumer/Build/Intermediates.noindex/cmark-gfm.build/Debug-iphonesimulator/cmark-gfm.build/Objects-normal/arm64/scanners.d --serialize-diagnostics /Users/shizihan/DailyUse/Github/InkMarkdown/.scratch/architecture-deepening-2026-09-07/evidence/20260907-1415-ticket-27/consumer/DerivedData-InkMarkdownMermaidConsumer/Build/Intermediates.noindex/cmark-gfm.build/Debug-iphonesimulator/cmark-gfm.build/Objects-normal/arm64/scanners.dia -c /Users/shizihan/DailyUse/Github/InkMarkdown/Packages/Caches/swift-cmark/src/scanners.c -o /Users/shizihan/DailyUse/Github/InkMarkdown/.scratch/architecture-deepening-2026-09-07/evidence/20260907-1415-ticket-27/consumer/DerivedData-InkMarkdownMermaidConsumer/Build/Intermediates.noindex/cmark-gfm.build/Debug-iphonesimulator/cmark-gfm.build/Objects-normal/arm64/scanners.o -index-unit-output-path /cmark-gfm.build/Debug-iphonesimulator/cmark-gfm.build/Objects-normal/arm64/scanners.o

ScanDependencies /Users/shizihan/DailyUse/Github/InkMarkdown/.scratch/architecture-deepening-2026-09-07/evidence/20260907-1415-ticket-27/consumer/DerivedData-InkMarkdownMermaidConsumer/Build/Intermediates.noindex/cmark-gfm.build/Debug-iphonesimulator/cmark-gfm.build/Objects-normal/arm64/syntax_extension.o /Users/shizihan/DailyUse/Github/InkMarkdown/Packages/Caches/swift-cmark/src/syntax_extension.c normal arm64 c com.apple.compilers.llvm.clang.1_0.compiler (in target 'cmark-gfm' from project 'cmark-gfm')
    cd /Users/shizihan/DailyUse/Github/InkMarkdown/.github/fixtures/consumer-smoke/.swiftpm/xcode
    
    Using response file: /Users/shizihan/DailyUse/Github/InkMarkdown/.scratch/architecture-deepening-2026-09-07/evidence/20260907-1415-ticket-27/consumer/DerivedData-InkMarkdownMermaidConsumer/Build/Intermediates.noindex/cmark-gfm.build/Debug-iphonesimulator/cmark-gfm.build/Objects-normal/arm64/7187679823f38a2a940e0043cdf9d637-common-args.resp
    
    builtin-ScanDependencies -o /Users/shizihan/DailyUse/Github/InkMarkdown/.scratch/architecture-deepening-2026-09-07/evidence/20260907-1415-ticket-27/consumer/DerivedData-InkMarkdownMermaidConsumer/Build/Intermediates.noindex/cmark-gfm.build/Debug-iphonesimulator/cmark-gfm.build/Objects-normal/arm64/syntax_extension.o.scan -- /Applications/Xcode.app/Contents/Developer/Toolchains/XcodeDefault.xctoolchain/usr/bin/clang -x c -ivfsstatcache /Users/shizihan/DailyUse/Github/InkMarkdown/.scratch/architecture-deepening-2026-09-07/evidence/20260907-1415-ticket-27/consumer/DerivedData-InkMarkdownMermaidConsumer/SDKStatCaches.noindex/iphonesimulator26.5-23F81a-6cfe768891a92b912361537c460fe42b.sdkstatcache -target arm64-apple-ios12.0-simulator -fmessage-length\=0 -fdiagnostics-show-note-include-stack -fmacro-backtrace-limit\=0 -fno-color-diagnostics -fmodules-prune-interval\=86400 -fmodules-prune-after\=345600 -fbuild-session-file\=/Users/shizihan/DailyUse/Github/InkMarkdown/.scratch/architecture-deepening-2026-09-07/evidence/20260907-1415-ticket-27/consumer/DerivedData-InkMarkdownMermaidConsumer/ModuleCache.noindex/Session.modulevalidation -fmodules-validate-once-per-build-session -Wnon-modular-include-in-framework-module -Werror\=non-modular-include-in-framework-module -Wno-trigraphs -Wno-missing-field-initializers -Wno-missing-prototypes -Wno-return-type -Wno-missing-braces -Wparentheses -Wswitch -Wno-unused-function -Wno-unused-label -Wno-unused-parameter -Wno-unused-variable -Wunused-value -Wno-empty-body -Wno-uninitialized -Wno-unknown-pragmas -w -Wno-shadow -Wno-four-char-constants -Wno-conversion -Wno-constant-conversion -Wno-int-conversion -Wno-bool-conversion -Wno-enum-conversion -Wno-float-conversion -Wno-non-literal-null-conversion -Wno-objc-literal-conversion -Wshorten-64-to-32 -Wpointer-sign -Wno-newline-eof -Wno-implicit-fallthrough -isysroot /Applications/Xcode.app/Contents/Developer/Platforms/iPhoneSimulator.platform/Developer/SDKs/iPhoneSimulator26.5.sdk -fstrict-aliasing -Wdeprecated-declarations -Wno-sign-conversion -Wno-infinite-recursion -Wno-comma -Wno-block-capture-autoreleasing -Wno-strict-prototypes -Wno-semicolon-before-method-body -index-store-path /Users/shizihan/DailyUse/Github/InkMarkdown/.scratch/architecture-deepening-2026-09-07/evidence/20260907-1415-ticket-27/consumer/DerivedData-InkMarkdownMermaidConsumer/Index.noindex/DataStore @/Users/shizihan/DailyUse/Github/InkMarkdown/.scratch/architecture-deepening-2026-09-07/evidence/20260907-1415-ticket-27/consumer/DerivedData-InkMarkdownMermaidConsumer/Build/Intermediates.noindex/cmark-gfm.build/Debug-iphonesimulator/cmark-gfm.build/Objects-normal/arm64/7187679823f38a2a940e0043cdf9d637-common-args.resp -MMD -MT dependencies -MF /Users/shizihan/DailyUse/Github/InkMarkdown/.scratch/architecture-deepening-2026-09-07/evidence/20260907-1415-ticket-27/consumer/DerivedData-InkMarkdownMermaidConsumer/Build/Intermediates.noindex/cmark-gfm.build/Debug-iphonesimulator/cmark-gfm.build/Objects-normal/arm64/syntax_extension.d --serialize-diagnostics /Users/shizihan/DailyUse/Github/InkMarkdown/.scratch/architecture-deepening-2026-09-07/evidence/20260907-1415-ticket-27/consumer/DerivedData-InkMarkdownMermaidConsumer/Build/Intermediates.noindex/cmark-gfm.build/Debug-iphonesimulator/cmark-gfm.build/Objects-normal/arm64/syntax_extension.dia -c /Users/shizihan/DailyUse/Github/InkMarkdown/Packages/Caches/swift-cmark/src/syntax_extension.c -o /Users/shizihan/DailyUse/Github/InkMarkdown/.scratch/architecture-deepening-2026-09-07/evidence/20260907-1415-ticket-27/consumer/DerivedData-InkMarkdownMermaidConsumer/Build/Intermediates.noindex/cmark-gfm.build/Debug-iphonesimulator/cmark-gfm.build/Objects-normal/arm64/syntax_extension.o -index-unit-output-path /cmark-gfm.build/Debug-iphonesimulator/cmark-gfm.build/Objects-normal/arm64/syntax_extension.o

ScanDependencies /Users/shizihan/DailyUse/Github/InkMarkdown/.scratch/architecture-deepening-2026-09-07/evidence/20260907-1415-ticket-27/consumer/DerivedData-InkMarkdownMermaidConsumer/Build/Intermediates.noindex/cmark-gfm.build/Debug-iphonesimulator/cmark-gfm.build/Objects-normal/arm64/render.o /Users/shizihan/DailyUse/Github/InkMarkdown/Packages/Caches/swift-cmark/src/render.c normal arm64 c com.apple.compilers.llvm.clang.1_0.compiler (in target 'cmark-gfm' from project 'cmark-gfm')
    cd /Users/shizihan/DailyUse/Github/InkMarkdown/.github/fixtures/consumer-smoke/.swiftpm/xcode
    
    Using response file: /Users/shizihan/DailyUse/Github/InkMarkdown/.scratch/architecture-deepening-2026-09-07/evidence/20260907-1415-ticket-27/consumer/DerivedData-InkMarkdownMermaidConsumer/Build/Intermediates.noindex/cmark-gfm.build/Debug-iphonesimulator/cmark-gfm.build/Objects-normal/arm64/7187679823f38a2a940e0043cdf9d637-common-args.resp
    
    builtin-ScanDependencies -o /Users/shizihan/DailyUse/Github/InkMarkdown/.scratch/architecture-deepening-2026-09-07/evidence/20260907-1415-ticket-27/consumer/DerivedData-InkMarkdownMermaidConsumer/Build/Intermediates.noindex/cmark-gfm.build/Debug-iphonesimulator/cmark-gfm.build/Objects-normal/arm64/render.o.scan -- /Applications/Xcode.app/Contents/Developer/Toolchains/XcodeDefault.xctoolchain/usr/bin/clang -x c -ivfsstatcache /Users/shizihan/DailyUse/Github/InkMarkdown/.scratch/architecture-deepening-2026-09-07/evidence/20260907-1415-ticket-27/consumer/DerivedData-InkMarkdownMermaidConsumer/SDKStatCaches.noindex/iphonesimulator26.5-23F81a-6cfe768891a92b912361537c460fe42b.sdkstatcache -target arm64-apple-ios12.0-simulator -fmessage-length\=0 -fdiagnostics-show-note-include-stack -fmacro-backtrace-limit\=0 -fno-color-diagnostics -fmodules-prune-interval\=86400 -fmodules-prune-after\=345600 -fbuild-session-file\=/Users/shizihan/DailyUse/Github/InkMarkdown/.scratch/architecture-deepening-2026-09-07/evidence/20260907-1415-ticket-27/consumer/DerivedData-InkMarkdownMermaidConsumer/ModuleCache.noindex/Session.modulevalidation -fmodules-validate-once-per-build-session -Wnon-modular-include-in-framework-module -Werror\=non-modular-include-in-framework-module -Wno-trigraphs -Wno-missing-field-initializers -Wno-missing-prototypes -Wno-return-type -Wno-missing-braces -Wparentheses -Wswitch -Wno-unused-function -Wno-unused-label -Wno-unused-parameter -Wno-unused-variable -Wunused-value -Wno-empty-body -Wno-uninitialized -Wno-unknown-pragmas -w -Wno-shadow -Wno-four-char-constants -Wno-conversion -Wno-constant-conversion -Wno-int-conversion -Wno-bool-conversion -Wno-enum-conversion -Wno-float-conversion -Wno-non-literal-null-conversion -Wno-objc-literal-conversion -Wshorten-64-to-32 -Wpointer-sign -Wno-newline-eof -Wno-implicit-fallthrough -isysroot /Applications/Xcode.app/Contents/Developer/Platforms/iPhoneSimulator.platform/Developer/SDKs/iPhoneSimulator26.5.sdk -fstrict-aliasing -Wdeprecated-declarations -Wno-sign-conversion -Wno-infinite-recursion -Wno-comma -Wno-block-capture-autoreleasing -Wno-strict-prototypes -Wno-semicolon-before-method-body -index-store-path /Users/shizihan/DailyUse/Github/InkMarkdown/.scratch/architecture-deepening-2026-09-07/evidence/20260907-1415-ticket-27/consumer/DerivedData-InkMarkdownMermaidConsumer/Index.noindex/DataStore @/Users/shizihan/DailyUse/Github/InkMarkdown/.scratch/architecture-deepening-2026-09-07/evidence/20260907-1415-ticket-27/consumer/DerivedData-InkMarkdownMermaidConsumer/Build/Intermediates.noindex/cmark-gfm.build/Debug-iphonesimulator/cmark-gfm.build/Objects-normal/arm64/7187679823f38a2a940e0043cdf9d637-common-args.resp -MMD -MT dependencies -MF /Users/shizihan/DailyUse/Github/InkMarkdown/.scratch/architecture-deepening-2026-09-07/evidence/20260907-1415-ticket-27/consumer/DerivedData-InkMarkdownMermaidConsumer/Build/Intermediates.noindex/cmark-gfm.build/Debug-iphonesimulator/cmark-gfm.build/Objects-normal/arm64/render.d --serialize-diagnostics /Users/shizihan/DailyUse/Github/InkMarkdown/.scratch/architecture-deepening-2026-09-07/evidence/20260907-1415-ticket-27/consumer/DerivedData-InkMarkdownMermaidConsumer/Build/Intermediates.noindex/cmark-gfm.build/Debug-iphonesimulator/cmark-gfm.build/Objects-normal/arm64/render.dia -c /Users/shizihan/DailyUse/Github/InkMarkdown/Packages/Caches/swift-cmark/src/render.c -o /Users/shizihan/DailyUse/Github/InkMarkdown/.scratch/architecture-deepening-2026-09-07/evidence/20260907-1415-ticket-27/consumer/DerivedData-InkMarkdownMermaidConsumer/Build/Intermediates.noindex/cmark-gfm.build/Debug-iphonesimulator/cmark-gfm.build/Objects-normal/arm64/render.o -index-unit-output-path /cmark-gfm.build/Debug-iphonesimulator/cmark-gfm.build/Objects-normal/arm64/render.o

ScanDependencies /Users/shizihan/DailyUse/Github/InkMarkdown/.scratch/architecture-deepening-2026-09-07/evidence/20260907-1415-ticket-27/consumer/DerivedData-InkMarkdownMermaidConsumer/Build/Intermediates.noindex/cmark-gfm.build/Debug-iphonesimulator/cmark-gfm.build/Objects-normal/arm64/registry.o /Users/shizihan/DailyUse/Github/InkMarkdown/Packages/Caches/swift-cmark/src/registry.c normal arm64 c com.apple.compilers.llvm.clang.1_0.compiler (in target 'cmark-gfm' from project 'cmark-gfm')
    cd /Users/shizihan/DailyUse/Github/InkMarkdown/.github/fixtures/consumer-smoke/.swiftpm/xcode
    
    Using response file: /Users/shizihan/DailyUse/Github/InkMarkdown/.scratch/architecture-deepening-2026-09-07/evidence/20260907-1415-ticket-27/consumer/DerivedData-InkMarkdownMermaidConsumer/Build/Intermediates.noindex/cmark-gfm.build/Debug-iphonesimulator/cmark-gfm.build/Objects-normal/arm64/7187679823f38a2a940e0043cdf9d637-common-args.resp
    
    builtin-ScanDependencies -o /Users/shizihan/DailyUse/Github/InkMarkdown/.scratch/architecture-deepening-2026-09-07/evidence/20260907-1415-ticket-27/consumer/DerivedData-InkMarkdownMermaidConsumer/Build/Intermediates.noindex/cmark-gfm.build/Debug-iphonesimulator/cmark-gfm.build/Objects-normal/arm64/registry.o.scan -- /Applications/Xcode.app/Contents/Developer/Toolchains/XcodeDefault.xctoolchain/usr/bin/clang -x c -ivfsstatcache /Users/shizihan/DailyUse/Github/InkMarkdown/.scratch/architecture-deepening-2026-09-07/evidence/20260907-1415-ticket-27/consumer/DerivedData-InkMarkdownMermaidConsumer/SDKStatCaches.noindex/iphonesimulator26.5-23F81a-6cfe768891a92b912361537c460fe42b.sdkstatcache -target arm64-apple-ios12.0-simulator -fmessage-length\=0 -fdiagnostics-show-note-include-stack -fmacro-backtrace-limit\=0 -fno-color-diagnostics -fmodules-prune-interval\=86400 -fmodules-prune-after\=345600 -fbuild-session-file\=/Users/shizihan/DailyUse/Github/InkMarkdown/.scratch/architecture-deepening-2026-09-07/evidence/20260907-1415-ticket-27/consumer/DerivedData-InkMarkdownMermaidConsumer/ModuleCache.noindex/Session.modulevalidation -fmodules-validate-once-per-build-session -Wnon-modular-include-in-framework-module -Werror\=non-modular-include-in-framework-module -Wno-trigraphs -Wno-missing-field-initializers -Wno-missing-prototypes -Wno-return-type -Wno-missing-braces -Wparentheses -Wswitch -Wno-unused-function -Wno-unused-label -Wno-unused-parameter -Wno-unused-variable -Wunused-value -Wno-empty-body -Wno-uninitialized -Wno-unknown-pragmas -w -Wno-shadow -Wno-four-char-constants -Wno-conversion -Wno-constant-conversion -Wno-int-conversion -Wno-bool-conversion -Wno-enum-conversion -Wno-float-conversion -Wno-non-literal-null-conversion -Wno-objc-literal-conversion -Wshorten-64-to-32 -Wpointer-sign -Wno-newline-eof -Wno-implicit-fallthrough -isysroot /Applications/Xcode.app/Contents/Developer/Platforms/iPhoneSimulator.platform/Developer/SDKs/iPhoneSimulator26.5.sdk -fstrict-aliasing -Wdeprecated-declarations -Wno-sign-conversion -Wno-infinite-recursion -Wno-comma -Wno-block-capture-autoreleasing -Wno-strict-prototypes -Wno-semicolon-before-method-body -index-store-path /Users/shizihan/DailyUse/Github/InkMarkdown/.scratch/architecture-deepening-2026-09-07/evidence/20260907-1415-ticket-27/consumer/DerivedData-InkMarkdownMermaidConsumer/Index.noindex/DataStore @/Users/shizihan/DailyUse/Github/InkMarkdown/.scratch/architecture-deepening-2026-09-07/evidence/20260907-1415-ticket-27/consumer/DerivedData-InkMarkdownMermaidConsumer/Build/Intermediates.noindex/cmark-gfm.build/Debug-iphonesimulator/cmark-gfm.build/Objects-normal/arm64/7187679823f38a2a940e0043cdf9d637-common-args.resp -MMD -MT dependencies -MF /Users/shizihan/DailyUse/Github/InkMarkdown/.scratch/architecture-deepening-2026-09-07/evidence/20260907-1415-ticket-27/consumer/DerivedData-InkMarkdownMermaidConsumer/Build/Intermediates.noindex/cmark-gfm.build/Debug-iphonesimulator/cmark-gfm.build/Objects-normal/arm64/registry.d --serialize-diagnostics /Users/shizihan/DailyUse/Github/InkMarkdown/.scratch/architecture-deepening-2026-09-07/evidence/20260907-1415-ticket-27/consumer/DerivedData-InkMarkdownMermaidConsumer/Build/Intermediates.noindex/cmark-gfm.build/Debug-iphonesimulator/cmark-gfm.build/Objects-normal/arm64/registry.dia -c /Users/shizihan/DailyUse/Github/InkMarkdown/Packages/Caches/swift-cmark/src/registry.c -o /Users/shizihan/DailyUse/Github/InkMarkdown/.scratch/architecture-deepening-2026-09-07/evidence/20260907-1415-ticket-27/consumer/DerivedData-InkMarkdownMermaidConsumer/Build/Intermediates.noindex/cmark-gfm.build/Debug-iphonesimulator/cmark-gfm.build/Objects-normal/arm64/registry.o -index-unit-output-path /cmark-gfm.build/Debug-iphonesimulator/cmark-gfm.build/Objects-normal/arm64/registry.o

ScanDependencies /Users/shizihan/DailyUse/Github/InkMarkdown/.scratch/architecture-deepening-2026-09-07/evidence/20260907-1415-ticket-27/consumer/DerivedData-InkMarkdownMermaidConsumer/Build/Intermediates.noindex/cmark-gfm.build/Debug-iphonesimulator/cmark-gfm.build/Objects-normal/arm64/plaintext.o /Users/shizihan/DailyUse/Github/InkMarkdown/Packages/Caches/swift-cmark/src/plaintext.c normal arm64 c com.apple.compilers.llvm.clang.1_0.compiler (in target 'cmark-gfm' from project 'cmark-gfm')
    cd /Users/shizihan/DailyUse/Github/InkMarkdown/.github/fixtures/consumer-smoke/.swiftpm/xcode
    
    Using response file: /Users/shizihan/DailyUse/Github/InkMarkdown/.scratch/architecture-deepening-2026-09-07/evidence/20260907-1415-ticket-27/consumer/DerivedData-InkMarkdownMermaidConsumer/Build/Intermediates.noindex/cmark-gfm.build/Debug-iphonesimulator/cmark-gfm.build/Objects-normal/arm64/7187679823f38a2a940e0043cdf9d637-common-args.resp
    
    builtin-ScanDependencies -o /Users/shizihan/DailyUse/Github/InkMarkdown/.scratch/architecture-deepening-2026-09-07/evidence/20260907-1415-ticket-27/consumer/DerivedData-InkMarkdownMermaidConsumer/Build/Intermediates.noindex/cmark-gfm.build/Debug-iphonesimulator/cmark-gfm.build/Objects-normal/arm64/plaintext.o.scan -- /Applications/Xcode.app/Contents/Developer/Toolchains/XcodeDefault.xctoolchain/usr/bin/clang -x c -ivfsstatcache /Users/shizihan/DailyUse/Github/InkMarkdown/.scratch/architecture-deepening-2026-09-07/evidence/20260907-1415-ticket-27/consumer/DerivedData-InkMarkdownMermaidConsumer/SDKStatCaches.noindex/iphonesimulator26.5-23F81a-6cfe768891a92b912361537c460fe42b.sdkstatcache -target arm64-apple-ios12.0-simulator -fmessage-length\=0 -fdiagnostics-show-note-include-stack -fmacro-backtrace-limit\=0 -fno-color-diagnostics -fmodules-prune-interval\=86400 -fmodules-prune-after\=345600 -fbuild-session-file\=/Users/shizihan/DailyUse/Github/InkMarkdown/.scratch/architecture-deepening-2026-09-07/evidence/20260907-1415-ticket-27/consumer/DerivedData-InkMarkdownMermaidConsumer/ModuleCache.noindex/Session.modulevalidation -fmodules-validate-once-per-build-session -Wnon-modular-include-in-framework-module -Werror\=non-modular-include-in-framework-module -Wno-trigraphs -Wno-missing-field-initializers -Wno-missing-prototypes -Wno-return-type -Wno-missing-braces -Wparentheses -Wswitch -Wno-unused-function -Wno-unused-label -Wno-unused-parameter -Wno-unused-variable -Wunused-value -Wno-empty-body -Wno-uninitialized -Wno-unknown-pragmas -w -Wno-shadow -Wno-four-char-constants -Wno-conversion -Wno-constant-conversion -Wno-int-conversion -Wno-bool-conversion -Wno-enum-conversion -Wno-float-conversion -Wno-non-literal-null-conversion -Wno-objc-literal-conversion -Wshorten-64-to-32 -Wpointer-sign -Wno-newline-eof -Wno-implicit-fallthrough -isysroot /Applications/Xcode.app/Contents/Developer/Platforms/iPhoneSimulator.platform/Developer/SDKs/iPhoneSimulator26.5.sdk -fstrict-aliasing -Wdeprecated-declarations -Wno-sign-conversion -Wno-infinite-recursion -Wno-comma -Wno-block-capture-autoreleasing -Wno-strict-prototypes -Wno-semicolon-before-method-body -index-store-path /Users/shizihan/DailyUse/Github/InkMarkdown/.scratch/architecture-deepening-2026-09-07/evidence/20260907-1415-ticket-27/consumer/DerivedData-InkMarkdownMermaidConsumer/Index.noindex/DataStore @/Users/shizihan/DailyUse/Github/InkMarkdown/.scratch/architecture-deepening-2026-09-07/evidence/20260907-1415-ticket-27/consumer/DerivedData-InkMarkdownMermaidConsumer/Build/Intermediates.noindex/cmark-gfm.build/Debug-iphonesimulator/cmark-gfm.build/Objects-normal/arm64/7187679823f38a2a940e0043cdf9d637-common-args.resp -MMD -MT dependencies -MF /Users/shizihan/DailyUse/Github/InkMarkdown/.scratch/architecture-deepening-2026-09-07/evidence/20260907-1415-ticket-27/consumer/DerivedData-InkMarkdownMermaidConsumer/Build/Intermediates.noindex/cmark-gfm.build/Debug-iphonesimulator/cmark-gfm.build/Objects-normal/arm64/plaintext.d --serialize-diagnostics /Users/shizihan/DailyUse/Github/InkMarkdown/.scratch/architecture-deepening-2026-09-07/evidence/20260907-1415-ticket-27/consumer/DerivedData-InkMarkdownMermaidConsumer/Build/Intermediates.noindex/cmark-gfm.build/Debug-iphonesimulator/cmark-gfm.build/Objects-normal/arm64/plaintext.dia -c /Users/shizihan/DailyUse/Github/InkMarkdown/Packages/Caches/swift-cmark/src/plaintext.c -o /Users/shizihan/DailyUse/Github/InkMarkdown/.scratch/architecture-deepening-2026-09-07/evidence/20260907-1415-ticket-27/consumer/DerivedData-InkMarkdownMermaidConsumer/Build/Intermediates.noindex/cmark-gfm.build/Debug-iphonesimulator/cmark-gfm.build/Objects-normal/arm64/plaintext.o -index-unit-output-path /cmark-gfm.build/Debug-iphonesimulator/cmark-gfm.build/Objects-normal/arm64/plaintext.o

ScanDependencies /Users/shizihan/DailyUse/Github/InkMarkdown/.scratch/architecture-deepening-2026-09-07/evidence/20260907-1415-ticket-27/consumer/DerivedData-InkMarkdownMermaidConsumer/Build/Intermediates.noindex/cmark-gfm.build/Debug-iphonesimulator/cmark-gfm.build/Objects-normal/arm64/references.o /Users/shizihan/DailyUse/Github/InkMarkdown/Packages/Caches/swift-cmark/src/references.c normal arm64 c com.apple.compilers.llvm.clang.1_0.compiler (in target 'cmark-gfm' from project 'cmark-gfm')
    cd /Users/shizihan/DailyUse/Github/InkMarkdown/.github/fixtures/consumer-smoke/.swiftpm/xcode
    
    Using response file: /Users/shizihan/DailyUse/Github/InkMarkdown/.scratch/architecture-deepening-2026-09-07/evidence/20260907-1415-ticket-27/consumer/DerivedData-InkMarkdownMermaidConsumer/Build/Intermediates.noindex/cmark-gfm.build/Debug-iphonesimulator/cmark-gfm.build/Objects-normal/arm64/7187679823f38a2a940e0043cdf9d637-common-args.resp
    
    builtin-ScanDependencies -o /Users/shizihan/DailyUse/Github/InkMarkdown/.scratch/architecture-deepening-2026-09-07/evidence/20260907-1415-ticket-27/consumer/DerivedData-InkMarkdownMermaidConsumer/Build/Intermediates.noindex/cmark-gfm.build/Debug-iphonesimulator/cmark-gfm.build/Objects-normal/arm64/references.o.scan -- /Applications/Xcode.app/Contents/Developer/Toolchains/XcodeDefault.xctoolchain/usr/bin/clang -x c -ivfsstatcache /Users/shizihan/DailyUse/Github/InkMarkdown/.scratch/architecture-deepening-2026-09-07/evidence/20260907-1415-ticket-27/consumer/DerivedData-InkMarkdownMermaidConsumer/SDKStatCaches.noindex/iphonesimulator26.5-23F81a-6cfe768891a92b912361537c460fe42b.sdkstatcache -target arm64-apple-ios12.0-simulator -fmessage-length\=0 -fdiagnostics-show-note-include-stack -fmacro-backtrace-limit\=0 -fno-color-diagnostics -fmodules-prune-interval\=86400 -fmodules-prune-after\=345600 -fbuild-session-file\=/Users/shizihan/DailyUse/Github/InkMarkdown/.scratch/architecture-deepening-2026-09-07/evidence/20260907-1415-ticket-27/consumer/DerivedData-InkMarkdownMermaidConsumer/ModuleCache.noindex/Session.modulevalidation -fmodules-validate-once-per-build-session -Wnon-modular-include-in-framework-module -Werror\=non-modular-include-in-framework-module -Wno-trigraphs -Wno-missing-field-initializers -Wno-missing-prototypes -Wno-return-type -Wno-missing-braces -Wparentheses -Wswitch -Wno-unused-function -Wno-unused-label -Wno-unused-parameter -Wno-unused-variable -Wunused-value -Wno-empty-body -Wno-uninitialized -Wno-unknown-pragmas -w -Wno-shadow -Wno-four-char-constants -Wno-conversion -Wno-constant-conversion -Wno-int-conversion -Wno-bool-conversion -Wno-enum-conversion -Wno-float-conversion -Wno-non-literal-null-conversion -Wno-objc-literal-conversion -Wshorten-64-to-32 -Wpointer-sign -Wno-newline-eof -Wno-implicit-fallthrough -isysroot /Applications/Xcode.app/Contents/Developer/Platforms/iPhoneSimulator.platform/Developer/SDKs/iPhoneSimulator26.5.sdk -fstrict-aliasing -Wdeprecated-declarations -Wno-sign-conversion -Wno-infinite-recursion -Wno-comma -Wno-block-capture-autoreleasing -Wno-strict-prototypes -Wno-semicolon-before-method-body -index-store-path /Users/shizihan/DailyUse/Github/InkMarkdown/.scratch/architecture-deepening-2026-09-07/evidence/20260907-1415-ticket-27/consumer/DerivedData-InkMarkdownMermaidConsumer/Index.noindex/DataStore @/Users/shizihan/DailyUse/Github/InkMarkdown/.scratch/architecture-deepening-2026-09-07/evidence/20260907-1415-ticket-27/consumer/DerivedData-InkMarkdownMermaidConsumer/Build/Intermediates.noindex/cmark-gfm.build/Debug-iphonesimulator/cmark-gfm.build/Objects-normal/arm64/7187679823f38a2a940e0043cdf9d637-common-args.resp -MMD -MT dependencies -MF /Users/shizihan/DailyUse/Github/InkMarkdown/.scratch/architecture-deepening-2026-09-07/evidence/20260907-1415-ticket-27/consumer/DerivedData-InkMarkdownMermaidConsumer/Build/Intermediates.noindex/cmark-gfm.build/Debug-iphonesimulator/cmark-gfm.build/Objects-normal/arm64/references.d --serialize-diagnostics /Users/shizihan/DailyUse/Github/InkMarkdown/.scratch/architecture-deepening-2026-09-07/evidence/20260907-1415-ticket-27/consumer/DerivedData-InkMarkdownMermaidConsumer/Build/Intermediates.noindex/cmark-gfm.build/Debug-iphonesimulator/cmark-gfm.build/Objects-normal/arm64/references.dia -c /Users/shizihan/DailyUse/Github/InkMarkdown/Packages/Caches/swift-cmark/src/references.c -o /Users/shizihan/DailyUse/Github/InkMarkdown/.scratch/architecture-deepening-2026-09-07/evidence/20260907-1415-ticket-27/consumer/DerivedData-InkMarkdownMermaidConsumer/Build/Intermediates.noindex/cmark-gfm.build/Debug-iphonesimulator/cmark-gfm.build/Objects-normal/arm64/references.o -index-unit-output-path /cmark-gfm.build/Debug-iphonesimulator/cmark-gfm.build/Objects-normal/arm64/references.o

ScanDependencies /Users/shizihan/DailyUse/Github/InkMarkdown/.scratch/architecture-deepening-2026-09-07/evidence/20260907-1415-ticket-27/consumer/DerivedData-InkMarkdownMermaidConsumer/Build/Intermediates.noindex/cmark-gfm.build/Debug-iphonesimulator/cmark-gfm.build/Objects-normal/arm64/node.o /Users/shizihan/DailyUse/Github/InkMarkdown/Packages/Caches/swift-cmark/src/node.c normal arm64 c com.apple.compilers.llvm.clang.1_0.compiler (in target 'cmark-gfm' from project 'cmark-gfm')
    cd /Users/shizihan/DailyUse/Github/InkMarkdown/.github/fixtures/consumer-smoke/.swiftpm/xcode
    
    Using response file: /Users/shizihan/DailyUse/Github/InkMarkdown/.scratch/architecture-deepening-2026-09-07/evidence/20260907-1415-ticket-27/consumer/DerivedData-InkMarkdownMermaidConsumer/Build/Intermediates.noindex/cmark-gfm.build/Debug-iphonesimulator/cmark-gfm.build/Objects-normal/arm64/7187679823f38a2a940e0043cdf9d637-common-args.resp
    
    builtin-ScanDependencies -o /Users/shizihan/DailyUse/Github/InkMarkdown/.scratch/architecture-deepening-2026-09-07/evidence/20260907-1415-ticket-27/consumer/DerivedData-InkMarkdownMermaidConsumer/Build/Intermediates.noindex/cmark-gfm.build/Debug-iphonesimulator/cmark-gfm.build/Objects-normal/arm64/node.o.scan -- /Applications/Xcode.app/Contents/Developer/Toolchains/XcodeDefault.xctoolchain/usr/bin/clang -x c -ivfsstatcache /Users/shizihan/DailyUse/Github/InkMarkdown/.scratch/architecture-deepening-2026-09-07/evidence/20260907-1415-ticket-27/consumer/DerivedData-InkMarkdownMermaidConsumer/SDKStatCaches.noindex/iphonesimulator26.5-23F81a-6cfe768891a92b912361537c460fe42b.sdkstatcache -target arm64-apple-ios12.0-simulator -fmessage-length\=0 -fdiagnostics-show-note-include-stack -fmacro-backtrace-limit\=0 -fno-color-diagnostics -fmodules-prune-interval\=86400 -fmodules-prune-after\=345600 -fbuild-session-file\=/Users/shizihan/DailyUse/Github/InkMarkdown/.scratch/architecture-deepening-2026-09-07/evidence/20260907-1415-ticket-27/consumer/DerivedData-InkMarkdownMermaidConsumer/ModuleCache.noindex/Session.modulevalidation -fmodules-validate-once-per-build-session -Wnon-modular-include-in-framework-module -Werror\=non-modular-include-in-framework-module -Wno-trigraphs -Wno-missing-field-initializers -Wno-missing-prototypes -Wno-return-type -Wno-missing-braces -Wparentheses -Wswitch -Wno-unused-function -Wno-unused-label -Wno-unused-parameter -Wno-unused-variable -Wunused-value -Wno-empty-body -Wno-uninitialized -Wno-unknown-pragmas -w -Wno-shadow -Wno-four-char-constants -Wno-conversion -Wno-constant-conversion -Wno-int-conversion -Wno-bool-conversion -Wno-enum-conversion -Wno-float-conversion -Wno-non-literal-null-conversion -Wno-objc-literal-conversion -Wshorten-64-to-32 -Wpointer-sign -Wno-newline-eof -Wno-implicit-fallthrough -isysroot /Applications/Xcode.app/Contents/Developer/Platforms/iPhoneSimulator.platform/Developer/SDKs/iPhoneSimulator26.5.sdk -fstrict-aliasing -Wdeprecated-declarations -Wno-sign-conversion -Wno-infinite-recursion -Wno-comma -Wno-block-capture-autoreleasing -Wno-strict-prototypes -Wno-semicolon-before-method-body -index-store-path /Users/shizihan/DailyUse/Github/InkMarkdown/.scratch/architecture-deepening-2026-09-07/evidence/20260907-1415-ticket-27/consumer/DerivedData-InkMarkdownMermaidConsumer/Index.noindex/DataStore @/Users/shizihan/DailyUse/Github/InkMarkdown/.scratch/architecture-deepening-2026-09-07/evidence/20260907-1415-ticket-27/consumer/DerivedData-InkMarkdownMermaidConsumer/Build/Intermediates.noindex/cmark-gfm.build/Debug-iphonesimulator/cmark-gfm.build/Objects-normal/arm64/7187679823f38a2a940e0043cdf9d637-common-args.resp -MMD -MT dependencies -MF /Users/shizihan/DailyUse/Github/InkMarkdown/.scratch/architecture-deepening-2026-09-07/evidence/20260907-1415-ticket-27/consumer/DerivedData-InkMarkdownMermaidConsumer/Build/Intermediates.noindex/cmark-gfm.build/Debug-iphonesimulator/cmark-gfm.build/Objects-normal/arm64/node.d --serialize-diagnostics /Users/shizihan/DailyUse/Github/InkMarkdown/.scratch/architecture-deepening-2026-09-07/evidence/20260907-1415-ticket-27/consumer/DerivedData-InkMarkdownMermaidConsumer/Build/Intermediates.noindex/cmark-gfm.build/Debug-iphonesimulator/cmark-gfm.build/Objects-normal/arm64/node.dia -c /Users/shizihan/DailyUse/Github/InkMarkdown/Packages/Caches/swift-cmark/src/node.c -o /Users/shizihan/DailyUse/Github/InkMarkdown/.scratch/architecture-deepening-2026-09-07/evidence/20260907-1415-ticket-27/consumer/DerivedData-InkMarkdownMermaidConsumer/Build/Intermediates.noindex/cmark-gfm.build/Debug-iphonesimulator/cmark-gfm.build/Objects-normal/arm64/node.o -index-unit-output-path /cmark-gfm.build/Debug-iphonesimulator/cmark-gfm.build/Objects-normal/arm64/node.o

ScanDependencies /Users/shizihan/DailyUse/Github/InkMarkdown/.scratch/architecture-deepening-2026-09-07/evidence/20260907-1415-ticket-27/consumer/DerivedData-InkMarkdownMermaidConsumer/Build/Intermediates.noindex/cmark-gfm.build/Debug-iphonesimulator/cmark-gfm.build/Objects-normal/arm64/plugin.o /Users/shizihan/DailyUse/Github/InkMarkdown/Packages/Caches/swift-cmark/src/plugin.c normal arm64 c com.apple.compilers.llvm.clang.1_0.compiler (in target 'cmark-gfm' from project 'cmark-gfm')
    cd /Users/shizihan/DailyUse/Github/InkMarkdown/.github/fixtures/consumer-smoke/.swiftpm/xcode
    
    Using response file: /Users/shizihan/DailyUse/Github/InkMarkdown/.scratch/architecture-deepening-2026-09-07/evidence/20260907-1415-ticket-27/consumer/DerivedData-InkMarkdownMermaidConsumer/Build/Intermediates.noindex/cmark-gfm.build/Debug-iphonesimulator/cmark-gfm.build/Objects-normal/arm64/7187679823f38a2a940e0043cdf9d637-common-args.resp
    
    builtin-ScanDependencies -o /Users/shizihan/DailyUse/Github/InkMarkdown/.scratch/architecture-deepening-2026-09-07/evidence/20260907-1415-ticket-27/consumer/DerivedData-InkMarkdownMermaidConsumer/Build/Intermediates.noindex/cmark-gfm.build/Debug-iphonesimulator/cmark-gfm.build/Objects-normal/arm64/plugin.o.scan -- /Applications/Xcode.app/Contents/Developer/Toolchains/XcodeDefault.xctoolchain/usr/bin/clang -x c -ivfsstatcache /Users/shizihan/DailyUse/Github/InkMarkdown/.scratch/architecture-deepening-2026-09-07/evidence/20260907-1415-ticket-27/consumer/DerivedData-InkMarkdownMermaidConsumer/SDKStatCaches.noindex/iphonesimulator26.5-23F81a-6cfe768891a92b912361537c460fe42b.sdkstatcache -target arm64-apple-ios12.0-simulator -fmessage-length\=0 -fdiagnostics-show-note-include-stack -fmacro-backtrace-limit\=0 -fno-color-diagnostics -fmodules-prune-interval\=86400 -fmodules-prune-after\=345600 -fbuild-session-file\=/Users/shizihan/DailyUse/Github/InkMarkdown/.scratch/architecture-deepening-2026-09-07/evidence/20260907-1415-ticket-27/consumer/DerivedData-InkMarkdownMermaidConsumer/ModuleCache.noindex/Session.modulevalidation -fmodules-validate-once-per-build-session -Wnon-modular-include-in-framework-module -Werror\=non-modular-include-in-framework-module -Wno-trigraphs -Wno-missing-field-initializers -Wno-missing-prototypes -Wno-return-type -Wno-missing-braces -Wparentheses -Wswitch -Wno-unused-function -Wno-unused-label -Wno-unused-parameter -Wno-unused-variable -Wunused-value -Wno-empty-body -Wno-uninitialized -Wno-unknown-pragmas -w -Wno-shadow -Wno-four-char-constants -Wno-conversion -Wno-constant-conversion -Wno-int-conversion -Wno-bool-conversion -Wno-enum-conversion -Wno-float-conversion -Wno-non-literal-null-conversion -Wno-objc-literal-conversion -Wshorten-64-to-32 -Wpointer-sign -Wno-newline-eof -Wno-implicit-fallthrough -isysroot /Applications/Xcode.app/Contents/Developer/Platforms/iPhoneSimulator.platform/Developer/SDKs/iPhoneSimulator26.5.sdk -fstrict-aliasing -Wdeprecated-declarations -Wno-sign-conversion -Wno-infinite-recursion -Wno-comma -Wno-block-capture-autoreleasing -Wno-strict-prototypes -Wno-semicolon-before-method-body -index-store-path /Users/shizihan/DailyUse/Github/InkMarkdown/.scratch/architecture-deepening-2026-09-07/evidence/20260907-1415-ticket-27/consumer/DerivedData-InkMarkdownMermaidConsumer/Index.noindex/DataStore @/Users/shizihan/DailyUse/Github/InkMarkdown/.scratch/architecture-deepening-2026-09-07/evidence/20260907-1415-ticket-27/consumer/DerivedData-InkMarkdownMermaidConsumer/Build/Intermediates.noindex/cmark-gfm.build/Debug-iphonesimulator/cmark-gfm.build/Objects-normal/arm64/7187679823f38a2a940e0043cdf9d637-common-args.resp -MMD -MT dependencies -MF /Users/shizihan/DailyUse/Github/InkMarkdown/.scratch/architecture-deepening-2026-09-07/evidence/20260907-1415-ticket-27/consumer/DerivedData-InkMarkdownMermaidConsumer/Build/Intermediates.noindex/cmark-gfm.build/Debug-iphonesimulator/cmark-gfm.build/Objects-normal/arm64/plugin.d --serialize-diagnostics /Users/shizihan/DailyUse/Github/InkMarkdown/.scratch/architecture-deepening-2026-09-07/evidence/20260907-1415-ticket-27/consumer/DerivedData-InkMarkdownMermaidConsumer/Build/Intermediates.noindex/cmark-gfm.build/Debug-iphonesimulator/cmark-gfm.build/Objects-normal/arm64/plugin.dia -c /Users/shizihan/DailyUse/Github/InkMarkdown/Packages/Caches/swift-cmark/src/plugin.c -o /Users/shizihan/DailyUse/Github/InkMarkdown/.scratch/architecture-deepening-2026-09-07/evidence/20260907-1415-ticket-27/consumer/DerivedData-InkMarkdownMermaidConsumer/Build/Intermediates.noindex/cmark-gfm.build/Debug-iphonesimulator/cmark-gfm.build/Objects-normal/arm64/plugin.o -index-unit-output-path /cmark-gfm.build/Debug-iphonesimulator/cmark-gfm.build/Objects-normal/arm64/plugin.o

SwiftDriver Markdown normal arm64 com.apple.xcode.tools.swift.compiler (in target 'Markdown' from project 'swift-markdown')
    cd /Users/shizihan/DailyUse/Github/InkMarkdown/.github/fixtures/consumer-smoke/.swiftpm/xcode
    builtin-SwiftDriver -- /Applications/Xcode.app/Contents/Developer/Toolchains/XcodeDefault.xctoolchain/usr/bin/swiftc -module-name Markdown -Onone @/Users/shizihan/DailyUse/Github/InkMarkdown/.scratch/architecture-deepening-2026-09-07/evidence/20260907-1415-ticket-27/consumer/DerivedData-InkMarkdownMermaidConsumer/Build/Intermediates.noindex/swift-markdown.build/Debug-iphonesimulator/Markdown.build/Objects-normal/arm64/Markdown.SwiftFileList -DSWIFT_PACKAGE -DDEBUG -DSWIFT_MODULE_RESOURCE_BUNDLE_UNAVAILABLE -DXcode -plugin-path /Applications/Xcode.app/Contents/Developer/Toolchains/XcodeDefault.xctoolchain/usr/lib/swift/host/plugins/testing -enable-experimental-feature DebugDescriptionMacro -sdk /Applications/Xcode.app/Contents/Developer/Platforms/iPhoneSimulator.platform/Developer/SDKs/iPhoneSimulator26.5.sdk -target arm64-apple-ios12.0-simulator -g -module-cache-path /Users/shizihan/DailyUse/Github/InkMarkdown/.scratch/architecture-deepening-2026-09-07/evidence/20260907-1415-ticket-27/consumer/DerivedData-InkMarkdownMermaidConsumer/ModuleCache.noindex -Xfrontend -serialize-debugging-options -enable-testing -suppress-warnings -index-store-path /Users/shizihan/DailyUse/Github/InkMarkdown/.scratch/architecture-deepening-2026-09-07/evidence/20260907-1415-ticket-27/consumer/DerivedData-InkMarkdownMermaidConsumer/Index.noindex/DataStore -Xcc -D_LIBCPP_HARDENING_MODE\=_LIBCPP_HARDENING_MODE_DEBUG -swift-version 5 -I /Users/shizihan/DailyUse/Github/InkMarkdown/.scratch/architecture-deepening-2026-09-07/evidence/20260907-1415-ticket-27/consumer/DerivedData-InkMarkdownMermaidConsumer/Build/Products/Debug-iphonesimulator -Isystem /Applications/Xcode.app/Contents/Developer/Platforms/iPhoneSimulator.platform/Developer/usr/lib -F /Users/shizihan/DailyUse/Github/InkMarkdown/.scratch/architecture-deepening-2026-09-07/evidence/20260907-1415-ticket-27/consumer/DerivedData-InkMarkdownMermaidConsumer/Build/Products/Debug-iphonesimulator/PackageFrameworks -F /Users/shizihan/DailyUse/Github/InkMarkdown/.scratch/architecture-deepening-2026-09-07/evidence/20260907-1415-ticket-27/consumer/DerivedData-InkMarkdownMermaidConsumer/Build/Products/Debug-iphonesimulator/PackageFrameworks -F /Users/shizihan/DailyUse/Github/InkMarkdown/.scratch/architecture-deepening-2026-09-07/evidence/20260907-1415-ticket-27/consumer/DerivedData-InkMarkdownMermaidConsumer/Build/Products/Debug-iphonesimulator/PackageFrameworks -F /Users/shizihan/DailyUse/Github/InkMarkdown/.scratch/architecture-deepening-2026-09-07/evidence/20260907-1415-ticket-27/consumer/DerivedData-InkMarkdownMermaidConsumer/Build/Products/Debug-iphonesimulator -F /Applications/Xcode.app/Contents/Developer/Platforms/iPhoneSimulator.platform/Developer/Library/Frameworks -F /Applications/Xcode.app/Contents/Developer/Platforms/iPhoneSimulator.platform/Developer/SDKs/iPhoneSimulator26.5.sdk/Developer/Library/Frameworks -c -j10 -enable-batch-mode -incremental -Xcc -ivfsstatcache -Xcc /Users/shizihan/DailyUse/Github/InkMarkdown/.scratch/architecture-deepening-2026-09-07/evidence/20260907-1415-ticket-27/consumer/DerivedData-InkMarkdownMermaidConsumer/SDKStatCaches.noindex/iphonesimulator26.5-23F81a-6cfe768891a92b912361537c460fe42b.sdkstatcache -output-file-map /Users/shizihan/DailyUse/Github/InkMarkdown/.scratch/architecture-deepening-2026-09-07/evidence/20260907-1415-ticket-27/consumer/DerivedData-InkMarkdownMermaidConsumer/Build/Intermediates.noindex/swift-markdown.build/Debug-iphonesimulator/Markdown.build/Objects-normal/arm64/Markdown-OutputFileMap.json -use-frontend-parseable-output -save-temps -no-color-diagnostics -explicit-module-build -module-cache-path /Users/shizihan/DailyUse/Github/InkMarkdown/.scratch/architecture-deepening-2026-09-07/evidence/20260907-1415-ticket-27/consumer/DerivedData-InkMarkdownMermaidConsumer/Build/Intermediates.noindex/SwiftExplicitPrecompiledModules -clang-scanner-module-cache-path /Users/shizihan/DailyUse/Github/InkMarkdown/.scratch/architecture-deepening-2026-09-07/evidence/20260907-1415-ticket-27/consumer/DerivedData-InkMarkdownMermaidConsumer/ModuleCache.noindex -sdk-module-cache-path /Users/shizihan/DailyUse/Github/InkMarkdown/.scratch/architecture-deepening-2026-09-07/evidence/20260907-1415-ticket-27/consumer/DerivedData-InkMarkdownMermaidConsumer/ModuleCache.noindex -serialize-diagnostics -emit-dependencies -emit-module -emit-module-path /Users/shizihan/DailyUse/Github/InkMarkdown/.scratch/architecture-deepening-2026-09-07/evidence/20260907-1415-ticket-27/consumer/DerivedData-InkMarkdownMermaidConsumer/Build/Intermediates.noindex/swift-markdown.build/Debug-iphonesimulator/Markdown.build/Objects-normal/arm64/Markdown.swiftmodule -validate-clang-modules-once -clang-build-session-file /Users/shizihan/DailyUse/Github/InkMarkdown/.scratch/architecture-deepening-2026-09-07/evidence/20260907-1415-ticket-27/consumer/DerivedData-InkMarkdownMermaidConsumer/ModuleCache.noindex/Session.modulevalidation -package-name swift_markdown -Xcc -I/Users/shizihan/DailyUse/Github/InkMarkdown/.scratch/architecture-deepening-2026-09-07/evidence/20260907-1415-ticket-27/consumer/DerivedData-InkMarkdownMermaidConsumer/Build/Intermediates.noindex/swift-markdown.build/Debug-iphonesimulator/Markdown.build/swift-overrides.hmap -emit-const-values -Xfrontend -const-gather-protocols-file -Xfrontend /Users/shizihan/DailyUse/Github/InkMarkdown/.scratch/architecture-deepening-2026-09-07/evidence/20260907-1415-ticket-27/consumer/DerivedData-InkMarkdownMermaidConsumer/Build/Intermediates.noindex/swift-markdown.build/Debug-iphonesimulator/Markdown.build/Objects-normal/arm64/Markdown_const_extract_protocols.json -Xcc -I/Users/shizihan/DailyUse/Github/InkMarkdown/Packages/Caches/swift-cmark/src/include -Xcc -I/Users/shizihan/DailyUse/Github/InkMarkdown/Packages/Caches/swift-cmark/extensions/include -Xcc -I/Users/shizihan/DailyUse/Github/InkMarkdown/Packages/Caches/swift-markdown/Sources/CAtomic/include -Xcc -I/Users/shizihan/DailyUse/Github/InkMarkdown/.scratch/architecture-deepening-2026-09-07/evidence/20260907-1415-ticket-27/consumer/DerivedData-InkMarkdownMermaidConsumer/Build/Products/Debug-iphonesimulator/include -Xcc -I/Users/shizihan/DailyUse/Github/InkMarkdown/.scratch/architecture-deepening-2026-09-07/evidence/20260907-1415-ticket-27/consumer/DerivedData-InkMarkdownMermaidConsumer/Build/Intermediates.noindex/swift-markdown.build/Debug-iphonesimulator/Markdown.build/DerivedSources-normal/arm64 -Xcc -I/Users/shizihan/DailyUse/Github/InkMarkdown/.scratch/architecture-deepening-2026-09-07/evidence/20260907-1415-ticket-27/consumer/DerivedData-InkMarkdownMermaidConsumer/Build/Intermediates.noindex/swift-markdown.build/Debug-iphonesimulator/Markdown.build/DerivedSources/arm64 -Xcc -I/Users/shizihan/DailyUse/Github/InkMarkdown/.scratch/architecture-deepening-2026-09-07/evidence/20260907-1415-ticket-27/consumer/DerivedData-InkMarkdownMermaidConsumer/Build/Intermediates.noindex/swift-markdown.build/Debug-iphonesimulator/Markdown.build/DerivedSources -Xcc -DSWIFT_PACKAGE -Xcc -DDEBUG\=1 -emit-objc-header -emit-objc-header-path /Users/shizihan/DailyUse/Github/InkMarkdown/.scratch/architecture-deepening-2026-09-07/evidence/20260907-1415-ticket-27/consumer/DerivedData-InkMarkdownMermaidConsumer/Build/Intermediates.noindex/swift-markdown.build/Debug-iphonesimulator/Markdown.build/Objects-normal/arm64/Markdown-Swift.h -working-directory /Users/shizihan/DailyUse/Github/InkMarkdown/.github/fixtures/consumer-smoke/.swiftpm/xcode -experimental-emit-module-separately -disable-cmo

ScanDependencies /Users/shizihan/DailyUse/Github/InkMarkdown/.scratch/architecture-deepening-2026-09-07/evidence/20260907-1415-ticket-27/consumer/DerivedData-InkMarkdownMermaidConsumer/Build/Intermediates.noindex/cmark-gfm.build/Debug-iphonesimulator/cmark-gfm-extensions.build/Objects-normal/arm64/tasklist.o /Users/shizihan/DailyUse/Github/InkMarkdown/Packages/Caches/swift-cmark/extensions/tasklist.c normal arm64 c com.apple.compilers.llvm.clang.1_0.compiler (in target 'cmark-gfm-extensions' from project 'cmark-gfm')
    cd /Users/shizihan/DailyUse/Github/InkMarkdown/.github/fixtures/consumer-smoke/.swiftpm/xcode
    
    Using response file: /Users/shizihan/DailyUse/Github/InkMarkdown/.scratch/architecture-deepening-2026-09-07/evidence/20260907-1415-ticket-27/consumer/DerivedData-InkMarkdownMermaidConsumer/Build/Intermediates.noindex/cmark-gfm.build/Debug-iphonesimulator/cmark-gfm-extensions.build/Objects-normal/arm64/7187679823f38a2a940e0043cdf9d637-common-args.resp
    
    builtin-ScanDependencies -o /Users/shizihan/DailyUse/Github/InkMarkdown/.scratch/architecture-deepening-2026-09-07/evidence/20260907-1415-ticket-27/consumer/DerivedData-InkMarkdownMermaidConsumer/Build/Intermediates.noindex/cmark-gfm.build/Debug-iphonesimulator/cmark-gfm-extensions.build/Objects-normal/arm64/tasklist.o.scan -- /Applications/Xcode.app/Contents/Developer/Toolchains/XcodeDefault.xctoolchain/usr/bin/clang -x c -ivfsstatcache /Users/shizihan/DailyUse/Github/InkMarkdown/.scratch/architecture-deepening-2026-09-07/evidence/20260907-1415-ticket-27/consumer/DerivedData-InkMarkdownMermaidConsumer/SDKStatCaches.noindex/iphonesimulator26.5-23F81a-6cfe768891a92b912361537c460fe42b.sdkstatcache -target arm64-apple-ios12.0-simulator -fmessage-length\=0 -fdiagnostics-show-note-include-stack -fmacro-backtrace-limit\=0 -fno-color-diagnostics -fmodules-prune-interval\=86400 -fmodules-prune-after\=345600 -fbuild-session-file\=/Users/shizihan/DailyUse/Github/InkMarkdown/.scratch/architecture-deepening-2026-09-07/evidence/20260907-1415-ticket-27/consumer/DerivedData-InkMarkdownMermaidConsumer/ModuleCache.noindex/Session.modulevalidation -fmodules-validate-once-per-build-session -Wnon-modular-include-in-framework-module -Werror\=non-modular-include-in-framework-module -Wno-trigraphs -Wno-missing-field-initializers -Wno-missing-prototypes -Wno-return-type -Wno-missing-braces -Wparentheses -Wswitch -Wno-unused-function -Wno-unused-label -Wno-unused-parameter -Wno-unused-variable -Wunused-value -Wno-empty-body -Wno-uninitialized -Wno-unknown-pragmas -w -Wno-shadow -Wno-four-char-constants -Wno-conversion -Wno-constant-conversion -Wno-int-conversion -Wno-bool-conversion -Wno-enum-conversion -Wno-float-conversion -Wno-non-literal-null-conversion -Wno-objc-literal-conversion -Wshorten-64-to-32 -Wpointer-sign -Wno-newline-eof -Wno-implicit-fallthrough -isysroot /Applications/Xcode.app/Contents/Developer/Platforms/iPhoneSimulator.platform/Developer/SDKs/iPhoneSimulator26.5.sdk -fstrict-aliasing -Wdeprecated-declarations -Wno-sign-conversion -Wno-infinite-recursion -Wno-comma -Wno-block-capture-autoreleasing -Wno-strict-prototypes -Wno-semicolon-before-method-body -index-store-path /Users/shizihan/DailyUse/Github/InkMarkdown/.scratch/architecture-deepening-2026-09-07/evidence/20260907-1415-ticket-27/consumer/DerivedData-InkMarkdownMermaidConsumer/Index.noindex/DataStore @/Users/shizihan/DailyUse/Github/InkMarkdown/.scratch/architecture-deepening-2026-09-07/evidence/20260907-1415-ticket-27/consumer/DerivedData-InkMarkdownMermaidConsumer/Build/Intermediates.noindex/cmark-gfm.build/Debug-iphonesimulator/cmark-gfm-extensions.build/Objects-normal/arm64/7187679823f38a2a940e0043cdf9d637-common-args.resp -MMD -MT dependencies -MF /Users/shizihan/DailyUse/Github/InkMarkdown/.scratch/architecture-deepening-2026-09-07/evidence/20260907-1415-ticket-27/consumer/DerivedData-InkMarkdownMermaidConsumer/Build/Intermediates.noindex/cmark-gfm.build/Debug-iphonesimulator/cmark-gfm-extensions.build/Objects-normal/arm64/tasklist.d --serialize-diagnostics /Users/shizihan/DailyUse/Github/InkMarkdown/.scratch/architecture-deepening-2026-09-07/evidence/20260907-1415-ticket-27/consumer/DerivedData-InkMarkdownMermaidConsumer/Build/Intermediates.noindex/cmark-gfm.build/Debug-iphonesimulator/cmark-gfm-extensions.build/Objects-normal/arm64/tasklist.dia -c /Users/shizihan/DailyUse/Github/InkMarkdown/Packages/Caches/swift-cmark/extensions/tasklist.c -o /Users/shizihan/DailyUse/Github/InkMarkdown/.scratch/architecture-deepening-2026-09-07/evidence/20260907-1415-ticket-27/consumer/DerivedData-InkMarkdownMermaidConsumer/Build/Intermediates.noindex/cmark-gfm.build/Debug-iphonesimulator/cmark-gfm-extensions.build/Objects-normal/arm64/tasklist.o -index-unit-output-path /cmark-gfm.build/Debug-iphonesimulator/cmark-gfm-extensions.build/Objects-normal/arm64/tasklist.o

ScanDependencies /Users/shizihan/DailyUse/Github/InkMarkdown/.scratch/architecture-deepening-2026-09-07/evidence/20260907-1415-ticket-27/consumer/DerivedData-InkMarkdownMermaidConsumer/Build/Intermediates.noindex/cmark-gfm.build/Debug-iphonesimulator/cmark-gfm-extensions.build/Objects-normal/arm64/tagfilter.o /Users/shizihan/DailyUse/Github/InkMarkdown/Packages/Caches/swift-cmark/extensions/tagfilter.c normal arm64 c com.apple.compilers.llvm.clang.1_0.compiler (in target 'cmark-gfm-extensions' from project 'cmark-gfm')
    cd /Users/shizihan/DailyUse/Github/InkMarkdown/.github/fixtures/consumer-smoke/.swiftpm/xcode
    
    Using response file: /Users/shizihan/DailyUse/Github/InkMarkdown/.scratch/architecture-deepening-2026-09-07/evidence/20260907-1415-ticket-27/consumer/DerivedData-InkMarkdownMermaidConsumer/Build/Intermediates.noindex/cmark-gfm.build/Debug-iphonesimulator/cmark-gfm-extensions.build/Objects-normal/arm64/7187679823f38a2a940e0043cdf9d637-common-args.resp
    
    builtin-ScanDependencies -o /Users/shizihan/DailyUse/Github/InkMarkdown/.scratch/architecture-deepening-2026-09-07/evidence/20260907-1415-ticket-27/consumer/DerivedData-InkMarkdownMermaidConsumer/Build/Intermediates.noindex/cmark-gfm.build/Debug-iphonesimulator/cmark-gfm-extensions.build/Objects-normal/arm64/tagfilter.o.scan -- /Applications/Xcode.app/Contents/Developer/Toolchains/XcodeDefault.xctoolchain/usr/bin/clang -x c -ivfsstatcache /Users/shizihan/DailyUse/Github/InkMarkdown/.scratch/architecture-deepening-2026-09-07/evidence/20260907-1415-ticket-27/consumer/DerivedData-InkMarkdownMermaidConsumer/SDKStatCaches.noindex/iphonesimulator26.5-23F81a-6cfe768891a92b912361537c460fe42b.sdkstatcache -target arm64-apple-ios12.0-simulator -fmessage-length\=0 -fdiagnostics-show-note-include-stack -fmacro-backtrace-limit\=0 -fno-color-diagnostics -fmodules-prune-interval\=86400 -fmodules-prune-after\=345600 -fbuild-session-file\=/Users/shizihan/DailyUse/Github/InkMarkdown/.scratch/architecture-deepening-2026-09-07/evidence/20260907-1415-ticket-27/consumer/DerivedData-InkMarkdownMermaidConsumer/ModuleCache.noindex/Session.modulevalidation -fmodules-validate-once-per-build-session -Wnon-modular-include-in-framework-module -Werror\=non-modular-include-in-framework-module -Wno-trigraphs -Wno-missing-field-initializers -Wno-missing-prototypes -Wno-return-type -Wno-missing-braces -Wparentheses -Wswitch -Wno-unused-function -Wno-unused-label -Wno-unused-parameter -Wno-unused-variable -Wunused-value -Wno-empty-body -Wno-uninitialized -Wno-unknown-pragmas -w -Wno-shadow -Wno-four-char-constants -Wno-conversion -Wno-constant-conversion -Wno-int-conversion -Wno-bool-conversion -Wno-enum-conversion -Wno-float-conversion -Wno-non-literal-null-conversion -Wno-objc-literal-conversion -Wshorten-64-to-32 -Wpointer-sign -Wno-newline-eof -Wno-implicit-fallthrough -isysroot /Applications/Xcode.app/Contents/Developer/Platforms/iPhoneSimulator.platform/Developer/SDKs/iPhoneSimulator26.5.sdk -fstrict-aliasing -Wdeprecated-declarations -Wno-sign-conversion -Wno-infinite-recursion -Wno-comma -Wno-block-capture-autoreleasing -Wno-strict-prototypes -Wno-semicolon-before-method-body -index-store-path /Users/shizihan/DailyUse/Github/InkMarkdown/.scratch/architecture-deepening-2026-09-07/evidence/20260907-1415-ticket-27/consumer/DerivedData-InkMarkdownMermaidConsumer/Index.noindex/DataStore @/Users/shizihan/DailyUse/Github/InkMarkdown/.scratch/architecture-deepening-2026-09-07/evidence/20260907-1415-ticket-27/consumer/DerivedData-InkMarkdownMermaidConsumer/Build/Intermediates.noindex/cmark-gfm.build/Debug-iphonesimulator/cmark-gfm-extensions.build/Objects-normal/arm64/7187679823f38a2a940e0043cdf9d637-common-args.resp -MMD -MT dependencies -MF /Users/shizihan/DailyUse/Github/InkMarkdown/.scratch/architecture-deepening-2026-09-07/evidence/20260907-1415-ticket-27/consumer/DerivedData-InkMarkdownMermaidConsumer/Build/Intermediates.noindex/cmark-gfm.build/Debug-iphonesimulator/cmark-gfm-extensions.build/Objects-normal/arm64/tagfilter.d --serialize-diagnostics /Users/shizihan/DailyUse/Github/InkMarkdown/.scratch/architecture-deepening-2026-09-07/evidence/20260907-1415-ticket-27/consumer/DerivedData-InkMarkdownMermaidConsumer/Build/Intermediates.noindex/cmark-gfm.build/Debug-iphonesimulator/cmark-gfm-extensions.build/Objects-normal/arm64/tagfilter.dia -c /Users/shizihan/DailyUse/Github/InkMarkdown/Packages/Caches/swift-cmark/extensions/tagfilter.c -o /Users/shizihan/DailyUse/Github/InkMarkdown/.scratch/architecture-deepening-2026-09-07/evidence/20260907-1415-ticket-27/consumer/DerivedData-InkMarkdownMermaidConsumer/Build/Intermediates.noindex/cmark-gfm.build/Debug-iphonesimulator/cmark-gfm-extensions.build/Objects-normal/arm64/tagfilter.o -index-unit-output-path /cmark-gfm.build/Debug-iphonesimulator/cmark-gfm-extensions.build/Objects-normal/arm64/tagfilter.o

ScanDependencies /Users/shizihan/DailyUse/Github/InkMarkdown/.scratch/architecture-deepening-2026-09-07/evidence/20260907-1415-ticket-27/consumer/DerivedData-InkMarkdownMermaidConsumer/Build/Intermediates.noindex/cmark-gfm.build/Debug-iphonesimulator/cmark-gfm-extensions.build/Objects-normal/arm64/table.o /Users/shizihan/DailyUse/Github/InkMarkdown/Packages/Caches/swift-cmark/extensions/table.c normal arm64 c com.apple.compilers.llvm.clang.1_0.compiler (in target 'cmark-gfm-extensions' from project 'cmark-gfm')
    cd /Users/shizihan/DailyUse/Github/InkMarkdown/.github/fixtures/consumer-smoke/.swiftpm/xcode
    
    Using response file: /Users/shizihan/DailyUse/Github/InkMarkdown/.scratch/architecture-deepening-2026-09-07/evidence/20260907-1415-ticket-27/consumer/DerivedData-InkMarkdownMermaidConsumer/Build/Intermediates.noindex/cmark-gfm.build/Debug-iphonesimulator/cmark-gfm-extensions.build/Objects-normal/arm64/7187679823f38a2a940e0043cdf9d637-common-args.resp
    
    builtin-ScanDependencies -o /Users/shizihan/DailyUse/Github/InkMarkdown/.scratch/architecture-deepening-2026-09-07/evidence/20260907-1415-ticket-27/consumer/DerivedData-InkMarkdownMermaidConsumer/Build/Intermediates.noindex/cmark-gfm.build/Debug-iphonesimulator/cmark-gfm-extensions.build/Objects-normal/arm64/table.o.scan -- /Applications/Xcode.app/Contents/Developer/Toolchains/XcodeDefault.xctoolchain/usr/bin/clang -x c -ivfsstatcache /Users/shizihan/DailyUse/Github/InkMarkdown/.scratch/architecture-deepening-2026-09-07/evidence/20260907-1415-ticket-27/consumer/DerivedData-InkMarkdownMermaidConsumer/SDKStatCaches.noindex/iphonesimulator26.5-23F81a-6cfe768891a92b912361537c460fe42b.sdkstatcache -target arm64-apple-ios12.0-simulator -fmessage-length\=0 -fdiagnostics-show-note-include-stack -fmacro-backtrace-limit\=0 -fno-color-diagnostics -fmodules-prune-interval\=86400 -fmodules-prune-after\=345600 -fbuild-session-file\=/Users/shizihan/DailyUse/Github/InkMarkdown/.scratch/architecture-deepening-2026-09-07/evidence/20260907-1415-ticket-27/consumer/DerivedData-InkMarkdownMermaidConsumer/ModuleCache.noindex/Session.modulevalidation -fmodules-validate-once-per-build-session -Wnon-modular-include-in-framework-module -Werror\=non-modular-include-in-framework-module -Wno-trigraphs -Wno-missing-field-initializers -Wno-missing-prototypes -Wno-return-type -Wno-missing-braces -Wparentheses -Wswitch -Wno-unused-function -Wno-unused-label -Wno-unused-parameter -Wno-unused-variable -Wunused-value -Wno-empty-body -Wno-uninitialized -Wno-unknown-pragmas -w -Wno-shadow -Wno-four-char-constants -Wno-conversion -Wno-constant-conversion -Wno-int-conversion -Wno-bool-conversion -Wno-enum-conversion -Wno-float-conversion -Wno-non-literal-null-conversion -Wno-objc-literal-conversion -Wshorten-64-to-32 -Wpointer-sign -Wno-newline-eof -Wno-implicit-fallthrough -isysroot /Applications/Xcode.app/Contents/Developer/Platforms/iPhoneSimulator.platform/Developer/SDKs/iPhoneSimulator26.5.sdk -fstrict-aliasing -Wdeprecated-declarations -Wno-sign-conversion -Wno-infinite-recursion -Wno-comma -Wno-block-capture-autoreleasing -Wno-strict-prototypes -Wno-semicolon-before-method-body -index-store-path /Users/shizihan/DailyUse/Github/InkMarkdown/.scratch/architecture-deepening-2026-09-07/evidence/20260907-1415-ticket-27/consumer/DerivedData-InkMarkdownMermaidConsumer/Index.noindex/DataStore @/Users/shizihan/DailyUse/Github/InkMarkdown/.scratch/architecture-deepening-2026-09-07/evidence/20260907-1415-ticket-27/consumer/DerivedData-InkMarkdownMermaidConsumer/Build/Intermediates.noindex/cmark-gfm.build/Debug-iphonesimulator/cmark-gfm-extensions.build/Objects-normal/arm64/7187679823f38a2a940e0043cdf9d637-common-args.resp -MMD -MT dependencies -MF /Users/shizihan/DailyUse/Github/InkMarkdown/.scratch/architecture-deepening-2026-09-07/evidence/20260907-1415-ticket-27/consumer/DerivedData-InkMarkdownMermaidConsumer/Build/Intermediates.noindex/cmark-gfm.build/Debug-iphonesimulator/cmark-gfm-extensions.build/Objects-normal/arm64/table.d --serialize-diagnostics /Users/shizihan/DailyUse/Github/InkMarkdown/.scratch/architecture-deepening-2026-09-07/evidence/20260907-1415-ticket-27/consumer/DerivedData-InkMarkdownMermaidConsumer/Build/Intermediates.noindex/cmark-gfm.build/Debug-iphonesimulator/cmark-gfm-extensions.build/Objects-normal/arm64/table.dia -c /Users/shizihan/DailyUse/Github/InkMarkdown/Packages/Caches/swift-cmark/extensions/table.c -o /Users/shizihan/DailyUse/Github/InkMarkdown/.scratch/architecture-deepening-2026-09-07/evidence/20260907-1415-ticket-27/consumer/DerivedData-InkMarkdownMermaidConsumer/Build/Intermediates.noindex/cmark-gfm.build/Debug-iphonesimulator/cmark-gfm-extensions.build/Objects-normal/arm64/table.o -index-unit-output-path /cmark-gfm.build/Debug-iphonesimulator/cmark-gfm-extensions.build/Objects-normal/arm64/table.o

ScanDependencies /Users/shizihan/DailyUse/Github/InkMarkdown/.scratch/architecture-deepening-2026-09-07/evidence/20260907-1415-ticket-27/consumer/DerivedData-InkMarkdownMermaidConsumer/Build/Intermediates.noindex/cmark-gfm.build/Debug-iphonesimulator/cmark-gfm-extensions.build/Objects-normal/arm64/strikethrough.o /Users/shizihan/DailyUse/Github/InkMarkdown/Packages/Caches/swift-cmark/extensions/strikethrough.c normal arm64 c com.apple.compilers.llvm.clang.1_0.compiler (in target 'cmark-gfm-extensions' from project 'cmark-gfm')
    cd /Users/shizihan/DailyUse/Github/InkMarkdown/.github/fixtures/consumer-smoke/.swiftpm/xcode
    
    Using response file: /Users/shizihan/DailyUse/Github/InkMarkdown/.scratch/architecture-deepening-2026-09-07/evidence/20260907-1415-ticket-27/consumer/DerivedData-InkMarkdownMermaidConsumer/Build/Intermediates.noindex/cmark-gfm.build/Debug-iphonesimulator/cmark-gfm-extensions.build/Objects-normal/arm64/7187679823f38a2a940e0043cdf9d637-common-args.resp
    
    builtin-ScanDependencies -o /Users/shizihan/DailyUse/Github/InkMarkdown/.scratch/architecture-deepening-2026-09-07/evidence/20260907-1415-ticket-27/consumer/DerivedData-InkMarkdownMermaidConsumer/Build/Intermediates.noindex/cmark-gfm.build/Debug-iphonesimulator/cmark-gfm-extensions.build/Objects-normal/arm64/strikethrough.o.scan -- /Applications/Xcode.app/Contents/Developer/Toolchains/XcodeDefault.xctoolchain/usr/bin/clang -x c -ivfsstatcache /Users/shizihan/DailyUse/Github/InkMarkdown/.scratch/architecture-deepening-2026-09-07/evidence/20260907-1415-ticket-27/consumer/DerivedData-InkMarkdownMermaidConsumer/SDKStatCaches.noindex/iphonesimulator26.5-23F81a-6cfe768891a92b912361537c460fe42b.sdkstatcache -target arm64-apple-ios12.0-simulator -fmessage-length\=0 -fdiagnostics-show-note-include-stack -fmacro-backtrace-limit\=0 -fno-color-diagnostics -fmodules-prune-interval\=86400 -fmodules-prune-after\=345600 -fbuild-session-file\=/Users/shizihan/DailyUse/Github/InkMarkdown/.scratch/architecture-deepening-2026-09-07/evidence/20260907-1415-ticket-27/consumer/DerivedData-InkMarkdownMermaidConsumer/ModuleCache.noindex/Session.modulevalidation -fmodules-validate-once-per-build-session -Wnon-modular-include-in-framework-module -Werror\=non-modular-include-in-framework-module -Wno-trigraphs -Wno-missing-field-initializers -Wno-missing-prototypes -Wno-return-type -Wno-missing-braces -Wparentheses -Wswitch -Wno-unused-function -Wno-unused-label -Wno-unused-parameter -Wno-unused-variable -Wunused-value -Wno-empty-body -Wno-uninitialized -Wno-unknown-pragmas -w -Wno-shadow -Wno-four-char-constants -Wno-conversion -Wno-constant-conversion -Wno-int-conversion -Wno-bool-conversion -Wno-enum-conversion -Wno-float-conversion -Wno-non-literal-null-conversion -Wno-objc-literal-conversion -Wshorten-64-to-32 -Wpointer-sign -Wno-newline-eof -Wno-implicit-fallthrough -isysroot /Applications/Xcode.app/Contents/Developer/Platforms/iPhoneSimulator.platform/Developer/SDKs/iPhoneSimulator26.5.sdk -fstrict-aliasing -Wdeprecated-declarations -Wno-sign-conversion -Wno-infinite-recursion -Wno-comma -Wno-block-capture-autoreleasing -Wno-strict-prototypes -Wno-semicolon-before-method-body -index-store-path /Users/shizihan/DailyUse/Github/InkMarkdown/.scratch/architecture-deepening-2026-09-07/evidence/20260907-1415-ticket-27/consumer/DerivedData-InkMarkdownMermaidConsumer/Index.noindex/DataStore @/Users/shizihan/DailyUse/Github/InkMarkdown/.scratch/architecture-deepening-2026-09-07/evidence/20260907-1415-ticket-27/consumer/DerivedData-InkMarkdownMermaidConsumer/Build/Intermediates.noindex/cmark-gfm.build/Debug-iphonesimulator/cmark-gfm-extensions.build/Objects-normal/arm64/7187679823f38a2a940e0043cdf9d637-common-args.resp -MMD -MT dependencies -MF /Users/shizihan/DailyUse/Github/InkMarkdown/.scratch/architecture-deepening-2026-09-07/evidence/20260907-1415-ticket-27/consumer/DerivedData-InkMarkdownMermaidConsumer/Build/Intermediates.noindex/cmark-gfm.build/Debug-iphonesimulator/cmark-gfm-extensions.build/Objects-normal/arm64/strikethrough.d --serialize-diagnostics /Users/shizihan/DailyUse/Github/InkMarkdown/.scratch/architecture-deepening-2026-09-07/evidence/20260907-1415-ticket-27/consumer/DerivedData-InkMarkdownMermaidConsumer/Build/Intermediates.noindex/cmark-gfm.build/Debug-iphonesimulator/cmark-gfm-extensions.build/Objects-normal/arm64/strikethrough.dia -c /Users/shizihan/DailyUse/Github/InkMarkdown/Packages/Caches/swift-cmark/extensions/strikethrough.c -o /Users/shizihan/DailyUse/Github/InkMarkdown/.scratch/architecture-deepening-2026-09-07/evidence/20260907-1415-ticket-27/consumer/DerivedData-InkMarkdownMermaidConsumer/Build/Intermediates.noindex/cmark-gfm.build/Debug-iphonesimulator/cmark-gfm-extensions.build/Objects-normal/arm64/strikethrough.o -index-unit-output-path /cmark-gfm.build/Debug-iphonesimulator/cmark-gfm-extensions.build/Objects-normal/arm64/strikethrough.o

ScanDependencies /Users/shizihan/DailyUse/Github/InkMarkdown/.scratch/architecture-deepening-2026-09-07/evidence/20260907-1415-ticket-27/consumer/DerivedData-InkMarkdownMermaidConsumer/Build/Intermediates.noindex/cmark-gfm.build/Debug-iphonesimulator/cmark-gfm-extensions.build/Objects-normal/arm64/ext_scanners.o /Users/shizihan/DailyUse/Github/InkMarkdown/Packages/Caches/swift-cmark/extensions/ext_scanners.c normal arm64 c com.apple.compilers.llvm.clang.1_0.compiler (in target 'cmark-gfm-extensions' from project 'cmark-gfm')
    cd /Users/shizihan/DailyUse/Github/InkMarkdown/.github/fixtures/consumer-smoke/.swiftpm/xcode
    
    Using response file: /Users/shizihan/DailyUse/Github/InkMarkdown/.scratch/architecture-deepening-2026-09-07/evidence/20260907-1415-ticket-27/consumer/DerivedData-InkMarkdownMermaidConsumer/Build/Intermediates.noindex/cmark-gfm.build/Debug-iphonesimulator/cmark-gfm-extensions.build/Objects-normal/arm64/7187679823f38a2a940e0043cdf9d637-common-args.resp
    
    builtin-ScanDependencies -o /Users/shizihan/DailyUse/Github/InkMarkdown/.scratch/architecture-deepening-2026-09-07/evidence/20260907-1415-ticket-27/consumer/DerivedData-InkMarkdownMermaidConsumer/Build/Intermediates.noindex/cmark-gfm.build/Debug-iphonesimulator/cmark-gfm-extensions.build/Objects-normal/arm64/ext_scanners.o.scan -- /Applications/Xcode.app/Contents/Developer/Toolchains/XcodeDefault.xctoolchain/usr/bin/clang -x c -ivfsstatcache /Users/shizihan/DailyUse/Github/InkMarkdown/.scratch/architecture-deepening-2026-09-07/evidence/20260907-1415-ticket-27/consumer/DerivedData-InkMarkdownMermaidConsumer/SDKStatCaches.noindex/iphonesimulator26.5-23F81a-6cfe768891a92b912361537c460fe42b.sdkstatcache -target arm64-apple-ios12.0-simulator -fmessage-length\=0 -fdiagnostics-show-note-include-stack -fmacro-backtrace-limit\=0 -fno-color-diagnostics -fmodules-prune-interval\=86400 -fmodules-prune-after\=345600 -fbuild-session-file\=/Users/shizihan/DailyUse/Github/InkMarkdown/.scratch/architecture-deepening-2026-09-07/evidence/20260907-1415-ticket-27/consumer/DerivedData-InkMarkdownMermaidConsumer/ModuleCache.noindex/Session.modulevalidation -fmodules-validate-once-per-build-session -Wnon-modular-include-in-framework-module -Werror\=non-modular-include-in-framework-module -Wno-trigraphs -Wno-missing-field-initializers -Wno-missing-prototypes -Wno-return-type -Wno-missing-braces -Wparentheses -Wswitch -Wno-unused-function -Wno-unused-label -Wno-unused-parameter -Wno-unused-variable -Wunused-value -Wno-empty-body -Wno-uninitialized -Wno-unknown-pragmas -w -Wno-shadow -Wno-four-char-constants -Wno-conversion -Wno-constant-conversion -Wno-int-conversion -Wno-bool-conversion -Wno-enum-conversion -Wno-float-conversion -Wno-non-literal-null-conversion -Wno-objc-literal-conversion -Wshorten-64-to-32 -Wpointer-sign -Wno-newline-eof -Wno-implicit-fallthrough -isysroot /Applications/Xcode.app/Contents/Developer/Platforms/iPhoneSimulator.platform/Developer/SDKs/iPhoneSimulator26.5.sdk -fstrict-aliasing -Wdeprecated-declarations -Wno-sign-conversion -Wno-infinite-recursion -Wno-comma -Wno-block-capture-autoreleasing -Wno-strict-prototypes -Wno-semicolon-before-method-body -index-store-path /Users/shizihan/DailyUse/Github/InkMarkdown/.scratch/architecture-deepening-2026-09-07/evidence/20260907-1415-ticket-27/consumer/DerivedData-InkMarkdownMermaidConsumer/Index.noindex/DataStore @/Users/shizihan/DailyUse/Github/InkMarkdown/.scratch/architecture-deepening-2026-09-07/evidence/20260907-1415-ticket-27/consumer/DerivedData-InkMarkdownMermaidConsumer/Build/Intermediates.noindex/cmark-gfm.build/Debug-iphonesimulator/cmark-gfm-extensions.build/Objects-normal/arm64/7187679823f38a2a940e0043cdf9d637-common-args.resp -MMD -MT dependencies -MF /Users/shizihan/DailyUse/Github/InkMarkdown/.scratch/architecture-deepening-2026-09-07/evidence/20260907-1415-ticket-27/consumer/DerivedData-InkMarkdownMermaidConsumer/Build/Intermediates.noindex/cmark-gfm.build/Debug-iphonesimulator/cmark-gfm-extensions.build/Objects-normal/arm64/ext_scanners.d --serialize-diagnostics /Users/shizihan/DailyUse/Github/InkMarkdown/.scratch/architecture-deepening-2026-09-07/evidence/20260907-1415-ticket-27/consumer/DerivedData-InkMarkdownMermaidConsumer/Build/Intermediates.noindex/cmark-gfm.build/Debug-iphonesimulator/cmark-gfm-extensions.build/Objects-normal/arm64/ext_scanners.dia -c /Users/shizihan/DailyUse/Github/InkMarkdown/Packages/Caches/swift-cmark/extensions/ext_scanners.c -o /Users/shizihan/DailyUse/Github/InkMarkdown/.scratch/architecture-deepening-2026-09-07/evidence/20260907-1415-ticket-27/consumer/DerivedData-InkMarkdownMermaidConsumer/Build/Intermediates.noindex/cmark-gfm.build/Debug-iphonesimulator/cmark-gfm-extensions.build/Objects-normal/arm64/ext_scanners.o -index-unit-output-path /cmark-gfm.build/Debug-iphonesimulator/cmark-gfm-extensions.build/Objects-normal/arm64/ext_scanners.o

ScanDependencies /Users/shizihan/DailyUse/Github/InkMarkdown/.scratch/architecture-deepening-2026-09-07/evidence/20260907-1415-ticket-27/consumer/DerivedData-InkMarkdownMermaidConsumer/Build/Intermediates.noindex/cmark-gfm.build/Debug-iphonesimulator/cmark-gfm-extensions.build/Objects-normal/arm64/autolink.o /Users/shizihan/DailyUse/Github/InkMarkdown/Packages/Caches/swift-cmark/extensions/autolink.c normal arm64 c com.apple.compilers.llvm.clang.1_0.compiler (in target 'cmark-gfm-extensions' from project 'cmark-gfm')
    cd /Users/shizihan/DailyUse/Github/InkMarkdown/.github/fixtures/consumer-smoke/.swiftpm/xcode
    
    Using response file: /Users/shizihan/DailyUse/Github/InkMarkdown/.scratch/architecture-deepening-2026-09-07/evidence/20260907-1415-ticket-27/consumer/DerivedData-InkMarkdownMermaidConsumer/Build/Intermediates.noindex/cmark-gfm.build/Debug-iphonesimulator/cmark-gfm-extensions.build/Objects-normal/arm64/7187679823f38a2a940e0043cdf9d637-common-args.resp
    
    builtin-ScanDependencies -o /Users/shizihan/DailyUse/Github/InkMarkdown/.scratch/architecture-deepening-2026-09-07/evidence/20260907-1415-ticket-27/consumer/DerivedData-InkMarkdownMermaidConsumer/Build/Intermediates.noindex/cmark-gfm.build/Debug-iphonesimulator/cmark-gfm-extensions.build/Objects-normal/arm64/autolink.o.scan -- /Applications/Xcode.app/Contents/Developer/Toolchains/XcodeDefault.xctoolchain/usr/bin/clang -x c -ivfsstatcache /Users/shizihan/DailyUse/Github/InkMarkdown/.scratch/architecture-deepening-2026-09-07/evidence/20260907-1415-ticket-27/consumer/DerivedData-InkMarkdownMermaidConsumer/SDKStatCaches.noindex/iphonesimulator26.5-23F81a-6cfe768891a92b912361537c460fe42b.sdkstatcache -target arm64-apple-ios12.0-simulator -fmessage-length\=0 -fdiagnostics-show-note-include-stack -fmacro-backtrace-limit\=0 -fno-color-diagnostics -fmodules-prune-interval\=86400 -fmodules-prune-after\=345600 -fbuild-session-file\=/Users/shizihan/DailyUse/Github/InkMarkdown/.scratch/architecture-deepening-2026-09-07/evidence/20260907-1415-ticket-27/consumer/DerivedData-InkMarkdownMermaidConsumer/ModuleCache.noindex/Session.modulevalidation -fmodules-validate-once-per-build-session -Wnon-modular-include-in-framework-module -Werror\=non-modular-include-in-framework-module -Wno-trigraphs -Wno-missing-field-initializers -Wno-missing-prototypes -Wno-return-type -Wno-missing-braces -Wparentheses -Wswitch -Wno-unused-function -Wno-unused-label -Wno-unused-parameter -Wno-unused-variable -Wunused-value -Wno-empty-body -Wno-uninitialized -Wno-unknown-pragmas -w -Wno-shadow -Wno-four-char-constants -Wno-conversion -Wno-constant-conversion -Wno-int-conversion -Wno-bool-conversion -Wno-enum-conversion -Wno-float-conversion -Wno-non-literal-null-conversion -Wno-objc-literal-conversion -Wshorten-64-to-32 -Wpointer-sign -Wno-newline-eof -Wno-implicit-fallthrough -isysroot /Applications/Xcode.app/Contents/Developer/Platforms/iPhoneSimulator.platform/Developer/SDKs/iPhoneSimulator26.5.sdk -fstrict-aliasing -Wdeprecated-declarations -Wno-sign-conversion -Wno-infinite-recursion -Wno-comma -Wno-block-capture-autoreleasing -Wno-strict-prototypes -Wno-semicolon-before-method-body -index-store-path /Users/shizihan/DailyUse/Github/InkMarkdown/.scratch/architecture-deepening-2026-09-07/evidence/20260907-1415-ticket-27/consumer/DerivedData-InkMarkdownMermaidConsumer/Index.noindex/DataStore @/Users/shizihan/DailyUse/Github/InkMarkdown/.scratch/architecture-deepening-2026-09-07/evidence/20260907-1415-ticket-27/consumer/DerivedData-InkMarkdownMermaidConsumer/Build/Intermediates.noindex/cmark-gfm.build/Debug-iphonesimulator/cmark-gfm-extensions.build/Objects-normal/arm64/7187679823f38a2a940e0043cdf9d637-common-args.resp -MMD -MT dependencies -MF /Users/shizihan/DailyUse/Github/InkMarkdown/.scratch/architecture-deepening-2026-09-07/evidence/20260907-1415-ticket-27/consumer/DerivedData-InkMarkdownMermaidConsumer/Build/Intermediates.noindex/cmark-gfm.build/Debug-iphonesimulator/cmark-gfm-extensions.build/Objects-normal/arm64/autolink.d --serialize-diagnostics /Users/shizihan/DailyUse/Github/InkMarkdown/.scratch/architecture-deepening-2026-09-07/evidence/20260907-1415-ticket-27/consumer/DerivedData-InkMarkdownMermaidConsumer/Build/Intermediates.noindex/cmark-gfm.build/Debug-iphonesimulator/cmark-gfm-extensions.build/Objects-normal/arm64/autolink.dia -c /Users/shizihan/DailyUse/Github/InkMarkdown/Packages/Caches/swift-cmark/extensions/autolink.c -o /Users/shizihan/DailyUse/Github/InkMarkdown/.scratch/architecture-deepening-2026-09-07/evidence/20260907-1415-ticket-27/consumer/DerivedData-InkMarkdownMermaidConsumer/Build/Intermediates.noindex/cmark-gfm.build/Debug-iphonesimulator/cmark-gfm-extensions.build/Objects-normal/arm64/autolink.o -index-unit-output-path /cmark-gfm.build/Debug-iphonesimulator/cmark-gfm-extensions.build/Objects-normal/arm64/autolink.o

ScanDependencies /Users/shizihan/DailyUse/Github/InkMarkdown/.scratch/architecture-deepening-2026-09-07/evidence/20260907-1415-ticket-27/consumer/DerivedData-InkMarkdownMermaidConsumer/Build/Intermediates.noindex/cmark-gfm.build/Debug-iphonesimulator/cmark-gfm-extensions.build/Objects-normal/arm64/core-extensions.o /Users/shizihan/DailyUse/Github/InkMarkdown/Packages/Caches/swift-cmark/extensions/core-extensions.c normal arm64 c com.apple.compilers.llvm.clang.1_0.compiler (in target 'cmark-gfm-extensions' from project 'cmark-gfm')
    cd /Users/shizihan/DailyUse/Github/InkMarkdown/.github/fixtures/consumer-smoke/.swiftpm/xcode
    
    Using response file: /Users/shizihan/DailyUse/Github/InkMarkdown/.scratch/architecture-deepening-2026-09-07/evidence/20260907-1415-ticket-27/consumer/DerivedData-InkMarkdownMermaidConsumer/Build/Intermediates.noindex/cmark-gfm.build/Debug-iphonesimulator/cmark-gfm-extensions.build/Objects-normal/arm64/7187679823f38a2a940e0043cdf9d637-common-args.resp
    
    builtin-ScanDependencies -o /Users/shizihan/DailyUse/Github/InkMarkdown/.scratch/architecture-deepening-2026-09-07/evidence/20260907-1415-ticket-27/consumer/DerivedData-InkMarkdownMermaidConsumer/Build/Intermediates.noindex/cmark-gfm.build/Debug-iphonesimulator/cmark-gfm-extensions.build/Objects-normal/arm64/core-extensions.o.scan -- /Applications/Xcode.app/Contents/Developer/Toolchains/XcodeDefault.xctoolchain/usr/bin/clang -x c -ivfsstatcache /Users/shizihan/DailyUse/Github/InkMarkdown/.scratch/architecture-deepening-2026-09-07/evidence/20260907-1415-ticket-27/consumer/DerivedData-InkMarkdownMermaidConsumer/SDKStatCaches.noindex/iphonesimulator26.5-23F81a-6cfe768891a92b912361537c460fe42b.sdkstatcache -target arm64-apple-ios12.0-simulator -fmessage-length\=0 -fdiagnostics-show-note-include-stack -fmacro-backtrace-limit\=0 -fno-color-diagnostics -fmodules-prune-interval\=86400 -fmodules-prune-after\=345600 -fbuild-session-file\=/Users/shizihan/DailyUse/Github/InkMarkdown/.scratch/architecture-deepening-2026-09-07/evidence/20260907-1415-ticket-27/consumer/DerivedData-InkMarkdownMermaidConsumer/ModuleCache.noindex/Session.modulevalidation -fmodules-validate-once-per-build-session -Wnon-modular-include-in-framework-module -Werror\=non-modular-include-in-framework-module -Wno-trigraphs -Wno-missing-field-initializers -Wno-missing-prototypes -Wno-return-type -Wno-missing-braces -Wparentheses -Wswitch -Wno-unused-function -Wno-unused-label -Wno-unused-parameter -Wno-unused-variable -Wunused-value -Wno-empty-body -Wno-uninitialized -Wno-unknown-pragmas -w -Wno-shadow -Wno-four-char-constants -Wno-conversion -Wno-constant-conversion -Wno-int-conversion -Wno-bool-conversion -Wno-enum-conversion -Wno-float-conversion -Wno-non-literal-null-conversion -Wno-objc-literal-conversion -Wshorten-64-to-32 -Wpointer-sign -Wno-newline-eof -Wno-implicit-fallthrough -isysroot /Applications/Xcode.app/Contents/Developer/Platforms/iPhoneSimulator.platform/Developer/SDKs/iPhoneSimulator26.5.sdk -fstrict-aliasing -Wdeprecated-declarations -Wno-sign-conversion -Wno-infinite-recursion -Wno-comma -Wno-block-capture-autoreleasing -Wno-strict-prototypes -Wno-semicolon-before-method-body -index-store-path /Users/shizihan/DailyUse/Github/InkMarkdown/.scratch/architecture-deepening-2026-09-07/evidence/20260907-1415-ticket-27/consumer/DerivedData-InkMarkdownMermaidConsumer/Index.noindex/DataStore @/Users/shizihan/DailyUse/Github/InkMarkdown/.scratch/architecture-deepening-2026-09-07/evidence/20260907-1415-ticket-27/consumer/DerivedData-InkMarkdownMermaidConsumer/Build/Intermediates.noindex/cmark-gfm.build/Debug-iphonesimulator/cmark-gfm-extensions.build/Objects-normal/arm64/7187679823f38a2a940e0043cdf9d637-common-args.resp -MMD -MT dependencies -MF /Users/shizihan/DailyUse/Github/InkMarkdown/.scratch/architecture-deepening-2026-09-07/evidence/20260907-1415-ticket-27/consumer/DerivedData-InkMarkdownMermaidConsumer/Build/Intermediates.noindex/cmark-gfm.build/Debug-iphonesimulator/cmark-gfm-extensions.build/Objects-normal/arm64/core-extensions.d --serialize-diagnostics /Users/shizihan/DailyUse/Github/InkMarkdown/.scratch/architecture-deepening-2026-09-07/evidence/20260907-1415-ticket-27/consumer/DerivedData-InkMarkdownMermaidConsumer/Build/Intermediates.noindex/cmark-gfm.build/Debug-iphonesimulator/cmark-gfm-extensions.build/Objects-normal/arm64/core-extensions.dia -c /Users/shizihan/DailyUse/Github/InkMarkdown/Packages/Caches/swift-cmark/extensions/core-extensions.c -o /Users/shizihan/DailyUse/Github/InkMarkdown/.scratch/architecture-deepening-2026-09-07/evidence/20260907-1415-ticket-27/consumer/DerivedData-InkMarkdownMermaidConsumer/Build/Intermediates.noindex/cmark-gfm.build/Debug-iphonesimulator/cmark-gfm-extensions.build/Objects-normal/arm64/core-extensions.o -index-unit-output-path /cmark-gfm.build/Debug-iphonesimulator/cmark-gfm-extensions.build/Objects-normal/arm64/core-extensions.o

ScanDependencies /Users/shizihan/DailyUse/Github/InkMarkdown/.scratch/architecture-deepening-2026-09-07/evidence/20260907-1415-ticket-27/consumer/DerivedData-InkMarkdownMermaidConsumer/Build/Intermediates.noindex/cmark-gfm.build/Debug-iphonesimulator/cmark-gfm.build/Objects-normal/arm64/map.o /Users/shizihan/DailyUse/Github/InkMarkdown/Packages/Caches/swift-cmark/src/map.c normal arm64 c com.apple.compilers.llvm.clang.1_0.compiler (in target 'cmark-gfm' from project 'cmark-gfm')
    cd /Users/shizihan/DailyUse/Github/InkMarkdown/.github/fixtures/consumer-smoke/.swiftpm/xcode
    
    Using response file: /Users/shizihan/DailyUse/Github/InkMarkdown/.scratch/architecture-deepening-2026-09-07/evidence/20260907-1415-ticket-27/consumer/DerivedData-InkMarkdownMermaidConsumer/Build/Intermediates.noindex/cmark-gfm.build/Debug-iphonesimulator/cmark-gfm.build/Objects-normal/arm64/7187679823f38a2a940e0043cdf9d637-common-args.resp
    
    builtin-ScanDependencies -o /Users/shizihan/DailyUse/Github/InkMarkdown/.scratch/architecture-deepening-2026-09-07/evidence/20260907-1415-ticket-27/consumer/DerivedData-InkMarkdownMermaidConsumer/Build/Intermediates.noindex/cmark-gfm.build/Debug-iphonesimulator/cmark-gfm.build/Objects-normal/arm64/map.o.scan -- /Applications/Xcode.app/Contents/Developer/Toolchains/XcodeDefault.xctoolchain/usr/bin/clang -x c -ivfsstatcache /Users/shizihan/DailyUse/Github/InkMarkdown/.scratch/architecture-deepening-2026-09-07/evidence/20260907-1415-ticket-27/consumer/DerivedData-InkMarkdownMermaidConsumer/SDKStatCaches.noindex/iphonesimulator26.5-23F81a-6cfe768891a92b912361537c460fe42b.sdkstatcache -target arm64-apple-ios12.0-simulator -fmessage-length\=0 -fdiagnostics-show-note-include-stack -fmacro-backtrace-limit\=0 -fno-color-diagnostics -fmodules-prune-interval\=86400 -fmodules-prune-after\=345600 -fbuild-session-file\=/Users/shizihan/DailyUse/Github/InkMarkdown/.scratch/architecture-deepening-2026-09-07/evidence/20260907-1415-ticket-27/consumer/DerivedData-InkMarkdownMermaidConsumer/ModuleCache.noindex/Session.modulevalidation -fmodules-validate-once-per-build-session -Wnon-modular-include-in-framework-module -Werror\=non-modular-include-in-framework-module -Wno-trigraphs -Wno-missing-field-initializers -Wno-missing-prototypes -Wno-return-type -Wno-missing-braces -Wparentheses -Wswitch -Wno-unused-function -Wno-unused-label -Wno-unused-parameter -Wno-unused-variable -Wunused-value -Wno-empty-body -Wno-uninitialized -Wno-unknown-pragmas -w -Wno-shadow -Wno-four-char-constants -Wno-conversion -Wno-constant-conversion -Wno-int-conversion -Wno-bool-conversion -Wno-enum-conversion -Wno-float-conversion -Wno-non-literal-null-conversion -Wno-objc-literal-conversion -Wshorten-64-to-32 -Wpointer-sign -Wno-newline-eof -Wno-implicit-fallthrough -isysroot /Applications/Xcode.app/Contents/Developer/Platforms/iPhoneSimulator.platform/Developer/SDKs/iPhoneSimulator26.5.sdk -fstrict-aliasing -Wdeprecated-declarations -Wno-sign-conversion -Wno-infinite-recursion -Wno-comma -Wno-block-capture-autoreleasing -Wno-strict-prototypes -Wno-semicolon-before-method-body -index-store-path /Users/shizihan/DailyUse/Github/InkMarkdown/.scratch/architecture-deepening-2026-09-07/evidence/20260907-1415-ticket-27/consumer/DerivedData-InkMarkdownMermaidConsumer/Index.noindex/DataStore @/Users/shizihan/DailyUse/Github/InkMarkdown/.scratch/architecture-deepening-2026-09-07/evidence/20260907-1415-ticket-27/consumer/DerivedData-InkMarkdownMermaidConsumer/Build/Intermediates.noindex/cmark-gfm.build/Debug-iphonesimulator/cmark-gfm.build/Objects-normal/arm64/7187679823f38a2a940e0043cdf9d637-common-args.resp -MMD -MT dependencies -MF /Users/shizihan/DailyUse/Github/InkMarkdown/.scratch/architecture-deepening-2026-09-07/evidence/20260907-1415-ticket-27/consumer/DerivedData-InkMarkdownMermaidConsumer/Build/Intermediates.noindex/cmark-gfm.build/Debug-iphonesimulator/cmark-gfm.build/Objects-normal/arm64/map.d --serialize-diagnostics /Users/shizihan/DailyUse/Github/InkMarkdown/.scratch/architecture-deepening-2026-09-07/evidence/20260907-1415-ticket-27/consumer/DerivedData-InkMarkdownMermaidConsumer/Build/Intermediates.noindex/cmark-gfm.build/Debug-iphonesimulator/cmark-gfm.build/Objects-normal/arm64/map.dia -c /Users/shizihan/DailyUse/Github/InkMarkdown/Packages/Caches/swift-cmark/src/map.c -o /Users/shizihan/DailyUse/Github/InkMarkdown/.scratch/architecture-deepening-2026-09-07/evidence/20260907-1415-ticket-27/consumer/DerivedData-InkMarkdownMermaidConsumer/Build/Intermediates.noindex/cmark-gfm.build/Debug-iphonesimulator/cmark-gfm.build/Objects-normal/arm64/map.o -index-unit-output-path /cmark-gfm.build/Debug-iphonesimulator/cmark-gfm.build/Objects-normal/arm64/map.o

ScanDependencies /Users/shizihan/DailyUse/Github/InkMarkdown/.scratch/architecture-deepening-2026-09-07/evidence/20260907-1415-ticket-27/consumer/DerivedData-InkMarkdownMermaidConsumer/Build/Intermediates.noindex/cmark-gfm.build/Debug-iphonesimulator/cmark-gfm.build/Objects-normal/arm64/man.o /Users/shizihan/DailyUse/Github/InkMarkdown/Packages/Caches/swift-cmark/src/man.c normal arm64 c com.apple.compilers.llvm.clang.1_0.compiler (in target 'cmark-gfm' from project 'cmark-gfm')
    cd /Users/shizihan/DailyUse/Github/InkMarkdown/.github/fixtures/consumer-smoke/.swiftpm/xcode
    
    Using response file: /Users/shizihan/DailyUse/Github/InkMarkdown/.scratch/architecture-deepening-2026-09-07/evidence/20260907-1415-ticket-27/consumer/DerivedData-InkMarkdownMermaidConsumer/Build/Intermediates.noindex/cmark-gfm.build/Debug-iphonesimulator/cmark-gfm.build/Objects-normal/arm64/7187679823f38a2a940e0043cdf9d637-common-args.resp
    
    builtin-ScanDependencies -o /Users/shizihan/DailyUse/Github/InkMarkdown/.scratch/architecture-deepening-2026-09-07/evidence/20260907-1415-ticket-27/consumer/DerivedData-InkMarkdownMermaidConsumer/Build/Intermediates.noindex/cmark-gfm.build/Debug-iphonesimulator/cmark-gfm.build/Objects-normal/arm64/man.o.scan -- /Applications/Xcode.app/Contents/Developer/Toolchains/XcodeDefault.xctoolchain/usr/bin/clang -x c -ivfsstatcache /Users/shizihan/DailyUse/Github/InkMarkdown/.scratch/architecture-deepening-2026-09-07/evidence/20260907-1415-ticket-27/consumer/DerivedData-InkMarkdownMermaidConsumer/SDKStatCaches.noindex/iphonesimulator26.5-23F81a-6cfe768891a92b912361537c460fe42b.sdkstatcache -target arm64-apple-ios12.0-simulator -fmessage-length\=0 -fdiagnostics-show-note-include-stack -fmacro-backtrace-limit\=0 -fno-color-diagnostics -fmodules-prune-interval\=86400 -fmodules-prune-after\=345600 -fbuild-session-file\=/Users/shizihan/DailyUse/Github/InkMarkdown/.scratch/architecture-deepening-2026-09-07/evidence/20260907-1415-ticket-27/consumer/DerivedData-InkMarkdownMermaidConsumer/ModuleCache.noindex/Session.modulevalidation -fmodules-validate-once-per-build-session -Wnon-modular-include-in-framework-module -Werror\=non-modular-include-in-framework-module -Wno-trigraphs -Wno-missing-field-initializers -Wno-missing-prototypes -Wno-return-type -Wno-missing-braces -Wparentheses -Wswitch -Wno-unused-function -Wno-unused-label -Wno-unused-parameter -Wno-unused-variable -Wunused-value -Wno-empty-body -Wno-uninitialized -Wno-unknown-pragmas -w -Wno-shadow -Wno-four-char-constants -Wno-conversion -Wno-constant-conversion -Wno-int-conversion -Wno-bool-conversion -Wno-enum-conversion -Wno-float-conversion -Wno-non-literal-null-conversion -Wno-objc-literal-conversion -Wshorten-64-to-32 -Wpointer-sign -Wno-newline-eof -Wno-implicit-fallthrough -isysroot /Applications/Xcode.app/Contents/Developer/Platforms/iPhoneSimulator.platform/Developer/SDKs/iPhoneSimulator26.5.sdk -fstrict-aliasing -Wdeprecated-declarations -Wno-sign-conversion -Wno-infinite-recursion -Wno-comma -Wno-block-capture-autoreleasing -Wno-strict-prototypes -Wno-semicolon-before-method-body -index-store-path /Users/shizihan/DailyUse/Github/InkMarkdown/.scratch/architecture-deepening-2026-09-07/evidence/20260907-1415-ticket-27/consumer/DerivedData-InkMarkdownMermaidConsumer/Index.noindex/DataStore @/Users/shizihan/DailyUse/Github/InkMarkdown/.scratch/architecture-deepening-2026-09-07/evidence/20260907-1415-ticket-27/consumer/DerivedData-InkMarkdownMermaidConsumer/Build/Intermediates.noindex/cmark-gfm.build/Debug-iphonesimulator/cmark-gfm.build/Objects-normal/arm64/7187679823f38a2a940e0043cdf9d637-common-args.resp -MMD -MT dependencies -MF /Users/shizihan/DailyUse/Github/InkMarkdown/.scratch/architecture-deepening-2026-09-07/evidence/20260907-1415-ticket-27/consumer/DerivedData-InkMarkdownMermaidConsumer/Build/Intermediates.noindex/cmark-gfm.build/Debug-iphonesimulator/cmark-gfm.build/Objects-normal/arm64/man.d --serialize-diagnostics /Users/shizihan/DailyUse/Github/InkMarkdown/.scratch/architecture-deepening-2026-09-07/evidence/20260907-1415-ticket-27/consumer/DerivedData-InkMarkdownMermaidConsumer/Build/Intermediates.noindex/cmark-gfm.build/Debug-iphonesimulator/cmark-gfm.build/Objects-normal/arm64/man.dia -c /Users/shizihan/DailyUse/Github/InkMarkdown/Packages/Caches/swift-cmark/src/man.c -o /Users/shizihan/DailyUse/Github/InkMarkdown/.scratch/architecture-deepening-2026-09-07/evidence/20260907-1415-ticket-27/consumer/DerivedData-InkMarkdownMermaidConsumer/Build/Intermediates.noindex/cmark-gfm.build/Debug-iphonesimulator/cmark-gfm.build/Objects-normal/arm64/man.o -index-unit-output-path /cmark-gfm.build/Debug-iphonesimulator/cmark-gfm.build/Objects-normal/arm64/man.o

PrecompileModule /Users/shizihan/DailyUse/Github/InkMarkdown/.scratch/architecture-deepening-2026-09-07/evidence/20260907-1415-ticket-27/consumer/DerivedData-InkMarkdownMermaidConsumer/Build/Intermediates.noindex/ExplicitPrecompiledModules/_Builtin_stdarg-BWRBPXJX8CWUZY0SBNKI6TPAA.scan
    cd /
    builtin-precompileModule /Users/shizihan/DailyUse/Github/InkMarkdown/.scratch/architecture-deepening-2026-09-07/evidence/20260907-1415-ticket-27/consumer/DerivedData-InkMarkdownMermaidConsumer/Build/Intermediates.noindex/ExplicitPrecompiledModules/_Builtin_stdarg-BWRBPXJX8CWUZY0SBNKI6TPAA.scan

PrecompileModule /Users/shizihan/DailyUse/Github/InkMarkdown/.scratch/architecture-deepening-2026-09-07/evidence/20260907-1415-ticket-27/consumer/DerivedData-InkMarkdownMermaidConsumer/Build/Intermediates.noindex/ExplicitPrecompiledModules/ptrcheck-ERVFMJLZBM8JL9Y771VVRMYI3.scan
    cd /
    builtin-precompileModule /Users/shizihan/DailyUse/Github/InkMarkdown/.scratch/architecture-deepening-2026-09-07/evidence/20260907-1415-ticket-27/consumer/DerivedData-InkMarkdownMermaidConsumer/Build/Intermediates.noindex/ExplicitPrecompiledModules/ptrcheck-ERVFMJLZBM8JL9Y771VVRMYI3.scan

PrecompileModule /Users/shizihan/DailyUse/Github/InkMarkdown/.scratch/architecture-deepening-2026-09-07/evidence/20260907-1415-ticket-27/consumer/DerivedData-InkMarkdownMermaidConsumer/Build/Intermediates.noindex/ExplicitPrecompiledModules/_Builtin_stddef-EG387HX6JJTUY8W65MRDS1634.scan
    cd /
    builtin-precompileModule /Users/shizihan/DailyUse/Github/InkMarkdown/.scratch/architecture-deepening-2026-09-07/evidence/20260907-1415-ticket-27/consumer/DerivedData-InkMarkdownMermaidConsumer/Build/Intermediates.noindex/ExplicitPrecompiledModules/_Builtin_stddef-EG387HX6JJTUY8W65MRDS1634.scan

PrecompileModule /Users/shizihan/DailyUse/Github/InkMarkdown/.scratch/architecture-deepening-2026-09-07/evidence/20260907-1415-ticket-27/consumer/DerivedData-InkMarkdownMermaidConsumer/Build/Intermediates.noindex/ExplicitPrecompiledModules/_AvailabilityInternal-BOJCPFBXT2VT6T1HENKOTC5TT.scan
    cd /
    builtin-precompileModule /Users/shizihan/DailyUse/Github/InkMarkdown/.scratch/architecture-deepening-2026-09-07/evidence/20260907-1415-ticket-27/consumer/DerivedData-InkMarkdownMermaidConsumer/Build/Intermediates.noindex/ExplicitPrecompiledModules/_AvailabilityInternal-BOJCPFBXT2VT6T1HENKOTC5TT.scan

PrecompileModule /Users/shizihan/DailyUse/Github/InkMarkdown/.scratch/architecture-deepening-2026-09-07/evidence/20260907-1415-ticket-27/consumer/DerivedData-InkMarkdownMermaidConsumer/Build/Intermediates.noindex/ExplicitPrecompiledModules/_Builtin_stdbool-8QZOFBS8JXXAAAX3PK2895M1Y.scan
    cd /
    builtin-precompileModule /Users/shizihan/DailyUse/Github/InkMarkdown/.scratch/architecture-deepening-2026-09-07/evidence/20260907-1415-ticket-27/consumer/DerivedData-InkMarkdownMermaidConsumer/Build/Intermediates.noindex/ExplicitPrecompiledModules/_Builtin_stdbool-8QZOFBS8JXXAAAX3PK2895M1Y.scan

ScanDependencies /Users/shizihan/DailyUse/Github/InkMarkdown/.scratch/architecture-deepening-2026-09-07/evidence/20260907-1415-ticket-27/consumer/DerivedData-InkMarkdownMermaidConsumer/Build/Intermediates.noindex/cmark-gfm.build/Debug-iphonesimulator/cmark-gfm.build/Objects-normal/arm64/linked_list.o /Users/shizihan/DailyUse/Github/InkMarkdown/Packages/Caches/swift-cmark/src/linked_list.c normal arm64 c com.apple.compilers.llvm.clang.1_0.compiler (in target 'cmark-gfm' from project 'cmark-gfm')
    cd /Users/shizihan/DailyUse/Github/InkMarkdown/.github/fixtures/consumer-smoke/.swiftpm/xcode
    
    Using response file: /Users/shizihan/DailyUse/Github/InkMarkdown/.scratch/architecture-deepening-2026-09-07/evidence/20260907-1415-ticket-27/consumer/DerivedData-InkMarkdownMermaidConsumer/Build/Intermediates.noindex/cmark-gfm.build/Debug-iphonesimulator/cmark-gfm.build/Objects-normal/arm64/7187679823f38a2a940e0043cdf9d637-common-args.resp
    
    builtin-ScanDependencies -o /Users/shizihan/DailyUse/Github/InkMarkdown/.scratch/architecture-deepening-2026-09-07/evidence/20260907-1415-ticket-27/consumer/DerivedData-InkMarkdownMermaidConsumer/Build/Intermediates.noindex/cmark-gfm.build/Debug-iphonesimulator/cmark-gfm.build/Objects-normal/arm64/linked_list.o.scan -- /Applications/Xcode.app/Contents/Developer/Toolchains/XcodeDefault.xctoolchain/usr/bin/clang -x c -ivfsstatcache /Users/shizihan/DailyUse/Github/InkMarkdown/.scratch/architecture-deepening-2026-09-07/evidence/20260907-1415-ticket-27/consumer/DerivedData-InkMarkdownMermaidConsumer/SDKStatCaches.noindex/iphonesimulator26.5-23F81a-6cfe768891a92b912361537c460fe42b.sdkstatcache -target arm64-apple-ios12.0-simulator -fmessage-length\=0 -fdiagnostics-show-note-include-stack -fmacro-backtrace-limit\=0 -fno-color-diagnostics -fmodules-prune-interval\=86400 -fmodules-prune-after\=345600 -fbuild-session-file\=/Users/shizihan/DailyUse/Github/InkMarkdown/.scratch/architecture-deepening-2026-09-07/evidence/20260907-1415-ticket-27/consumer/DerivedData-InkMarkdownMermaidConsumer/ModuleCache.noindex/Session.modulevalidation -fmodules-validate-once-per-build-session -Wnon-modular-include-in-framework-module -Werror\=non-modular-include-in-framework-module -Wno-trigraphs -Wno-missing-field-initializers -Wno-missing-prototypes -Wno-return-type -Wno-missing-braces -Wparentheses -Wswitch -Wno-unused-function -Wno-unused-label -Wno-unused-parameter -Wno-unused-variable -Wunused-value -Wno-empty-body -Wno-uninitialized -Wno-unknown-pragmas -w -Wno-shadow -Wno-four-char-constants -Wno-conversion -Wno-constant-conversion -Wno-int-conversion -Wno-bool-conversion -Wno-enum-conversion -Wno-float-conversion -Wno-non-literal-null-conversion -Wno-objc-literal-conversion -Wshorten-64-to-32 -Wpointer-sign -Wno-newline-eof -Wno-implicit-fallthrough -isysroot /Applications/Xcode.app/Contents/Developer/Platforms/iPhoneSimulator.platform/Developer/SDKs/iPhoneSimulator26.5.sdk -fstrict-aliasing -Wdeprecated-declarations -Wno-sign-conversion -Wno-infinite-recursion -Wno-comma -Wno-block-capture-autoreleasing -Wno-strict-prototypes -Wno-semicolon-before-method-body -index-store-path /Users/shizihan/DailyUse/Github/InkMarkdown/.scratch/architecture-deepening-2026-09-07/evidence/20260907-1415-ticket-27/consumer/DerivedData-InkMarkdownMermaidConsumer/Index.noindex/DataStore @/Users/shizihan/DailyUse/Github/InkMarkdown/.scratch/architecture-deepening-2026-09-07/evidence/20260907-1415-ticket-27/consumer/DerivedData-InkMarkdownMermaidConsumer/Build/Intermediates.noindex/cmark-gfm.build/Debug-iphonesimulator/cmark-gfm.build/Objects-normal/arm64/7187679823f38a2a940e0043cdf9d637-common-args.resp -MMD -MT dependencies -MF /Users/shizihan/DailyUse/Github/InkMarkdown/.scratch/architecture-deepening-2026-09-07/evidence/20260907-1415-ticket-27/consumer/DerivedData-InkMarkdownMermaidConsumer/Build/Intermediates.noindex/cmark-gfm.build/Debug-iphonesimulator/cmark-gfm.build/Objects-normal/arm64/linked_list.d --serialize-diagnostics /Users/shizihan/DailyUse/Github/InkMarkdown/.scratch/architecture-deepening-2026-09-07/evidence/20260907-1415-ticket-27/consumer/DerivedData-InkMarkdownMermaidConsumer/Build/Intermediates.noindex/cmark-gfm.build/Debug-iphonesimulator/cmark-gfm.build/Objects-normal/arm64/linked_list.dia -c /Users/shizihan/DailyUse/Github/InkMarkdown/Packages/Caches/swift-cmark/src/linked_list.c -o /Users/shizihan/DailyUse/Github/InkMarkdown/.scratch/architecture-deepening-2026-09-07/evidence/20260907-1415-ticket-27/consumer/DerivedData-InkMarkdownMermaidConsumer/Build/Intermediates.noindex/cmark-gfm.build/Debug-iphonesimulator/cmark-gfm.build/Objects-normal/arm64/linked_list.o -index-unit-output-path /cmark-gfm.build/Debug-iphonesimulator/cmark-gfm.build/Objects-normal/arm64/linked_list.o

ScanDependencies /Users/shizihan/DailyUse/Github/InkMarkdown/.scratch/architecture-deepening-2026-09-07/evidence/20260907-1415-ticket-27/consumer/DerivedData-InkMarkdownMermaidConsumer/Build/Intermediates.noindex/cmark-gfm.build/Debug-iphonesimulator/cmark-gfm.build/Objects-normal/arm64/latex.o /Users/shizihan/DailyUse/Github/InkMarkdown/Packages/Caches/swift-cmark/src/latex.c normal arm64 c com.apple.compilers.llvm.clang.1_0.compiler (in target 'cmark-gfm' from project 'cmark-gfm')
    cd /Users/shizihan/DailyUse/Github/InkMarkdown/.github/fixtures/consumer-smoke/.swiftpm/xcode
    
    Using response file: /Users/shizihan/DailyUse/Github/InkMarkdown/.scratch/architecture-deepening-2026-09-07/evidence/20260907-1415-ticket-27/consumer/DerivedData-InkMarkdownMermaidConsumer/Build/Intermediates.noindex/cmark-gfm.build/Debug-iphonesimulator/cmark-gfm.build/Objects-normal/arm64/7187679823f38a2a940e0043cdf9d637-common-args.resp
    
    builtin-ScanDependencies -o /Users/shizihan/DailyUse/Github/InkMarkdown/.scratch/architecture-deepening-2026-09-07/evidence/20260907-1415-ticket-27/consumer/DerivedData-InkMarkdownMermaidConsumer/Build/Intermediates.noindex/cmark-gfm.build/Debug-iphonesimulator/cmark-gfm.build/Objects-normal/arm64/latex.o.scan -- /Applications/Xcode.app/Contents/Developer/Toolchains/XcodeDefault.xctoolchain/usr/bin/clang -x c -ivfsstatcache /Users/shizihan/DailyUse/Github/InkMarkdown/.scratch/architecture-deepening-2026-09-07/evidence/20260907-1415-ticket-27/consumer/DerivedData-InkMarkdownMermaidConsumer/SDKStatCaches.noindex/iphonesimulator26.5-23F81a-6cfe768891a92b912361537c460fe42b.sdkstatcache -target arm64-apple-ios12.0-simulator -fmessage-length\=0 -fdiagnostics-show-note-include-stack -fmacro-backtrace-limit\=0 -fno-color-diagnostics -fmodules-prune-interval\=86400 -fmodules-prune-after\=345600 -fbuild-session-file\=/Users/shizihan/DailyUse/Github/InkMarkdown/.scratch/architecture-deepening-2026-09-07/evidence/20260907-1415-ticket-27/consumer/DerivedData-InkMarkdownMermaidConsumer/ModuleCache.noindex/Session.modulevalidation -fmodules-validate-once-per-build-session -Wnon-modular-include-in-framework-module -Werror\=non-modular-include-in-framework-module -Wno-trigraphs -Wno-missing-field-initializers -Wno-missing-prototypes -Wno-return-type -Wno-missing-braces -Wparentheses -Wswitch -Wno-unused-function -Wno-unused-label -Wno-unused-parameter -Wno-unused-variable -Wunused-value -Wno-empty-body -Wno-uninitialized -Wno-unknown-pragmas -w -Wno-shadow -Wno-four-char-constants -Wno-conversion -Wno-constant-conversion -Wno-int-conversion -Wno-bool-conversion -Wno-enum-conversion -Wno-float-conversion -Wno-non-literal-null-conversion -Wno-objc-literal-conversion -Wshorten-64-to-32 -Wpointer-sign -Wno-newline-eof -Wno-implicit-fallthrough -isysroot /Applications/Xcode.app/Contents/Developer/Platforms/iPhoneSimulator.platform/Developer/SDKs/iPhoneSimulator26.5.sdk -fstrict-aliasing -Wdeprecated-declarations -Wno-sign-conversion -Wno-infinite-recursion -Wno-comma -Wno-block-capture-autoreleasing -Wno-strict-prototypes -Wno-semicolon-before-method-body -index-store-path /Users/shizihan/DailyUse/Github/InkMarkdown/.scratch/architecture-deepening-2026-09-07/evidence/20260907-1415-ticket-27/consumer/DerivedData-InkMarkdownMermaidConsumer/Index.noindex/DataStore @/Users/shizihan/DailyUse/Github/InkMarkdown/.scratch/architecture-deepening-2026-09-07/evidence/20260907-1415-ticket-27/consumer/DerivedData-InkMarkdownMermaidConsumer/Build/Intermediates.noindex/cmark-gfm.build/Debug-iphonesimulator/cmark-gfm.build/Objects-normal/arm64/7187679823f38a2a940e0043cdf9d637-common-args.resp -MMD -MT dependencies -MF /Users/shizihan/DailyUse/Github/InkMarkdown/.scratch/architecture-deepening-2026-09-07/evidence/20260907-1415-ticket-27/consumer/DerivedData-InkMarkdownMermaidConsumer/Build/Intermediates.noindex/cmark-gfm.build/Debug-iphonesimulator/cmark-gfm.build/Objects-normal/arm64/latex.d --serialize-diagnostics /Users/shizihan/DailyUse/Github/InkMarkdown/.scratch/architecture-deepening-2026-09-07/evidence/20260907-1415-ticket-27/consumer/DerivedData-InkMarkdownMermaidConsumer/Build/Intermediates.noindex/cmark-gfm.build/Debug-iphonesimulator/cmark-gfm.build/Objects-normal/arm64/latex.dia -c /Users/shizihan/DailyUse/Github/InkMarkdown/Packages/Caches/swift-cmark/src/latex.c -o /Users/shizihan/DailyUse/Github/InkMarkdown/.scratch/architecture-deepening-2026-09-07/evidence/20260907-1415-ticket-27/consumer/DerivedData-InkMarkdownMermaidConsumer/Build/Intermediates.noindex/cmark-gfm.build/Debug-iphonesimulator/cmark-gfm.build/Objects-normal/arm64/latex.o -index-unit-output-path /cmark-gfm.build/Debug-iphonesimulator/cmark-gfm.build/Objects-normal/arm64/latex.o

ScanDependencies /Users/shizihan/DailyUse/Github/InkMarkdown/.scratch/architecture-deepening-2026-09-07/evidence/20260907-1415-ticket-27/consumer/DerivedData-InkMarkdownMermaidConsumer/Build/Intermediates.noindex/cmark-gfm.build/Debug-iphonesimulator/cmark-gfm.build/Objects-normal/arm64/iterator.o /Users/shizihan/DailyUse/Github/InkMarkdown/Packages/Caches/swift-cmark/src/iterator.c normal arm64 c com.apple.compilers.llvm.clang.1_0.compiler (in target 'cmark-gfm' from project 'cmark-gfm')
    cd /Users/shizihan/DailyUse/Github/InkMarkdown/.github/fixtures/consumer-smoke/.swiftpm/xcode
    
    Using response file: /Users/shizihan/DailyUse/Github/InkMarkdown/.scratch/architecture-deepening-2026-09-07/evidence/20260907-1415-ticket-27/consumer/DerivedData-InkMarkdownMermaidConsumer/Build/Intermediates.noindex/cmark-gfm.build/Debug-iphonesimulator/cmark-gfm.build/Objects-normal/arm64/7187679823f38a2a940e0043cdf9d637-common-args.resp
    
    builtin-ScanDependencies -o /Users/shizihan/DailyUse/Github/InkMarkdown/.scratch/architecture-deepening-2026-09-07/evidence/20260907-1415-ticket-27/consumer/DerivedData-InkMarkdownMermaidConsumer/Build/Intermediates.noindex/cmark-gfm.build/Debug-iphonesimulator/cmark-gfm.build/Objects-normal/arm64/iterator.o.scan -- /Applications/Xcode.app/Contents/Developer/Toolchains/XcodeDefault.xctoolchain/usr/bin/clang -x c -ivfsstatcache /Users/shizihan/DailyUse/Github/InkMarkdown/.scratch/architecture-deepening-2026-09-07/evidence/20260907-1415-ticket-27/consumer/DerivedData-InkMarkdownMermaidConsumer/SDKStatCaches.noindex/iphonesimulator26.5-23F81a-6cfe768891a92b912361537c460fe42b.sdkstatcache -target arm64-apple-ios12.0-simulator -fmessage-length\=0 -fdiagnostics-show-note-include-stack -fmacro-backtrace-limit\=0 -fno-color-diagnostics -fmodules-prune-interval\=86400 -fmodules-prune-after\=345600 -fbuild-session-file\=/Users/shizihan/DailyUse/Github/InkMarkdown/.scratch/architecture-deepening-2026-09-07/evidence/20260907-1415-ticket-27/consumer/DerivedData-InkMarkdownMermaidConsumer/ModuleCache.noindex/Session.modulevalidation -fmodules-validate-once-per-build-session -Wnon-modular-include-in-framework-module -Werror\=non-modular-include-in-framework-module -Wno-trigraphs -Wno-missing-field-initializers -Wno-missing-prototypes -Wno-return-type -Wno-missing-braces -Wparentheses -Wswitch -Wno-unused-function -Wno-unused-label -Wno-unused-parameter -Wno-unused-variable -Wunused-value -Wno-empty-body -Wno-uninitialized -Wno-unknown-pragmas -w -Wno-shadow -Wno-four-char-constants -Wno-conversion -Wno-constant-conversion -Wno-int-conversion -Wno-bool-conversion -Wno-enum-conversion -Wno-float-conversion -Wno-non-literal-null-conversion -Wno-objc-literal-conversion -Wshorten-64-to-32 -Wpointer-sign -Wno-newline-eof -Wno-implicit-fallthrough -isysroot /Applications/Xcode.app/Contents/Developer/Platforms/iPhoneSimulator.platform/Developer/SDKs/iPhoneSimulator26.5.sdk -fstrict-aliasing -Wdeprecated-declarations -Wno-sign-conversion -Wno-infinite-recursion -Wno-comma -Wno-block-capture-autoreleasing -Wno-strict-prototypes -Wno-semicolon-before-method-body -index-store-path /Users/shizihan/DailyUse/Github/InkMarkdown/.scratch/architecture-deepening-2026-09-07/evidence/20260907-1415-ticket-27/consumer/DerivedData-InkMarkdownMermaidConsumer/Index.noindex/DataStore @/Users/shizihan/DailyUse/Github/InkMarkdown/.scratch/architecture-deepening-2026-09-07/evidence/20260907-1415-ticket-27/consumer/DerivedData-InkMarkdownMermaidConsumer/Build/Intermediates.noindex/cmark-gfm.build/Debug-iphonesimulator/cmark-gfm.build/Objects-normal/arm64/7187679823f38a2a940e0043cdf9d637-common-args.resp -MMD -MT dependencies -MF /Users/shizihan/DailyUse/Github/InkMarkdown/.scratch/architecture-deepening-2026-09-07/evidence/20260907-1415-ticket-27/consumer/DerivedData-InkMarkdownMermaidConsumer/Build/Intermediates.noindex/cmark-gfm.build/Debug-iphonesimulator/cmark-gfm.build/Objects-normal/arm64/iterator.d --serialize-diagnostics /Users/shizihan/DailyUse/Github/InkMarkdown/.scratch/architecture-deepening-2026-09-07/evidence/20260907-1415-ticket-27/consumer/DerivedData-InkMarkdownMermaidConsumer/Build/Intermediates.noindex/cmark-gfm.build/Debug-iphonesimulator/cmark-gfm.build/Objects-normal/arm64/iterator.dia -c /Users/shizihan/DailyUse/Github/InkMarkdown/Packages/Caches/swift-cmark/src/iterator.c -o /Users/shizihan/DailyUse/Github/InkMarkdown/.scratch/architecture-deepening-2026-09-07/evidence/20260907-1415-ticket-27/consumer/DerivedData-InkMarkdownMermaidConsumer/Build/Intermediates.noindex/cmark-gfm.build/Debug-iphonesimulator/cmark-gfm.build/Objects-normal/arm64/iterator.o -index-unit-output-path /cmark-gfm.build/Debug-iphonesimulator/cmark-gfm.build/Objects-normal/arm64/iterator.o

ScanDependencies /Users/shizihan/DailyUse/Github/InkMarkdown/.scratch/architecture-deepening-2026-09-07/evidence/20260907-1415-ticket-27/consumer/DerivedData-InkMarkdownMermaidConsumer/Build/Intermediates.noindex/cmark-gfm.build/Debug-iphonesimulator/cmark-gfm.build/Objects-normal/arm64/inlines.o /Users/shizihan/DailyUse/Github/InkMarkdown/Packages/Caches/swift-cmark/src/inlines.c normal arm64 c com.apple.compilers.llvm.clang.1_0.compiler (in target 'cmark-gfm' from project 'cmark-gfm')
    cd /Users/shizihan/DailyUse/Github/InkMarkdown/.github/fixtures/consumer-smoke/.swiftpm/xcode
    
    Using response file: /Users/shizihan/DailyUse/Github/InkMarkdown/.scratch/architecture-deepening-2026-09-07/evidence/20260907-1415-ticket-27/consumer/DerivedData-InkMarkdownMermaidConsumer/Build/Intermediates.noindex/cmark-gfm.build/Debug-iphonesimulator/cmark-gfm.build/Objects-normal/arm64/7187679823f38a2a940e0043cdf9d637-common-args.resp
    
    builtin-ScanDependencies -o /Users/shizihan/DailyUse/Github/InkMarkdown/.scratch/architecture-deepening-2026-09-07/evidence/20260907-1415-ticket-27/consumer/DerivedData-InkMarkdownMermaidConsumer/Build/Intermediates.noindex/cmark-gfm.build/Debug-iphonesimulator/cmark-gfm.build/Objects-normal/arm64/inlines.o.scan -- /Applications/Xcode.app/Contents/Developer/Toolchains/XcodeDefault.xctoolchain/usr/bin/clang -x c -ivfsstatcache /Users/shizihan/DailyUse/Github/InkMarkdown/.scratch/architecture-deepening-2026-09-07/evidence/20260907-1415-ticket-27/consumer/DerivedData-InkMarkdownMermaidConsumer/SDKStatCaches.noindex/iphonesimulator26.5-23F81a-6cfe768891a92b912361537c460fe42b.sdkstatcache -target arm64-apple-ios12.0-simulator -fmessage-length\=0 -fdiagnostics-show-note-include-stack -fmacro-backtrace-limit\=0 -fno-color-diagnostics -fmodules-prune-interval\=86400 -fmodules-prune-after\=345600 -fbuild-session-file\=/Users/shizihan/DailyUse/Github/InkMarkdown/.scratch/architecture-deepening-2026-09-07/evidence/20260907-1415-ticket-27/consumer/DerivedData-InkMarkdownMermaidConsumer/ModuleCache.noindex/Session.modulevalidation -fmodules-validate-once-per-build-session -Wnon-modular-include-in-framework-module -Werror\=non-modular-include-in-framework-module -Wno-trigraphs -Wno-missing-field-initializers -Wno-missing-prototypes -Wno-return-type -Wno-missing-braces -Wparentheses -Wswitch -Wno-unused-function -Wno-unused-label -Wno-unused-parameter -Wno-unused-variable -Wunused-value -Wno-empty-body -Wno-uninitialized -Wno-unknown-pragmas -w -Wno-shadow -Wno-four-char-constants -Wno-conversion -Wno-constant-conversion -Wno-int-conversion -Wno-bool-conversion -Wno-enum-conversion -Wno-float-conversion -Wno-non-literal-null-conversion -Wno-objc-literal-conversion -Wshorten-64-to-32 -Wpointer-sign -Wno-newline-eof -Wno-implicit-fallthrough -isysroot /Applications/Xcode.app/Contents/Developer/Platforms/iPhoneSimulator.platform/Developer/SDKs/iPhoneSimulator26.5.sdk -fstrict-aliasing -Wdeprecated-declarations -Wno-sign-conversion -Wno-infinite-recursion -Wno-comma -Wno-block-capture-autoreleasing -Wno-strict-prototypes -Wno-semicolon-before-method-body -index-store-path /Users/shizihan/DailyUse/Github/InkMarkdown/.scratch/architecture-deepening-2026-09-07/evidence/20260907-1415-ticket-27/consumer/DerivedData-InkMarkdownMermaidConsumer/Index.noindex/DataStore @/Users/shizihan/DailyUse/Github/InkMarkdown/.scratch/architecture-deepening-2026-09-07/evidence/20260907-1415-ticket-27/consumer/DerivedData-InkMarkdownMermaidConsumer/Build/Intermediates.noindex/cmark-gfm.build/Debug-iphonesimulator/cmark-gfm.build/Objects-normal/arm64/7187679823f38a2a940e0043cdf9d637-common-args.resp -MMD -MT dependencies -MF /Users/shizihan/DailyUse/Github/InkMarkdown/.scratch/architecture-deepening-2026-09-07/evidence/20260907-1415-ticket-27/consumer/DerivedData-InkMarkdownMermaidConsumer/Build/Intermediates.noindex/cmark-gfm.build/Debug-iphonesimulator/cmark-gfm.build/Objects-normal/arm64/inlines.d --serialize-diagnostics /Users/shizihan/DailyUse/Github/InkMarkdown/.scratch/architecture-deepening-2026-09-07/evidence/20260907-1415-ticket-27/consumer/DerivedData-InkMarkdownMermaidConsumer/Build/Intermediates.noindex/cmark-gfm.build/Debug-iphonesimulator/cmark-gfm.build/Objects-normal/arm64/inlines.dia -c /Users/shizihan/DailyUse/Github/InkMarkdown/Packages/Caches/swift-cmark/src/inlines.c -o /Users/shizihan/DailyUse/Github/InkMarkdown/.scratch/architecture-deepening-2026-09-07/evidence/20260907-1415-ticket-27/consumer/DerivedData-InkMarkdownMermaidConsumer/Build/Intermediates.noindex/cmark-gfm.build/Debug-iphonesimulator/cmark-gfm.build/Objects-normal/arm64/inlines.o -index-unit-output-path /cmark-gfm.build/Debug-iphonesimulator/cmark-gfm.build/Objects-normal/arm64/inlines.o

ScanDependencies /Users/shizihan/DailyUse/Github/InkMarkdown/.scratch/architecture-deepening-2026-09-07/evidence/20260907-1415-ticket-27/consumer/DerivedData-InkMarkdownMermaidConsumer/Build/Intermediates.noindex/cmark-gfm.build/Debug-iphonesimulator/cmark-gfm.build/Objects-normal/arm64/html.o /Users/shizihan/DailyUse/Github/InkMarkdown/Packages/Caches/swift-cmark/src/html.c normal arm64 c com.apple.compilers.llvm.clang.1_0.compiler (in target 'cmark-gfm' from project 'cmark-gfm')
    cd /Users/shizihan/DailyUse/Github/InkMarkdown/.github/fixtures/consumer-smoke/.swiftpm/xcode
    
    Using response file: /Users/shizihan/DailyUse/Github/InkMarkdown/.scratch/architecture-deepening-2026-09-07/evidence/20260907-1415-ticket-27/consumer/DerivedData-InkMarkdownMermaidConsumer/Build/Intermediates.noindex/cmark-gfm.build/Debug-iphonesimulator/cmark-gfm.build/Objects-normal/arm64/7187679823f38a2a940e0043cdf9d637-common-args.resp
    
    builtin-ScanDependencies -o /Users/shizihan/DailyUse/Github/InkMarkdown/.scratch/architecture-deepening-2026-09-07/evidence/20260907-1415-ticket-27/consumer/DerivedData-InkMarkdownMermaidConsumer/Build/Intermediates.noindex/cmark-gfm.build/Debug-iphonesimulator/cmark-gfm.build/Objects-normal/arm64/html.o.scan -- /Applications/Xcode.app/Contents/Developer/Toolchains/XcodeDefault.xctoolchain/usr/bin/clang -x c -ivfsstatcache /Users/shizihan/DailyUse/Github/InkMarkdown/.scratch/architecture-deepening-2026-09-07/evidence/20260907-1415-ticket-27/consumer/DerivedData-InkMarkdownMermaidConsumer/SDKStatCaches.noindex/iphonesimulator26.5-23F81a-6cfe768891a92b912361537c460fe42b.sdkstatcache -target arm64-apple-ios12.0-simulator -fmessage-length\=0 -fdiagnostics-show-note-include-stack -fmacro-backtrace-limit\=0 -fno-color-diagnostics -fmodules-prune-interval\=86400 -fmodules-prune-after\=345600 -fbuild-session-file\=/Users/shizihan/DailyUse/Github/InkMarkdown/.scratch/architecture-deepening-2026-09-07/evidence/20260907-1415-ticket-27/consumer/DerivedData-InkMarkdownMermaidConsumer/ModuleCache.noindex/Session.modulevalidation -fmodules-validate-once-per-build-session -Wnon-modular-include-in-framework-module -Werror\=non-modular-include-in-framework-module -Wno-trigraphs -Wno-missing-field-initializers -Wno-missing-prototypes -Wno-return-type -Wno-missing-braces -Wparentheses -Wswitch -Wno-unused-function -Wno-unused-label -Wno-unused-parameter -Wno-unused-variable -Wunused-value -Wno-empty-body -Wno-uninitialized -Wno-unknown-pragmas -w -Wno-shadow -Wno-four-char-constants -Wno-conversion -Wno-constant-conversion -Wno-int-conversion -Wno-bool-conversion -Wno-enum-conversion -Wno-float-conversion -Wno-non-literal-null-conversion -Wno-objc-literal-conversion -Wshorten-64-to-32 -Wpointer-sign -Wno-newline-eof -Wno-implicit-fallthrough -isysroot /Applications/Xcode.app/Contents/Developer/Platforms/iPhoneSimulator.platform/Developer/SDKs/iPhoneSimulator26.5.sdk -fstrict-aliasing -Wdeprecated-declarations -Wno-sign-conversion -Wno-infinite-recursion -Wno-comma -Wno-block-capture-autoreleasing -Wno-strict-prototypes -Wno-semicolon-before-method-body -index-store-path /Users/shizihan/DailyUse/Github/InkMarkdown/.scratch/architecture-deepening-2026-09-07/evidence/20260907-1415-ticket-27/consumer/DerivedData-InkMarkdownMermaidConsumer/Index.noindex/DataStore @/Users/shizihan/DailyUse/Github/InkMarkdown/.scratch/architecture-deepening-2026-09-07/evidence/20260907-1415-ticket-27/consumer/DerivedData-InkMarkdownMermaidConsumer/Build/Intermediates.noindex/cmark-gfm.build/Debug-iphonesimulator/cmark-gfm.build/Objects-normal/arm64/7187679823f38a2a940e0043cdf9d637-common-args.resp -MMD -MT dependencies -MF /Users/shizihan/DailyUse/Github/InkMarkdown/.scratch/architecture-deepening-2026-09-07/evidence/20260907-1415-ticket-27/consumer/DerivedData-InkMarkdownMermaidConsumer/Build/Intermediates.noindex/cmark-gfm.build/Debug-iphonesimulator/cmark-gfm.build/Objects-normal/arm64/html.d --serialize-diagnostics /Users/shizihan/DailyUse/Github/InkMarkdown/.scratch/architecture-deepening-2026-09-07/evidence/20260907-1415-ticket-27/consumer/DerivedData-InkMarkdownMermaidConsumer/Build/Intermediates.noindex/cmark-gfm.build/Debug-iphonesimulator/cmark-gfm.build/Objects-normal/arm64/html.dia -c /Users/shizihan/DailyUse/Github/InkMarkdown/Packages/Caches/swift-cmark/src/html.c -o /Users/shizihan/DailyUse/Github/InkMarkdown/.scratch/architecture-deepening-2026-09-07/evidence/20260907-1415-ticket-27/consumer/DerivedData-InkMarkdownMermaidConsumer/Build/Intermediates.noindex/cmark-gfm.build/Debug-iphonesimulator/cmark-gfm.build/Objects-normal/arm64/html.o -index-unit-output-path /cmark-gfm.build/Debug-iphonesimulator/cmark-gfm.build/Objects-normal/arm64/html.o

ScanDependencies /Users/shizihan/DailyUse/Github/InkMarkdown/.scratch/architecture-deepening-2026-09-07/evidence/20260907-1415-ticket-27/consumer/DerivedData-InkMarkdownMermaidConsumer/Build/Intermediates.noindex/cmark-gfm.build/Debug-iphonesimulator/cmark-gfm.build/Objects-normal/arm64/houdini_html_u.o /Users/shizihan/DailyUse/Github/InkMarkdown/Packages/Caches/swift-cmark/src/houdini_html_u.c normal arm64 c com.apple.compilers.llvm.clang.1_0.compiler (in target 'cmark-gfm' from project 'cmark-gfm')
    cd /Users/shizihan/DailyUse/Github/InkMarkdown/.github/fixtures/consumer-smoke/.swiftpm/xcode
    
    Using response file: /Users/shizihan/DailyUse/Github/InkMarkdown/.scratch/architecture-deepening-2026-09-07/evidence/20260907-1415-ticket-27/consumer/DerivedData-InkMarkdownMermaidConsumer/Build/Intermediates.noindex/cmark-gfm.build/Debug-iphonesimulator/cmark-gfm.build/Objects-normal/arm64/7187679823f38a2a940e0043cdf9d637-common-args.resp
    
    builtin-ScanDependencies -o /Users/shizihan/DailyUse/Github/InkMarkdown/.scratch/architecture-deepening-2026-09-07/evidence/20260907-1415-ticket-27/consumer/DerivedData-InkMarkdownMermaidConsumer/Build/Intermediates.noindex/cmark-gfm.build/Debug-iphonesimulator/cmark-gfm.build/Objects-normal/arm64/houdini_html_u.o.scan -- /Applications/Xcode.app/Contents/Developer/Toolchains/XcodeDefault.xctoolchain/usr/bin/clang -x c -ivfsstatcache /Users/shizihan/DailyUse/Github/InkMarkdown/.scratch/architecture-deepening-2026-09-07/evidence/20260907-1415-ticket-27/consumer/DerivedData-InkMarkdownMermaidConsumer/SDKStatCaches.noindex/iphonesimulator26.5-23F81a-6cfe768891a92b912361537c460fe42b.sdkstatcache -target arm64-apple-ios12.0-simulator -fmessage-length\=0 -fdiagnostics-show-note-include-stack -fmacro-backtrace-limit\=0 -fno-color-diagnostics -fmodules-prune-interval\=86400 -fmodules-prune-after\=345600 -fbuild-session-file\=/Users/shizihan/DailyUse/Github/InkMarkdown/.scratch/architecture-deepening-2026-09-07/evidence/20260907-1415-ticket-27/consumer/DerivedData-InkMarkdownMermaidConsumer/ModuleCache.noindex/Session.modulevalidation -fmodules-validate-once-per-build-session -Wnon-modular-include-in-framework-module -Werror\=non-modular-include-in-framework-module -Wno-trigraphs -Wno-missing-field-initializers -Wno-missing-prototypes -Wno-return-type -Wno-missing-braces -Wparentheses -Wswitch -Wno-unused-function -Wno-unused-label -Wno-unused-parameter -Wno-unused-variable -Wunused-value -Wno-empty-body -Wno-uninitialized -Wno-unknown-pragmas -w -Wno-shadow -Wno-four-char-constants -Wno-conversion -Wno-constant-conversion -Wno-int-conversion -Wno-bool-conversion -Wno-enum-conversion -Wno-float-conversion -Wno-non-literal-null-conversion -Wno-objc-literal-conversion -Wshorten-64-to-32 -Wpointer-sign -Wno-newline-eof -Wno-implicit-fallthrough -isysroot /Applications/Xcode.app/Contents/Developer/Platforms/iPhoneSimulator.platform/Developer/SDKs/iPhoneSimulator26.5.sdk -fstrict-aliasing -Wdeprecated-declarations -Wno-sign-conversion -Wno-infinite-recursion -Wno-comma -Wno-block-capture-autoreleasing -Wno-strict-prototypes -Wno-semicolon-before-method-body -index-store-path /Users/shizihan/DailyUse/Github/InkMarkdown/.scratch/architecture-deepening-2026-09-07/evidence/20260907-1415-ticket-27/consumer/DerivedData-InkMarkdownMermaidConsumer/Index.noindex/DataStore @/Users/shizihan/DailyUse/Github/InkMarkdown/.scratch/architecture-deepening-2026-09-07/evidence/20260907-1415-ticket-27/consumer/DerivedData-InkMarkdownMermaidConsumer/Build/Intermediates.noindex/cmark-gfm.build/Debug-iphonesimulator/cmark-gfm.build/Objects-normal/arm64/7187679823f38a2a940e0043cdf9d637-common-args.resp -MMD -MT dependencies -MF /Users/shizihan/DailyUse/Github/InkMarkdown/.scratch/architecture-deepening-2026-09-07/evidence/20260907-1415-ticket-27/consumer/DerivedData-InkMarkdownMermaidConsumer/Build/Intermediates.noindex/cmark-gfm.build/Debug-iphonesimulator/cmark-gfm.build/Objects-normal/arm64/houdini_html_u.d --serialize-diagnostics /Users/shizihan/DailyUse/Github/InkMarkdown/.scratch/architecture-deepening-2026-09-07/evidence/20260907-1415-ticket-27/consumer/DerivedData-InkMarkdownMermaidConsumer/Build/Intermediates.noindex/cmark-gfm.build/Debug-iphonesimulator/cmark-gfm.build/Objects-normal/arm64/houdini_html_u.dia -c /Users/shizihan/DailyUse/Github/InkMarkdown/Packages/Caches/swift-cmark/src/houdini_html_u.c -o /Users/shizihan/DailyUse/Github/InkMarkdown/.scratch/architecture-deepening-2026-09-07/evidence/20260907-1415-ticket-27/consumer/DerivedData-InkMarkdownMermaidConsumer/Build/Intermediates.noindex/cmark-gfm.build/Debug-iphonesimulator/cmark-gfm.build/Objects-normal/arm64/houdini_html_u.o -index-unit-output-path /cmark-gfm.build/Debug-iphonesimulator/cmark-gfm.build/Objects-normal/arm64/houdini_html_u.o

ScanDependencies /Users/shizihan/DailyUse/Github/InkMarkdown/.scratch/architecture-deepening-2026-09-07/evidence/20260907-1415-ticket-27/consumer/DerivedData-InkMarkdownMermaidConsumer/Build/Intermediates.noindex/cmark-gfm.build/Debug-iphonesimulator/cmark-gfm.build/Objects-normal/arm64/houdini_html_e.o /Users/shizihan/DailyUse/Github/InkMarkdown/Packages/Caches/swift-cmark/src/houdini_html_e.c normal arm64 c com.apple.compilers.llvm.clang.1_0.compiler (in target 'cmark-gfm' from project 'cmark-gfm')
    cd /Users/shizihan/DailyUse/Github/InkMarkdown/.github/fixtures/consumer-smoke/.swiftpm/xcode
    
    Using response file: /Users/shizihan/DailyUse/Github/InkMarkdown/.scratch/architecture-deepening-2026-09-07/evidence/20260907-1415-ticket-27/consumer/DerivedData-InkMarkdownMermaidConsumer/Build/Intermediates.noindex/cmark-gfm.build/Debug-iphonesimulator/cmark-gfm.build/Objects-normal/arm64/7187679823f38a2a940e0043cdf9d637-common-args.resp
    
    builtin-ScanDependencies -o /Users/shizihan/DailyUse/Github/InkMarkdown/.scratch/architecture-deepening-2026-09-07/evidence/20260907-1415-ticket-27/consumer/DerivedData-InkMarkdownMermaidConsumer/Build/Intermediates.noindex/cmark-gfm.build/Debug-iphonesimulator/cmark-gfm.build/Objects-normal/arm64/houdini_html_e.o.scan -- /Applications/Xcode.app/Contents/Developer/Toolchains/XcodeDefault.xctoolchain/usr/bin/clang -x c -ivfsstatcache /Users/shizihan/DailyUse/Github/InkMarkdown/.scratch/architecture-deepening-2026-09-07/evidence/20260907-1415-ticket-27/consumer/DerivedData-InkMarkdownMermaidConsumer/SDKStatCaches.noindex/iphonesimulator26.5-23F81a-6cfe768891a92b912361537c460fe42b.sdkstatcache -target arm64-apple-ios12.0-simulator -fmessage-length\=0 -fdiagnostics-show-note-include-stack -fmacro-backtrace-limit\=0 -fno-color-diagnostics -fmodules-prune-interval\=86400 -fmodules-prune-after\=345600 -fbuild-session-file\=/Users/shizihan/DailyUse/Github/InkMarkdown/.scratch/architecture-deepening-2026-09-07/evidence/20260907-1415-ticket-27/consumer/DerivedData-InkMarkdownMermaidConsumer/ModuleCache.noindex/Session.modulevalidation -fmodules-validate-once-per-build-session -Wnon-modular-include-in-framework-module -Werror\=non-modular-include-in-framework-module -Wno-trigraphs -Wno-missing-field-initializers -Wno-missing-prototypes -Wno-return-type -Wno-missing-braces -Wparentheses -Wswitch -Wno-unused-function -Wno-unused-label -Wno-unused-parameter -Wno-unused-variable -Wunused-value -Wno-empty-body -Wno-uninitialized -Wno-unknown-pragmas -w -Wno-shadow -Wno-four-char-constants -Wno-conversion -Wno-constant-conversion -Wno-int-conversion -Wno-bool-conversion -Wno-enum-conversion -Wno-float-conversion -Wno-non-literal-null-conversion -Wno-objc-literal-conversion -Wshorten-64-to-32 -Wpointer-sign -Wno-newline-eof -Wno-implicit-fallthrough -isysroot /Applications/Xcode.app/Contents/Developer/Platforms/iPhoneSimulator.platform/Developer/SDKs/iPhoneSimulator26.5.sdk -fstrict-aliasing -Wdeprecated-declarations -Wno-sign-conversion -Wno-infinite-recursion -Wno-comma -Wno-block-capture-autoreleasing -Wno-strict-prototypes -Wno-semicolon-before-method-body -index-store-path /Users/shizihan/DailyUse/Github/InkMarkdown/.scratch/architecture-deepening-2026-09-07/evidence/20260907-1415-ticket-27/consumer/DerivedData-InkMarkdownMermaidConsumer/Index.noindex/DataStore @/Users/shizihan/DailyUse/Github/InkMarkdown/.scratch/architecture-deepening-2026-09-07/evidence/20260907-1415-ticket-27/consumer/DerivedData-InkMarkdownMermaidConsumer/Build/Intermediates.noindex/cmark-gfm.build/Debug-iphonesimulator/cmark-gfm.build/Objects-normal/arm64/7187679823f38a2a940e0043cdf9d637-common-args.resp -MMD -MT dependencies -MF /Users/shizihan/DailyUse/Github/InkMarkdown/.scratch/architecture-deepening-2026-09-07/evidence/20260907-1415-ticket-27/consumer/DerivedData-InkMarkdownMermaidConsumer/Build/Intermediates.noindex/cmark-gfm.build/Debug-iphonesimulator/cmark-gfm.build/Objects-normal/arm64/houdini_html_e.d --serialize-diagnostics /Users/shizihan/DailyUse/Github/InkMarkdown/.scratch/architecture-deepening-2026-09-07/evidence/20260907-1415-ticket-27/consumer/DerivedData-InkMarkdownMermaidConsumer/Build/Intermediates.noindex/cmark-gfm.build/Debug-iphonesimulator/cmark-gfm.build/Objects-normal/arm64/houdini_html_e.dia -c /Users/shizihan/DailyUse/Github/InkMarkdown/Packages/Caches/swift-cmark/src/houdini_html_e.c -o /Users/shizihan/DailyUse/Github/InkMarkdown/.scratch/architecture-deepening-2026-09-07/evidence/20260907-1415-ticket-27/consumer/DerivedData-InkMarkdownMermaidConsumer/Build/Intermediates.noindex/cmark-gfm.build/Debug-iphonesimulator/cmark-gfm.build/Objects-normal/arm64/houdini_html_e.o -index-unit-output-path /cmark-gfm.build/Debug-iphonesimulator/cmark-gfm.build/Objects-normal/arm64/houdini_html_e.o

ScanDependencies /Users/shizihan/DailyUse/Github/InkMarkdown/.scratch/architecture-deepening-2026-09-07/evidence/20260907-1415-ticket-27/consumer/DerivedData-InkMarkdownMermaidConsumer/Build/Intermediates.noindex/cmark-gfm.build/Debug-iphonesimulator/cmark-gfm.build/Objects-normal/arm64/houdini_href_e.o /Users/shizihan/DailyUse/Github/InkMarkdown/Packages/Caches/swift-cmark/src/houdini_href_e.c normal arm64 c com.apple.compilers.llvm.clang.1_0.compiler (in target 'cmark-gfm' from project 'cmark-gfm')
    cd /Users/shizihan/DailyUse/Github/InkMarkdown/.github/fixtures/consumer-smoke/.swiftpm/xcode
    
    Using response file: /Users/shizihan/DailyUse/Github/InkMarkdown/.scratch/architecture-deepening-2026-09-07/evidence/20260907-1415-ticket-27/consumer/DerivedData-InkMarkdownMermaidConsumer/Build/Intermediates.noindex/cmark-gfm.build/Debug-iphonesimulator/cmark-gfm.build/Objects-normal/arm64/7187679823f38a2a940e0043cdf9d637-common-args.resp
    
    builtin-ScanDependencies -o /Users/shizihan/DailyUse/Github/InkMarkdown/.scratch/architecture-deepening-2026-09-07/evidence/20260907-1415-ticket-27/consumer/DerivedData-InkMarkdownMermaidConsumer/Build/Intermediates.noindex/cmark-gfm.build/Debug-iphonesimulator/cmark-gfm.build/Objects-normal/arm64/houdini_href_e.o.scan -- /Applications/Xcode.app/Contents/Developer/Toolchains/XcodeDefault.xctoolchain/usr/bin/clang -x c -ivfsstatcache /Users/shizihan/DailyUse/Github/InkMarkdown/.scratch/architecture-deepening-2026-09-07/evidence/20260907-1415-ticket-27/consumer/DerivedData-InkMarkdownMermaidConsumer/SDKStatCaches.noindex/iphonesimulator26.5-23F81a-6cfe768891a92b912361537c460fe42b.sdkstatcache -target arm64-apple-ios12.0-simulator -fmessage-length\=0 -fdiagnostics-show-note-include-stack -fmacro-backtrace-limit\=0 -fno-color-diagnostics -fmodules-prune-interval\=86400 -fmodules-prune-after\=345600 -fbuild-session-file\=/Users/shizihan/DailyUse/Github/InkMarkdown/.scratch/architecture-deepening-2026-09-07/evidence/20260907-1415-ticket-27/consumer/DerivedData-InkMarkdownMermaidConsumer/ModuleCache.noindex/Session.modulevalidation -fmodules-validate-once-per-build-session -Wnon-modular-include-in-framework-module -Werror\=non-modular-include-in-framework-module -Wno-trigraphs -Wno-missing-field-initializers -Wno-missing-prototypes -Wno-return-type -Wno-missing-braces -Wparentheses -Wswitch -Wno-unused-function -Wno-unused-label -Wno-unused-parameter -Wno-unused-variable -Wunused-value -Wno-empty-body -Wno-uninitialized -Wno-unknown-pragmas -w -Wno-shadow -Wno-four-char-constants -Wno-conversion -Wno-constant-conversion -Wno-int-conversion -Wno-bool-conversion -Wno-enum-conversion -Wno-float-conversion -Wno-non-literal-null-conversion -Wno-objc-literal-conversion -Wshorten-64-to-32 -Wpointer-sign -Wno-newline-eof -Wno-implicit-fallthrough -isysroot /Applications/Xcode.app/Contents/Developer/Platforms/iPhoneSimulator.platform/Developer/SDKs/iPhoneSimulator26.5.sdk -fstrict-aliasing -Wdeprecated-declarations -Wno-sign-conversion -Wno-infinite-recursion -Wno-comma -Wno-block-capture-autoreleasing -Wno-strict-prototypes -Wno-semicolon-before-method-body -index-store-path /Users/shizihan/DailyUse/Github/InkMarkdown/.scratch/architecture-deepening-2026-09-07/evidence/20260907-1415-ticket-27/consumer/DerivedData-InkMarkdownMermaidConsumer/Index.noindex/DataStore @/Users/shizihan/DailyUse/Github/InkMarkdown/.scratch/architecture-deepening-2026-09-07/evidence/20260907-1415-ticket-27/consumer/DerivedData-InkMarkdownMermaidConsumer/Build/Intermediates.noindex/cmark-gfm.build/Debug-iphonesimulator/cmark-gfm.build/Objects-normal/arm64/7187679823f38a2a940e0043cdf9d637-common-args.resp -MMD -MT dependencies -MF /Users/shizihan/DailyUse/Github/InkMarkdown/.scratch/architecture-deepening-2026-09-07/evidence/20260907-1415-ticket-27/consumer/DerivedData-InkMarkdownMermaidConsumer/Build/Intermediates.noindex/cmark-gfm.build/Debug-iphonesimulator/cmark-gfm.build/Objects-normal/arm64/houdini_href_e.d --serialize-diagnostics /Users/shizihan/DailyUse/Github/InkMarkdown/.scratch/architecture-deepening-2026-09-07/evidence/20260907-1415-ticket-27/consumer/DerivedData-InkMarkdownMermaidConsumer/Build/Intermediates.noindex/cmark-gfm.build/Debug-iphonesimulator/cmark-gfm.build/Objects-normal/arm64/houdini_href_e.dia -c /Users/shizihan/DailyUse/Github/InkMarkdown/Packages/Caches/swift-cmark/src/houdini_href_e.c -o /Users/shizihan/DailyUse/Github/InkMarkdown/.scratch/architecture-deepening-2026-09-07/evidence/20260907-1415-ticket-27/consumer/DerivedData-InkMarkdownMermaidConsumer/Build/Intermediates.noindex/cmark-gfm.build/Debug-iphonesimulator/cmark-gfm.build/Objects-normal/arm64/houdini_href_e.o -index-unit-output-path /cmark-gfm.build/Debug-iphonesimulator/cmark-gfm.build/Objects-normal/arm64/houdini_href_e.o

ScanDependencies /Users/shizihan/DailyUse/Github/InkMarkdown/.scratch/architecture-deepening-2026-09-07/evidence/20260907-1415-ticket-27/consumer/DerivedData-InkMarkdownMermaidConsumer/Build/Intermediates.noindex/cmark-gfm.build/Debug-iphonesimulator/cmark-gfm.build/Objects-normal/arm64/footnotes.o /Users/shizihan/DailyUse/Github/InkMarkdown/Packages/Caches/swift-cmark/src/footnotes.c normal arm64 c com.apple.compilers.llvm.clang.1_0.compiler (in target 'cmark-gfm' from project 'cmark-gfm')
    cd /Users/shizihan/DailyUse/Github/InkMarkdown/.github/fixtures/consumer-smoke/.swiftpm/xcode
    
    Using response file: /Users/shizihan/DailyUse/Github/InkMarkdown/.scratch/architecture-deepening-2026-09-07/evidence/20260907-1415-ticket-27/consumer/DerivedData-InkMarkdownMermaidConsumer/Build/Intermediates.noindex/cmark-gfm.build/Debug-iphonesimulator/cmark-gfm.build/Objects-normal/arm64/7187679823f38a2a940e0043cdf9d637-common-args.resp
    
    builtin-ScanDependencies -o /Users/shizihan/DailyUse/Github/InkMarkdown/.scratch/architecture-deepening-2026-09-07/evidence/20260907-1415-ticket-27/consumer/DerivedData-InkMarkdownMermaidConsumer/Build/Intermediates.noindex/cmark-gfm.build/Debug-iphonesimulator/cmark-gfm.build/Objects-normal/arm64/footnotes.o.scan -- /Applications/Xcode.app/Contents/Developer/Toolchains/XcodeDefault.xctoolchain/usr/bin/clang -x c -ivfsstatcache /Users/shizihan/DailyUse/Github/InkMarkdown/.scratch/architecture-deepening-2026-09-07/evidence/20260907-1415-ticket-27/consumer/DerivedData-InkMarkdownMermaidConsumer/SDKStatCaches.noindex/iphonesimulator26.5-23F81a-6cfe768891a92b912361537c460fe42b.sdkstatcache -target arm64-apple-ios12.0-simulator -fmessage-length\=0 -fdiagnostics-show-note-include-stack -fmacro-backtrace-limit\=0 -fno-color-diagnostics -fmodules-prune-interval\=86400 -fmodules-prune-after\=345600 -fbuild-session-file\=/Users/shizihan/DailyUse/Github/InkMarkdown/.scratch/architecture-deepening-2026-09-07/evidence/20260907-1415-ticket-27/consumer/DerivedData-InkMarkdownMermaidConsumer/ModuleCache.noindex/Session.modulevalidation -fmodules-validate-once-per-build-session -Wnon-modular-include-in-framework-module -Werror\=non-modular-include-in-framework-module -Wno-trigraphs -Wno-missing-field-initializers -Wno-missing-prototypes -Wno-return-type -Wno-missing-braces -Wparentheses -Wswitch -Wno-unused-function -Wno-unused-label -Wno-unused-parameter -Wno-unused-variable -Wunused-value -Wno-empty-body -Wno-uninitialized -Wno-unknown-pragmas -w -Wno-shadow -Wno-four-char-constants -Wno-conversion -Wno-constant-conversion -Wno-int-conversion -Wno-bool-conversion -Wno-enum-conversion -Wno-float-conversion -Wno-non-literal-null-conversion -Wno-objc-literal-conversion -Wshorten-64-to-32 -Wpointer-sign -Wno-newline-eof -Wno-implicit-fallthrough -isysroot /Applications/Xcode.app/Contents/Developer/Platforms/iPhoneSimulator.platform/Developer/SDKs/iPhoneSimulator26.5.sdk -fstrict-aliasing -Wdeprecated-declarations -Wno-sign-conversion -Wno-infinite-recursion -Wno-comma -Wno-block-capture-autoreleasing -Wno-strict-prototypes -Wno-semicolon-before-method-body -index-store-path /Users/shizihan/DailyUse/Github/InkMarkdown/.scratch/architecture-deepening-2026-09-07/evidence/20260907-1415-ticket-27/consumer/DerivedData-InkMarkdownMermaidConsumer/Index.noindex/DataStore @/Users/shizihan/DailyUse/Github/InkMarkdown/.scratch/architecture-deepening-2026-09-07/evidence/20260907-1415-ticket-27/consumer/DerivedData-InkMarkdownMermaidConsumer/Build/Intermediates.noindex/cmark-gfm.build/Debug-iphonesimulator/cmark-gfm.build/Objects-normal/arm64/7187679823f38a2a940e0043cdf9d637-common-args.resp -MMD -MT dependencies -MF /Users/shizihan/DailyUse/Github/InkMarkdown/.scratch/architecture-deepening-2026-09-07/evidence/20260907-1415-ticket-27/consumer/DerivedData-InkMarkdownMermaidConsumer/Build/Intermediates.noindex/cmark-gfm.build/Debug-iphonesimulator/cmark-gfm.build/Objects-normal/arm64/footnotes.d --serialize-diagnostics /Users/shizihan/DailyUse/Github/InkMarkdown/.scratch/architecture-deepening-2026-09-07/evidence/20260907-1415-ticket-27/consumer/DerivedData-InkMarkdownMermaidConsumer/Build/Intermediates.noindex/cmark-gfm.build/Debug-iphonesimulator/cmark-gfm.build/Objects-normal/arm64/footnotes.dia -c /Users/shizihan/DailyUse/Github/InkMarkdown/Packages/Caches/swift-cmark/src/footnotes.c -o /Users/shizihan/DailyUse/Github/InkMarkdown/.scratch/architecture-deepening-2026-09-07/evidence/20260907-1415-ticket-27/consumer/DerivedData-InkMarkdownMermaidConsumer/Build/Intermediates.noindex/cmark-gfm.build/Debug-iphonesimulator/cmark-gfm.build/Objects-normal/arm64/footnotes.o -index-unit-output-path /cmark-gfm.build/Debug-iphonesimulator/cmark-gfm.build/Objects-normal/arm64/footnotes.o

ScanDependencies /Users/shizihan/DailyUse/Github/InkMarkdown/.scratch/architecture-deepening-2026-09-07/evidence/20260907-1415-ticket-27/consumer/DerivedData-InkMarkdownMermaidConsumer/Build/Intermediates.noindex/cmark-gfm.build/Debug-iphonesimulator/cmark-gfm.build/Objects-normal/arm64/commonmark.o /Users/shizihan/DailyUse/Github/InkMarkdown/Packages/Caches/swift-cmark/src/commonmark.c normal arm64 c com.apple.compilers.llvm.clang.1_0.compiler (in target 'cmark-gfm' from project 'cmark-gfm')
    cd /Users/shizihan/DailyUse/Github/InkMarkdown/.github/fixtures/consumer-smoke/.swiftpm/xcode
    
    Using response file: /Users/shizihan/DailyUse/Github/InkMarkdown/.scratch/architecture-deepening-2026-09-07/evidence/20260907-1415-ticket-27/consumer/DerivedData-InkMarkdownMermaidConsumer/Build/Intermediates.noindex/cmark-gfm.build/Debug-iphonesimulator/cmark-gfm.build/Objects-normal/arm64/7187679823f38a2a940e0043cdf9d637-common-args.resp
    
    builtin-ScanDependencies -o /Users/shizihan/DailyUse/Github/InkMarkdown/.scratch/architecture-deepening-2026-09-07/evidence/20260907-1415-ticket-27/consumer/DerivedData-InkMarkdownMermaidConsumer/Build/Intermediates.noindex/cmark-gfm.build/Debug-iphonesimulator/cmark-gfm.build/Objects-normal/arm64/commonmark.o.scan -- /Applications/Xcode.app/Contents/Developer/Toolchains/XcodeDefault.xctoolchain/usr/bin/clang -x c -ivfsstatcache /Users/shizihan/DailyUse/Github/InkMarkdown/.scratch/architecture-deepening-2026-09-07/evidence/20260907-1415-ticket-27/consumer/DerivedData-InkMarkdownMermaidConsumer/SDKStatCaches.noindex/iphonesimulator26.5-23F81a-6cfe768891a92b912361537c460fe42b.sdkstatcache -target arm64-apple-ios12.0-simulator -fmessage-length\=0 -fdiagnostics-show-note-include-stack -fmacro-backtrace-limit\=0 -fno-color-diagnostics -fmodules-prune-interval\=86400 -fmodules-prune-after\=345600 -fbuild-session-file\=/Users/shizihan/DailyUse/Github/InkMarkdown/.scratch/architecture-deepening-2026-09-07/evidence/20260907-1415-ticket-27/consumer/DerivedData-InkMarkdownMermaidConsumer/ModuleCache.noindex/Session.modulevalidation -fmodules-validate-once-per-build-session -Wnon-modular-include-in-framework-module -Werror\=non-modular-include-in-framework-module -Wno-trigraphs -Wno-missing-field-initializers -Wno-missing-prototypes -Wno-return-type -Wno-missing-braces -Wparentheses -Wswitch -Wno-unused-function -Wno-unused-label -Wno-unused-parameter -Wno-unused-variable -Wunused-value -Wno-empty-body -Wno-uninitialized -Wno-unknown-pragmas -w -Wno-shadow -Wno-four-char-constants -Wno-conversion -Wno-constant-conversion -Wno-int-conversion -Wno-bool-conversion -Wno-enum-conversion -Wno-float-conversion -Wno-non-literal-null-conversion -Wno-objc-literal-conversion -Wshorten-64-to-32 -Wpointer-sign -Wno-newline-eof -Wno-implicit-fallthrough -isysroot /Applications/Xcode.app/Contents/Developer/Platforms/iPhoneSimulator.platform/Developer/SDKs/iPhoneSimulator26.5.sdk -fstrict-aliasing -Wdeprecated-declarations -Wno-sign-conversion -Wno-infinite-recursion -Wno-comma -Wno-block-capture-autoreleasing -Wno-strict-prototypes -Wno-semicolon-before-method-body -index-store-path /Users/shizihan/DailyUse/Github/InkMarkdown/.scratch/architecture-deepening-2026-09-07/evidence/20260907-1415-ticket-27/consumer/DerivedData-InkMarkdownMermaidConsumer/Index.noindex/DataStore @/Users/shizihan/DailyUse/Github/InkMarkdown/.scratch/architecture-deepening-2026-09-07/evidence/20260907-1415-ticket-27/consumer/DerivedData-InkMarkdownMermaidConsumer/Build/Intermediates.noindex/cmark-gfm.build/Debug-iphonesimulator/cmark-gfm.build/Objects-normal/arm64/7187679823f38a2a940e0043cdf9d637-common-args.resp -MMD -MT dependencies -MF /Users/shizihan/DailyUse/Github/InkMarkdown/.scratch/architecture-deepening-2026-09-07/evidence/20260907-1415-ticket-27/consumer/DerivedData-InkMarkdownMermaidConsumer/Build/Intermediates.noindex/cmark-gfm.build/Debug-iphonesimulator/cmark-gfm.build/Objects-normal/arm64/commonmark.d --serialize-diagnostics /Users/shizihan/DailyUse/Github/InkMarkdown/.scratch/architecture-deepening-2026-09-07/evidence/20260907-1415-ticket-27/consumer/DerivedData-InkMarkdownMermaidConsumer/Build/Intermediates.noindex/cmark-gfm.build/Debug-iphonesimulator/cmark-gfm.build/Objects-normal/arm64/commonmark.dia -c /Users/shizihan/DailyUse/Github/InkMarkdown/Packages/Caches/swift-cmark/src/commonmark.c -o /Users/shizihan/DailyUse/Github/InkMarkdown/.scratch/architecture-deepening-2026-09-07/evidence/20260907-1415-ticket-27/consumer/DerivedData-InkMarkdownMermaidConsumer/Build/Intermediates.noindex/cmark-gfm.build/Debug-iphonesimulator/cmark-gfm.build/Objects-normal/arm64/commonmark.o -index-unit-output-path /cmark-gfm.build/Debug-iphonesimulator/cmark-gfm.build/Objects-normal/arm64/commonmark.o

ScanDependencies /Users/shizihan/DailyUse/Github/InkMarkdown/.scratch/architecture-deepening-2026-09-07/evidence/20260907-1415-ticket-27/consumer/DerivedData-InkMarkdownMermaidConsumer/Build/Intermediates.noindex/cmark-gfm.build/Debug-iphonesimulator/cmark-gfm.build/Objects-normal/arm64/cmark_ctype.o /Users/shizihan/DailyUse/Github/InkMarkdown/Packages/Caches/swift-cmark/src/cmark_ctype.c normal arm64 c com.apple.compilers.llvm.clang.1_0.compiler (in target 'cmark-gfm' from project 'cmark-gfm')
    cd /Users/shizihan/DailyUse/Github/InkMarkdown/.github/fixtures/consumer-smoke/.swiftpm/xcode
    
    Using response file: /Users/shizihan/DailyUse/Github/InkMarkdown/.scratch/architecture-deepening-2026-09-07/evidence/20260907-1415-ticket-27/consumer/DerivedData-InkMarkdownMermaidConsumer/Build/Intermediates.noindex/cmark-gfm.build/Debug-iphonesimulator/cmark-gfm.build/Objects-normal/arm64/7187679823f38a2a940e0043cdf9d637-common-args.resp
    
    builtin-ScanDependencies -o /Users/shizihan/DailyUse/Github/InkMarkdown/.scratch/architecture-deepening-2026-09-07/evidence/20260907-1415-ticket-27/consumer/DerivedData-InkMarkdownMermaidConsumer/Build/Intermediates.noindex/cmark-gfm.build/Debug-iphonesimulator/cmark-gfm.build/Objects-normal/arm64/cmark_ctype.o.scan -- /Applications/Xcode.app/Contents/Developer/Toolchains/XcodeDefault.xctoolchain/usr/bin/clang -x c -ivfsstatcache /Users/shizihan/DailyUse/Github/InkMarkdown/.scratch/architecture-deepening-2026-09-07/evidence/20260907-1415-ticket-27/consumer/DerivedData-InkMarkdownMermaidConsumer/SDKStatCaches.noindex/iphonesimulator26.5-23F81a-6cfe768891a92b912361537c460fe42b.sdkstatcache -target arm64-apple-ios12.0-simulator -fmessage-length\=0 -fdiagnostics-show-note-include-stack -fmacro-backtrace-limit\=0 -fno-color-diagnostics -fmodules-prune-interval\=86400 -fmodules-prune-after\=345600 -fbuild-session-file\=/Users/shizihan/DailyUse/Github/InkMarkdown/.scratch/architecture-deepening-2026-09-07/evidence/20260907-1415-ticket-27/consumer/DerivedData-InkMarkdownMermaidConsumer/ModuleCache.noindex/Session.modulevalidation -fmodules-validate-once-per-build-session -Wnon-modular-include-in-framework-module -Werror\=non-modular-include-in-framework-module -Wno-trigraphs -Wno-missing-field-initializers -Wno-missing-prototypes -Wno-return-type -Wno-missing-braces -Wparentheses -Wswitch -Wno-unused-function -Wno-unused-label -Wno-unused-parameter -Wno-unused-variable -Wunused-value -Wno-empty-body -Wno-uninitialized -Wno-unknown-pragmas -w -Wno-shadow -Wno-four-char-constants -Wno-conversion -Wno-constant-conversion -Wno-int-conversion -Wno-bool-conversion -Wno-enum-conversion -Wno-float-conversion -Wno-non-literal-null-conversion -Wno-objc-literal-conversion -Wshorten-64-to-32 -Wpointer-sign -Wno-newline-eof -Wno-implicit-fallthrough -isysroot /Applications/Xcode.app/Contents/Developer/Platforms/iPhoneSimulator.platform/Developer/SDKs/iPhoneSimulator26.5.sdk -fstrict-aliasing -Wdeprecated-declarations -Wno-sign-conversion -Wno-infinite-recursion -Wno-comma -Wno-block-capture-autoreleasing -Wno-strict-prototypes -Wno-semicolon-before-method-body -index-store-path /Users/shizihan/DailyUse/Github/InkMarkdown/.scratch/architecture-deepening-2026-09-07/evidence/20260907-1415-ticket-27/consumer/DerivedData-InkMarkdownMermaidConsumer/Index.noindex/DataStore @/Users/shizihan/DailyUse/Github/InkMarkdown/.scratch/architecture-deepening-2026-09-07/evidence/20260907-1415-ticket-27/consumer/DerivedData-InkMarkdownMermaidConsumer/Build/Intermediates.noindex/cmark-gfm.build/Debug-iphonesimulator/cmark-gfm.build/Objects-normal/arm64/7187679823f38a2a940e0043cdf9d637-common-args.resp -MMD -MT dependencies -MF /Users/shizihan/DailyUse/Github/InkMarkdown/.scratch/architecture-deepening-2026-09-07/evidence/20260907-1415-ticket-27/consumer/DerivedData-InkMarkdownMermaidConsumer/Build/Intermediates.noindex/cmark-gfm.build/Debug-iphonesimulator/cmark-gfm.build/Objects-normal/arm64/cmark_ctype.d --serialize-diagnostics /Users/shizihan/DailyUse/Github/InkMarkdown/.scratch/architecture-deepening-2026-09-07/evidence/20260907-1415-ticket-27/consumer/DerivedData-InkMarkdownMermaidConsumer/Build/Intermediates.noindex/cmark-gfm.build/Debug-iphonesimulator/cmark-gfm.build/Objects-normal/arm64/cmark_ctype.dia -c /Users/shizihan/DailyUse/Github/InkMarkdown/Packages/Caches/swift-cmark/src/cmark_ctype.c -o /Users/shizihan/DailyUse/Github/InkMarkdown/.scratch/architecture-deepening-2026-09-07/evidence/20260907-1415-ticket-27/consumer/DerivedData-InkMarkdownMermaidConsumer/Build/Intermediates.noindex/cmark-gfm.build/Debug-iphonesimulator/cmark-gfm.build/Objects-normal/arm64/cmark_ctype.o -index-unit-output-path /cmark-gfm.build/Debug-iphonesimulator/cmark-gfm.build/Objects-normal/arm64/cmark_ctype.o

ScanDependencies /Users/shizihan/DailyUse/Github/InkMarkdown/.scratch/architecture-deepening-2026-09-07/evidence/20260907-1415-ticket-27/consumer/DerivedData-InkMarkdownMermaidConsumer/Build/Intermediates.noindex/cmark-gfm.build/Debug-iphonesimulator/cmark-gfm.build/Objects-normal/arm64/cmark.o /Users/shizihan/DailyUse/Github/InkMarkdown/Packages/Caches/swift-cmark/src/cmark.c normal arm64 c com.apple.compilers.llvm.clang.1_0.compiler (in target 'cmark-gfm' from project 'cmark-gfm')
    cd /Users/shizihan/DailyUse/Github/InkMarkdown/.github/fixtures/consumer-smoke/.swiftpm/xcode
    
    Using response file: /Users/shizihan/DailyUse/Github/InkMarkdown/.scratch/architecture-deepening-2026-09-07/evidence/20260907-1415-ticket-27/consumer/DerivedData-InkMarkdownMermaidConsumer/Build/Intermediates.noindex/cmark-gfm.build/Debug-iphonesimulator/cmark-gfm.build/Objects-normal/arm64/7187679823f38a2a940e0043cdf9d637-common-args.resp
    
    builtin-ScanDependencies -o /Users/shizihan/DailyUse/Github/InkMarkdown/.scratch/architecture-deepening-2026-09-07/evidence/20260907-1415-ticket-27/consumer/DerivedData-InkMarkdownMermaidConsumer/Build/Intermediates.noindex/cmark-gfm.build/Debug-iphonesimulator/cmark-gfm.build/Objects-normal/arm64/cmark.o.scan -- /Applications/Xcode.app/Contents/Developer/Toolchains/XcodeDefault.xctoolchain/usr/bin/clang -x c -ivfsstatcache /Users/shizihan/DailyUse/Github/InkMarkdown/.scratch/architecture-deepening-2026-09-07/evidence/20260907-1415-ticket-27/consumer/DerivedData-InkMarkdownMermaidConsumer/SDKStatCaches.noindex/iphonesimulator26.5-23F81a-6cfe768891a92b912361537c460fe42b.sdkstatcache -target arm64-apple-ios12.0-simulator -fmessage-length\=0 -fdiagnostics-show-note-include-stack -fmacro-backtrace-limit\=0 -fno-color-diagnostics -fmodules-prune-interval\=86400 -fmodules-prune-after\=345600 -fbuild-session-file\=/Users/shizihan/DailyUse/Github/InkMarkdown/.scratch/architecture-deepening-2026-09-07/evidence/20260907-1415-ticket-27/consumer/DerivedData-InkMarkdownMermaidConsumer/ModuleCache.noindex/Session.modulevalidation -fmodules-validate-once-per-build-session -Wnon-modular-include-in-framework-module -Werror\=non-modular-include-in-framework-module -Wno-trigraphs -Wno-missing-field-initializers -Wno-missing-prototypes -Wno-return-type -Wno-missing-braces -Wparentheses -Wswitch -Wno-unused-function -Wno-unused-label -Wno-unused-parameter -Wno-unused-variable -Wunused-value -Wno-empty-body -Wno-uninitialized -Wno-unknown-pragmas -w -Wno-shadow -Wno-four-char-constants -Wno-conversion -Wno-constant-conversion -Wno-int-conversion -Wno-bool-conversion -Wno-enum-conversion -Wno-float-conversion -Wno-non-literal-null-conversion -Wno-objc-literal-conversion -Wshorten-64-to-32 -Wpointer-sign -Wno-newline-eof -Wno-implicit-fallthrough -isysroot /Applications/Xcode.app/Contents/Developer/Platforms/iPhoneSimulator.platform/Developer/SDKs/iPhoneSimulator26.5.sdk -fstrict-aliasing -Wdeprecated-declarations -Wno-sign-conversion -Wno-infinite-recursion -Wno-comma -Wno-block-capture-autoreleasing -Wno-strict-prototypes -Wno-semicolon-before-method-body -index-store-path /Users/shizihan/DailyUse/Github/InkMarkdown/.scratch/architecture-deepening-2026-09-07/evidence/20260907-1415-ticket-27/consumer/DerivedData-InkMarkdownMermaidConsumer/Index.noindex/DataStore @/Users/shizihan/DailyUse/Github/InkMarkdown/.scratch/architecture-deepening-2026-09-07/evidence/20260907-1415-ticket-27/consumer/DerivedData-InkMarkdownMermaidConsumer/Build/Intermediates.noindex/cmark-gfm.build/Debug-iphonesimulator/cmark-gfm.build/Objects-normal/arm64/7187679823f38a2a940e0043cdf9d637-common-args.resp -MMD -MT dependencies -MF /Users/shizihan/DailyUse/Github/InkMarkdown/.scratch/architecture-deepening-2026-09-07/evidence/20260907-1415-ticket-27/consumer/DerivedData-InkMarkdownMermaidConsumer/Build/Intermediates.noindex/cmark-gfm.build/Debug-iphonesimulator/cmark-gfm.build/Objects-normal/arm64/cmark.d --serialize-diagnostics /Users/shizihan/DailyUse/Github/InkMarkdown/.scratch/architecture-deepening-2026-09-07/evidence/20260907-1415-ticket-27/consumer/DerivedData-InkMarkdownMermaidConsumer/Build/Intermediates.noindex/cmark-gfm.build/Debug-iphonesimulator/cmark-gfm.build/Objects-normal/arm64/cmark.dia -c /Users/shizihan/DailyUse/Github/InkMarkdown/Packages/Caches/swift-cmark/src/cmark.c -o /Users/shizihan/DailyUse/Github/InkMarkdown/.scratch/architecture-deepening-2026-09-07/evidence/20260907-1415-ticket-27/consumer/DerivedData-InkMarkdownMermaidConsumer/Build/Intermediates.noindex/cmark-gfm.build/Debug-iphonesimulator/cmark-gfm.build/Objects-normal/arm64/cmark.o -index-unit-output-path /cmark-gfm.build/Debug-iphonesimulator/cmark-gfm.build/Objects-normal/arm64/cmark.o

ScanDependencies /Users/shizihan/DailyUse/Github/InkMarkdown/.scratch/architecture-deepening-2026-09-07/evidence/20260907-1415-ticket-27/consumer/DerivedData-InkMarkdownMermaidConsumer/Build/Intermediates.noindex/cmark-gfm.build/Debug-iphonesimulator/cmark-gfm.build/Objects-normal/arm64/buffer.o /Users/shizihan/DailyUse/Github/InkMarkdown/Packages/Caches/swift-cmark/src/buffer.c normal arm64 c com.apple.compilers.llvm.clang.1_0.compiler (in target 'cmark-gfm' from project 'cmark-gfm')
    cd /Users/shizihan/DailyUse/Github/InkMarkdown/.github/fixtures/consumer-smoke/.swiftpm/xcode
    
    Using response file: /Users/shizihan/DailyUse/Github/InkMarkdown/.scratch/architecture-deepening-2026-09-07/evidence/20260907-1415-ticket-27/consumer/DerivedData-InkMarkdownMermaidConsumer/Build/Intermediates.noindex/cmark-gfm.build/Debug-iphonesimulator/cmark-gfm.build/Objects-normal/arm64/7187679823f38a2a940e0043cdf9d637-common-args.resp
    
    builtin-ScanDependencies -o /Users/shizihan/DailyUse/Github/InkMarkdown/.scratch/architecture-deepening-2026-09-07/evidence/20260907-1415-ticket-27/consumer/DerivedData-InkMarkdownMermaidConsumer/Build/Intermediates.noindex/cmark-gfm.build/Debug-iphonesimulator/cmark-gfm.build/Objects-normal/arm64/buffer.o.scan -- /Applications/Xcode.app/Contents/Developer/Toolchains/XcodeDefault.xctoolchain/usr/bin/clang -x c -ivfsstatcache /Users/shizihan/DailyUse/Github/InkMarkdown/.scratch/architecture-deepening-2026-09-07/evidence/20260907-1415-ticket-27/consumer/DerivedData-InkMarkdownMermaidConsumer/SDKStatCaches.noindex/iphonesimulator26.5-23F81a-6cfe768891a92b912361537c460fe42b.sdkstatcache -target arm64-apple-ios12.0-simulator -fmessage-length\=0 -fdiagnostics-show-note-include-stack -fmacro-backtrace-limit\=0 -fno-color-diagnostics -fmodules-prune-interval\=86400 -fmodules-prune-after\=345600 -fbuild-session-file\=/Users/shizihan/DailyUse/Github/InkMarkdown/.scratch/architecture-deepening-2026-09-07/evidence/20260907-1415-ticket-27/consumer/DerivedData-InkMarkdownMermaidConsumer/ModuleCache.noindex/Session.modulevalidation -fmodules-validate-once-per-build-session -Wnon-modular-include-in-framework-module -Werror\=non-modular-include-in-framework-module -Wno-trigraphs -Wno-missing-field-initializers -Wno-missing-prototypes -Wno-return-type -Wno-missing-braces -Wparentheses -Wswitch -Wno-unused-function -Wno-unused-label -Wno-unused-parameter -Wno-unused-variable -Wunused-value -Wno-empty-body -Wno-uninitialized -Wno-unknown-pragmas -w -Wno-shadow -Wno-four-char-constants -Wno-conversion -Wno-constant-conversion -Wno-int-conversion -Wno-bool-conversion -Wno-enum-conversion -Wno-float-conversion -Wno-non-literal-null-conversion -Wno-objc-literal-conversion -Wshorten-64-to-32 -Wpointer-sign -Wno-newline-eof -Wno-implicit-fallthrough -isysroot /Applications/Xcode.app/Contents/Developer/Platforms/iPhoneSimulator.platform/Developer/SDKs/iPhoneSimulator26.5.sdk -fstrict-aliasing -Wdeprecated-declarations -Wno-sign-conversion -Wno-infinite-recursion -Wno-comma -Wno-block-capture-autoreleasing -Wno-strict-prototypes -Wno-semicolon-before-method-body -index-store-path /Users/shizihan/DailyUse/Github/InkMarkdown/.scratch/architecture-deepening-2026-09-07/evidence/20260907-1415-ticket-27/consumer/DerivedData-InkMarkdownMermaidConsumer/Index.noindex/DataStore @/Users/shizihan/DailyUse/Github/InkMarkdown/.scratch/architecture-deepening-2026-09-07/evidence/20260907-1415-ticket-27/consumer/DerivedData-InkMarkdownMermaidConsumer/Build/Intermediates.noindex/cmark-gfm.build/Debug-iphonesimulator/cmark-gfm.build/Objects-normal/arm64/7187679823f38a2a940e0043cdf9d637-common-args.resp -MMD -MT dependencies -MF /Users/shizihan/DailyUse/Github/InkMarkdown/.scratch/architecture-deepening-2026-09-07/evidence/20260907-1415-ticket-27/consumer/DerivedData-InkMarkdownMermaidConsumer/Build/Intermediates.noindex/cmark-gfm.build/Debug-iphonesimulator/cmark-gfm.build/Objects-normal/arm64/buffer.d --serialize-diagnostics /Users/shizihan/DailyUse/Github/InkMarkdown/.scratch/architecture-deepening-2026-09-07/evidence/20260907-1415-ticket-27/consumer/DerivedData-InkMarkdownMermaidConsumer/Build/Intermediates.noindex/cmark-gfm.build/Debug-iphonesimulator/cmark-gfm.build/Objects-normal/arm64/buffer.dia -c /Users/shizihan/DailyUse/Github/InkMarkdown/Packages/Caches/swift-cmark/src/buffer.c -o /Users/shizihan/DailyUse/Github/InkMarkdown/.scratch/architecture-deepening-2026-09-07/evidence/20260907-1415-ticket-27/consumer/DerivedData-InkMarkdownMermaidConsumer/Build/Intermediates.noindex/cmark-gfm.build/Debug-iphonesimulator/cmark-gfm.build/Objects-normal/arm64/buffer.o -index-unit-output-path /cmark-gfm.build/Debug-iphonesimulator/cmark-gfm.build/Objects-normal/arm64/buffer.o

ScanDependencies /Users/shizihan/DailyUse/Github/InkMarkdown/.scratch/architecture-deepening-2026-09-07/evidence/20260907-1415-ticket-27/consumer/DerivedData-InkMarkdownMermaidConsumer/Build/Intermediates.noindex/cmark-gfm.build/Debug-iphonesimulator/cmark-gfm.build/Objects-normal/arm64/blocks.o /Users/shizihan/DailyUse/Github/InkMarkdown/Packages/Caches/swift-cmark/src/blocks.c normal arm64 c com.apple.compilers.llvm.clang.1_0.compiler (in target 'cmark-gfm' from project 'cmark-gfm')
    cd /Users/shizihan/DailyUse/Github/InkMarkdown/.github/fixtures/consumer-smoke/.swiftpm/xcode
    
    Using response file: /Users/shizihan/DailyUse/Github/InkMarkdown/.scratch/architecture-deepening-2026-09-07/evidence/20260907-1415-ticket-27/consumer/DerivedData-InkMarkdownMermaidConsumer/Build/Intermediates.noindex/cmark-gfm.build/Debug-iphonesimulator/cmark-gfm.build/Objects-normal/arm64/7187679823f38a2a940e0043cdf9d637-common-args.resp
    
    builtin-ScanDependencies -o /Users/shizihan/DailyUse/Github/InkMarkdown/.scratch/architecture-deepening-2026-09-07/evidence/20260907-1415-ticket-27/consumer/DerivedData-InkMarkdownMermaidConsumer/Build/Intermediates.noindex/cmark-gfm.build/Debug-iphonesimulator/cmark-gfm.build/Objects-normal/arm64/blocks.o.scan -- /Applications/Xcode.app/Contents/Developer/Toolchains/XcodeDefault.xctoolchain/usr/bin/clang -x c -ivfsstatcache /Users/shizihan/DailyUse/Github/InkMarkdown/.scratch/architecture-deepening-2026-09-07/evidence/20260907-1415-ticket-27/consumer/DerivedData-InkMarkdownMermaidConsumer/SDKStatCaches.noindex/iphonesimulator26.5-23F81a-6cfe768891a92b912361537c460fe42b.sdkstatcache -target arm64-apple-ios12.0-simulator -fmessage-length\=0 -fdiagnostics-show-note-include-stack -fmacro-backtrace-limit\=0 -fno-color-diagnostics -fmodules-prune-interval\=86400 -fmodules-prune-after\=345600 -fbuild-session-file\=/Users/shizihan/DailyUse/Github/InkMarkdown/.scratch/architecture-deepening-2026-09-07/evidence/20260907-1415-ticket-27/consumer/DerivedData-InkMarkdownMermaidConsumer/ModuleCache.noindex/Session.modulevalidation -fmodules-validate-once-per-build-session -Wnon-modular-include-in-framework-module -Werror\=non-modular-include-in-framework-module -Wno-trigraphs -Wno-missing-field-initializers -Wno-missing-prototypes -Wno-return-type -Wno-missing-braces -Wparentheses -Wswitch -Wno-unused-function -Wno-unused-label -Wno-unused-parameter -Wno-unused-variable -Wunused-value -Wno-empty-body -Wno-uninitialized -Wno-unknown-pragmas -w -Wno-shadow -Wno-four-char-constants -Wno-conversion -Wno-constant-conversion -Wno-int-conversion -Wno-bool-conversion -Wno-enum-conversion -Wno-float-conversion -Wno-non-literal-null-conversion -Wno-objc-literal-conversion -Wshorten-64-to-32 -Wpointer-sign -Wno-newline-eof -Wno-implicit-fallthrough -isysroot /Applications/Xcode.app/Contents/Developer/Platforms/iPhoneSimulator.platform/Developer/SDKs/iPhoneSimulator26.5.sdk -fstrict-aliasing -Wdeprecated-declarations -Wno-sign-conversion -Wno-infinite-recursion -Wno-comma -Wno-block-capture-autoreleasing -Wno-strict-prototypes -Wno-semicolon-before-method-body -index-store-path /Users/shizihan/DailyUse/Github/InkMarkdown/.scratch/architecture-deepening-2026-09-07/evidence/20260907-1415-ticket-27/consumer/DerivedData-InkMarkdownMermaidConsumer/Index.noindex/DataStore @/Users/shizihan/DailyUse/Github/InkMarkdown/.scratch/architecture-deepening-2026-09-07/evidence/20260907-1415-ticket-27/consumer/DerivedData-InkMarkdownMermaidConsumer/Build/Intermediates.noindex/cmark-gfm.build/Debug-iphonesimulator/cmark-gfm.build/Objects-normal/arm64/7187679823f38a2a940e0043cdf9d637-common-args.resp -MMD -MT dependencies -MF /Users/shizihan/DailyUse/Github/InkMarkdown/.scratch/architecture-deepening-2026-09-07/evidence/20260907-1415-ticket-27/consumer/DerivedData-InkMarkdownMermaidConsumer/Build/Intermediates.noindex/cmark-gfm.build/Debug-iphonesimulator/cmark-gfm.build/Objects-normal/arm64/blocks.d --serialize-diagnostics /Users/shizihan/DailyUse/Github/InkMarkdown/.scratch/architecture-deepening-2026-09-07/evidence/20260907-1415-ticket-27/consumer/DerivedData-InkMarkdownMermaidConsumer/Build/Intermediates.noindex/cmark-gfm.build/Debug-iphonesimulator/cmark-gfm.build/Objects-normal/arm64/blocks.dia -c /Users/shizihan/DailyUse/Github/InkMarkdown/Packages/Caches/swift-cmark/src/blocks.c -o /Users/shizihan/DailyUse/Github/InkMarkdown/.scratch/architecture-deepening-2026-09-07/evidence/20260907-1415-ticket-27/consumer/DerivedData-InkMarkdownMermaidConsumer/Build/Intermediates.noindex/cmark-gfm.build/Debug-iphonesimulator/cmark-gfm.build/Objects-normal/arm64/blocks.o -index-unit-output-path /cmark-gfm.build/Debug-iphonesimulator/cmark-gfm.build/Objects-normal/arm64/blocks.o

ScanDependencies /Users/shizihan/DailyUse/Github/InkMarkdown/.scratch/architecture-deepening-2026-09-07/evidence/20260907-1415-ticket-27/consumer/DerivedData-InkMarkdownMermaidConsumer/Build/Intermediates.noindex/cmark-gfm.build/Debug-iphonesimulator/cmark-gfm.build/Objects-normal/arm64/arena.o /Users/shizihan/DailyUse/Github/InkMarkdown/Packages/Caches/swift-cmark/src/arena.c normal arm64 c com.apple.compilers.llvm.clang.1_0.compiler (in target 'cmark-gfm' from project 'cmark-gfm')
    cd /Users/shizihan/DailyUse/Github/InkMarkdown/.github/fixtures/consumer-smoke/.swiftpm/xcode
    
    Using response file: /Users/shizihan/DailyUse/Github/InkMarkdown/.scratch/architecture-deepening-2026-09-07/evidence/20260907-1415-ticket-27/consumer/DerivedData-InkMarkdownMermaidConsumer/Build/Intermediates.noindex/cmark-gfm.build/Debug-iphonesimulator/cmark-gfm.build/Objects-normal/arm64/7187679823f38a2a940e0043cdf9d637-common-args.resp
    
    builtin-ScanDependencies -o /Users/shizihan/DailyUse/Github/InkMarkdown/.scratch/architecture-deepening-2026-09-07/evidence/20260907-1415-ticket-27/consumer/DerivedData-InkMarkdownMermaidConsumer/Build/Intermediates.noindex/cmark-gfm.build/Debug-iphonesimulator/cmark-gfm.build/Objects-normal/arm64/arena.o.scan -- /Applications/Xcode.app/Contents/Developer/Toolchains/XcodeDefault.xctoolchain/usr/bin/clang -x c -ivfsstatcache /Users/shizihan/DailyUse/Github/InkMarkdown/.scratch/architecture-deepening-2026-09-07/evidence/20260907-1415-ticket-27/consumer/DerivedData-InkMarkdownMermaidConsumer/SDKStatCaches.noindex/iphonesimulator26.5-23F81a-6cfe768891a92b912361537c460fe42b.sdkstatcache -target arm64-apple-ios12.0-simulator -fmessage-length\=0 -fdiagnostics-show-note-include-stack -fmacro-backtrace-limit\=0 -fno-color-diagnostics -fmodules-prune-interval\=86400 -fmodules-prune-after\=345600 -fbuild-session-file\=/Users/shizihan/DailyUse/Github/InkMarkdown/.scratch/architecture-deepening-2026-09-07/evidence/20260907-1415-ticket-27/consumer/DerivedData-InkMarkdownMermaidConsumer/ModuleCache.noindex/Session.modulevalidation -fmodules-validate-once-per-build-session -Wnon-modular-include-in-framework-module -Werror\=non-modular-include-in-framework-module -Wno-trigraphs -Wno-missing-field-initializers -Wno-missing-prototypes -Wno-return-type -Wno-missing-braces -Wparentheses -Wswitch -Wno-unused-function -Wno-unused-label -Wno-unused-parameter -Wno-unused-variable -Wunused-value -Wno-empty-body -Wno-uninitialized -Wno-unknown-pragmas -w -Wno-shadow -Wno-four-char-constants -Wno-conversion -Wno-constant-conversion -Wno-int-conversion -Wno-bool-conversion -Wno-enum-conversion -Wno-float-conversion -Wno-non-literal-null-conversion -Wno-objc-literal-conversion -Wshorten-64-to-32 -Wpointer-sign -Wno-newline-eof -Wno-implicit-fallthrough -isysroot /Applications/Xcode.app/Contents/Developer/Platforms/iPhoneSimulator.platform/Developer/SDKs/iPhoneSimulator26.5.sdk -fstrict-aliasing -Wdeprecated-declarations -Wno-sign-conversion -Wno-infinite-recursion -Wno-comma -Wno-block-capture-autoreleasing -Wno-strict-prototypes -Wno-semicolon-before-method-body -index-store-path /Users/shizihan/DailyUse/Github/InkMarkdown/.scratch/architecture-deepening-2026-09-07/evidence/20260907-1415-ticket-27/consumer/DerivedData-InkMarkdownMermaidConsumer/Index.noindex/DataStore @/Users/shizihan/DailyUse/Github/InkMarkdown/.scratch/architecture-deepening-2026-09-07/evidence/20260907-1415-ticket-27/consumer/DerivedData-InkMarkdownMermaidConsumer/Build/Intermediates.noindex/cmark-gfm.build/Debug-iphonesimulator/cmark-gfm.build/Objects-normal/arm64/7187679823f38a2a940e0043cdf9d637-common-args.resp -MMD -MT dependencies -MF /Users/shizihan/DailyUse/Github/InkMarkdown/.scratch/architecture-deepening-2026-09-07/evidence/20260907-1415-ticket-27/consumer/DerivedData-InkMarkdownMermaidConsumer/Build/Intermediates.noindex/cmark-gfm.build/Debug-iphonesimulator/cmark-gfm.build/Objects-normal/arm64/arena.d --serialize-diagnostics /Users/shizihan/DailyUse/Github/InkMarkdown/.scratch/architecture-deepening-2026-09-07/evidence/20260907-1415-ticket-27/consumer/DerivedData-InkMarkdownMermaidConsumer/Build/Intermediates.noindex/cmark-gfm.build/Debug-iphonesimulator/cmark-gfm.build/Objects-normal/arm64/arena.dia -c /Users/shizihan/DailyUse/Github/InkMarkdown/Packages/Caches/swift-cmark/src/arena.c -o /Users/shizihan/DailyUse/Github/InkMarkdown/.scratch/architecture-deepening-2026-09-07/evidence/20260907-1415-ticket-27/consumer/DerivedData-InkMarkdownMermaidConsumer/Build/Intermediates.noindex/cmark-gfm.build/Debug-iphonesimulator/cmark-gfm.build/Objects-normal/arm64/arena.o -index-unit-output-path /cmark-gfm.build/Debug-iphonesimulator/cmark-gfm.build/Objects-normal/arm64/arena.o

ScanDependencies /Users/shizihan/DailyUse/Github/InkMarkdown/.scratch/architecture-deepening-2026-09-07/evidence/20260907-1415-ticket-27/consumer/DerivedData-InkMarkdownMermaidConsumer/Build/Intermediates.noindex/swift-markdown.build/Debug-iphonesimulator/CAtomic.build/Objects-normal/arm64/CAtomic.o /Users/shizihan/DailyUse/Github/InkMarkdown/Packages/Caches/swift-markdown/Sources/CAtomic/CAtomic.c normal arm64 c com.apple.compilers.llvm.clang.1_0.compiler (in target 'CAtomic' from project 'swift-markdown')
    cd /Users/shizihan/DailyUse/Github/InkMarkdown/.github/fixtures/consumer-smoke/.swiftpm/xcode
    
    Using response file: /Users/shizihan/DailyUse/Github/InkMarkdown/.scratch/architecture-deepening-2026-09-07/evidence/20260907-1415-ticket-27/consumer/DerivedData-InkMarkdownMermaidConsumer/Build/Intermediates.noindex/swift-markdown.build/Debug-iphonesimulator/CAtomic.build/Objects-normal/arm64/7187679823f38a2a940e0043cdf9d637-common-args.resp
    
    builtin-ScanDependencies -o /Users/shizihan/DailyUse/Github/InkMarkdown/.scratch/architecture-deepening-2026-09-07/evidence/20260907-1415-ticket-27/consumer/DerivedData-InkMarkdownMermaidConsumer/Build/Intermediates.noindex/swift-markdown.build/Debug-iphonesimulator/CAtomic.build/Objects-normal/arm64/CAtomic.o.scan -- /Applications/Xcode.app/Contents/Developer/Toolchains/XcodeDefault.xctoolchain/usr/bin/clang -x c -ivfsstatcache /Users/shizihan/DailyUse/Github/InkMarkdown/.scratch/architecture-deepening-2026-09-07/evidence/20260907-1415-ticket-27/consumer/DerivedData-InkMarkdownMermaidConsumer/SDKStatCaches.noindex/iphonesimulator26.5-23F81a-6cfe768891a92b912361537c460fe42b.sdkstatcache -target arm64-apple-ios12.0-simulator -fmessage-length\=0 -fdiagnostics-show-note-include-stack -fmacro-backtrace-limit\=0 -fno-color-diagnostics -fmodules-prune-interval\=86400 -fmodules-prune-after\=345600 -fbuild-session-file\=/Users/shizihan/DailyUse/Github/InkMarkdown/.scratch/architecture-deepening-2026-09-07/evidence/20260907-1415-ticket-27/consumer/DerivedData-InkMarkdownMermaidConsumer/ModuleCache.noindex/Session.modulevalidation -fmodules-validate-once-per-build-session -Wnon-modular-include-in-framework-module -Werror\=non-modular-include-in-framework-module -Wno-trigraphs -Wno-missing-field-initializers -Wno-missing-prototypes -Wno-return-type -Wno-missing-braces -Wparentheses -Wswitch -Wno-unused-function -Wno-unused-label -Wno-unused-parameter -Wno-unused-variable -Wunused-value -Wno-empty-body -Wno-uninitialized -Wno-unknown-pragmas -w -Wno-shadow -Wno-four-char-constants -Wno-conversion -Wno-constant-conversion -Wno-int-conversion -Wno-bool-conversion -Wno-enum-conversion -Wno-float-conversion -Wno-non-literal-null-conversion -Wno-objc-literal-conversion -Wshorten-64-to-32 -Wpointer-sign -Wno-newline-eof -Wno-implicit-fallthrough -isysroot /Applications/Xcode.app/Contents/Developer/Platforms/iPhoneSimulator.platform/Developer/SDKs/iPhoneSimulator26.5.sdk -fstrict-aliasing -Wdeprecated-declarations -Wno-sign-conversion -Wno-infinite-recursion -Wno-comma -Wno-block-capture-autoreleasing -Wno-strict-prototypes -Wno-semicolon-before-method-body -index-store-path /Users/shizihan/DailyUse/Github/InkMarkdown/.scratch/architecture-deepening-2026-09-07/evidence/20260907-1415-ticket-27/consumer/DerivedData-InkMarkdownMermaidConsumer/Index.noindex/DataStore @/Users/shizihan/DailyUse/Github/InkMarkdown/.scratch/architecture-deepening-2026-09-07/evidence/20260907-1415-ticket-27/consumer/DerivedData-InkMarkdownMermaidConsumer/Build/Intermediates.noindex/swift-markdown.build/Debug-iphonesimulator/CAtomic.build/Objects-normal/arm64/7187679823f38a2a940e0043cdf9d637-common-args.resp -MMD -MT dependencies -MF /Users/shizihan/DailyUse/Github/InkMarkdown/.scratch/architecture-deepening-2026-09-07/evidence/20260907-1415-ticket-27/consumer/DerivedData-InkMarkdownMermaidConsumer/Build/Intermediates.noindex/swift-markdown.build/Debug-iphonesimulator/CAtomic.build/Objects-normal/arm64/CAtomic.d --serialize-diagnostics /Users/shizihan/DailyUse/Github/InkMarkdown/.scratch/architecture-deepening-2026-09-07/evidence/20260907-1415-ticket-27/consumer/DerivedData-InkMarkdownMermaidConsumer/Build/Intermediates.noindex/swift-markdown.build/Debug-iphonesimulator/CAtomic.build/Objects-normal/arm64/CAtomic.dia -c /Users/shizihan/DailyUse/Github/InkMarkdown/Packages/Caches/swift-markdown/Sources/CAtomic/CAtomic.c -o /Users/shizihan/DailyUse/Github/InkMarkdown/.scratch/architecture-deepening-2026-09-07/evidence/20260907-1415-ticket-27/consumer/DerivedData-InkMarkdownMermaidConsumer/Build/Intermediates.noindex/swift-markdown.build/Debug-iphonesimulator/CAtomic.build/Objects-normal/arm64/CAtomic.o -index-unit-output-path /swift-markdown.build/Debug-iphonesimulator/CAtomic.build/Objects-normal/arm64/CAtomic.o

PrecompileModule /Users/shizihan/DailyUse/Github/InkMarkdown/.scratch/architecture-deepening-2026-09-07/evidence/20260907-1415-ticket-27/consumer/DerivedData-InkMarkdownMermaidConsumer/Build/Intermediates.noindex/ExplicitPrecompiledModules/_DarwinFoundation1-1I5EFZ1WU9NVBTRSO3PD0DAPK.scan
    cd /
    builtin-precompileModule /Users/shizihan/DailyUse/Github/InkMarkdown/.scratch/architecture-deepening-2026-09-07/evidence/20260907-1415-ticket-27/consumer/DerivedData-InkMarkdownMermaidConsumer/Build/Intermediates.noindex/ExplicitPrecompiledModules/_DarwinFoundation1-1I5EFZ1WU9NVBTRSO3PD0DAPK.scan

PrecompileModule /Users/shizihan/DailyUse/Github/InkMarkdown/.scratch/architecture-deepening-2026-09-07/evidence/20260907-1415-ticket-27/consumer/DerivedData-InkMarkdownMermaidConsumer/Build/Intermediates.noindex/ExplicitPrecompiledModules/_DarwinFoundation2-6OYZJG26XCO7K9LAB3H1XOFMK.scan
    cd /
    builtin-precompileModule /Users/shizihan/DailyUse/Github/InkMarkdown/.scratch/architecture-deepening-2026-09-07/evidence/20260907-1415-ticket-27/consumer/DerivedData-InkMarkdownMermaidConsumer/Build/Intermediates.noindex/ExplicitPrecompiledModules/_DarwinFoundation2-6OYZJG26XCO7K9LAB3H1XOFMK.scan

PrecompileModule /Users/shizihan/DailyUse/Github/InkMarkdown/.scratch/architecture-deepening-2026-09-07/evidence/20260907-1415-ticket-27/consumer/DerivedData-InkMarkdownMermaidConsumer/Build/Intermediates.noindex/ExplicitPrecompiledModules/_Builtin_limits-8AEHR40K7DV4HG7IFRQAQMG10.scan
    cd /
    builtin-precompileModule /Users/shizihan/DailyUse/Github/InkMarkdown/.scratch/architecture-deepening-2026-09-07/evidence/20260907-1415-ticket-27/consumer/DerivedData-InkMarkdownMermaidConsumer/Build/Intermediates.noindex/ExplicitPrecompiledModules/_Builtin_limits-8AEHR40K7DV4HG7IFRQAQMG10.scan

PrecompileModule /Users/shizihan/DailyUse/Github/InkMarkdown/.scratch/architecture-deepening-2026-09-07/evidence/20260907-1415-ticket-27/consumer/DerivedData-InkMarkdownMermaidConsumer/Build/Intermediates.noindex/ExplicitPrecompiledModules/_Builtin_stdint-C222MFM1K6TPTZ24MBTOCVSVU.scan
    cd /
    builtin-precompileModule /Users/shizihan/DailyUse/Github/InkMarkdown/.scratch/architecture-deepening-2026-09-07/evidence/20260907-1415-ticket-27/consumer/DerivedData-InkMarkdownMermaidConsumer/Build/Intermediates.noindex/ExplicitPrecompiledModules/_Builtin_stdint-C222MFM1K6TPTZ24MBTOCVSVU.scan

CompileC /Users/shizihan/DailyUse/Github/InkMarkdown/.scratch/architecture-deepening-2026-09-07/evidence/20260907-1415-ticket-27/consumer/DerivedData-InkMarkdownMermaidConsumer/Build/Intermediates.noindex/cmark-gfm.build/Debug-iphonesimulator/cmark-gfm.build/Objects-normal/arm64/houdini_html_u.o /Users/shizihan/DailyUse/Github/InkMarkdown/Packages/Caches/swift-cmark/src/houdini_html_u.c normal arm64 c com.apple.compilers.llvm.clang.1_0.compiler (in target 'cmark-gfm' from project 'cmark-gfm')
    cd /Users/shizihan/DailyUse/Github/InkMarkdown/.github/fixtures/consumer-smoke/.swiftpm/xcode
    
    Using response file: /Users/shizihan/DailyUse/Github/InkMarkdown/.scratch/architecture-deepening-2026-09-07/evidence/20260907-1415-ticket-27/consumer/DerivedData-InkMarkdownMermaidConsumer/Build/Intermediates.noindex/cmark-gfm.build/Debug-iphonesimulator/cmark-gfm.build/Objects-normal/arm64/7187679823f38a2a940e0043cdf9d637-common-args.resp
    
    /Applications/Xcode.app/Contents/Developer/Toolchains/XcodeDefault.xctoolchain/usr/bin/clang -x c -ivfsstatcache /Users/shizihan/DailyUse/Github/InkMarkdown/.scratch/architecture-deepening-2026-09-07/evidence/20260907-1415-ticket-27/consumer/DerivedData-InkMarkdownMermaidConsumer/SDKStatCaches.noindex/iphonesimulator26.5-23F81a-6cfe768891a92b912361537c460fe42b.sdkstatcache -target arm64-apple-ios12.0-simulator -fmessage-length\=0 -fdiagnostics-show-note-include-stack -fmacro-backtrace-limit\=0 -fno-color-diagnostics -fmodules-prune-interval\=86400 -fmodules-prune-after\=345600 -fbuild-session-file\=/Users/shizihan/DailyUse/Github/InkMarkdown/.scratch/architecture-deepening-2026-09-07/evidence/20260907-1415-ticket-27/consumer/DerivedData-InkMarkdownMermaidConsumer/ModuleCache.noindex/Session.modulevalidation -fmodules-validate-once-per-build-session -Wnon-modular-include-in-framework-module -Werror\=non-modular-include-in-framework-module -Wno-trigraphs -Wno-missing-field-initializers -Wno-missing-prototypes -Wno-return-type -Wno-missing-braces -Wparentheses -Wswitch -Wno-unused-function -Wno-unused-label -Wno-unused-parameter -Wno-unused-variable -Wunused-value -Wno-empty-body -Wno-uninitialized -Wno-unknown-pragmas -w -Wno-shadow -Wno-four-char-constants -Wno-conversion -Wno-constant-conversion -Wno-int-conversion -Wno-bool-conversion -Wno-enum-conversion -Wno-float-conversion -Wno-non-literal-null-conversion -Wno-objc-literal-conversion -Wshorten-64-to-32 -Wpointer-sign -Wno-newline-eof -Wno-implicit-fallthrough -isysroot /Applications/Xcode.app/Contents/Developer/Platforms/iPhoneSimulator.platform/Developer/SDKs/iPhoneSimulator26.5.sdk -fstrict-aliasing -Wdeprecated-declarations -Wno-sign-conversion -Wno-infinite-recursion -Wno-comma -Wno-block-capture-autoreleasing -Wno-strict-prototypes -Wno-semicolon-before-method-body -index-store-path /Users/shizihan/DailyUse/Github/InkMarkdown/.scratch/architecture-deepening-2026-09-07/evidence/20260907-1415-ticket-27/consumer/DerivedData-InkMarkdownMermaidConsumer/Index.noindex/DataStore @/Users/shizihan/DailyUse/Github/InkMarkdown/.scratch/architecture-deepening-2026-09-07/evidence/20260907-1415-ticket-27/consumer/DerivedData-InkMarkdownMermaidConsumer/Build/Intermediates.noindex/cmark-gfm.build/Debug-iphonesimulator/cmark-gfm.build/Objects-normal/arm64/7187679823f38a2a940e0043cdf9d637-common-args.resp -MMD -MT dependencies -MF /Users/shizihan/DailyUse/Github/InkMarkdown/.scratch/architecture-deepening-2026-09-07/evidence/20260907-1415-ticket-27/consumer/DerivedData-InkMarkdownMermaidConsumer/Build/Intermediates.noindex/cmark-gfm.build/Debug-iphonesimulator/cmark-gfm.build/Objects-normal/arm64/houdini_html_u.d --serialize-diagnostics /Users/shizihan/DailyUse/Github/InkMarkdown/.scratch/architecture-deepening-2026-09-07/evidence/20260907-1415-ticket-27/consumer/DerivedData-InkMarkdownMermaidConsumer/Build/Intermediates.noindex/cmark-gfm.build/Debug-iphonesimulator/cmark-gfm.build/Objects-normal/arm64/houdini_html_u.dia -c /Users/shizihan/DailyUse/Github/InkMarkdown/Packages/Caches/swift-cmark/src/houdini_html_u.c -o /Users/shizihan/DailyUse/Github/InkMarkdown/.scratch/architecture-deepening-2026-09-07/evidence/20260907-1415-ticket-27/consumer/DerivedData-InkMarkdownMermaidConsumer/Build/Intermediates.noindex/cmark-gfm.build/Debug-iphonesimulator/cmark-gfm.build/Objects-normal/arm64/houdini_html_u.o -index-unit-output-path /cmark-gfm.build/Debug-iphonesimulator/cmark-gfm.build/Objects-normal/arm64/houdini_html_u.o

PrecompileModule /Users/shizihan/DailyUse/Github/InkMarkdown/.scratch/architecture-deepening-2026-09-07/evidence/20260907-1415-ticket-27/consumer/DerivedData-InkMarkdownMermaidConsumer/Build/Intermediates.noindex/ExplicitPrecompiledModules/_DarwinFoundation3-DV5Q9FRYQAJ5Z8IHSZVIRQ833.scan
    cd /
    builtin-precompileModule /Users/shizihan/DailyUse/Github/InkMarkdown/.scratch/architecture-deepening-2026-09-07/evidence/20260907-1415-ticket-27/consumer/DerivedData-InkMarkdownMermaidConsumer/Build/Intermediates.noindex/ExplicitPrecompiledModules/_DarwinFoundation3-DV5Q9FRYQAJ5Z8IHSZVIRQ833.scan

CompileC /Users/shizihan/DailyUse/Github/InkMarkdown/.scratch/architecture-deepening-2026-09-07/evidence/20260907-1415-ticket-27/consumer/DerivedData-InkMarkdownMermaidConsumer/Build/Intermediates.noindex/swift-markdown.build/Debug-iphonesimulator/CAtomic.build/Objects-normal/arm64/CAtomic.o /Users/shizihan/DailyUse/Github/InkMarkdown/Packages/Caches/swift-markdown/Sources/CAtomic/CAtomic.c normal arm64 c com.apple.compilers.llvm.clang.1_0.compiler (in target 'CAtomic' from project 'swift-markdown')
    cd /Users/shizihan/DailyUse/Github/InkMarkdown/.github/fixtures/consumer-smoke/.swiftpm/xcode
    
    Using response file: /Users/shizihan/DailyUse/Github/InkMarkdown/.scratch/architecture-deepening-2026-09-07/evidence/20260907-1415-ticket-27/consumer/DerivedData-InkMarkdownMermaidConsumer/Build/Intermediates.noindex/swift-markdown.build/Debug-iphonesimulator/CAtomic.build/Objects-normal/arm64/7187679823f38a2a940e0043cdf9d637-common-args.resp
    
    /Applications/Xcode.app/Contents/Developer/Toolchains/XcodeDefault.xctoolchain/usr/bin/clang -x c -ivfsstatcache /Users/shizihan/DailyUse/Github/InkMarkdown/.scratch/architecture-deepening-2026-09-07/evidence/20260907-1415-ticket-27/consumer/DerivedData-InkMarkdownMermaidConsumer/SDKStatCaches.noindex/iphonesimulator26.5-23F81a-6cfe768891a92b912361537c460fe42b.sdkstatcache -target arm64-apple-ios12.0-simulator -fmessage-length\=0 -fdiagnostics-show-note-include-stack -fmacro-backtrace-limit\=0 -fno-color-diagnostics -fmodules-prune-interval\=86400 -fmodules-prune-after\=345600 -fbuild-session-file\=/Users/shizihan/DailyUse/Github/InkMarkdown/.scratch/architecture-deepening-2026-09-07/evidence/20260907-1415-ticket-27/consumer/DerivedData-InkMarkdownMermaidConsumer/ModuleCache.noindex/Session.modulevalidation -fmodules-validate-once-per-build-session -Wnon-modular-include-in-framework-module -Werror\=non-modular-include-in-framework-module -Wno-trigraphs -Wno-missing-field-initializers -Wno-missing-prototypes -Wno-return-type -Wno-missing-braces -Wparentheses -Wswitch -Wno-unused-function -Wno-unused-label -Wno-unused-parameter -Wno-unused-variable -Wunused-value -Wno-empty-body -Wno-uninitialized -Wno-unknown-pragmas -w -Wno-shadow -Wno-four-char-constants -Wno-conversion -Wno-constant-conversion -Wno-int-conversion -Wno-bool-conversion -Wno-enum-conversion -Wno-float-conversion -Wno-non-literal-null-conversion -Wno-objc-literal-conversion -Wshorten-64-to-32 -Wpointer-sign -Wno-newline-eof -Wno-implicit-fallthrough -isysroot /Applications/Xcode.app/Contents/Developer/Platforms/iPhoneSimulator.platform/Developer/SDKs/iPhoneSimulator26.5.sdk -fstrict-aliasing -Wdeprecated-declarations -Wno-sign-conversion -Wno-infinite-recursion -Wno-comma -Wno-block-capture-autoreleasing -Wno-strict-prototypes -Wno-semicolon-before-method-body -index-store-path /Users/shizihan/DailyUse/Github/InkMarkdown/.scratch/architecture-deepening-2026-09-07/evidence/20260907-1415-ticket-27/consumer/DerivedData-InkMarkdownMermaidConsumer/Index.noindex/DataStore @/Users/shizihan/DailyUse/Github/InkMarkdown/.scratch/architecture-deepening-2026-09-07/evidence/20260907-1415-ticket-27/consumer/DerivedData-InkMarkdownMermaidConsumer/Build/Intermediates.noindex/swift-markdown.build/Debug-iphonesimulator/CAtomic.build/Objects-normal/arm64/7187679823f38a2a940e0043cdf9d637-common-args.resp -MMD -MT dependencies -MF /Users/shizihan/DailyUse/Github/InkMarkdown/.scratch/architecture-deepening-2026-09-07/evidence/20260907-1415-ticket-27/consumer/DerivedData-InkMarkdownMermaidConsumer/Build/Intermediates.noindex/swift-markdown.build/Debug-iphonesimulator/CAtomic.build/Objects-normal/arm64/CAtomic.d --serialize-diagnostics /Users/shizihan/DailyUse/Github/InkMarkdown/.scratch/architecture-deepening-2026-09-07/evidence/20260907-1415-ticket-27/consumer/DerivedData-InkMarkdownMermaidConsumer/Build/Intermediates.noindex/swift-markdown.build/Debug-iphonesimulator/CAtomic.build/Objects-normal/arm64/CAtomic.dia -c /Users/shizihan/DailyUse/Github/InkMarkdown/Packages/Caches/swift-markdown/Sources/CAtomic/CAtomic.c -o /Users/shizihan/DailyUse/Github/InkMarkdown/.scratch/architecture-deepening-2026-09-07/evidence/20260907-1415-ticket-27/consumer/DerivedData-InkMarkdownMermaidConsumer/Build/Intermediates.noindex/swift-markdown.build/Debug-iphonesimulator/CAtomic.build/Objects-normal/arm64/CAtomic.o -index-unit-output-path /swift-markdown.build/Debug-iphonesimulator/CAtomic.build/Objects-normal/arm64/CAtomic.o

CompileC /Users/shizihan/DailyUse/Github/InkMarkdown/.scratch/architecture-deepening-2026-09-07/evidence/20260907-1415-ticket-27/consumer/DerivedData-InkMarkdownMermaidConsumer/Build/Intermediates.noindex/cmark-gfm.build/Debug-iphonesimulator/cmark-gfm.build/Objects-normal/arm64/houdini_href_e.o /Users/shizihan/DailyUse/Github/InkMarkdown/Packages/Caches/swift-cmark/src/houdini_href_e.c normal arm64 c com.apple.compilers.llvm.clang.1_0.compiler (in target 'cmark-gfm' from project 'cmark-gfm')
    cd /Users/shizihan/DailyUse/Github/InkMarkdown/.github/fixtures/consumer-smoke/.swiftpm/xcode
    
    Using response file: /Users/shizihan/DailyUse/Github/InkMarkdown/.scratch/architecture-deepening-2026-09-07/evidence/20260907-1415-ticket-27/consumer/DerivedData-InkMarkdownMermaidConsumer/Build/Intermediates.noindex/cmark-gfm.build/Debug-iphonesimulator/cmark-gfm.build/Objects-normal/arm64/7187679823f38a2a940e0043cdf9d637-common-args.resp
    
    /Applications/Xcode.app/Contents/Developer/Toolchains/XcodeDefault.xctoolchain/usr/bin/clang -x c -ivfsstatcache /Users/shizihan/DailyUse/Github/InkMarkdown/.scratch/architecture-deepening-2026-09-07/evidence/20260907-1415-ticket-27/consumer/DerivedData-InkMarkdownMermaidConsumer/SDKStatCaches.noindex/iphonesimulator26.5-23F81a-6cfe768891a92b912361537c460fe42b.sdkstatcache -target arm64-apple-ios12.0-simulator -fmessage-length\=0 -fdiagnostics-show-note-include-stack -fmacro-backtrace-limit\=0 -fno-color-diagnostics -fmodules-prune-interval\=86400 -fmodules-prune-after\=345600 -fbuild-session-file\=/Users/shizihan/DailyUse/Github/InkMarkdown/.scratch/architecture-deepening-2026-09-07/evidence/20260907-1415-ticket-27/consumer/DerivedData-InkMarkdownMermaidConsumer/ModuleCache.noindex/Session.modulevalidation -fmodules-validate-once-per-build-session -Wnon-modular-include-in-framework-module -Werror\=non-modular-include-in-framework-module -Wno-trigraphs -Wno-missing-field-initializers -Wno-missing-prototypes -Wno-return-type -Wno-missing-braces -Wparentheses -Wswitch -Wno-unused-function -Wno-unused-label -Wno-unused-parameter -Wno-unused-variable -Wunused-value -Wno-empty-body -Wno-uninitialized -Wno-unknown-pragmas -w -Wno-shadow -Wno-four-char-constants -Wno-conversion -Wno-constant-conversion -Wno-int-conversion -Wno-bool-conversion -Wno-enum-conversion -Wno-float-conversion -Wno-non-literal-null-conversion -Wno-objc-literal-conversion -Wshorten-64-to-32 -Wpointer-sign -Wno-newline-eof -Wno-implicit-fallthrough -isysroot /Applications/Xcode.app/Contents/Developer/Platforms/iPhoneSimulator.platform/Developer/SDKs/iPhoneSimulator26.5.sdk -fstrict-aliasing -Wdeprecated-declarations -Wno-sign-conversion -Wno-infinite-recursion -Wno-comma -Wno-block-capture-autoreleasing -Wno-strict-prototypes -Wno-semicolon-before-method-body -index-store-path /Users/shizihan/DailyUse/Github/InkMarkdown/.scratch/architecture-deepening-2026-09-07/evidence/20260907-1415-ticket-27/consumer/DerivedData-InkMarkdownMermaidConsumer/Index.noindex/DataStore @/Users/shizihan/DailyUse/Github/InkMarkdown/.scratch/architecture-deepening-2026-09-07/evidence/20260907-1415-ticket-27/consumer/DerivedData-InkMarkdownMermaidConsumer/Build/Intermediates.noindex/cmark-gfm.build/Debug-iphonesimulator/cmark-gfm.build/Objects-normal/arm64/7187679823f38a2a940e0043cdf9d637-common-args.resp -MMD -MT dependencies -MF /Users/shizihan/DailyUse/Github/InkMarkdown/.scratch/architecture-deepening-2026-09-07/evidence/20260907-1415-ticket-27/consumer/DerivedData-InkMarkdownMermaidConsumer/Build/Intermediates.noindex/cmark-gfm.build/Debug-iphonesimulator/cmark-gfm.build/Objects-normal/arm64/houdini_href_e.d --serialize-diagnostics /Users/shizihan/DailyUse/Github/InkMarkdown/.scratch/architecture-deepening-2026-09-07/evidence/20260907-1415-ticket-27/consumer/DerivedData-InkMarkdownMermaidConsumer/Build/Intermediates.noindex/cmark-gfm.build/Debug-iphonesimulator/cmark-gfm.build/Objects-normal/arm64/houdini_href_e.dia -c /Users/shizihan/DailyUse/Github/InkMarkdown/Packages/Caches/swift-cmark/src/houdini_href_e.c -o /Users/shizihan/DailyUse/Github/InkMarkdown/.scratch/architecture-deepening-2026-09-07/evidence/20260907-1415-ticket-27/consumer/DerivedData-InkMarkdownMermaidConsumer/Build/Intermediates.noindex/cmark-gfm.build/Debug-iphonesimulator/cmark-gfm.build/Objects-normal/arm64/houdini_href_e.o -index-unit-output-path /cmark-gfm.build/Debug-iphonesimulator/cmark-gfm.build/Objects-normal/arm64/houdini_href_e.o

CompileC /Users/shizihan/DailyUse/Github/InkMarkdown/.scratch/architecture-deepening-2026-09-07/evidence/20260907-1415-ticket-27/consumer/DerivedData-InkMarkdownMermaidConsumer/Build/Intermediates.noindex/cmark-gfm.build/Debug-iphonesimulator/cmark-gfm.build/Objects-normal/arm64/cmark_ctype.o /Users/shizihan/DailyUse/Github/InkMarkdown/Packages/Caches/swift-cmark/src/cmark_ctype.c normal arm64 c com.apple.compilers.llvm.clang.1_0.compiler (in target 'cmark-gfm' from project 'cmark-gfm')
    cd /Users/shizihan/DailyUse/Github/InkMarkdown/.github/fixtures/consumer-smoke/.swiftpm/xcode
    
    Using response file: /Users/shizihan/DailyUse/Github/InkMarkdown/.scratch/architecture-deepening-2026-09-07/evidence/20260907-1415-ticket-27/consumer/DerivedData-InkMarkdownMermaidConsumer/Build/Intermediates.noindex/cmark-gfm.build/Debug-iphonesimulator/cmark-gfm.build/Objects-normal/arm64/7187679823f38a2a940e0043cdf9d637-common-args.resp
    
    /Applications/Xcode.app/Contents/Developer/Toolchains/XcodeDefault.xctoolchain/usr/bin/clang -x c -ivfsstatcache /Users/shizihan/DailyUse/Github/InkMarkdown/.scratch/architecture-deepening-2026-09-07/evidence/20260907-1415-ticket-27/consumer/DerivedData-InkMarkdownMermaidConsumer/SDKStatCaches.noindex/iphonesimulator26.5-23F81a-6cfe768891a92b912361537c460fe42b.sdkstatcache -target arm64-apple-ios12.0-simulator -fmessage-length\=0 -fdiagnostics-show-note-include-stack -fmacro-backtrace-limit\=0 -fno-color-diagnostics -fmodules-prune-interval\=86400 -fmodules-prune-after\=345600 -fbuild-session-file\=/Users/shizihan/DailyUse/Github/InkMarkdown/.scratch/architecture-deepening-2026-09-07/evidence/20260907-1415-ticket-27/consumer/DerivedData-InkMarkdownMermaidConsumer/ModuleCache.noindex/Session.modulevalidation -fmodules-validate-once-per-build-session -Wnon-modular-include-in-framework-module -Werror\=non-modular-include-in-framework-module -Wno-trigraphs -Wno-missing-field-initializers -Wno-missing-prototypes -Wno-return-type -Wno-missing-braces -Wparentheses -Wswitch -Wno-unused-function -Wno-unused-label -Wno-unused-parameter -Wno-unused-variable -Wunused-value -Wno-empty-body -Wno-uninitialized -Wno-unknown-pragmas -w -Wno-shadow -Wno-four-char-constants -Wno-conversion -Wno-constant-conversion -Wno-int-conversion -Wno-bool-conversion -Wno-enum-conversion -Wno-float-conversion -Wno-non-literal-null-conversion -Wno-objc-literal-conversion -Wshorten-64-to-32 -Wpointer-sign -Wno-newline-eof -Wno-implicit-fallthrough -isysroot /Applications/Xcode.app/Contents/Developer/Platforms/iPhoneSimulator.platform/Developer/SDKs/iPhoneSimulator26.5.sdk -fstrict-aliasing -Wdeprecated-declarations -Wno-sign-conversion -Wno-infinite-recursion -Wno-comma -Wno-block-capture-autoreleasing -Wno-strict-prototypes -Wno-semicolon-before-method-body -index-store-path /Users/shizihan/DailyUse/Github/InkMarkdown/.scratch/architecture-deepening-2026-09-07/evidence/20260907-1415-ticket-27/consumer/DerivedData-InkMarkdownMermaidConsumer/Index.noindex/DataStore @/Users/shizihan/DailyUse/Github/InkMarkdown/.scratch/architecture-deepening-2026-09-07/evidence/20260907-1415-ticket-27/consumer/DerivedData-InkMarkdownMermaidConsumer/Build/Intermediates.noindex/cmark-gfm.build/Debug-iphonesimulator/cmark-gfm.build/Objects-normal/arm64/7187679823f38a2a940e0043cdf9d637-common-args.resp -MMD -MT dependencies -MF /Users/shizihan/DailyUse/Github/InkMarkdown/.scratch/architecture-deepening-2026-09-07/evidence/20260907-1415-ticket-27/consumer/DerivedData-InkMarkdownMermaidConsumer/Build/Intermediates.noindex/cmark-gfm.build/Debug-iphonesimulator/cmark-gfm.build/Objects-normal/arm64/cmark_ctype.d --serialize-diagnostics /Users/shizihan/DailyUse/Github/InkMarkdown/.scratch/architecture-deepening-2026-09-07/evidence/20260907-1415-ticket-27/consumer/DerivedData-InkMarkdownMermaidConsumer/Build/Intermediates.noindex/cmark-gfm.build/Debug-iphonesimulator/cmark-gfm.build/Objects-normal/arm64/cmark_ctype.dia -c /Users/shizihan/DailyUse/Github/InkMarkdown/Packages/Caches/swift-cmark/src/cmark_ctype.c -o /Users/shizihan/DailyUse/Github/InkMarkdown/.scratch/architecture-deepening-2026-09-07/evidence/20260907-1415-ticket-27/consumer/DerivedData-InkMarkdownMermaidConsumer/Build/Intermediates.noindex/cmark-gfm.build/Debug-iphonesimulator/cmark-gfm.build/Objects-normal/arm64/cmark_ctype.o -index-unit-output-path /cmark-gfm.build/Debug-iphonesimulator/cmark-gfm.build/Objects-normal/arm64/cmark_ctype.o

CompileC /Users/shizihan/DailyUse/Github/InkMarkdown/.scratch/architecture-deepening-2026-09-07/evidence/20260907-1415-ticket-27/consumer/DerivedData-InkMarkdownMermaidConsumer/Build/Intermediates.noindex/cmark-gfm.build/Debug-iphonesimulator/cmark-gfm.build/Objects-normal/arm64/houdini_html_e.o /Users/shizihan/DailyUse/Github/InkMarkdown/Packages/Caches/swift-cmark/src/houdini_html_e.c normal arm64 c com.apple.compilers.llvm.clang.1_0.compiler (in target 'cmark-gfm' from project 'cmark-gfm')
    cd /Users/shizihan/DailyUse/Github/InkMarkdown/.github/fixtures/consumer-smoke/.swiftpm/xcode
    
    Using response file: /Users/shizihan/DailyUse/Github/InkMarkdown/.scratch/architecture-deepening-2026-09-07/evidence/20260907-1415-ticket-27/consumer/DerivedData-InkMarkdownMermaidConsumer/Build/Intermediates.noindex/cmark-gfm.build/Debug-iphonesimulator/cmark-gfm.build/Objects-normal/arm64/7187679823f38a2a940e0043cdf9d637-common-args.resp
    
    /Applications/Xcode.app/Contents/Developer/Toolchains/XcodeDefault.xctoolchain/usr/bin/clang -x c -ivfsstatcache /Users/shizihan/DailyUse/Github/InkMarkdown/.scratch/architecture-deepening-2026-09-07/evidence/20260907-1415-ticket-27/consumer/DerivedData-InkMarkdownMermaidConsumer/SDKStatCaches.noindex/iphonesimulator26.5-23F81a-6cfe768891a92b912361537c460fe42b.sdkstatcache -target arm64-apple-ios12.0-simulator -fmessage-length\=0 -fdiagnostics-show-note-include-stack -fmacro-backtrace-limit\=0 -fno-color-diagnostics -fmodules-prune-interval\=86400 -fmodules-prune-after\=345600 -fbuild-session-file\=/Users/shizihan/DailyUse/Github/InkMarkdown/.scratch/architecture-deepening-2026-09-07/evidence/20260907-1415-ticket-27/consumer/DerivedData-InkMarkdownMermaidConsumer/ModuleCache.noindex/Session.modulevalidation -fmodules-validate-once-per-build-session -Wnon-modular-include-in-framework-module -Werror\=non-modular-include-in-framework-module -Wno-trigraphs -Wno-missing-field-initializers -Wno-missing-prototypes -Wno-return-type -Wno-missing-braces -Wparentheses -Wswitch -Wno-unused-function -Wno-unused-label -Wno-unused-parameter -Wno-unused-variable -Wunused-value -Wno-empty-body -Wno-uninitialized -Wno-unknown-pragmas -w -Wno-shadow -Wno-four-char-constants -Wno-conversion -Wno-constant-conversion -Wno-int-conversion -Wno-bool-conversion -Wno-enum-conversion -Wno-float-conversion -Wno-non-literal-null-conversion -Wno-objc-literal-conversion -Wshorten-64-to-32 -Wpointer-sign -Wno-newline-eof -Wno-implicit-fallthrough -isysroot /Applications/Xcode.app/Contents/Developer/Platforms/iPhoneSimulator.platform/Developer/SDKs/iPhoneSimulator26.5.sdk -fstrict-aliasing -Wdeprecated-declarations -Wno-sign-conversion -Wno-infinite-recursion -Wno-comma -Wno-block-capture-autoreleasing -Wno-strict-prototypes -Wno-semicolon-before-method-body -index-store-path /Users/shizihan/DailyUse/Github/InkMarkdown/.scratch/architecture-deepening-2026-09-07/evidence/20260907-1415-ticket-27/consumer/DerivedData-InkMarkdownMermaidConsumer/Index.noindex/DataStore @/Users/shizihan/DailyUse/Github/InkMarkdown/.scratch/architecture-deepening-2026-09-07/evidence/20260907-1415-ticket-27/consumer/DerivedData-InkMarkdownMermaidConsumer/Build/Intermediates.noindex/cmark-gfm.build/Debug-iphonesimulator/cmark-gfm.build/Objects-normal/arm64/7187679823f38a2a940e0043cdf9d637-common-args.resp -MMD -MT dependencies -MF /Users/shizihan/DailyUse/Github/InkMarkdown/.scratch/architecture-deepening-2026-09-07/evidence/20260907-1415-ticket-27/consumer/DerivedData-InkMarkdownMermaidConsumer/Build/Intermediates.noindex/cmark-gfm.build/Debug-iphonesimulator/cmark-gfm.build/Objects-normal/arm64/houdini_html_e.d --serialize-diagnostics /Users/shizihan/DailyUse/Github/InkMarkdown/.scratch/architecture-deepening-2026-09-07/evidence/20260907-1415-ticket-27/consumer/DerivedData-InkMarkdownMermaidConsumer/Build/Intermediates.noindex/cmark-gfm.build/Debug-iphonesimulator/cmark-gfm.build/Objects-normal/arm64/houdini_html_e.dia -c /Users/shizihan/DailyUse/Github/InkMarkdown/Packages/Caches/swift-cmark/src/houdini_html_e.c -o /Users/shizihan/DailyUse/Github/InkMarkdown/.scratch/architecture-deepening-2026-09-07/evidence/20260907-1415-ticket-27/consumer/DerivedData-InkMarkdownMermaidConsumer/Build/Intermediates.noindex/cmark-gfm.build/Debug-iphonesimulator/cmark-gfm.build/Objects-normal/arm64/houdini_html_e.o -index-unit-output-path /cmark-gfm.build/Debug-iphonesimulator/cmark-gfm.build/Objects-normal/arm64/houdini_html_e.o

Ld /Users/shizihan/DailyUse/Github/InkMarkdown/.scratch/architecture-deepening-2026-09-07/evidence/20260907-1415-ticket-27/consumer/DerivedData-InkMarkdownMermaidConsumer/Build/Products/Debug-iphonesimulator/CAtomic.o normal (in target 'CAtomic' from project 'swift-markdown')
    cd /Users/shizihan/DailyUse/Github/InkMarkdown/Packages/Caches/swift-markdown
    /Applications/Xcode.app/Contents/Developer/Toolchains/XcodeDefault.xctoolchain/usr/bin/clang -Xlinker -reproducible -target arm64-apple-ios12.0-simulator -r -isysroot /Applications/Xcode.app/Contents/Developer/Platforms/iPhoneSimulator.platform/Developer/SDKs/iPhoneSimulator26.5.sdk -O0 -w -F/Users/shizihan/DailyUse/Github/InkMarkdown/.scratch/architecture-deepening-2026-09-07/evidence/20260907-1415-ticket-27/consumer/DerivedData-InkMarkdownMermaidConsumer/Build/Intermediates.noindex/EagerLinkingTBDs/Debug-iphonesimulator -F/Users/shizihan/DailyUse/Github/InkMarkdown/.scratch/architecture-deepening-2026-09-07/evidence/20260907-1415-ticket-27/consumer/DerivedData-InkMarkdownMermaidConsumer/Build/Products/Debug-iphonesimulator -iframework /Applications/Xcode.app/Contents/Developer/Platforms/iPhoneSimulator.platform/Developer/Library/Frameworks -iframework /Applications/Xcode.app/Contents/Developer/Platforms/iPhoneSimulator.platform/Developer/SDKs/iPhoneSimulator26.5.sdk/Developer/Library/Frameworks -filelist /Users/shizihan/DailyUse/Github/InkMarkdown/.scratch/architecture-deepening-2026-09-07/evidence/20260907-1415-ticket-27/consumer/DerivedData-InkMarkdownMermaidConsumer/Build/Intermediates.noindex/swift-markdown.build/Debug-iphonesimulator/CAtomic.build/Objects-normal/arm64/CAtomic.LinkFileList -nostdlib -Xlinker -object_path_lto -Xlinker /Users/shizihan/DailyUse/Github/InkMarkdown/.scratch/architecture-deepening-2026-09-07/evidence/20260907-1415-ticket-27/consumer/DerivedData-InkMarkdownMermaidConsumer/Build/Intermediates.noindex/swift-markdown.build/Debug-iphonesimulator/CAtomic.build/Objects-normal/arm64/CAtomic_lto.o -Xlinker -no_deduplicate -Xlinker -objc_abi_version -Xlinker 2 -Xlinker -dependency_info -Xlinker /Users/shizihan/DailyUse/Github/InkMarkdown/.scratch/architecture-deepening-2026-09-07/evidence/20260907-1415-ticket-27/consumer/DerivedData-InkMarkdownMermaidConsumer/Build/Intermediates.noindex/swift-markdown.build/Debug-iphonesimulator/CAtomic.build/Objects-normal/arm64/CAtomic_dependency_info.dat -o /Users/shizihan/DailyUse/Github/InkMarkdown/.scratch/architecture-deepening-2026-09-07/evidence/20260907-1415-ticket-27/consumer/DerivedData-InkMarkdownMermaidConsumer/Build/Products/Debug-iphonesimulator/CAtomic.o

PrecompileModule /Users/shizihan/DailyUse/Github/InkMarkdown/.scratch/architecture-deepening-2026-09-07/evidence/20260907-1415-ticket-27/consumer/DerivedData-InkMarkdownMermaidConsumer/Build/Intermediates.noindex/ExplicitPrecompiledModules/_Builtin_inttypes-2GHKQIYJ9F2JX3MJUSEINZQN8.scan
    cd /
    builtin-precompileModule /Users/shizihan/DailyUse/Github/InkMarkdown/.scratch/architecture-deepening-2026-09-07/evidence/20260907-1415-ticket-27/consumer/DerivedData-InkMarkdownMermaidConsumer/Build/Intermediates.noindex/ExplicitPrecompiledModules/_Builtin_inttypes-2GHKQIYJ9F2JX3MJUSEINZQN8.scan

CompileC /Users/shizihan/DailyUse/Github/InkMarkdown/.scratch/architecture-deepening-2026-09-07/evidence/20260907-1415-ticket-27/consumer/DerivedData-InkMarkdownMermaidConsumer/Build/Intermediates.noindex/cmark-gfm.build/Debug-iphonesimulator/cmark-gfm.build/Objects-normal/arm64/cmark.o /Users/shizihan/DailyUse/Github/InkMarkdown/Packages/Caches/swift-cmark/src/cmark.c normal arm64 c com.apple.compilers.llvm.clang.1_0.compiler (in target 'cmark-gfm' from project 'cmark-gfm')
    cd /Users/shizihan/DailyUse/Github/InkMarkdown/.github/fixtures/consumer-smoke/.swiftpm/xcode
    
    Using response file: /Users/shizihan/DailyUse/Github/InkMarkdown/.scratch/architecture-deepening-2026-09-07/evidence/20260907-1415-ticket-27/consumer/DerivedData-InkMarkdownMermaidConsumer/Build/Intermediates.noindex/cmark-gfm.build/Debug-iphonesimulator/cmark-gfm.build/Objects-normal/arm64/7187679823f38a2a940e0043cdf9d637-common-args.resp
    
    /Applications/Xcode.app/Contents/Developer/Toolchains/XcodeDefault.xctoolchain/usr/bin/clang -x c -ivfsstatcache /Users/shizihan/DailyUse/Github/InkMarkdown/.scratch/architecture-deepening-2026-09-07/evidence/20260907-1415-ticket-27/consumer/DerivedData-InkMarkdownMermaidConsumer/SDKStatCaches.noindex/iphonesimulator26.5-23F81a-6cfe768891a92b912361537c460fe42b.sdkstatcache -target arm64-apple-ios12.0-simulator -fmessage-length\=0 -fdiagnostics-show-note-include-stack -fmacro-backtrace-limit\=0 -fno-color-diagnostics -fmodules-prune-interval\=86400 -fmodules-prune-after\=345600 -fbuild-session-file\=/Users/shizihan/DailyUse/Github/InkMarkdown/.scratch/architecture-deepening-2026-09-07/evidence/20260907-1415-ticket-27/consumer/DerivedData-InkMarkdownMermaidConsumer/ModuleCache.noindex/Session.modulevalidation -fmodules-validate-once-per-build-session -Wnon-modular-include-in-framework-module -Werror\=non-modular-include-in-framework-module -Wno-trigraphs -Wno-missing-field-initializers -Wno-missing-prototypes -Wno-return-type -Wno-missing-braces -Wparentheses -Wswitch -Wno-unused-function -Wno-unused-label -Wno-unused-parameter -Wno-unused-variable -Wunused-value -Wno-empty-body -Wno-uninitialized -Wno-unknown-pragmas -w -Wno-shadow -Wno-four-char-constants -Wno-conversion -Wno-constant-conversion -Wno-int-conversion -Wno-bool-conversion -Wno-enum-conversion -Wno-float-conversion -Wno-non-literal-null-conversion -Wno-objc-literal-conversion -Wshorten-64-to-32 -Wpointer-sign -Wno-newline-eof -Wno-implicit-fallthrough -isysroot /Applications/Xcode.app/Contents/Developer/Platforms/iPhoneSimulator.platform/Developer/SDKs/iPhoneSimulator26.5.sdk -fstrict-aliasing -Wdeprecated-declarations -Wno-sign-conversion -Wno-infinite-recursion -Wno-comma -Wno-block-capture-autoreleasing -Wno-strict-prototypes -Wno-semicolon-before-method-body -index-store-path /Users/shizihan/DailyUse/Github/InkMarkdown/.scratch/architecture-deepening-2026-09-07/evidence/20260907-1415-ticket-27/consumer/DerivedData-InkMarkdownMermaidConsumer/Index.noindex/DataStore @/Users/shizihan/DailyUse/Github/InkMarkdown/.scratch/architecture-deepening-2026-09-07/evidence/20260907-1415-ticket-27/consumer/DerivedData-InkMarkdownMermaidConsumer/Build/Intermediates.noindex/cmark-gfm.build/Debug-iphonesimulator/cmark-gfm.build/Objects-normal/arm64/7187679823f38a2a940e0043cdf9d637-common-args.resp -MMD -MT dependencies -MF /Users/shizihan/DailyUse/Github/InkMarkdown/.scratch/architecture-deepening-2026-09-07/evidence/20260907-1415-ticket-27/consumer/DerivedData-InkMarkdownMermaidConsumer/Build/Intermediates.noindex/cmark-gfm.build/Debug-iphonesimulator/cmark-gfm.build/Objects-normal/arm64/cmark.d --serialize-diagnostics /Users/shizihan/DailyUse/Github/InkMarkdown/.scratch/architecture-deepening-2026-09-07/evidence/20260907-1415-ticket-27/consumer/DerivedData-InkMarkdownMermaidConsumer/Build/Intermediates.noindex/cmark-gfm.build/Debug-iphonesimulator/cmark-gfm.build/Objects-normal/arm64/cmark.dia -c /Users/shizihan/DailyUse/Github/InkMarkdown/Packages/Caches/swift-cmark/src/cmark.c -o /Users/shizihan/DailyUse/Github/InkMarkdown/.scratch/architecture-deepening-2026-09-07/evidence/20260907-1415-ticket-27/consumer/DerivedData-InkMarkdownMermaidConsumer/Build/Intermediates.noindex/cmark-gfm.build/Debug-iphonesimulator/cmark-gfm.build/Objects-normal/arm64/cmark.o -index-unit-output-path /cmark-gfm.build/Debug-iphonesimulator/cmark-gfm.build/Objects-normal/arm64/cmark.o

CompileC /Users/shizihan/DailyUse/Github/InkMarkdown/.scratch/architecture-deepening-2026-09-07/evidence/20260907-1415-ticket-27/consumer/DerivedData-InkMarkdownMermaidConsumer/Build/Intermediates.noindex/cmark-gfm.build/Debug-iphonesimulator/cmark-gfm.build/Objects-normal/arm64/blocks.o /Users/shizihan/DailyUse/Github/InkMarkdown/Packages/Caches/swift-cmark/src/blocks.c normal arm64 c com.apple.compilers.llvm.clang.1_0.compiler (in target 'cmark-gfm' from project 'cmark-gfm')
    cd /Users/shizihan/DailyUse/Github/InkMarkdown/.github/fixtures/consumer-smoke/.swiftpm/xcode
    
    Using response file: /Users/shizihan/DailyUse/Github/InkMarkdown/.scratch/architecture-deepening-2026-09-07/evidence/20260907-1415-ticket-27/consumer/DerivedData-InkMarkdownMermaidConsumer/Build/Intermediates.noindex/cmark-gfm.build/Debug-iphonesimulator/cmark-gfm.build/Objects-normal/arm64/7187679823f38a2a940e0043cdf9d637-common-args.resp
    
    /Applications/Xcode.app/Contents/Developer/Toolchains/XcodeDefault.xctoolchain/usr/bin/clang -x c -ivfsstatcache /Users/shizihan/DailyUse/Github/InkMarkdown/.scratch/architecture-deepening-2026-09-07/evidence/20260907-1415-ticket-27/consumer/DerivedData-InkMarkdownMermaidConsumer/SDKStatCaches.noindex/iphonesimulator26.5-23F81a-6cfe768891a92b912361537c460fe42b.sdkstatcache -target arm64-apple-ios12.0-simulator -fmessage-length\=0 -fdiagnostics-show-note-include-stack -fmacro-backtrace-limit\=0 -fno-color-diagnostics -fmodules-prune-interval\=86400 -fmodules-prune-after\=345600 -fbuild-session-file\=/Users/shizihan/DailyUse/Github/InkMarkdown/.scratch/architecture-deepening-2026-09-07/evidence/20260907-1415-ticket-27/consumer/DerivedData-InkMarkdownMermaidConsumer/ModuleCache.noindex/Session.modulevalidation -fmodules-validate-once-per-build-session -Wnon-modular-include-in-framework-module -Werror\=non-modular-include-in-framework-module -Wno-trigraphs -Wno-missing-field-initializers -Wno-missing-prototypes -Wno-return-type -Wno-missing-braces -Wparentheses -Wswitch -Wno-unused-function -Wno-unused-label -Wno-unused-parameter -Wno-unused-variable -Wunused-value -Wno-empty-body -Wno-uninitialized -Wno-unknown-pragmas -w -Wno-shadow -Wno-four-char-constants -Wno-conversion -Wno-constant-conversion -Wno-int-conversion -Wno-bool-conversion -Wno-enum-conversion -Wno-float-conversion -Wno-non-literal-null-conversion -Wno-objc-literal-conversion -Wshorten-64-to-32 -Wpointer-sign -Wno-newline-eof -Wno-implicit-fallthrough -isysroot /Applications/Xcode.app/Contents/Developer/Platforms/iPhoneSimulator.platform/Developer/SDKs/iPhoneSimulator26.5.sdk -fstrict-aliasing -Wdeprecated-declarations -Wno-sign-conversion -Wno-infinite-recursion -Wno-comma -Wno-block-capture-autoreleasing -Wno-strict-prototypes -Wno-semicolon-before-method-body -index-store-path /Users/shizihan/DailyUse/Github/InkMarkdown/.scratch/architecture-deepening-2026-09-07/evidence/20260907-1415-ticket-27/consumer/DerivedData-InkMarkdownMermaidConsumer/Index.noindex/DataStore @/Users/shizihan/DailyUse/Github/InkMarkdown/.scratch/architecture-deepening-2026-09-07/evidence/20260907-1415-ticket-27/consumer/DerivedData-InkMarkdownMermaidConsumer/Build/Intermediates.noindex/cmark-gfm.build/Debug-iphonesimulator/cmark-gfm.build/Objects-normal/arm64/7187679823f38a2a940e0043cdf9d637-common-args.resp -MMD -MT dependencies -MF /Users/shizihan/DailyUse/Github/InkMarkdown/.scratch/architecture-deepening-2026-09-07/evidence/20260907-1415-ticket-27/consumer/DerivedData-InkMarkdownMermaidConsumer/Build/Intermediates.noindex/cmark-gfm.build/Debug-iphonesimulator/cmark-gfm.build/Objects-normal/arm64/blocks.d --serialize-diagnostics /Users/shizihan/DailyUse/Github/InkMarkdown/.scratch/architecture-deepening-2026-09-07/evidence/20260907-1415-ticket-27/consumer/DerivedData-InkMarkdownMermaidConsumer/Build/Intermediates.noindex/cmark-gfm.build/Debug-iphonesimulator/cmark-gfm.build/Objects-normal/arm64/blocks.dia -c /Users/shizihan/DailyUse/Github/InkMarkdown/Packages/Caches/swift-cmark/src/blocks.c -o /Users/shizihan/DailyUse/Github/InkMarkdown/.scratch/architecture-deepening-2026-09-07/evidence/20260907-1415-ticket-27/consumer/DerivedData-InkMarkdownMermaidConsumer/Build/Intermediates.noindex/cmark-gfm.build/Debug-iphonesimulator/cmark-gfm.build/Objects-normal/arm64/blocks.o -index-unit-output-path /cmark-gfm.build/Debug-iphonesimulator/cmark-gfm.build/Objects-normal/arm64/blocks.o

CompileC /Users/shizihan/DailyUse/Github/InkMarkdown/.scratch/architecture-deepening-2026-09-07/evidence/20260907-1415-ticket-27/consumer/DerivedData-InkMarkdownMermaidConsumer/Build/Intermediates.noindex/cmark-gfm.build/Debug-iphonesimulator/cmark-gfm.build/Objects-normal/arm64/xml.o /Users/shizihan/DailyUse/Github/InkMarkdown/Packages/Caches/swift-cmark/src/xml.c normal arm64 c com.apple.compilers.llvm.clang.1_0.compiler (in target 'cmark-gfm' from project 'cmark-gfm')
    cd /Users/shizihan/DailyUse/Github/InkMarkdown/.github/fixtures/consumer-smoke/.swiftpm/xcode
    
    Using response file: /Users/shizihan/DailyUse/Github/InkMarkdown/.scratch/architecture-deepening-2026-09-07/evidence/20260907-1415-ticket-27/consumer/DerivedData-InkMarkdownMermaidConsumer/Build/Intermediates.noindex/cmark-gfm.build/Debug-iphonesimulator/cmark-gfm.build/Objects-normal/arm64/7187679823f38a2a940e0043cdf9d637-common-args.resp
    
    /Applications/Xcode.app/Contents/Developer/Toolchains/XcodeDefault.xctoolchain/usr/bin/clang -x c -ivfsstatcache /Users/shizihan/DailyUse/Github/InkMarkdown/.scratch/architecture-deepening-2026-09-07/evidence/20260907-1415-ticket-27/consumer/DerivedData-InkMarkdownMermaidConsumer/SDKStatCaches.noindex/iphonesimulator26.5-23F81a-6cfe768891a92b912361537c460fe42b.sdkstatcache -target arm64-apple-ios12.0-simulator -fmessage-length\=0 -fdiagnostics-show-note-include-stack -fmacro-backtrace-limit\=0 -fno-color-diagnostics -fmodules-prune-interval\=86400 -fmodules-prune-after\=345600 -fbuild-session-file\=/Users/shizihan/DailyUse/Github/InkMarkdown/.scratch/architecture-deepening-2026-09-07/evidence/20260907-1415-ticket-27/consumer/DerivedData-InkMarkdownMermaidConsumer/ModuleCache.noindex/Session.modulevalidation -fmodules-validate-once-per-build-session -Wnon-modular-include-in-framework-module -Werror\=non-modular-include-in-framework-module -Wno-trigraphs -Wno-missing-field-initializers -Wno-missing-prototypes -Wno-return-type -Wno-missing-braces -Wparentheses -Wswitch -Wno-unused-function -Wno-unused-label -Wno-unused-parameter -Wno-unused-variable -Wunused-value -Wno-empty-body -Wno-uninitialized -Wno-unknown-pragmas -w -Wno-shadow -Wno-four-char-constants -Wno-conversion -Wno-constant-conversion -Wno-int-conversion -Wno-bool-conversion -Wno-enum-conversion -Wno-float-conversion -Wno-non-literal-null-conversion -Wno-objc-literal-conversion -Wshorten-64-to-32 -Wpointer-sign -Wno-newline-eof -Wno-implicit-fallthrough -isysroot /Applications/Xcode.app/Contents/Developer/Platforms/iPhoneSimulator.platform/Developer/SDKs/iPhoneSimulator26.5.sdk -fstrict-aliasing -Wdeprecated-declarations -Wno-sign-conversion -Wno-infinite-recursion -Wno-comma -Wno-block-capture-autoreleasing -Wno-strict-prototypes -Wno-semicolon-before-method-body -index-store-path /Users/shizihan/DailyUse/Github/InkMarkdown/.scratch/architecture-deepening-2026-09-07/evidence/20260907-1415-ticket-27/consumer/DerivedData-InkMarkdownMermaidConsumer/Index.noindex/DataStore @/Users/shizihan/DailyUse/Github/InkMarkdown/.scratch/architecture-deepening-2026-09-07/evidence/20260907-1415-ticket-27/consumer/DerivedData-InkMarkdownMermaidConsumer/Build/Intermediates.noindex/cmark-gfm.build/Debug-iphonesimulator/cmark-gfm.build/Objects-normal/arm64/7187679823f38a2a940e0043cdf9d637-common-args.resp -MMD -MT dependencies -MF /Users/shizihan/DailyUse/Github/InkMarkdown/.scratch/architecture-deepening-2026-09-07/evidence/20260907-1415-ticket-27/consumer/DerivedData-InkMarkdownMermaidConsumer/Build/Intermediates.noindex/cmark-gfm.build/Debug-iphonesimulator/cmark-gfm.build/Objects-normal/arm64/xml.d --serialize-diagnostics /Users/shizihan/DailyUse/Github/InkMarkdown/.scratch/architecture-deepening-2026-09-07/evidence/20260907-1415-ticket-27/consumer/DerivedData-InkMarkdownMermaidConsumer/Build/Intermediates.noindex/cmark-gfm.build/Debug-iphonesimulator/cmark-gfm.build/Objects-normal/arm64/xml.dia -c /Users/shizihan/DailyUse/Github/InkMarkdown/Packages/Caches/swift-cmark/src/xml.c -o /Users/shizihan/DailyUse/Github/InkMarkdown/.scratch/architecture-deepening-2026-09-07/evidence/20260907-1415-ticket-27/consumer/DerivedData-InkMarkdownMermaidConsumer/Build/Intermediates.noindex/cmark-gfm.build/Debug-iphonesimulator/cmark-gfm.build/Objects-normal/arm64/xml.o -index-unit-output-path /cmark-gfm.build/Debug-iphonesimulator/cmark-gfm.build/Objects-normal/arm64/xml.o

CompileC /Users/shizihan/DailyUse/Github/InkMarkdown/.scratch/architecture-deepening-2026-09-07/evidence/20260907-1415-ticket-27/consumer/DerivedData-InkMarkdownMermaidConsumer/Build/Intermediates.noindex/cmark-gfm.build/Debug-iphonesimulator/cmark-gfm.build/Objects-normal/arm64/utf8.o /Users/shizihan/DailyUse/Github/InkMarkdown/Packages/Caches/swift-cmark/src/utf8.c normal arm64 c com.apple.compilers.llvm.clang.1_0.compiler (in target 'cmark-gfm' from project 'cmark-gfm')
    cd /Users/shizihan/DailyUse/Github/InkMarkdown/.github/fixtures/consumer-smoke/.swiftpm/xcode
    
    Using response file: /Users/shizihan/DailyUse/Github/InkMarkdown/.scratch/architecture-deepening-2026-09-07/evidence/20260907-1415-ticket-27/consumer/DerivedData-InkMarkdownMermaidConsumer/Build/Intermediates.noindex/cmark-gfm.build/Debug-iphonesimulator/cmark-gfm.build/Objects-normal/arm64/7187679823f38a2a940e0043cdf9d637-common-args.resp
    
    /Applications/Xcode.app/Contents/Developer/Toolchains/XcodeDefault.xctoolchain/usr/bin/clang -x c -ivfsstatcache /Users/shizihan/DailyUse/Github/InkMarkdown/.scratch/architecture-deepening-2026-09-07/evidence/20260907-1415-ticket-27/consumer/DerivedData-InkMarkdownMermaidConsumer/SDKStatCaches.noindex/iphonesimulator26.5-23F81a-6cfe768891a92b912361537c460fe42b.sdkstatcache -target arm64-apple-ios12.0-simulator -fmessage-length\=0 -fdiagnostics-show-note-include-stack -fmacro-backtrace-limit\=0 -fno-color-diagnostics -fmodules-prune-interval\=86400 -fmodules-prune-after\=345600 -fbuild-session-file\=/Users/shizihan/DailyUse/Github/InkMarkdown/.scratch/architecture-deepening-2026-09-07/evidence/20260907-1415-ticket-27/consumer/DerivedData-InkMarkdownMermaidConsumer/ModuleCache.noindex/Session.modulevalidation -fmodules-validate-once-per-build-session -Wnon-modular-include-in-framework-module -Werror\=non-modular-include-in-framework-module -Wno-trigraphs -Wno-missing-field-initializers -Wno-missing-prototypes -Wno-return-type -Wno-missing-braces -Wparentheses -Wswitch -Wno-unused-function -Wno-unused-label -Wno-unused-parameter -Wno-unused-variable -Wunused-value -Wno-empty-body -Wno-uninitialized -Wno-unknown-pragmas -w -Wno-shadow -Wno-four-char-constants -Wno-conversion -Wno-constant-conversion -Wno-int-conversion -Wno-bool-conversion -Wno-enum-conversion -Wno-float-conversion -Wno-non-literal-null-conversion -Wno-objc-literal-conversion -Wshorten-64-to-32 -Wpointer-sign -Wno-newline-eof -Wno-implicit-fallthrough -isysroot /Applications/Xcode.app/Contents/Developer/Platforms/iPhoneSimulator.platform/Developer/SDKs/iPhoneSimulator26.5.sdk -fstrict-aliasing -Wdeprecated-declarations -Wno-sign-conversion -Wno-infinite-recursion -Wno-comma -Wno-block-capture-autoreleasing -Wno-strict-prototypes -Wno-semicolon-before-method-body -index-store-path /Users/shizihan/DailyUse/Github/InkMarkdown/.scratch/architecture-deepening-2026-09-07/evidence/20260907-1415-ticket-27/consumer/DerivedData-InkMarkdownMermaidConsumer/Index.noindex/DataStore @/Users/shizihan/DailyUse/Github/InkMarkdown/.scratch/architecture-deepening-2026-09-07/evidence/20260907-1415-ticket-27/consumer/DerivedData-InkMarkdownMermaidConsumer/Build/Intermediates.noindex/cmark-gfm.build/Debug-iphonesimulator/cmark-gfm.build/Objects-normal/arm64/7187679823f38a2a940e0043cdf9d637-common-args.resp -MMD -MT dependencies -MF /Users/shizihan/DailyUse/Github/InkMarkdown/.scratch/architecture-deepening-2026-09-07/evidence/20260907-1415-ticket-27/consumer/DerivedData-InkMarkdownMermaidConsumer/Build/Intermediates.noindex/cmark-gfm.build/Debug-iphonesimulator/cmark-gfm.build/Objects-normal/arm64/utf8.d --serialize-diagnostics /Users/shizihan/DailyUse/Github/InkMarkdown/.scratch/architecture-deepening-2026-09-07/evidence/20260907-1415-ticket-27/consumer/DerivedData-InkMarkdownMermaidConsumer/Build/Intermediates.noindex/cmark-gfm.build/Debug-iphonesimulator/cmark-gfm.build/Objects-normal/arm64/utf8.dia -c /Users/shizihan/DailyUse/Github/InkMarkdown/Packages/Caches/swift-cmark/src/utf8.c -o /Users/shizihan/DailyUse/Github/InkMarkdown/.scratch/architecture-deepening-2026-09-07/evidence/20260907-1415-ticket-27/consumer/DerivedData-InkMarkdownMermaidConsumer/Build/Intermediates.noindex/cmark-gfm.build/Debug-iphonesimulator/cmark-gfm.build/Objects-normal/arm64/utf8.o -index-unit-output-path /cmark-gfm.build/Debug-iphonesimulator/cmark-gfm.build/Objects-normal/arm64/utf8.o

CompileC /Users/shizihan/DailyUse/Github/InkMarkdown/.scratch/architecture-deepening-2026-09-07/evidence/20260907-1415-ticket-27/consumer/DerivedData-InkMarkdownMermaidConsumer/Build/Intermediates.noindex/cmark-gfm.build/Debug-iphonesimulator/cmark-gfm.build/Objects-normal/arm64/syntax_extension.o /Users/shizihan/DailyUse/Github/InkMarkdown/Packages/Caches/swift-cmark/src/syntax_extension.c normal arm64 c com.apple.compilers.llvm.clang.1_0.compiler (in target 'cmark-gfm' from project 'cmark-gfm')
    cd /Users/shizihan/DailyUse/Github/InkMarkdown/.github/fixtures/consumer-smoke/.swiftpm/xcode
    
    Using response file: /Users/shizihan/DailyUse/Github/InkMarkdown/.scratch/architecture-deepening-2026-09-07/evidence/20260907-1415-ticket-27/consumer/DerivedData-InkMarkdownMermaidConsumer/Build/Intermediates.noindex/cmark-gfm.build/Debug-iphonesimulator/cmark-gfm.build/Objects-normal/arm64/7187679823f38a2a940e0043cdf9d637-common-args.resp
    
    /Applications/Xcode.app/Contents/Developer/Toolchains/XcodeDefault.xctoolchain/usr/bin/clang -x c -ivfsstatcache /Users/shizihan/DailyUse/Github/InkMarkdown/.scratch/architecture-deepening-2026-09-07/evidence/20260907-1415-ticket-27/consumer/DerivedData-InkMarkdownMermaidConsumer/SDKStatCaches.noindex/iphonesimulator26.5-23F81a-6cfe768891a92b912361537c460fe42b.sdkstatcache -target arm64-apple-ios12.0-simulator -fmessage-length\=0 -fdiagnostics-show-note-include-stack -fmacro-backtrace-limit\=0 -fno-color-diagnostics -fmodules-prune-interval\=86400 -fmodules-prune-after\=345600 -fbuild-session-file\=/Users/shizihan/DailyUse/Github/InkMarkdown/.scratch/architecture-deepening-2026-09-07/evidence/20260907-1415-ticket-27/consumer/DerivedData-InkMarkdownMermaidConsumer/ModuleCache.noindex/Session.modulevalidation -fmodules-validate-once-per-build-session -Wnon-modular-include-in-framework-module -Werror\=non-modular-include-in-framework-module -Wno-trigraphs -Wno-missing-field-initializers -Wno-missing-prototypes -Wno-return-type -Wno-missing-braces -Wparentheses -Wswitch -Wno-unused-function -Wno-unused-label -Wno-unused-parameter -Wno-unused-variable -Wunused-value -Wno-empty-body -Wno-uninitialized -Wno-unknown-pragmas -w -Wno-shadow -Wno-four-char-constants -Wno-conversion -Wno-constant-conversion -Wno-int-conversion -Wno-bool-conversion -Wno-enum-conversion -Wno-float-conversion -Wno-non-literal-null-conversion -Wno-objc-literal-conversion -Wshorten-64-to-32 -Wpointer-sign -Wno-newline-eof -Wno-implicit-fallthrough -isysroot /Applications/Xcode.app/Contents/Developer/Platforms/iPhoneSimulator.platform/Developer/SDKs/iPhoneSimulator26.5.sdk -fstrict-aliasing -Wdeprecated-declarations -Wno-sign-conversion -Wno-infinite-recursion -Wno-comma -Wno-block-capture-autoreleasing -Wno-strict-prototypes -Wno-semicolon-before-method-body -index-store-path /Users/shizihan/DailyUse/Github/InkMarkdown/.scratch/architecture-deepening-2026-09-07/evidence/20260907-1415-ticket-27/consumer/DerivedData-InkMarkdownMermaidConsumer/Index.noindex/DataStore @/Users/shizihan/DailyUse/Github/InkMarkdown/.scratch/architecture-deepening-2026-09-07/evidence/20260907-1415-ticket-27/consumer/DerivedData-InkMarkdownMermaidConsumer/Build/Intermediates.noindex/cmark-gfm.build/Debug-iphonesimulator/cmark-gfm.build/Objects-normal/arm64/7187679823f38a2a940e0043cdf9d637-common-args.resp -MMD -MT dependencies -MF /Users/shizihan/DailyUse/Github/InkMarkdown/.scratch/architecture-deepening-2026-09-07/evidence/20260907-1415-ticket-27/consumer/DerivedData-InkMarkdownMermaidConsumer/Build/Intermediates.noindex/cmark-gfm.build/Debug-iphonesimulator/cmark-gfm.build/Objects-normal/arm64/syntax_extension.d --serialize-diagnostics /Users/shizihan/DailyUse/Github/InkMarkdown/.scratch/architecture-deepening-2026-09-07/evidence/20260907-1415-ticket-27/consumer/DerivedData-InkMarkdownMermaidConsumer/Build/Intermediates.noindex/cmark-gfm.build/Debug-iphonesimulator/cmark-gfm.build/Objects-normal/arm64/syntax_extension.dia -c /Users/shizihan/DailyUse/Github/InkMarkdown/Packages/Caches/swift-cmark/src/syntax_extension.c -o /Users/shizihan/DailyUse/Github/InkMarkdown/.scratch/architecture-deepening-2026-09-07/evidence/20260907-1415-ticket-27/consumer/DerivedData-InkMarkdownMermaidConsumer/Build/Intermediates.noindex/cmark-gfm.build/Debug-iphonesimulator/cmark-gfm.build/Objects-normal/arm64/syntax_extension.o -index-unit-output-path /cmark-gfm.build/Debug-iphonesimulator/cmark-gfm.build/Objects-normal/arm64/syntax_extension.o

CompileC /Users/shizihan/DailyUse/Github/InkMarkdown/.scratch/architecture-deepening-2026-09-07/evidence/20260907-1415-ticket-27/consumer/DerivedData-InkMarkdownMermaidConsumer/Build/Intermediates.noindex/cmark-gfm.build/Debug-iphonesimulator/cmark-gfm.build/Objects-normal/arm64/scanners.o /Users/shizihan/DailyUse/Github/InkMarkdown/Packages/Caches/swift-cmark/src/scanners.c normal arm64 c com.apple.compilers.llvm.clang.1_0.compiler (in target 'cmark-gfm' from project 'cmark-gfm')
    cd /Users/shizihan/DailyUse/Github/InkMarkdown/.github/fixtures/consumer-smoke/.swiftpm/xcode
    
    Using response file: /Users/shizihan/DailyUse/Github/InkMarkdown/.scratch/architecture-deepening-2026-09-07/evidence/20260907-1415-ticket-27/consumer/DerivedData-InkMarkdownMermaidConsumer/Build/Intermediates.noindex/cmark-gfm.build/Debug-iphonesimulator/cmark-gfm.build/Objects-normal/arm64/7187679823f38a2a940e0043cdf9d637-common-args.resp
    
    /Applications/Xcode.app/Contents/Developer/Toolchains/XcodeDefault.xctoolchain/usr/bin/clang -x c -ivfsstatcache /Users/shizihan/DailyUse/Github/InkMarkdown/.scratch/architecture-deepening-2026-09-07/evidence/20260907-1415-ticket-27/consumer/DerivedData-InkMarkdownMermaidConsumer/SDKStatCaches.noindex/iphonesimulator26.5-23F81a-6cfe768891a92b912361537c460fe42b.sdkstatcache -target arm64-apple-ios12.0-simulator -fmessage-length\=0 -fdiagnostics-show-note-include-stack -fmacro-backtrace-limit\=0 -fno-color-diagnostics -fmodules-prune-interval\=86400 -fmodules-prune-after\=345600 -fbuild-session-file\=/Users/shizihan/DailyUse/Github/InkMarkdown/.scratch/architecture-deepening-2026-09-07/evidence/20260907-1415-ticket-27/consumer/DerivedData-InkMarkdownMermaidConsumer/ModuleCache.noindex/Session.modulevalidation -fmodules-validate-once-per-build-session -Wnon-modular-include-in-framework-module -Werror\=non-modular-include-in-framework-module -Wno-trigraphs -Wno-missing-field-initializers -Wno-missing-prototypes -Wno-return-type -Wno-missing-braces -Wparentheses -Wswitch -Wno-unused-function -Wno-unused-label -Wno-unused-parameter -Wno-unused-variable -Wunused-value -Wno-empty-body -Wno-uninitialized -Wno-unknown-pragmas -w -Wno-shadow -Wno-four-char-constants -Wno-conversion -Wno-constant-conversion -Wno-int-conversion -Wno-bool-conversion -Wno-enum-conversion -Wno-float-conversion -Wno-non-literal-null-conversion -Wno-objc-literal-conversion -Wshorten-64-to-32 -Wpointer-sign -Wno-newline-eof -Wno-implicit-fallthrough -isysroot /Applications/Xcode.app/Contents/Developer/Platforms/iPhoneSimulator.platform/Developer/SDKs/iPhoneSimulator26.5.sdk -fstrict-aliasing -Wdeprecated-declarations -Wno-sign-conversion -Wno-infinite-recursion -Wno-comma -Wno-block-capture-autoreleasing -Wno-strict-prototypes -Wno-semicolon-before-method-body -index-store-path /Users/shizihan/DailyUse/Github/InkMarkdown/.scratch/architecture-deepening-2026-09-07/evidence/20260907-1415-ticket-27/consumer/DerivedData-InkMarkdownMermaidConsumer/Index.noindex/DataStore @/Users/shizihan/DailyUse/Github/InkMarkdown/.scratch/architecture-deepening-2026-09-07/evidence/20260907-1415-ticket-27/consumer/DerivedData-InkMarkdownMermaidConsumer/Build/Intermediates.noindex/cmark-gfm.build/Debug-iphonesimulator/cmark-gfm.build/Objects-normal/arm64/7187679823f38a2a940e0043cdf9d637-common-args.resp -MMD -MT dependencies -MF /Users/shizihan/DailyUse/Github/InkMarkdown/.scratch/architecture-deepening-2026-09-07/evidence/20260907-1415-ticket-27/consumer/DerivedData-InkMarkdownMermaidConsumer/Build/Intermediates.noindex/cmark-gfm.build/Debug-iphonesimulator/cmark-gfm.build/Objects-normal/arm64/scanners.d --serialize-diagnostics /Users/shizihan/DailyUse/Github/InkMarkdown/.scratch/architecture-deepening-2026-09-07/evidence/20260907-1415-ticket-27/consumer/DerivedData-InkMarkdownMermaidConsumer/Build/Intermediates.noindex/cmark-gfm.build/Debug-iphonesimulator/cmark-gfm.build/Objects-normal/arm64/scanners.dia -c /Users/shizihan/DailyUse/Github/InkMarkdown/Packages/Caches/swift-cmark/src/scanners.c -o /Users/shizihan/DailyUse/Github/InkMarkdown/.scratch/architecture-deepening-2026-09-07/evidence/20260907-1415-ticket-27/consumer/DerivedData-InkMarkdownMermaidConsumer/Build/Intermediates.noindex/cmark-gfm.build/Debug-iphonesimulator/cmark-gfm.build/Objects-normal/arm64/scanners.o -index-unit-output-path /cmark-gfm.build/Debug-iphonesimulator/cmark-gfm.build/Objects-normal/arm64/scanners.o

CompileC /Users/shizihan/DailyUse/Github/InkMarkdown/.scratch/architecture-deepening-2026-09-07/evidence/20260907-1415-ticket-27/consumer/DerivedData-InkMarkdownMermaidConsumer/Build/Intermediates.noindex/cmark-gfm.build/Debug-iphonesimulator/cmark-gfm.build/Objects-normal/arm64/render.o /Users/shizihan/DailyUse/Github/InkMarkdown/Packages/Caches/swift-cmark/src/render.c normal arm64 c com.apple.compilers.llvm.clang.1_0.compiler (in target 'cmark-gfm' from project 'cmark-gfm')
    cd /Users/shizihan/DailyUse/Github/InkMarkdown/.github/fixtures/consumer-smoke/.swiftpm/xcode
    
    Using response file: /Users/shizihan/DailyUse/Github/InkMarkdown/.scratch/architecture-deepening-2026-09-07/evidence/20260907-1415-ticket-27/consumer/DerivedData-InkMarkdownMermaidConsumer/Build/Intermediates.noindex/cmark-gfm.build/Debug-iphonesimulator/cmark-gfm.build/Objects-normal/arm64/7187679823f38a2a940e0043cdf9d637-common-args.resp
    
    /Applications/Xcode.app/Contents/Developer/Toolchains/XcodeDefault.xctoolchain/usr/bin/clang -x c -ivfsstatcache /Users/shizihan/DailyUse/Github/InkMarkdown/.scratch/architecture-deepening-2026-09-07/evidence/20260907-1415-ticket-27/consumer/DerivedData-InkMarkdownMermaidConsumer/SDKStatCaches.noindex/iphonesimulator26.5-23F81a-6cfe768891a92b912361537c460fe42b.sdkstatcache -target arm64-apple-ios12.0-simulator -fmessage-length\=0 -fdiagnostics-show-note-include-stack -fmacro-backtrace-limit\=0 -fno-color-diagnostics -fmodules-prune-interval\=86400 -fmodules-prune-after\=345600 -fbuild-session-file\=/Users/shizihan/DailyUse/Github/InkMarkdown/.scratch/architecture-deepening-2026-09-07/evidence/20260907-1415-ticket-27/consumer/DerivedData-InkMarkdownMermaidConsumer/ModuleCache.noindex/Session.modulevalidation -fmodules-validate-once-per-build-session -Wnon-modular-include-in-framework-module -Werror\=non-modular-include-in-framework-module -Wno-trigraphs -Wno-missing-field-initializers -Wno-missing-prototypes -Wno-return-type -Wno-missing-braces -Wparentheses -Wswitch -Wno-unused-function -Wno-unused-label -Wno-unused-parameter -Wno-unused-variable -Wunused-value -Wno-empty-body -Wno-uninitialized -Wno-unknown-pragmas -w -Wno-shadow -Wno-four-char-constants -Wno-conversion -Wno-constant-conversion -Wno-int-conversion -Wno-bool-conversion -Wno-enum-conversion -Wno-float-conversion -Wno-non-literal-null-conversion -Wno-objc-literal-conversion -Wshorten-64-to-32 -Wpointer-sign -Wno-newline-eof -Wno-implicit-fallthrough -isysroot /Applications/Xcode.app/Contents/Developer/Platforms/iPhoneSimulator.platform/Developer/SDKs/iPhoneSimulator26.5.sdk -fstrict-aliasing -Wdeprecated-declarations -Wno-sign-conversion -Wno-infinite-recursion -Wno-comma -Wno-block-capture-autoreleasing -Wno-strict-prototypes -Wno-semicolon-before-method-body -index-store-path /Users/shizihan/DailyUse/Github/InkMarkdown/.scratch/architecture-deepening-2026-09-07/evidence/20260907-1415-ticket-27/consumer/DerivedData-InkMarkdownMermaidConsumer/Index.noindex/DataStore @/Users/shizihan/DailyUse/Github/InkMarkdown/.scratch/architecture-deepening-2026-09-07/evidence/20260907-1415-ticket-27/consumer/DerivedData-InkMarkdownMermaidConsumer/Build/Intermediates.noindex/cmark-gfm.build/Debug-iphonesimulator/cmark-gfm.build/Objects-normal/arm64/7187679823f38a2a940e0043cdf9d637-common-args.resp -MMD -MT dependencies -MF /Users/shizihan/DailyUse/Github/InkMarkdown/.scratch/architecture-deepening-2026-09-07/evidence/20260907-1415-ticket-27/consumer/DerivedData-InkMarkdownMermaidConsumer/Build/Intermediates.noindex/cmark-gfm.build/Debug-iphonesimulator/cmark-gfm.build/Objects-normal/arm64/render.d --serialize-diagnostics /Users/shizihan/DailyUse/Github/InkMarkdown/.scratch/architecture-deepening-2026-09-07/evidence/20260907-1415-ticket-27/consumer/DerivedData-InkMarkdownMermaidConsumer/Build/Intermediates.noindex/cmark-gfm.build/Debug-iphonesimulator/cmark-gfm.build/Objects-normal/arm64/render.dia -c /Users/shizihan/DailyUse/Github/InkMarkdown/Packages/Caches/swift-cmark/src/render.c -o /Users/shizihan/DailyUse/Github/InkMarkdown/.scratch/architecture-deepening-2026-09-07/evidence/20260907-1415-ticket-27/consumer/DerivedData-InkMarkdownMermaidConsumer/Build/Intermediates.noindex/cmark-gfm.build/Debug-iphonesimulator/cmark-gfm.build/Objects-normal/arm64/render.o -index-unit-output-path /cmark-gfm.build/Debug-iphonesimulator/cmark-gfm.build/Objects-normal/arm64/render.o

CompileC /Users/shizihan/DailyUse/Github/InkMarkdown/.scratch/architecture-deepening-2026-09-07/evidence/20260907-1415-ticket-27/consumer/DerivedData-InkMarkdownMermaidConsumer/Build/Intermediates.noindex/cmark-gfm.build/Debug-iphonesimulator/cmark-gfm.build/Objects-normal/arm64/registry.o /Users/shizihan/DailyUse/Github/InkMarkdown/Packages/Caches/swift-cmark/src/registry.c normal arm64 c com.apple.compilers.llvm.clang.1_0.compiler (in target 'cmark-gfm' from project 'cmark-gfm')
    cd /Users/shizihan/DailyUse/Github/InkMarkdown/.github/fixtures/consumer-smoke/.swiftpm/xcode
    
    Using response file: /Users/shizihan/DailyUse/Github/InkMarkdown/.scratch/architecture-deepening-2026-09-07/evidence/20260907-1415-ticket-27/consumer/DerivedData-InkMarkdownMermaidConsumer/Build/Intermediates.noindex/cmark-gfm.build/Debug-iphonesimulator/cmark-gfm.build/Objects-normal/arm64/7187679823f38a2a940e0043cdf9d637-common-args.resp
    
    /Applications/Xcode.app/Contents/Developer/Toolchains/XcodeDefault.xctoolchain/usr/bin/clang -x c -ivfsstatcache /Users/shizihan/DailyUse/Github/InkMarkdown/.scratch/architecture-deepening-2026-09-07/evidence/20260907-1415-ticket-27/consumer/DerivedData-InkMarkdownMermaidConsumer/SDKStatCaches.noindex/iphonesimulator26.5-23F81a-6cfe768891a92b912361537c460fe42b.sdkstatcache -target arm64-apple-ios12.0-simulator -fmessage-length\=0 -fdiagnostics-show-note-include-stack -fmacro-backtrace-limit\=0 -fno-color-diagnostics -fmodules-prune-interval\=86400 -fmodules-prune-after\=345600 -fbuild-session-file\=/Users/shizihan/DailyUse/Github/InkMarkdown/.scratch/architecture-deepening-2026-09-07/evidence/20260907-1415-ticket-27/consumer/DerivedData-InkMarkdownMermaidConsumer/ModuleCache.noindex/Session.modulevalidation -fmodules-validate-once-per-build-session -Wnon-modular-include-in-framework-module -Werror\=non-modular-include-in-framework-module -Wno-trigraphs -Wno-missing-field-initializers -Wno-missing-prototypes -Wno-return-type -Wno-missing-braces -Wparentheses -Wswitch -Wno-unused-function -Wno-unused-label -Wno-unused-parameter -Wno-unused-variable -Wunused-value -Wno-empty-body -Wno-uninitialized -Wno-unknown-pragmas -w -Wno-shadow -Wno-four-char-constants -Wno-conversion -Wno-constant-conversion -Wno-int-conversion -Wno-bool-conversion -Wno-enum-conversion -Wno-float-conversion -Wno-non-literal-null-conversion -Wno-objc-literal-conversion -Wshorten-64-to-32 -Wpointer-sign -Wno-newline-eof -Wno-implicit-fallthrough -isysroot /Applications/Xcode.app/Contents/Developer/Platforms/iPhoneSimulator.platform/Developer/SDKs/iPhoneSimulator26.5.sdk -fstrict-aliasing -Wdeprecated-declarations -Wno-sign-conversion -Wno-infinite-recursion -Wno-comma -Wno-block-capture-autoreleasing -Wno-strict-prototypes -Wno-semicolon-before-method-body -index-store-path /Users/shizihan/DailyUse/Github/InkMarkdown/.scratch/architecture-deepening-2026-09-07/evidence/20260907-1415-ticket-27/consumer/DerivedData-InkMarkdownMermaidConsumer/Index.noindex/DataStore @/Users/shizihan/DailyUse/Github/InkMarkdown/.scratch/architecture-deepening-2026-09-07/evidence/20260907-1415-ticket-27/consumer/DerivedData-InkMarkdownMermaidConsumer/Build/Intermediates.noindex/cmark-gfm.build/Debug-iphonesimulator/cmark-gfm.build/Objects-normal/arm64/7187679823f38a2a940e0043cdf9d637-common-args.resp -MMD -MT dependencies -MF /Users/shizihan/DailyUse/Github/InkMarkdown/.scratch/architecture-deepening-2026-09-07/evidence/20260907-1415-ticket-27/consumer/DerivedData-InkMarkdownMermaidConsumer/Build/Intermediates.noindex/cmark-gfm.build/Debug-iphonesimulator/cmark-gfm.build/Objects-normal/arm64/registry.d --serialize-diagnostics /Users/shizihan/DailyUse/Github/InkMarkdown/.scratch/architecture-deepening-2026-09-07/evidence/20260907-1415-ticket-27/consumer/DerivedData-InkMarkdownMermaidConsumer/Build/Intermediates.noindex/cmark-gfm.build/Debug-iphonesimulator/cmark-gfm.build/Objects-normal/arm64/registry.dia -c /Users/shizihan/DailyUse/Github/InkMarkdown/Packages/Caches/swift-cmark/src/registry.c -o /Users/shizihan/DailyUse/Github/InkMarkdown/.scratch/architecture-deepening-2026-09-07/evidence/20260907-1415-ticket-27/consumer/DerivedData-InkMarkdownMermaidConsumer/Build/Intermediates.noindex/cmark-gfm.build/Debug-iphonesimulator/cmark-gfm.build/Objects-normal/arm64/registry.o -index-unit-output-path /cmark-gfm.build/Debug-iphonesimulator/cmark-gfm.build/Objects-normal/arm64/registry.o

CompileC /Users/shizihan/DailyUse/Github/InkMarkdown/.scratch/architecture-deepening-2026-09-07/evidence/20260907-1415-ticket-27/consumer/DerivedData-InkMarkdownMermaidConsumer/Build/Intermediates.noindex/cmark-gfm.build/Debug-iphonesimulator/cmark-gfm.build/Objects-normal/arm64/references.o /Users/shizihan/DailyUse/Github/InkMarkdown/Packages/Caches/swift-cmark/src/references.c normal arm64 c com.apple.compilers.llvm.clang.1_0.compiler (in target 'cmark-gfm' from project 'cmark-gfm')
    cd /Users/shizihan/DailyUse/Github/InkMarkdown/.github/fixtures/consumer-smoke/.swiftpm/xcode
    
    Using response file: /Users/shizihan/DailyUse/Github/InkMarkdown/.scratch/architecture-deepening-2026-09-07/evidence/20260907-1415-ticket-27/consumer/DerivedData-InkMarkdownMermaidConsumer/Build/Intermediates.noindex/cmark-gfm.build/Debug-iphonesimulator/cmark-gfm.build/Objects-normal/arm64/7187679823f38a2a940e0043cdf9d637-common-args.resp
    
    /Applications/Xcode.app/Contents/Developer/Toolchains/XcodeDefault.xctoolchain/usr/bin/clang -x c -ivfsstatcache /Users/shizihan/DailyUse/Github/InkMarkdown/.scratch/architecture-deepening-2026-09-07/evidence/20260907-1415-ticket-27/consumer/DerivedData-InkMarkdownMermaidConsumer/SDKStatCaches.noindex/iphonesimulator26.5-23F81a-6cfe768891a92b912361537c460fe42b.sdkstatcache -target arm64-apple-ios12.0-simulator -fmessage-length\=0 -fdiagnostics-show-note-include-stack -fmacro-backtrace-limit\=0 -fno-color-diagnostics -fmodules-prune-interval\=86400 -fmodules-prune-after\=345600 -fbuild-session-file\=/Users/shizihan/DailyUse/Github/InkMarkdown/.scratch/architecture-deepening-2026-09-07/evidence/20260907-1415-ticket-27/consumer/DerivedData-InkMarkdownMermaidConsumer/ModuleCache.noindex/Session.modulevalidation -fmodules-validate-once-per-build-session -Wnon-modular-include-in-framework-module -Werror\=non-modular-include-in-framework-module -Wno-trigraphs -Wno-missing-field-initializers -Wno-missing-prototypes -Wno-return-type -Wno-missing-braces -Wparentheses -Wswitch -Wno-unused-function -Wno-unused-label -Wno-unused-parameter -Wno-unused-variable -Wunused-value -Wno-empty-body -Wno-uninitialized -Wno-unknown-pragmas -w -Wno-shadow -Wno-four-char-constants -Wno-conversion -Wno-constant-conversion -Wno-int-conversion -Wno-bool-conversion -Wno-enum-conversion -Wno-float-conversion -Wno-non-literal-null-conversion -Wno-objc-literal-conversion -Wshorten-64-to-32 -Wpointer-sign -Wno-newline-eof -Wno-implicit-fallthrough -isysroot /Applications/Xcode.app/Contents/Developer/Platforms/iPhoneSimulator.platform/Developer/SDKs/iPhoneSimulator26.5.sdk -fstrict-aliasing -Wdeprecated-declarations -Wno-sign-conversion -Wno-infinite-recursion -Wno-comma -Wno-block-capture-autoreleasing -Wno-strict-prototypes -Wno-semicolon-before-method-body -index-store-path /Users/shizihan/DailyUse/Github/InkMarkdown/.scratch/architecture-deepening-2026-09-07/evidence/20260907-1415-ticket-27/consumer/DerivedData-InkMarkdownMermaidConsumer/Index.noindex/DataStore @/Users/shizihan/DailyUse/Github/InkMarkdown/.scratch/architecture-deepening-2026-09-07/evidence/20260907-1415-ticket-27/consumer/DerivedData-InkMarkdownMermaidConsumer/Build/Intermediates.noindex/cmark-gfm.build/Debug-iphonesimulator/cmark-gfm.build/Objects-normal/arm64/7187679823f38a2a940e0043cdf9d637-common-args.resp -MMD -MT dependencies -MF /Users/shizihan/DailyUse/Github/InkMarkdown/.scratch/architecture-deepening-2026-09-07/evidence/20260907-1415-ticket-27/consumer/DerivedData-InkMarkdownMermaidConsumer/Build/Intermediates.noindex/cmark-gfm.build/Debug-iphonesimulator/cmark-gfm.build/Objects-normal/arm64/references.d --serialize-diagnostics /Users/shizihan/DailyUse/Github/InkMarkdown/.scratch/architecture-deepening-2026-09-07/evidence/20260907-1415-ticket-27/consumer/DerivedData-InkMarkdownMermaidConsumer/Build/Intermediates.noindex/cmark-gfm.build/Debug-iphonesimulator/cmark-gfm.build/Objects-normal/arm64/references.dia -c /Users/shizihan/DailyUse/Github/InkMarkdown/Packages/Caches/swift-cmark/src/references.c -o /Users/shizihan/DailyUse/Github/InkMarkdown/.scratch/architecture-deepening-2026-09-07/evidence/20260907-1415-ticket-27/consumer/DerivedData-InkMarkdownMermaidConsumer/Build/Intermediates.noindex/cmark-gfm.build/Debug-iphonesimulator/cmark-gfm.build/Objects-normal/arm64/references.o -index-unit-output-path /cmark-gfm.build/Debug-iphonesimulator/cmark-gfm.build/Objects-normal/arm64/references.o

CompileC /Users/shizihan/DailyUse/Github/InkMarkdown/.scratch/architecture-deepening-2026-09-07/evidence/20260907-1415-ticket-27/consumer/DerivedData-InkMarkdownMermaidConsumer/Build/Intermediates.noindex/cmark-gfm.build/Debug-iphonesimulator/cmark-gfm.build/Objects-normal/arm64/plugin.o /Users/shizihan/DailyUse/Github/InkMarkdown/Packages/Caches/swift-cmark/src/plugin.c normal arm64 c com.apple.compilers.llvm.clang.1_0.compiler (in target 'cmark-gfm' from project 'cmark-gfm')
    cd /Users/shizihan/DailyUse/Github/InkMarkdown/.github/fixtures/consumer-smoke/.swiftpm/xcode
    
    Using response file: /Users/shizihan/DailyUse/Github/InkMarkdown/.scratch/architecture-deepening-2026-09-07/evidence/20260907-1415-ticket-27/consumer/DerivedData-InkMarkdownMermaidConsumer/Build/Intermediates.noindex/cmark-gfm.build/Debug-iphonesimulator/cmark-gfm.build/Objects-normal/arm64/7187679823f38a2a940e0043cdf9d637-common-args.resp
    
    /Applications/Xcode.app/Contents/Developer/Toolchains/XcodeDefault.xctoolchain/usr/bin/clang -x c -ivfsstatcache /Users/shizihan/DailyUse/Github/InkMarkdown/.scratch/architecture-deepening-2026-09-07/evidence/20260907-1415-ticket-27/consumer/DerivedData-InkMarkdownMermaidConsumer/SDKStatCaches.noindex/iphonesimulator26.5-23F81a-6cfe768891a92b912361537c460fe42b.sdkstatcache -target arm64-apple-ios12.0-simulator -fmessage-length\=0 -fdiagnostics-show-note-include-stack -fmacro-backtrace-limit\=0 -fno-color-diagnostics -fmodules-prune-interval\=86400 -fmodules-prune-after\=345600 -fbuild-session-file\=/Users/shizihan/DailyUse/Github/InkMarkdown/.scratch/architecture-deepening-2026-09-07/evidence/20260907-1415-ticket-27/consumer/DerivedData-InkMarkdownMermaidConsumer/ModuleCache.noindex/Session.modulevalidation -fmodules-validate-once-per-build-session -Wnon-modular-include-in-framework-module -Werror\=non-modular-include-in-framework-module -Wno-trigraphs -Wno-missing-field-initializers -Wno-missing-prototypes -Wno-return-type -Wno-missing-braces -Wparentheses -Wswitch -Wno-unused-function -Wno-unused-label -Wno-unused-parameter -Wno-unused-variable -Wunused-value -Wno-empty-body -Wno-uninitialized -Wno-unknown-pragmas -w -Wno-shadow -Wno-four-char-constants -Wno-conversion -Wno-constant-conversion -Wno-int-conversion -Wno-bool-conversion -Wno-enum-conversion -Wno-float-conversion -Wno-non-literal-null-conversion -Wno-objc-literal-conversion -Wshorten-64-to-32 -Wpointer-sign -Wno-newline-eof -Wno-implicit-fallthrough -isysroot /Applications/Xcode.app/Contents/Developer/Platforms/iPhoneSimulator.platform/Developer/SDKs/iPhoneSimulator26.5.sdk -fstrict-aliasing -Wdeprecated-declarations -Wno-sign-conversion -Wno-infinite-recursion -Wno-comma -Wno-block-capture-autoreleasing -Wno-strict-prototypes -Wno-semicolon-before-method-body -index-store-path /Users/shizihan/DailyUse/Github/InkMarkdown/.scratch/architecture-deepening-2026-09-07/evidence/20260907-1415-ticket-27/consumer/DerivedData-InkMarkdownMermaidConsumer/Index.noindex/DataStore @/Users/shizihan/DailyUse/Github/InkMarkdown/.scratch/architecture-deepening-2026-09-07/evidence/20260907-1415-ticket-27/consumer/DerivedData-InkMarkdownMermaidConsumer/Build/Intermediates.noindex/cmark-gfm.build/Debug-iphonesimulator/cmark-gfm.build/Objects-normal/arm64/7187679823f38a2a940e0043cdf9d637-common-args.resp -MMD -MT dependencies -MF /Users/shizihan/DailyUse/Github/InkMarkdown/.scratch/architecture-deepening-2026-09-07/evidence/20260907-1415-ticket-27/consumer/DerivedData-InkMarkdownMermaidConsumer/Build/Intermediates.noindex/cmark-gfm.build/Debug-iphonesimulator/cmark-gfm.build/Objects-normal/arm64/plugin.d --serialize-diagnostics /Users/shizihan/DailyUse/Github/InkMarkdown/.scratch/architecture-deepening-2026-09-07/evidence/20260907-1415-ticket-27/consumer/DerivedData-InkMarkdownMermaidConsumer/Build/Intermediates.noindex/cmark-gfm.build/Debug-iphonesimulator/cmark-gfm.build/Objects-normal/arm64/plugin.dia -c /Users/shizihan/DailyUse/Github/InkMarkdown/Packages/Caches/swift-cmark/src/plugin.c -o /Users/shizihan/DailyUse/Github/InkMarkdown/.scratch/architecture-deepening-2026-09-07/evidence/20260907-1415-ticket-27/consumer/DerivedData-InkMarkdownMermaidConsumer/Build/Intermediates.noindex/cmark-gfm.build/Debug-iphonesimulator/cmark-gfm.build/Objects-normal/arm64/plugin.o -index-unit-output-path /cmark-gfm.build/Debug-iphonesimulator/cmark-gfm.build/Objects-normal/arm64/plugin.o

CompileC /Users/shizihan/DailyUse/Github/InkMarkdown/.scratch/architecture-deepening-2026-09-07/evidence/20260907-1415-ticket-27/consumer/DerivedData-InkMarkdownMermaidConsumer/Build/Intermediates.noindex/cmark-gfm.build/Debug-iphonesimulator/cmark-gfm.build/Objects-normal/arm64/plaintext.o /Users/shizihan/DailyUse/Github/InkMarkdown/Packages/Caches/swift-cmark/src/plaintext.c normal arm64 c com.apple.compilers.llvm.clang.1_0.compiler (in target 'cmark-gfm' from project 'cmark-gfm')
    cd /Users/shizihan/DailyUse/Github/InkMarkdown/.github/fixtures/consumer-smoke/.swiftpm/xcode
    
    Using response file: /Users/shizihan/DailyUse/Github/InkMarkdown/.scratch/architecture-deepening-2026-09-07/evidence/20260907-1415-ticket-27/consumer/DerivedData-InkMarkdownMermaidConsumer/Build/Intermediates.noindex/cmark-gfm.build/Debug-iphonesimulator/cmark-gfm.build/Objects-normal/arm64/7187679823f38a2a940e0043cdf9d637-common-args.resp
    
    /Applications/Xcode.app/Contents/Developer/Toolchains/XcodeDefault.xctoolchain/usr/bin/clang -x c -ivfsstatcache /Users/shizihan/DailyUse/Github/InkMarkdown/.scratch/architecture-deepening-2026-09-07/evidence/20260907-1415-ticket-27/consumer/DerivedData-InkMarkdownMermaidConsumer/SDKStatCaches.noindex/iphonesimulator26.5-23F81a-6cfe768891a92b912361537c460fe42b.sdkstatcache -target arm64-apple-ios12.0-simulator -fmessage-length\=0 -fdiagnostics-show-note-include-stack -fmacro-backtrace-limit\=0 -fno-color-diagnostics -fmodules-prune-interval\=86400 -fmodules-prune-after\=345600 -fbuild-session-file\=/Users/shizihan/DailyUse/Github/InkMarkdown/.scratch/architecture-deepening-2026-09-07/evidence/20260907-1415-ticket-27/consumer/DerivedData-InkMarkdownMermaidConsumer/ModuleCache.noindex/Session.modulevalidation -fmodules-validate-once-per-build-session -Wnon-modular-include-in-framework-module -Werror\=non-modular-include-in-framework-module -Wno-trigraphs -Wno-missing-field-initializers -Wno-missing-prototypes -Wno-return-type -Wno-missing-braces -Wparentheses -Wswitch -Wno-unused-function -Wno-unused-label -Wno-unused-parameter -Wno-unused-variable -Wunused-value -Wno-empty-body -Wno-uninitialized -Wno-unknown-pragmas -w -Wno-shadow -Wno-four-char-constants -Wno-conversion -Wno-constant-conversion -Wno-int-conversion -Wno-bool-conversion -Wno-enum-conversion -Wno-float-conversion -Wno-non-literal-null-conversion -Wno-objc-literal-conversion -Wshorten-64-to-32 -Wpointer-sign -Wno-newline-eof -Wno-implicit-fallthrough -isysroot /Applications/Xcode.app/Contents/Developer/Platforms/iPhoneSimulator.platform/Developer/SDKs/iPhoneSimulator26.5.sdk -fstrict-aliasing -Wdeprecated-declarations -Wno-sign-conversion -Wno-infinite-recursion -Wno-comma -Wno-block-capture-autoreleasing -Wno-strict-prototypes -Wno-semicolon-before-method-body -index-store-path /Users/shizihan/DailyUse/Github/InkMarkdown/.scratch/architecture-deepening-2026-09-07/evidence/20260907-1415-ticket-27/consumer/DerivedData-InkMarkdownMermaidConsumer/Index.noindex/DataStore @/Users/shizihan/DailyUse/Github/InkMarkdown/.scratch/architecture-deepening-2026-09-07/evidence/20260907-1415-ticket-27/consumer/DerivedData-InkMarkdownMermaidConsumer/Build/Intermediates.noindex/cmark-gfm.build/Debug-iphonesimulator/cmark-gfm.build/Objects-normal/arm64/7187679823f38a2a940e0043cdf9d637-common-args.resp -MMD -MT dependencies -MF /Users/shizihan/DailyUse/Github/InkMarkdown/.scratch/architecture-deepening-2026-09-07/evidence/20260907-1415-ticket-27/consumer/DerivedData-InkMarkdownMermaidConsumer/Build/Intermediates.noindex/cmark-gfm.build/Debug-iphonesimulator/cmark-gfm.build/Objects-normal/arm64/plaintext.d --serialize-diagnostics /Users/shizihan/DailyUse/Github/InkMarkdown/.scratch/architecture-deepening-2026-09-07/evidence/20260907-1415-ticket-27/consumer/DerivedData-InkMarkdownMermaidConsumer/Build/Intermediates.noindex/cmark-gfm.build/Debug-iphonesimulator/cmark-gfm.build/Objects-normal/arm64/plaintext.dia -c /Users/shizihan/DailyUse/Github/InkMarkdown/Packages/Caches/swift-cmark/src/plaintext.c -o /Users/shizihan/DailyUse/Github/InkMarkdown/.scratch/architecture-deepening-2026-09-07/evidence/20260907-1415-ticket-27/consumer/DerivedData-InkMarkdownMermaidConsumer/Build/Intermediates.noindex/cmark-gfm.build/Debug-iphonesimulator/cmark-gfm.build/Objects-normal/arm64/plaintext.o -index-unit-output-path /cmark-gfm.build/Debug-iphonesimulator/cmark-gfm.build/Objects-normal/arm64/plaintext.o

CompileC /Users/shizihan/DailyUse/Github/InkMarkdown/.scratch/architecture-deepening-2026-09-07/evidence/20260907-1415-ticket-27/consumer/DerivedData-InkMarkdownMermaidConsumer/Build/Intermediates.noindex/cmark-gfm.build/Debug-iphonesimulator/cmark-gfm.build/Objects-normal/arm64/node.o /Users/shizihan/DailyUse/Github/InkMarkdown/Packages/Caches/swift-cmark/src/node.c normal arm64 c com.apple.compilers.llvm.clang.1_0.compiler (in target 'cmark-gfm' from project 'cmark-gfm')
    cd /Users/shizihan/DailyUse/Github/InkMarkdown/.github/fixtures/consumer-smoke/.swiftpm/xcode
    
    Using response file: /Users/shizihan/DailyUse/Github/InkMarkdown/.scratch/architecture-deepening-2026-09-07/evidence/20260907-1415-ticket-27/consumer/DerivedData-InkMarkdownMermaidConsumer/Build/Intermediates.noindex/cmark-gfm.build/Debug-iphonesimulator/cmark-gfm.build/Objects-normal/arm64/7187679823f38a2a940e0043cdf9d637-common-args.resp
    
    /Applications/Xcode.app/Contents/Developer/Toolchains/XcodeDefault.xctoolchain/usr/bin/clang -x c -ivfsstatcache /Users/shizihan/DailyUse/Github/InkMarkdown/.scratch/architecture-deepening-2026-09-07/evidence/20260907-1415-ticket-27/consumer/DerivedData-InkMarkdownMermaidConsumer/SDKStatCaches.noindex/iphonesimulator26.5-23F81a-6cfe768891a92b912361537c460fe42b.sdkstatcache -target arm64-apple-ios12.0-simulator -fmessage-length\=0 -fdiagnostics-show-note-include-stack -fmacro-backtrace-limit\=0 -fno-color-diagnostics -fmodules-prune-interval\=86400 -fmodules-prune-after\=345600 -fbuild-session-file\=/Users/shizihan/DailyUse/Github/InkMarkdown/.scratch/architecture-deepening-2026-09-07/evidence/20260907-1415-ticket-27/consumer/DerivedData-InkMarkdownMermaidConsumer/ModuleCache.noindex/Session.modulevalidation -fmodules-validate-once-per-build-session -Wnon-modular-include-in-framework-module -Werror\=non-modular-include-in-framework-module -Wno-trigraphs -Wno-missing-field-initializers -Wno-missing-prototypes -Wno-return-type -Wno-missing-braces -Wparentheses -Wswitch -Wno-unused-function -Wno-unused-label -Wno-unused-parameter -Wno-unused-variable -Wunused-value -Wno-empty-body -Wno-uninitialized -Wno-unknown-pragmas -w -Wno-shadow -Wno-four-char-constants -Wno-conversion -Wno-constant-conversion -Wno-int-conversion -Wno-bool-conversion -Wno-enum-conversion -Wno-float-conversion -Wno-non-literal-null-conversion -Wno-objc-literal-conversion -Wshorten-64-to-32 -Wpointer-sign -Wno-newline-eof -Wno-implicit-fallthrough -isysroot /Applications/Xcode.app/Contents/Developer/Platforms/iPhoneSimulator.platform/Developer/SDKs/iPhoneSimulator26.5.sdk -fstrict-aliasing -Wdeprecated-declarations -Wno-sign-conversion -Wno-infinite-recursion -Wno-comma -Wno-block-capture-autoreleasing -Wno-strict-prototypes -Wno-semicolon-before-method-body -index-store-path /Users/shizihan/DailyUse/Github/InkMarkdown/.scratch/architecture-deepening-2026-09-07/evidence/20260907-1415-ticket-27/consumer/DerivedData-InkMarkdownMermaidConsumer/Index.noindex/DataStore @/Users/shizihan/DailyUse/Github/InkMarkdown/.scratch/architecture-deepening-2026-09-07/evidence/20260907-1415-ticket-27/consumer/DerivedData-InkMarkdownMermaidConsumer/Build/Intermediates.noindex/cmark-gfm.build/Debug-iphonesimulator/cmark-gfm.build/Objects-normal/arm64/7187679823f38a2a940e0043cdf9d637-common-args.resp -MMD -MT dependencies -MF /Users/shizihan/DailyUse/Github/InkMarkdown/.scratch/architecture-deepening-2026-09-07/evidence/20260907-1415-ticket-27/consumer/DerivedData-InkMarkdownMermaidConsumer/Build/Intermediates.noindex/cmark-gfm.build/Debug-iphonesimulator/cmark-gfm.build/Objects-normal/arm64/node.d --serialize-diagnostics /Users/shizihan/DailyUse/Github/InkMarkdown/.scratch/architecture-deepening-2026-09-07/evidence/20260907-1415-ticket-27/consumer/DerivedData-InkMarkdownMermaidConsumer/Build/Intermediates.noindex/cmark-gfm.build/Debug-iphonesimulator/cmark-gfm.build/Objects-normal/arm64/node.dia -c /Users/shizihan/DailyUse/Github/InkMarkdown/Packages/Caches/swift-cmark/src/node.c -o /Users/shizihan/DailyUse/Github/InkMarkdown/.scratch/architecture-deepening-2026-09-07/evidence/20260907-1415-ticket-27/consumer/DerivedData-InkMarkdownMermaidConsumer/Build/Intermediates.noindex/cmark-gfm.build/Debug-iphonesimulator/cmark-gfm.build/Objects-normal/arm64/node.o -index-unit-output-path /cmark-gfm.build/Debug-iphonesimulator/cmark-gfm.build/Objects-normal/arm64/node.o

CompileC /Users/shizihan/DailyUse/Github/InkMarkdown/.scratch/architecture-deepening-2026-09-07/evidence/20260907-1415-ticket-27/consumer/DerivedData-InkMarkdownMermaidConsumer/Build/Intermediates.noindex/cmark-gfm.build/Debug-iphonesimulator/cmark-gfm.build/Objects-normal/arm64/map.o /Users/shizihan/DailyUse/Github/InkMarkdown/Packages/Caches/swift-cmark/src/map.c normal arm64 c com.apple.compilers.llvm.clang.1_0.compiler (in target 'cmark-gfm' from project 'cmark-gfm')
    cd /Users/shizihan/DailyUse/Github/InkMarkdown/.github/fixtures/consumer-smoke/.swiftpm/xcode
    
    Using response file: /Users/shizihan/DailyUse/Github/InkMarkdown/.scratch/architecture-deepening-2026-09-07/evidence/20260907-1415-ticket-27/consumer/DerivedData-InkMarkdownMermaidConsumer/Build/Intermediates.noindex/cmark-gfm.build/Debug-iphonesimulator/cmark-gfm.build/Objects-normal/arm64/7187679823f38a2a940e0043cdf9d637-common-args.resp
    
    /Applications/Xcode.app/Contents/Developer/Toolchains/XcodeDefault.xctoolchain/usr/bin/clang -x c -ivfsstatcache /Users/shizihan/DailyUse/Github/InkMarkdown/.scratch/architecture-deepening-2026-09-07/evidence/20260907-1415-ticket-27/consumer/DerivedData-InkMarkdownMermaidConsumer/SDKStatCaches.noindex/iphonesimulator26.5-23F81a-6cfe768891a92b912361537c460fe42b.sdkstatcache -target arm64-apple-ios12.0-simulator -fmessage-length\=0 -fdiagnostics-show-note-include-stack -fmacro-backtrace-limit\=0 -fno-color-diagnostics -fmodules-prune-interval\=86400 -fmodules-prune-after\=345600 -fbuild-session-file\=/Users/shizihan/DailyUse/Github/InkMarkdown/.scratch/architecture-deepening-2026-09-07/evidence/20260907-1415-ticket-27/consumer/DerivedData-InkMarkdownMermaidConsumer/ModuleCache.noindex/Session.modulevalidation -fmodules-validate-once-per-build-session -Wnon-modular-include-in-framework-module -Werror\=non-modular-include-in-framework-module -Wno-trigraphs -Wno-missing-field-initializers -Wno-missing-prototypes -Wno-return-type -Wno-missing-braces -Wparentheses -Wswitch -Wno-unused-function -Wno-unused-label -Wno-unused-parameter -Wno-unused-variable -Wunused-value -Wno-empty-body -Wno-uninitialized -Wno-unknown-pragmas -w -Wno-shadow -Wno-four-char-constants -Wno-conversion -Wno-constant-conversion -Wno-int-conversion -Wno-bool-conversion -Wno-enum-conversion -Wno-float-conversion -Wno-non-literal-null-conversion -Wno-objc-literal-conversion -Wshorten-64-to-32 -Wpointer-sign -Wno-newline-eof -Wno-implicit-fallthrough -isysroot /Applications/Xcode.app/Contents/Developer/Platforms/iPhoneSimulator.platform/Developer/SDKs/iPhoneSimulator26.5.sdk -fstrict-aliasing -Wdeprecated-declarations -Wno-sign-conversion -Wno-infinite-recursion -Wno-comma -Wno-block-capture-autoreleasing -Wno-strict-prototypes -Wno-semicolon-before-method-body -index-store-path /Users/shizihan/DailyUse/Github/InkMarkdown/.scratch/architecture-deepening-2026-09-07/evidence/20260907-1415-ticket-27/consumer/DerivedData-InkMarkdownMermaidConsumer/Index.noindex/DataStore @/Users/shizihan/DailyUse/Github/InkMarkdown/.scratch/architecture-deepening-2026-09-07/evidence/20260907-1415-ticket-27/consumer/DerivedData-InkMarkdownMermaidConsumer/Build/Intermediates.noindex/cmark-gfm.build/Debug-iphonesimulator/cmark-gfm.build/Objects-normal/arm64/7187679823f38a2a940e0043cdf9d637-common-args.resp -MMD -MT dependencies -MF /Users/shizihan/DailyUse/Github/InkMarkdown/.scratch/architecture-deepening-2026-09-07/evidence/20260907-1415-ticket-27/consumer/DerivedData-InkMarkdownMermaidConsumer/Build/Intermediates.noindex/cmark-gfm.build/Debug-iphonesimulator/cmark-gfm.build/Objects-normal/arm64/map.d --serialize-diagnostics /Users/shizihan/DailyUse/Github/InkMarkdown/.scratch/architecture-deepening-2026-09-07/evidence/20260907-1415-ticket-27/consumer/DerivedData-InkMarkdownMermaidConsumer/Build/Intermediates.noindex/cmark-gfm.build/Debug-iphonesimulator/cmark-gfm.build/Objects-normal/arm64/map.dia -c /Users/shizihan/DailyUse/Github/InkMarkdown/Packages/Caches/swift-cmark/src/map.c -o /Users/shizihan/DailyUse/Github/InkMarkdown/.scratch/architecture-deepening-2026-09-07/evidence/20260907-1415-ticket-27/consumer/DerivedData-InkMarkdownMermaidConsumer/Build/Intermediates.noindex/cmark-gfm.build/Debug-iphonesimulator/cmark-gfm.build/Objects-normal/arm64/map.o -index-unit-output-path /cmark-gfm.build/Debug-iphonesimulator/cmark-gfm.build/Objects-normal/arm64/map.o

CompileC /Users/shizihan/DailyUse/Github/InkMarkdown/.scratch/architecture-deepening-2026-09-07/evidence/20260907-1415-ticket-27/consumer/DerivedData-InkMarkdownMermaidConsumer/Build/Intermediates.noindex/cmark-gfm.build/Debug-iphonesimulator/cmark-gfm.build/Objects-normal/arm64/man.o /Users/shizihan/DailyUse/Github/InkMarkdown/Packages/Caches/swift-cmark/src/man.c normal arm64 c com.apple.compilers.llvm.clang.1_0.compiler (in target 'cmark-gfm' from project 'cmark-gfm')
    cd /Users/shizihan/DailyUse/Github/InkMarkdown/.github/fixtures/consumer-smoke/.swiftpm/xcode
    
    Using response file: /Users/shizihan/DailyUse/Github/InkMarkdown/.scratch/architecture-deepening-2026-09-07/evidence/20260907-1415-ticket-27/consumer/DerivedData-InkMarkdownMermaidConsumer/Build/Intermediates.noindex/cmark-gfm.build/Debug-iphonesimulator/cmark-gfm.build/Objects-normal/arm64/7187679823f38a2a940e0043cdf9d637-common-args.resp
    
    /Applications/Xcode.app/Contents/Developer/Toolchains/XcodeDefault.xctoolchain/usr/bin/clang -x c -ivfsstatcache /Users/shizihan/DailyUse/Github/InkMarkdown/.scratch/architecture-deepening-2026-09-07/evidence/20260907-1415-ticket-27/consumer/DerivedData-InkMarkdownMermaidConsumer/SDKStatCaches.noindex/iphonesimulator26.5-23F81a-6cfe768891a92b912361537c460fe42b.sdkstatcache -target arm64-apple-ios12.0-simulator -fmessage-length\=0 -fdiagnostics-show-note-include-stack -fmacro-backtrace-limit\=0 -fno-color-diagnostics -fmodules-prune-interval\=86400 -fmodules-prune-after\=345600 -fbuild-session-file\=/Users/shizihan/DailyUse/Github/InkMarkdown/.scratch/architecture-deepening-2026-09-07/evidence/20260907-1415-ticket-27/consumer/DerivedData-InkMarkdownMermaidConsumer/ModuleCache.noindex/Session.modulevalidation -fmodules-validate-once-per-build-session -Wnon-modular-include-in-framework-module -Werror\=non-modular-include-in-framework-module -Wno-trigraphs -Wno-missing-field-initializers -Wno-missing-prototypes -Wno-return-type -Wno-missing-braces -Wparentheses -Wswitch -Wno-unused-function -Wno-unused-label -Wno-unused-parameter -Wno-unused-variable -Wunused-value -Wno-empty-body -Wno-uninitialized -Wno-unknown-pragmas -w -Wno-shadow -Wno-four-char-constants -Wno-conversion -Wno-constant-conversion -Wno-int-conversion -Wno-bool-conversion -Wno-enum-conversion -Wno-float-conversion -Wno-non-literal-null-conversion -Wno-objc-literal-conversion -Wshorten-64-to-32 -Wpointer-sign -Wno-newline-eof -Wno-implicit-fallthrough -isysroot /Applications/Xcode.app/Contents/Developer/Platforms/iPhoneSimulator.platform/Developer/SDKs/iPhoneSimulator26.5.sdk -fstrict-aliasing -Wdeprecated-declarations -Wno-sign-conversion -Wno-infinite-recursion -Wno-comma -Wno-block-capture-autoreleasing -Wno-strict-prototypes -Wno-semicolon-before-method-body -index-store-path /Users/shizihan/DailyUse/Github/InkMarkdown/.scratch/architecture-deepening-2026-09-07/evidence/20260907-1415-ticket-27/consumer/DerivedData-InkMarkdownMermaidConsumer/Index.noindex/DataStore @/Users/shizihan/DailyUse/Github/InkMarkdown/.scratch/architecture-deepening-2026-09-07/evidence/20260907-1415-ticket-27/consumer/DerivedData-InkMarkdownMermaidConsumer/Build/Intermediates.noindex/cmark-gfm.build/Debug-iphonesimulator/cmark-gfm.build/Objects-normal/arm64/7187679823f38a2a940e0043cdf9d637-common-args.resp -MMD -MT dependencies -MF /Users/shizihan/DailyUse/Github/InkMarkdown/.scratch/architecture-deepening-2026-09-07/evidence/20260907-1415-ticket-27/consumer/DerivedData-InkMarkdownMermaidConsumer/Build/Intermediates.noindex/cmark-gfm.build/Debug-iphonesimulator/cmark-gfm.build/Objects-normal/arm64/man.d --serialize-diagnostics /Users/shizihan/DailyUse/Github/InkMarkdown/.scratch/architecture-deepening-2026-09-07/evidence/20260907-1415-ticket-27/consumer/DerivedData-InkMarkdownMermaidConsumer/Build/Intermediates.noindex/cmark-gfm.build/Debug-iphonesimulator/cmark-gfm.build/Objects-normal/arm64/man.dia -c /Users/shizihan/DailyUse/Github/InkMarkdown/Packages/Caches/swift-cmark/src/man.c -o /Users/shizihan/DailyUse/Github/InkMarkdown/.scratch/architecture-deepening-2026-09-07/evidence/20260907-1415-ticket-27/consumer/DerivedData-InkMarkdownMermaidConsumer/Build/Intermediates.noindex/cmark-gfm.build/Debug-iphonesimulator/cmark-gfm.build/Objects-normal/arm64/man.o -index-unit-output-path /cmark-gfm.build/Debug-iphonesimulator/cmark-gfm.build/Objects-normal/arm64/man.o

CompileC /Users/shizihan/DailyUse/Github/InkMarkdown/.scratch/architecture-deepening-2026-09-07/evidence/20260907-1415-ticket-27/consumer/DerivedData-InkMarkdownMermaidConsumer/Build/Intermediates.noindex/cmark-gfm.build/Debug-iphonesimulator/cmark-gfm.build/Objects-normal/arm64/linked_list.o /Users/shizihan/DailyUse/Github/InkMarkdown/Packages/Caches/swift-cmark/src/linked_list.c normal arm64 c com.apple.compilers.llvm.clang.1_0.compiler (in target 'cmark-gfm' from project 'cmark-gfm')
    cd /Users/shizihan/DailyUse/Github/InkMarkdown/.github/fixtures/consumer-smoke/.swiftpm/xcode
    
    Using response file: /Users/shizihan/DailyUse/Github/InkMarkdown/.scratch/architecture-deepening-2026-09-07/evidence/20260907-1415-ticket-27/consumer/DerivedData-InkMarkdownMermaidConsumer/Build/Intermediates.noindex/cmark-gfm.build/Debug-iphonesimulator/cmark-gfm.build/Objects-normal/arm64/7187679823f38a2a940e0043cdf9d637-common-args.resp
    
    /Applications/Xcode.app/Contents/Developer/Toolchains/XcodeDefault.xctoolchain/usr/bin/clang -x c -ivfsstatcache /Users/shizihan/DailyUse/Github/InkMarkdown/.scratch/architecture-deepening-2026-09-07/evidence/20260907-1415-ticket-27/consumer/DerivedData-InkMarkdownMermaidConsumer/SDKStatCaches.noindex/iphonesimulator26.5-23F81a-6cfe768891a92b912361537c460fe42b.sdkstatcache -target arm64-apple-ios12.0-simulator -fmessage-length\=0 -fdiagnostics-show-note-include-stack -fmacro-backtrace-limit\=0 -fno-color-diagnostics -fmodules-prune-interval\=86400 -fmodules-prune-after\=345600 -fbuild-session-file\=/Users/shizihan/DailyUse/Github/InkMarkdown/.scratch/architecture-deepening-2026-09-07/evidence/20260907-1415-ticket-27/consumer/DerivedData-InkMarkdownMermaidConsumer/ModuleCache.noindex/Session.modulevalidation -fmodules-validate-once-per-build-session -Wnon-modular-include-in-framework-module -Werror\=non-modular-include-in-framework-module -Wno-trigraphs -Wno-missing-field-initializers -Wno-missing-prototypes -Wno-return-type -Wno-missing-braces -Wparentheses -Wswitch -Wno-unused-function -Wno-unused-label -Wno-unused-parameter -Wno-unused-variable -Wunused-value -Wno-empty-body -Wno-uninitialized -Wno-unknown-pragmas -w -Wno-shadow -Wno-four-char-constants -Wno-conversion -Wno-constant-conversion -Wno-int-conversion -Wno-bool-conversion -Wno-enum-conversion -Wno-float-conversion -Wno-non-literal-null-conversion -Wno-objc-literal-conversion -Wshorten-64-to-32 -Wpointer-sign -Wno-newline-eof -Wno-implicit-fallthrough -isysroot /Applications/Xcode.app/Contents/Developer/Platforms/iPhoneSimulator.platform/Developer/SDKs/iPhoneSimulator26.5.sdk -fstrict-aliasing -Wdeprecated-declarations -Wno-sign-conversion -Wno-infinite-recursion -Wno-comma -Wno-block-capture-autoreleasing -Wno-strict-prototypes -Wno-semicolon-before-method-body -index-store-path /Users/shizihan/DailyUse/Github/InkMarkdown/.scratch/architecture-deepening-2026-09-07/evidence/20260907-1415-ticket-27/consumer/DerivedData-InkMarkdownMermaidConsumer/Index.noindex/DataStore @/Users/shizihan/DailyUse/Github/InkMarkdown/.scratch/architecture-deepening-2026-09-07/evidence/20260907-1415-ticket-27/consumer/DerivedData-InkMarkdownMermaidConsumer/Build/Intermediates.noindex/cmark-gfm.build/Debug-iphonesimulator/cmark-gfm.build/Objects-normal/arm64/7187679823f38a2a940e0043cdf9d637-common-args.resp -MMD -MT dependencies -MF /Users/shizihan/DailyUse/Github/InkMarkdown/.scratch/architecture-deepening-2026-09-07/evidence/20260907-1415-ticket-27/consumer/DerivedData-InkMarkdownMermaidConsumer/Build/Intermediates.noindex/cmark-gfm.build/Debug-iphonesimulator/cmark-gfm.build/Objects-normal/arm64/linked_list.d --serialize-diagnostics /Users/shizihan/DailyUse/Github/InkMarkdown/.scratch/architecture-deepening-2026-09-07/evidence/20260907-1415-ticket-27/consumer/DerivedData-InkMarkdownMermaidConsumer/Build/Intermediates.noindex/cmark-gfm.build/Debug-iphonesimulator/cmark-gfm.build/Objects-normal/arm64/linked_list.dia -c /Users/shizihan/DailyUse/Github/InkMarkdown/Packages/Caches/swift-cmark/src/linked_list.c -o /Users/shizihan/DailyUse/Github/InkMarkdown/.scratch/architecture-deepening-2026-09-07/evidence/20260907-1415-ticket-27/consumer/DerivedData-InkMarkdownMermaidConsumer/Build/Intermediates.noindex/cmark-gfm.build/Debug-iphonesimulator/cmark-gfm.build/Objects-normal/arm64/linked_list.o -index-unit-output-path /cmark-gfm.build/Debug-iphonesimulator/cmark-gfm.build/Objects-normal/arm64/linked_list.o

CompileC /Users/shizihan/DailyUse/Github/InkMarkdown/.scratch/architecture-deepening-2026-09-07/evidence/20260907-1415-ticket-27/consumer/DerivedData-InkMarkdownMermaidConsumer/Build/Intermediates.noindex/cmark-gfm.build/Debug-iphonesimulator/cmark-gfm.build/Objects-normal/arm64/latex.o /Users/shizihan/DailyUse/Github/InkMarkdown/Packages/Caches/swift-cmark/src/latex.c normal arm64 c com.apple.compilers.llvm.clang.1_0.compiler (in target 'cmark-gfm' from project 'cmark-gfm')
    cd /Users/shizihan/DailyUse/Github/InkMarkdown/.github/fixtures/consumer-smoke/.swiftpm/xcode
    
    Using response file: /Users/shizihan/DailyUse/Github/InkMarkdown/.scratch/architecture-deepening-2026-09-07/evidence/20260907-1415-ticket-27/consumer/DerivedData-InkMarkdownMermaidConsumer/Build/Intermediates.noindex/cmark-gfm.build/Debug-iphonesimulator/cmark-gfm.build/Objects-normal/arm64/7187679823f38a2a940e0043cdf9d637-common-args.resp
    
    /Applications/Xcode.app/Contents/Developer/Toolchains/XcodeDefault.xctoolchain/usr/bin/clang -x c -ivfsstatcache /Users/shizihan/DailyUse/Github/InkMarkdown/.scratch/architecture-deepening-2026-09-07/evidence/20260907-1415-ticket-27/consumer/DerivedData-InkMarkdownMermaidConsumer/SDKStatCaches.noindex/iphonesimulator26.5-23F81a-6cfe768891a92b912361537c460fe42b.sdkstatcache -target arm64-apple-ios12.0-simulator -fmessage-length\=0 -fdiagnostics-show-note-include-stack -fmacro-backtrace-limit\=0 -fno-color-diagnostics -fmodules-prune-interval\=86400 -fmodules-prune-after\=345600 -fbuild-session-file\=/Users/shizihan/DailyUse/Github/InkMarkdown/.scratch/architecture-deepening-2026-09-07/evidence/20260907-1415-ticket-27/consumer/DerivedData-InkMarkdownMermaidConsumer/ModuleCache.noindex/Session.modulevalidation -fmodules-validate-once-per-build-session -Wnon-modular-include-in-framework-module -Werror\=non-modular-include-in-framework-module -Wno-trigraphs -Wno-missing-field-initializers -Wno-missing-prototypes -Wno-return-type -Wno-missing-braces -Wparentheses -Wswitch -Wno-unused-function -Wno-unused-label -Wno-unused-parameter -Wno-unused-variable -Wunused-value -Wno-empty-body -Wno-uninitialized -Wno-unknown-pragmas -w -Wno-shadow -Wno-four-char-constants -Wno-conversion -Wno-constant-conversion -Wno-int-conversion -Wno-bool-conversion -Wno-enum-conversion -Wno-float-conversion -Wno-non-literal-null-conversion -Wno-objc-literal-conversion -Wshorten-64-to-32 -Wpointer-sign -Wno-newline-eof -Wno-implicit-fallthrough -isysroot /Applications/Xcode.app/Contents/Developer/Platforms/iPhoneSimulator.platform/Developer/SDKs/iPhoneSimulator26.5.sdk -fstrict-aliasing -Wdeprecated-declarations -Wno-sign-conversion -Wno-infinite-recursion -Wno-comma -Wno-block-capture-autoreleasing -Wno-strict-prototypes -Wno-semicolon-before-method-body -index-store-path /Users/shizihan/DailyUse/Github/InkMarkdown/.scratch/architecture-deepening-2026-09-07/evidence/20260907-1415-ticket-27/consumer/DerivedData-InkMarkdownMermaidConsumer/Index.noindex/DataStore @/Users/shizihan/DailyUse/Github/InkMarkdown/.scratch/architecture-deepening-2026-09-07/evidence/20260907-1415-ticket-27/consumer/DerivedData-InkMarkdownMermaidConsumer/Build/Intermediates.noindex/cmark-gfm.build/Debug-iphonesimulator/cmark-gfm.build/Objects-normal/arm64/7187679823f38a2a940e0043cdf9d637-common-args.resp -MMD -MT dependencies -MF /Users/shizihan/DailyUse/Github/InkMarkdown/.scratch/architecture-deepening-2026-09-07/evidence/20260907-1415-ticket-27/consumer/DerivedData-InkMarkdownMermaidConsumer/Build/Intermediates.noindex/cmark-gfm.build/Debug-iphonesimulator/cmark-gfm.build/Objects-normal/arm64/latex.d --serialize-diagnostics /Users/shizihan/DailyUse/Github/InkMarkdown/.scratch/architecture-deepening-2026-09-07/evidence/20260907-1415-ticket-27/consumer/DerivedData-InkMarkdownMermaidConsumer/Build/Intermediates.noindex/cmark-gfm.build/Debug-iphonesimulator/cmark-gfm.build/Objects-normal/arm64/latex.dia -c /Users/shizihan/DailyUse/Github/InkMarkdown/Packages/Caches/swift-cmark/src/latex.c -o /Users/shizihan/DailyUse/Github/InkMarkdown/.scratch/architecture-deepening-2026-09-07/evidence/20260907-1415-ticket-27/consumer/DerivedData-InkMarkdownMermaidConsumer/Build/Intermediates.noindex/cmark-gfm.build/Debug-iphonesimulator/cmark-gfm.build/Objects-normal/arm64/latex.o -index-unit-output-path /cmark-gfm.build/Debug-iphonesimulator/cmark-gfm.build/Objects-normal/arm64/latex.o

CompileC /Users/shizihan/DailyUse/Github/InkMarkdown/.scratch/architecture-deepening-2026-09-07/evidence/20260907-1415-ticket-27/consumer/DerivedData-InkMarkdownMermaidConsumer/Build/Intermediates.noindex/cmark-gfm.build/Debug-iphonesimulator/cmark-gfm.build/Objects-normal/arm64/iterator.o /Users/shizihan/DailyUse/Github/InkMarkdown/Packages/Caches/swift-cmark/src/iterator.c normal arm64 c com.apple.compilers.llvm.clang.1_0.compiler (in target 'cmark-gfm' from project 'cmark-gfm')
    cd /Users/shizihan/DailyUse/Github/InkMarkdown/.github/fixtures/consumer-smoke/.swiftpm/xcode
    
    Using response file: /Users/shizihan/DailyUse/Github/InkMarkdown/.scratch/architecture-deepening-2026-09-07/evidence/20260907-1415-ticket-27/consumer/DerivedData-InkMarkdownMermaidConsumer/Build/Intermediates.noindex/cmark-gfm.build/Debug-iphonesimulator/cmark-gfm.build/Objects-normal/arm64/7187679823f38a2a940e0043cdf9d637-common-args.resp
    
    /Applications/Xcode.app/Contents/Developer/Toolchains/XcodeDefault.xctoolchain/usr/bin/clang -x c -ivfsstatcache /Users/shizihan/DailyUse/Github/InkMarkdown/.scratch/architecture-deepening-2026-09-07/evidence/20260907-1415-ticket-27/consumer/DerivedData-InkMarkdownMermaidConsumer/SDKStatCaches.noindex/iphonesimulator26.5-23F81a-6cfe768891a92b912361537c460fe42b.sdkstatcache -target arm64-apple-ios12.0-simulator -fmessage-length\=0 -fdiagnostics-show-note-include-stack -fmacro-backtrace-limit\=0 -fno-color-diagnostics -fmodules-prune-interval\=86400 -fmodules-prune-after\=345600 -fbuild-session-file\=/Users/shizihan/DailyUse/Github/InkMarkdown/.scratch/architecture-deepening-2026-09-07/evidence/20260907-1415-ticket-27/consumer/DerivedData-InkMarkdownMermaidConsumer/ModuleCache.noindex/Session.modulevalidation -fmodules-validate-once-per-build-session -Wnon-modular-include-in-framework-module -Werror\=non-modular-include-in-framework-module -Wno-trigraphs -Wno-missing-field-initializers -Wno-missing-prototypes -Wno-return-type -Wno-missing-braces -Wparentheses -Wswitch -Wno-unused-function -Wno-unused-label -Wno-unused-parameter -Wno-unused-variable -Wunused-value -Wno-empty-body -Wno-uninitialized -Wno-unknown-pragmas -w -Wno-shadow -Wno-four-char-constants -Wno-conversion -Wno-constant-conversion -Wno-int-conversion -Wno-bool-conversion -Wno-enum-conversion -Wno-float-conversion -Wno-non-literal-null-conversion -Wno-objc-literal-conversion -Wshorten-64-to-32 -Wpointer-sign -Wno-newline-eof -Wno-implicit-fallthrough -isysroot /Applications/Xcode.app/Contents/Developer/Platforms/iPhoneSimulator.platform/Developer/SDKs/iPhoneSimulator26.5.sdk -fstrict-aliasing -Wdeprecated-declarations -Wno-sign-conversion -Wno-infinite-recursion -Wno-comma -Wno-block-capture-autoreleasing -Wno-strict-prototypes -Wno-semicolon-before-method-body -index-store-path /Users/shizihan/DailyUse/Github/InkMarkdown/.scratch/architecture-deepening-2026-09-07/evidence/20260907-1415-ticket-27/consumer/DerivedData-InkMarkdownMermaidConsumer/Index.noindex/DataStore @/Users/shizihan/DailyUse/Github/InkMarkdown/.scratch/architecture-deepening-2026-09-07/evidence/20260907-1415-ticket-27/consumer/DerivedData-InkMarkdownMermaidConsumer/Build/Intermediates.noindex/cmark-gfm.build/Debug-iphonesimulator/cmark-gfm.build/Objects-normal/arm64/7187679823f38a2a940e0043cdf9d637-common-args.resp -MMD -MT dependencies -MF /Users/shizihan/DailyUse/Github/InkMarkdown/.scratch/architecture-deepening-2026-09-07/evidence/20260907-1415-ticket-27/consumer/DerivedData-InkMarkdownMermaidConsumer/Build/Intermediates.noindex/cmark-gfm.build/Debug-iphonesimulator/cmark-gfm.build/Objects-normal/arm64/iterator.d --serialize-diagnostics /Users/shizihan/DailyUse/Github/InkMarkdown/.scratch/architecture-deepening-2026-09-07/evidence/20260907-1415-ticket-27/consumer/DerivedData-InkMarkdownMermaidConsumer/Build/Intermediates.noindex/cmark-gfm.build/Debug-iphonesimulator/cmark-gfm.build/Objects-normal/arm64/iterator.dia -c /Users/shizihan/DailyUse/Github/InkMarkdown/Packages/Caches/swift-cmark/src/iterator.c -o /Users/shizihan/DailyUse/Github/InkMarkdown/.scratch/architecture-deepening-2026-09-07/evidence/20260907-1415-ticket-27/consumer/DerivedData-InkMarkdownMermaidConsumer/Build/Intermediates.noindex/cmark-gfm.build/Debug-iphonesimulator/cmark-gfm.build/Objects-normal/arm64/iterator.o -index-unit-output-path /cmark-gfm.build/Debug-iphonesimulator/cmark-gfm.build/Objects-normal/arm64/iterator.o

CompileC /Users/shizihan/DailyUse/Github/InkMarkdown/.scratch/architecture-deepening-2026-09-07/evidence/20260907-1415-ticket-27/consumer/DerivedData-InkMarkdownMermaidConsumer/Build/Intermediates.noindex/cmark-gfm.build/Debug-iphonesimulator/cmark-gfm.build/Objects-normal/arm64/inlines.o /Users/shizihan/DailyUse/Github/InkMarkdown/Packages/Caches/swift-cmark/src/inlines.c normal arm64 c com.apple.compilers.llvm.clang.1_0.compiler (in target 'cmark-gfm' from project 'cmark-gfm')
    cd /Users/shizihan/DailyUse/Github/InkMarkdown/.github/fixtures/consumer-smoke/.swiftpm/xcode
    
    Using response file: /Users/shizihan/DailyUse/Github/InkMarkdown/.scratch/architecture-deepening-2026-09-07/evidence/20260907-1415-ticket-27/consumer/DerivedData-InkMarkdownMermaidConsumer/Build/Intermediates.noindex/cmark-gfm.build/Debug-iphonesimulator/cmark-gfm.build/Objects-normal/arm64/7187679823f38a2a940e0043cdf9d637-common-args.resp
    
    /Applications/Xcode.app/Contents/Developer/Toolchains/XcodeDefault.xctoolchain/usr/bin/clang -x c -ivfsstatcache /Users/shizihan/DailyUse/Github/InkMarkdown/.scratch/architecture-deepening-2026-09-07/evidence/20260907-1415-ticket-27/consumer/DerivedData-InkMarkdownMermaidConsumer/SDKStatCaches.noindex/iphonesimulator26.5-23F81a-6cfe768891a92b912361537c460fe42b.sdkstatcache -target arm64-apple-ios12.0-simulator -fmessage-length\=0 -fdiagnostics-show-note-include-stack -fmacro-backtrace-limit\=0 -fno-color-diagnostics -fmodules-prune-interval\=86400 -fmodules-prune-after\=345600 -fbuild-session-file\=/Users/shizihan/DailyUse/Github/InkMarkdown/.scratch/architecture-deepening-2026-09-07/evidence/20260907-1415-ticket-27/consumer/DerivedData-InkMarkdownMermaidConsumer/ModuleCache.noindex/Session.modulevalidation -fmodules-validate-once-per-build-session -Wnon-modular-include-in-framework-module -Werror\=non-modular-include-in-framework-module -Wno-trigraphs -Wno-missing-field-initializers -Wno-missing-prototypes -Wno-return-type -Wno-missing-braces -Wparentheses -Wswitch -Wno-unused-function -Wno-unused-label -Wno-unused-parameter -Wno-unused-variable -Wunused-value -Wno-empty-body -Wno-uninitialized -Wno-unknown-pragmas -w -Wno-shadow -Wno-four-char-constants -Wno-conversion -Wno-constant-conversion -Wno-int-conversion -Wno-bool-conversion -Wno-enum-conversion -Wno-float-conversion -Wno-non-literal-null-conversion -Wno-objc-literal-conversion -Wshorten-64-to-32 -Wpointer-sign -Wno-newline-eof -Wno-implicit-fallthrough -isysroot /Applications/Xcode.app/Contents/Developer/Platforms/iPhoneSimulator.platform/Developer/SDKs/iPhoneSimulator26.5.sdk -fstrict-aliasing -Wdeprecated-declarations -Wno-sign-conversion -Wno-infinite-recursion -Wno-comma -Wno-block-capture-autoreleasing -Wno-strict-prototypes -Wno-semicolon-before-method-body -index-store-path /Users/shizihan/DailyUse/Github/InkMarkdown/.scratch/architecture-deepening-2026-09-07/evidence/20260907-1415-ticket-27/consumer/DerivedData-InkMarkdownMermaidConsumer/Index.noindex/DataStore @/Users/shizihan/DailyUse/Github/InkMarkdown/.scratch/architecture-deepening-2026-09-07/evidence/20260907-1415-ticket-27/consumer/DerivedData-InkMarkdownMermaidConsumer/Build/Intermediates.noindex/cmark-gfm.build/Debug-iphonesimulator/cmark-gfm.build/Objects-normal/arm64/7187679823f38a2a940e0043cdf9d637-common-args.resp -MMD -MT dependencies -MF /Users/shizihan/DailyUse/Github/InkMarkdown/.scratch/architecture-deepening-2026-09-07/evidence/20260907-1415-ticket-27/consumer/DerivedData-InkMarkdownMermaidConsumer/Build/Intermediates.noindex/cmark-gfm.build/Debug-iphonesimulator/cmark-gfm.build/Objects-normal/arm64/inlines.d --serialize-diagnostics /Users/shizihan/DailyUse/Github/InkMarkdown/.scratch/architecture-deepening-2026-09-07/evidence/20260907-1415-ticket-27/consumer/DerivedData-InkMarkdownMermaidConsumer/Build/Intermediates.noindex/cmark-gfm.build/Debug-iphonesimulator/cmark-gfm.build/Objects-normal/arm64/inlines.dia -c /Users/shizihan/DailyUse/Github/InkMarkdown/Packages/Caches/swift-cmark/src/inlines.c -o /Users/shizihan/DailyUse/Github/InkMarkdown/.scratch/architecture-deepening-2026-09-07/evidence/20260907-1415-ticket-27/consumer/DerivedData-InkMarkdownMermaidConsumer/Build/Intermediates.noindex/cmark-gfm.build/Debug-iphonesimulator/cmark-gfm.build/Objects-normal/arm64/inlines.o -index-unit-output-path /cmark-gfm.build/Debug-iphonesimulator/cmark-gfm.build/Objects-normal/arm64/inlines.o

CompileC /Users/shizihan/DailyUse/Github/InkMarkdown/.scratch/architecture-deepening-2026-09-07/evidence/20260907-1415-ticket-27/consumer/DerivedData-InkMarkdownMermaidConsumer/Build/Intermediates.noindex/cmark-gfm.build/Debug-iphonesimulator/cmark-gfm.build/Objects-normal/arm64/html.o /Users/shizihan/DailyUse/Github/InkMarkdown/Packages/Caches/swift-cmark/src/html.c normal arm64 c com.apple.compilers.llvm.clang.1_0.compiler (in target 'cmark-gfm' from project 'cmark-gfm')
    cd /Users/shizihan/DailyUse/Github/InkMarkdown/.github/fixtures/consumer-smoke/.swiftpm/xcode
    
    Using response file: /Users/shizihan/DailyUse/Github/InkMarkdown/.scratch/architecture-deepening-2026-09-07/evidence/20260907-1415-ticket-27/consumer/DerivedData-InkMarkdownMermaidConsumer/Build/Intermediates.noindex/cmark-gfm.build/Debug-iphonesimulator/cmark-gfm.build/Objects-normal/arm64/7187679823f38a2a940e0043cdf9d637-common-args.resp
    
    /Applications/Xcode.app/Contents/Developer/Toolchains/XcodeDefault.xctoolchain/usr/bin/clang -x c -ivfsstatcache /Users/shizihan/DailyUse/Github/InkMarkdown/.scratch/architecture-deepening-2026-09-07/evidence/20260907-1415-ticket-27/consumer/DerivedData-InkMarkdownMermaidConsumer/SDKStatCaches.noindex/iphonesimulator26.5-23F81a-6cfe768891a92b912361537c460fe42b.sdkstatcache -target arm64-apple-ios12.0-simulator -fmessage-length\=0 -fdiagnostics-show-note-include-stack -fmacro-backtrace-limit\=0 -fno-color-diagnostics -fmodules-prune-interval\=86400 -fmodules-prune-after\=345600 -fbuild-session-file\=/Users/shizihan/DailyUse/Github/InkMarkdown/.scratch/architecture-deepening-2026-09-07/evidence/20260907-1415-ticket-27/consumer/DerivedData-InkMarkdownMermaidConsumer/ModuleCache.noindex/Session.modulevalidation -fmodules-validate-once-per-build-session -Wnon-modular-include-in-framework-module -Werror\=non-modular-include-in-framework-module -Wno-trigraphs -Wno-missing-field-initializers -Wno-missing-prototypes -Wno-return-type -Wno-missing-braces -Wparentheses -Wswitch -Wno-unused-function -Wno-unused-label -Wno-unused-parameter -Wno-unused-variable -Wunused-value -Wno-empty-body -Wno-uninitialized -Wno-unknown-pragmas -w -Wno-shadow -Wno-four-char-constants -Wno-conversion -Wno-constant-conversion -Wno-int-conversion -Wno-bool-conversion -Wno-enum-conversion -Wno-float-conversion -Wno-non-literal-null-conversion -Wno-objc-literal-conversion -Wshorten-64-to-32 -Wpointer-sign -Wno-newline-eof -Wno-implicit-fallthrough -isysroot /Applications/Xcode.app/Contents/Developer/Platforms/iPhoneSimulator.platform/Developer/SDKs/iPhoneSimulator26.5.sdk -fstrict-aliasing -Wdeprecated-declarations -Wno-sign-conversion -Wno-infinite-recursion -Wno-comma -Wno-block-capture-autoreleasing -Wno-strict-prototypes -Wno-semicolon-before-method-body -index-store-path /Users/shizihan/DailyUse/Github/InkMarkdown/.scratch/architecture-deepening-2026-09-07/evidence/20260907-1415-ticket-27/consumer/DerivedData-InkMarkdownMermaidConsumer/Index.noindex/DataStore @/Users/shizihan/DailyUse/Github/InkMarkdown/.scratch/architecture-deepening-2026-09-07/evidence/20260907-1415-ticket-27/consumer/DerivedData-InkMarkdownMermaidConsumer/Build/Intermediates.noindex/cmark-gfm.build/Debug-iphonesimulator/cmark-gfm.build/Objects-normal/arm64/7187679823f38a2a940e0043cdf9d637-common-args.resp -MMD -MT dependencies -MF /Users/shizihan/DailyUse/Github/InkMarkdown/.scratch/architecture-deepening-2026-09-07/evidence/20260907-1415-ticket-27/consumer/DerivedData-InkMarkdownMermaidConsumer/Build/Intermediates.noindex/cmark-gfm.build/Debug-iphonesimulator/cmark-gfm.build/Objects-normal/arm64/html.d --serialize-diagnostics /Users/shizihan/DailyUse/Github/InkMarkdown/.scratch/architecture-deepening-2026-09-07/evidence/20260907-1415-ticket-27/consumer/DerivedData-InkMarkdownMermaidConsumer/Build/Intermediates.noindex/cmark-gfm.build/Debug-iphonesimulator/cmark-gfm.build/Objects-normal/arm64/html.dia -c /Users/shizihan/DailyUse/Github/InkMarkdown/Packages/Caches/swift-cmark/src/html.c -o /Users/shizihan/DailyUse/Github/InkMarkdown/.scratch/architecture-deepening-2026-09-07/evidence/20260907-1415-ticket-27/consumer/DerivedData-InkMarkdownMermaidConsumer/Build/Intermediates.noindex/cmark-gfm.build/Debug-iphonesimulator/cmark-gfm.build/Objects-normal/arm64/html.o -index-unit-output-path /cmark-gfm.build/Debug-iphonesimulator/cmark-gfm.build/Objects-normal/arm64/html.o

CompileC /Users/shizihan/DailyUse/Github/InkMarkdown/.scratch/architecture-deepening-2026-09-07/evidence/20260907-1415-ticket-27/consumer/DerivedData-InkMarkdownMermaidConsumer/Build/Intermediates.noindex/cmark-gfm.build/Debug-iphonesimulator/cmark-gfm.build/Objects-normal/arm64/footnotes.o /Users/shizihan/DailyUse/Github/InkMarkdown/Packages/Caches/swift-cmark/src/footnotes.c normal arm64 c com.apple.compilers.llvm.clang.1_0.compiler (in target 'cmark-gfm' from project 'cmark-gfm')
    cd /Users/shizihan/DailyUse/Github/InkMarkdown/.github/fixtures/consumer-smoke/.swiftpm/xcode
    
    Using response file: /Users/shizihan/DailyUse/Github/InkMarkdown/.scratch/architecture-deepening-2026-09-07/evidence/20260907-1415-ticket-27/consumer/DerivedData-InkMarkdownMermaidConsumer/Build/Intermediates.noindex/cmark-gfm.build/Debug-iphonesimulator/cmark-gfm.build/Objects-normal/arm64/7187679823f38a2a940e0043cdf9d637-common-args.resp
    
    /Applications/Xcode.app/Contents/Developer/Toolchains/XcodeDefault.xctoolchain/usr/bin/clang -x c -ivfsstatcache /Users/shizihan/DailyUse/Github/InkMarkdown/.scratch/architecture-deepening-2026-09-07/evidence/20260907-1415-ticket-27/consumer/DerivedData-InkMarkdownMermaidConsumer/SDKStatCaches.noindex/iphonesimulator26.5-23F81a-6cfe768891a92b912361537c460fe42b.sdkstatcache -target arm64-apple-ios12.0-simulator -fmessage-length\=0 -fdiagnostics-show-note-include-stack -fmacro-backtrace-limit\=0 -fno-color-diagnostics -fmodules-prune-interval\=86400 -fmodules-prune-after\=345600 -fbuild-session-file\=/Users/shizihan/DailyUse/Github/InkMarkdown/.scratch/architecture-deepening-2026-09-07/evidence/20260907-1415-ticket-27/consumer/DerivedData-InkMarkdownMermaidConsumer/ModuleCache.noindex/Session.modulevalidation -fmodules-validate-once-per-build-session -Wnon-modular-include-in-framework-module -Werror\=non-modular-include-in-framework-module -Wno-trigraphs -Wno-missing-field-initializers -Wno-missing-prototypes -Wno-return-type -Wno-missing-braces -Wparentheses -Wswitch -Wno-unused-function -Wno-unused-label -Wno-unused-parameter -Wno-unused-variable -Wunused-value -Wno-empty-body -Wno-uninitialized -Wno-unknown-pragmas -w -Wno-shadow -Wno-four-char-constants -Wno-conversion -Wno-constant-conversion -Wno-int-conversion -Wno-bool-conversion -Wno-enum-conversion -Wno-float-conversion -Wno-non-literal-null-conversion -Wno-objc-literal-conversion -Wshorten-64-to-32 -Wpointer-sign -Wno-newline-eof -Wno-implicit-fallthrough -isysroot /Applications/Xcode.app/Contents/Developer/Platforms/iPhoneSimulator.platform/Developer/SDKs/iPhoneSimulator26.5.sdk -fstrict-aliasing -Wdeprecated-declarations -Wno-sign-conversion -Wno-infinite-recursion -Wno-comma -Wno-block-capture-autoreleasing -Wno-strict-prototypes -Wno-semicolon-before-method-body -index-store-path /Users/shizihan/DailyUse/Github/InkMarkdown/.scratch/architecture-deepening-2026-09-07/evidence/20260907-1415-ticket-27/consumer/DerivedData-InkMarkdownMermaidConsumer/Index.noindex/DataStore @/Users/shizihan/DailyUse/Github/InkMarkdown/.scratch/architecture-deepening-2026-09-07/evidence/20260907-1415-ticket-27/consumer/DerivedData-InkMarkdownMermaidConsumer/Build/Intermediates.noindex/cmark-gfm.build/Debug-iphonesimulator/cmark-gfm.build/Objects-normal/arm64/7187679823f38a2a940e0043cdf9d637-common-args.resp -MMD -MT dependencies -MF /Users/shizihan/DailyUse/Github/InkMarkdown/.scratch/architecture-deepening-2026-09-07/evidence/20260907-1415-ticket-27/consumer/DerivedData-InkMarkdownMermaidConsumer/Build/Intermediates.noindex/cmark-gfm.build/Debug-iphonesimulator/cmark-gfm.build/Objects-normal/arm64/footnotes.d --serialize-diagnostics /Users/shizihan/DailyUse/Github/InkMarkdown/.scratch/architecture-deepening-2026-09-07/evidence/20260907-1415-ticket-27/consumer/DerivedData-InkMarkdownMermaidConsumer/Build/Intermediates.noindex/cmark-gfm.build/Debug-iphonesimulator/cmark-gfm.build/Objects-normal/arm64/footnotes.dia -c /Users/shizihan/DailyUse/Github/InkMarkdown/Packages/Caches/swift-cmark/src/footnotes.c -o /Users/shizihan/DailyUse/Github/InkMarkdown/.scratch/architecture-deepening-2026-09-07/evidence/20260907-1415-ticket-27/consumer/DerivedData-InkMarkdownMermaidConsumer/Build/Intermediates.noindex/cmark-gfm.build/Debug-iphonesimulator/cmark-gfm.build/Objects-normal/arm64/footnotes.o -index-unit-output-path /cmark-gfm.build/Debug-iphonesimulator/cmark-gfm.build/Objects-normal/arm64/footnotes.o

CompileC /Users/shizihan/DailyUse/Github/InkMarkdown/.scratch/architecture-deepening-2026-09-07/evidence/20260907-1415-ticket-27/consumer/DerivedData-InkMarkdownMermaidConsumer/Build/Intermediates.noindex/cmark-gfm.build/Debug-iphonesimulator/cmark-gfm.build/Objects-normal/arm64/commonmark.o /Users/shizihan/DailyUse/Github/InkMarkdown/Packages/Caches/swift-cmark/src/commonmark.c normal arm64 c com.apple.compilers.llvm.clang.1_0.compiler (in target 'cmark-gfm' from project 'cmark-gfm')
    cd /Users/shizihan/DailyUse/Github/InkMarkdown/.github/fixtures/consumer-smoke/.swiftpm/xcode
    
    Using response file: /Users/shizihan/DailyUse/Github/InkMarkdown/.scratch/architecture-deepening-2026-09-07/evidence/20260907-1415-ticket-27/consumer/DerivedData-InkMarkdownMermaidConsumer/Build/Intermediates.noindex/cmark-gfm.build/Debug-iphonesimulator/cmark-gfm.build/Objects-normal/arm64/7187679823f38a2a940e0043cdf9d637-common-args.resp
    
    /Applications/Xcode.app/Contents/Developer/Toolchains/XcodeDefault.xctoolchain/usr/bin/clang -x c -ivfsstatcache /Users/shizihan/DailyUse/Github/InkMarkdown/.scratch/architecture-deepening-2026-09-07/evidence/20260907-1415-ticket-27/consumer/DerivedData-InkMarkdownMermaidConsumer/SDKStatCaches.noindex/iphonesimulator26.5-23F81a-6cfe768891a92b912361537c460fe42b.sdkstatcache -target arm64-apple-ios12.0-simulator -fmessage-length\=0 -fdiagnostics-show-note-include-stack -fmacro-backtrace-limit\=0 -fno-color-diagnostics -fmodules-prune-interval\=86400 -fmodules-prune-after\=345600 -fbuild-session-file\=/Users/shizihan/DailyUse/Github/InkMarkdown/.scratch/architecture-deepening-2026-09-07/evidence/20260907-1415-ticket-27/consumer/DerivedData-InkMarkdownMermaidConsumer/ModuleCache.noindex/Session.modulevalidation -fmodules-validate-once-per-build-session -Wnon-modular-include-in-framework-module -Werror\=non-modular-include-in-framework-module -Wno-trigraphs -Wno-missing-field-initializers -Wno-missing-prototypes -Wno-return-type -Wno-missing-braces -Wparentheses -Wswitch -Wno-unused-function -Wno-unused-label -Wno-unused-parameter -Wno-unused-variable -Wunused-value -Wno-empty-body -Wno-uninitialized -Wno-unknown-pragmas -w -Wno-shadow -Wno-four-char-constants -Wno-conversion -Wno-constant-conversion -Wno-int-conversion -Wno-bool-conversion -Wno-enum-conversion -Wno-float-conversion -Wno-non-literal-null-conversion -Wno-objc-literal-conversion -Wshorten-64-to-32 -Wpointer-sign -Wno-newline-eof -Wno-implicit-fallthrough -isysroot /Applications/Xcode.app/Contents/Developer/Platforms/iPhoneSimulator.platform/Developer/SDKs/iPhoneSimulator26.5.sdk -fstrict-aliasing -Wdeprecated-declarations -Wno-sign-conversion -Wno-infinite-recursion -Wno-comma -Wno-block-capture-autoreleasing -Wno-strict-prototypes -Wno-semicolon-before-method-body -index-store-path /Users/shizihan/DailyUse/Github/InkMarkdown/.scratch/architecture-deepening-2026-09-07/evidence/20260907-1415-ticket-27/consumer/DerivedData-InkMarkdownMermaidConsumer/Index.noindex/DataStore @/Users/shizihan/DailyUse/Github/InkMarkdown/.scratch/architecture-deepening-2026-09-07/evidence/20260907-1415-ticket-27/consumer/DerivedData-InkMarkdownMermaidConsumer/Build/Intermediates.noindex/cmark-gfm.build/Debug-iphonesimulator/cmark-gfm.build/Objects-normal/arm64/7187679823f38a2a940e0043cdf9d637-common-args.resp -MMD -MT dependencies -MF /Users/shizihan/DailyUse/Github/InkMarkdown/.scratch/architecture-deepening-2026-09-07/evidence/20260907-1415-ticket-27/consumer/DerivedData-InkMarkdownMermaidConsumer/Build/Intermediates.noindex/cmark-gfm.build/Debug-iphonesimulator/cmark-gfm.build/Objects-normal/arm64/commonmark.d --serialize-diagnostics /Users/shizihan/DailyUse/Github/InkMarkdown/.scratch/architecture-deepening-2026-09-07/evidence/20260907-1415-ticket-27/consumer/DerivedData-InkMarkdownMermaidConsumer/Build/Intermediates.noindex/cmark-gfm.build/Debug-iphonesimulator/cmark-gfm.build/Objects-normal/arm64/commonmark.dia -c /Users/shizihan/DailyUse/Github/InkMarkdown/Packages/Caches/swift-cmark/src/commonmark.c -o /Users/shizihan/DailyUse/Github/InkMarkdown/.scratch/architecture-deepening-2026-09-07/evidence/20260907-1415-ticket-27/consumer/DerivedData-InkMarkdownMermaidConsumer/Build/Intermediates.noindex/cmark-gfm.build/Debug-iphonesimulator/cmark-gfm.build/Objects-normal/arm64/commonmark.o -index-unit-output-path /cmark-gfm.build/Debug-iphonesimulator/cmark-gfm.build/Objects-normal/arm64/commonmark.o

CompileC /Users/shizihan/DailyUse/Github/InkMarkdown/.scratch/architecture-deepening-2026-09-07/evidence/20260907-1415-ticket-27/consumer/DerivedData-InkMarkdownMermaidConsumer/Build/Intermediates.noindex/cmark-gfm.build/Debug-iphonesimulator/cmark-gfm.build/Objects-normal/arm64/buffer.o /Users/shizihan/DailyUse/Github/InkMarkdown/Packages/Caches/swift-cmark/src/buffer.c normal arm64 c com.apple.compilers.llvm.clang.1_0.compiler (in target 'cmark-gfm' from project 'cmark-gfm')
    cd /Users/shizihan/DailyUse/Github/InkMarkdown/.github/fixtures/consumer-smoke/.swiftpm/xcode
    
    Using response file: /Users/shizihan/DailyUse/Github/InkMarkdown/.scratch/architecture-deepening-2026-09-07/evidence/20260907-1415-ticket-27/consumer/DerivedData-InkMarkdownMermaidConsumer/Build/Intermediates.noindex/cmark-gfm.build/Debug-iphonesimulator/cmark-gfm.build/Objects-normal/arm64/7187679823f38a2a940e0043cdf9d637-common-args.resp
    
    /Applications/Xcode.app/Contents/Developer/Toolchains/XcodeDefault.xctoolchain/usr/bin/clang -x c -ivfsstatcache /Users/shizihan/DailyUse/Github/InkMarkdown/.scratch/architecture-deepening-2026-09-07/evidence/20260907-1415-ticket-27/consumer/DerivedData-InkMarkdownMermaidConsumer/SDKStatCaches.noindex/iphonesimulator26.5-23F81a-6cfe768891a92b912361537c460fe42b.sdkstatcache -target arm64-apple-ios12.0-simulator -fmessage-length\=0 -fdiagnostics-show-note-include-stack -fmacro-backtrace-limit\=0 -fno-color-diagnostics -fmodules-prune-interval\=86400 -fmodules-prune-after\=345600 -fbuild-session-file\=/Users/shizihan/DailyUse/Github/InkMarkdown/.scratch/architecture-deepening-2026-09-07/evidence/20260907-1415-ticket-27/consumer/DerivedData-InkMarkdownMermaidConsumer/ModuleCache.noindex/Session.modulevalidation -fmodules-validate-once-per-build-session -Wnon-modular-include-in-framework-module -Werror\=non-modular-include-in-framework-module -Wno-trigraphs -Wno-missing-field-initializers -Wno-missing-prototypes -Wno-return-type -Wno-missing-braces -Wparentheses -Wswitch -Wno-unused-function -Wno-unused-label -Wno-unused-parameter -Wno-unused-variable -Wunused-value -Wno-empty-body -Wno-uninitialized -Wno-unknown-pragmas -w -Wno-shadow -Wno-four-char-constants -Wno-conversion -Wno-constant-conversion -Wno-int-conversion -Wno-bool-conversion -Wno-enum-conversion -Wno-float-conversion -Wno-non-literal-null-conversion -Wno-objc-literal-conversion -Wshorten-64-to-32 -Wpointer-sign -Wno-newline-eof -Wno-implicit-fallthrough -isysroot /Applications/Xcode.app/Contents/Developer/Platforms/iPhoneSimulator.platform/Developer/SDKs/iPhoneSimulator26.5.sdk -fstrict-aliasing -Wdeprecated-declarations -Wno-sign-conversion -Wno-infinite-recursion -Wno-comma -Wno-block-capture-autoreleasing -Wno-strict-prototypes -Wno-semicolon-before-method-body -index-store-path /Users/shizihan/DailyUse/Github/InkMarkdown/.scratch/architecture-deepening-2026-09-07/evidence/20260907-1415-ticket-27/consumer/DerivedData-InkMarkdownMermaidConsumer/Index.noindex/DataStore @/Users/shizihan/DailyUse/Github/InkMarkdown/.scratch/architecture-deepening-2026-09-07/evidence/20260907-1415-ticket-27/consumer/DerivedData-InkMarkdownMermaidConsumer/Build/Intermediates.noindex/cmark-gfm.build/Debug-iphonesimulator/cmark-gfm.build/Objects-normal/arm64/7187679823f38a2a940e0043cdf9d637-common-args.resp -MMD -MT dependencies -MF /Users/shizihan/DailyUse/Github/InkMarkdown/.scratch/architecture-deepening-2026-09-07/evidence/20260907-1415-ticket-27/consumer/DerivedData-InkMarkdownMermaidConsumer/Build/Intermediates.noindex/cmark-gfm.build/Debug-iphonesimulator/cmark-gfm.build/Objects-normal/arm64/buffer.d --serialize-diagnostics /Users/shizihan/DailyUse/Github/InkMarkdown/.scratch/architecture-deepening-2026-09-07/evidence/20260907-1415-ticket-27/consumer/DerivedData-InkMarkdownMermaidConsumer/Build/Intermediates.noindex/cmark-gfm.build/Debug-iphonesimulator/cmark-gfm.build/Objects-normal/arm64/buffer.dia -c /Users/shizihan/DailyUse/Github/InkMarkdown/Packages/Caches/swift-cmark/src/buffer.c -o /Users/shizihan/DailyUse/Github/InkMarkdown/.scratch/architecture-deepening-2026-09-07/evidence/20260907-1415-ticket-27/consumer/DerivedData-InkMarkdownMermaidConsumer/Build/Intermediates.noindex/cmark-gfm.build/Debug-iphonesimulator/cmark-gfm.build/Objects-normal/arm64/buffer.o -index-unit-output-path /cmark-gfm.build/Debug-iphonesimulator/cmark-gfm.build/Objects-normal/arm64/buffer.o

CompileC /Users/shizihan/DailyUse/Github/InkMarkdown/.scratch/architecture-deepening-2026-09-07/evidence/20260907-1415-ticket-27/consumer/DerivedData-InkMarkdownMermaidConsumer/Build/Intermediates.noindex/cmark-gfm.build/Debug-iphonesimulator/cmark-gfm.build/Objects-normal/arm64/arena.o /Users/shizihan/DailyUse/Github/InkMarkdown/Packages/Caches/swift-cmark/src/arena.c normal arm64 c com.apple.compilers.llvm.clang.1_0.compiler (in target 'cmark-gfm' from project 'cmark-gfm')
    cd /Users/shizihan/DailyUse/Github/InkMarkdown/.github/fixtures/consumer-smoke/.swiftpm/xcode
    
    Using response file: /Users/shizihan/DailyUse/Github/InkMarkdown/.scratch/architecture-deepening-2026-09-07/evidence/20260907-1415-ticket-27/consumer/DerivedData-InkMarkdownMermaidConsumer/Build/Intermediates.noindex/cmark-gfm.build/Debug-iphonesimulator/cmark-gfm.build/Objects-normal/arm64/7187679823f38a2a940e0043cdf9d637-common-args.resp
    
    /Applications/Xcode.app/Contents/Developer/Toolchains/XcodeDefault.xctoolchain/usr/bin/clang -x c -ivfsstatcache /Users/shizihan/DailyUse/Github/InkMarkdown/.scratch/architecture-deepening-2026-09-07/evidence/20260907-1415-ticket-27/consumer/DerivedData-InkMarkdownMermaidConsumer/SDKStatCaches.noindex/iphonesimulator26.5-23F81a-6cfe768891a92b912361537c460fe42b.sdkstatcache -target arm64-apple-ios12.0-simulator -fmessage-length\=0 -fdiagnostics-show-note-include-stack -fmacro-backtrace-limit\=0 -fno-color-diagnostics -fmodules-prune-interval\=86400 -fmodules-prune-after\=345600 -fbuild-session-file\=/Users/shizihan/DailyUse/Github/InkMarkdown/.scratch/architecture-deepening-2026-09-07/evidence/20260907-1415-ticket-27/consumer/DerivedData-InkMarkdownMermaidConsumer/ModuleCache.noindex/Session.modulevalidation -fmodules-validate-once-per-build-session -Wnon-modular-include-in-framework-module -Werror\=non-modular-include-in-framework-module -Wno-trigraphs -Wno-missing-field-initializers -Wno-missing-prototypes -Wno-return-type -Wno-missing-braces -Wparentheses -Wswitch -Wno-unused-function -Wno-unused-label -Wno-unused-parameter -Wno-unused-variable -Wunused-value -Wno-empty-body -Wno-uninitialized -Wno-unknown-pragmas -w -Wno-shadow -Wno-four-char-constants -Wno-conversion -Wno-constant-conversion -Wno-int-conversion -Wno-bool-conversion -Wno-enum-conversion -Wno-float-conversion -Wno-non-literal-null-conversion -Wno-objc-literal-conversion -Wshorten-64-to-32 -Wpointer-sign -Wno-newline-eof -Wno-implicit-fallthrough -isysroot /Applications/Xcode.app/Contents/Developer/Platforms/iPhoneSimulator.platform/Developer/SDKs/iPhoneSimulator26.5.sdk -fstrict-aliasing -Wdeprecated-declarations -Wno-sign-conversion -Wno-infinite-recursion -Wno-comma -Wno-block-capture-autoreleasing -Wno-strict-prototypes -Wno-semicolon-before-method-body -index-store-path /Users/shizihan/DailyUse/Github/InkMarkdown/.scratch/architecture-deepening-2026-09-07/evidence/20260907-1415-ticket-27/consumer/DerivedData-InkMarkdownMermaidConsumer/Index.noindex/DataStore @/Users/shizihan/DailyUse/Github/InkMarkdown/.scratch/architecture-deepening-2026-09-07/evidence/20260907-1415-ticket-27/consumer/DerivedData-InkMarkdownMermaidConsumer/Build/Intermediates.noindex/cmark-gfm.build/Debug-iphonesimulator/cmark-gfm.build/Objects-normal/arm64/7187679823f38a2a940e0043cdf9d637-common-args.resp -MMD -MT dependencies -MF /Users/shizihan/DailyUse/Github/InkMarkdown/.scratch/architecture-deepening-2026-09-07/evidence/20260907-1415-ticket-27/consumer/DerivedData-InkMarkdownMermaidConsumer/Build/Intermediates.noindex/cmark-gfm.build/Debug-iphonesimulator/cmark-gfm.build/Objects-normal/arm64/arena.d --serialize-diagnostics /Users/shizihan/DailyUse/Github/InkMarkdown/.scratch/architecture-deepening-2026-09-07/evidence/20260907-1415-ticket-27/consumer/DerivedData-InkMarkdownMermaidConsumer/Build/Intermediates.noindex/cmark-gfm.build/Debug-iphonesimulator/cmark-gfm.build/Objects-normal/arm64/arena.dia -c /Users/shizihan/DailyUse/Github/InkMarkdown/Packages/Caches/swift-cmark/src/arena.c -o /Users/shizihan/DailyUse/Github/InkMarkdown/.scratch/architecture-deepening-2026-09-07/evidence/20260907-1415-ticket-27/consumer/DerivedData-InkMarkdownMermaidConsumer/Build/Intermediates.noindex/cmark-gfm.build/Debug-iphonesimulator/cmark-gfm.build/Objects-normal/arm64/arena.o -index-unit-output-path /cmark-gfm.build/Debug-iphonesimulator/cmark-gfm.build/Objects-normal/arm64/arena.o

PrecompileModule /Users/shizihan/DailyUse/Github/InkMarkdown/.scratch/architecture-deepening-2026-09-07/evidence/20260907-1415-ticket-27/consumer/DerivedData-InkMarkdownMermaidConsumer/Build/Intermediates.noindex/ExplicitPrecompiledModules/Darwin-743C5Z81YROG2ERALYB0OTN9L.scan
    cd /
    builtin-precompileModule /Users/shizihan/DailyUse/Github/InkMarkdown/.scratch/architecture-deepening-2026-09-07/evidence/20260907-1415-ticket-27/consumer/DerivedData-InkMarkdownMermaidConsumer/Build/Intermediates.noindex/ExplicitPrecompiledModules/Darwin-743C5Z81YROG2ERALYB0OTN9L.scan

PrecompileModule /Users/shizihan/DailyUse/Github/InkMarkdown/.scratch/architecture-deepening-2026-09-07/evidence/20260907-1415-ticket-27/consumer/DerivedData-InkMarkdownMermaidConsumer/Build/Intermediates.noindex/ExplicitPrecompiledModules/cmark_gfm-2E3HPUTQUMDPVVTEEP30TUQHH.scan
    cd /
    builtin-precompileModule /Users/shizihan/DailyUse/Github/InkMarkdown/.scratch/architecture-deepening-2026-09-07/evidence/20260907-1415-ticket-27/consumer/DerivedData-InkMarkdownMermaidConsumer/Build/Intermediates.noindex/ExplicitPrecompiledModules/cmark_gfm-2E3HPUTQUMDPVVTEEP30TUQHH.scan

RegisterExecutionPolicyException /Users/shizihan/DailyUse/Github/InkMarkdown/.scratch/architecture-deepening-2026-09-07/evidence/20260907-1415-ticket-27/consumer/DerivedData-InkMarkdownMermaidConsumer/Build/Products/Debug-iphonesimulator/CAtomic.o (in target 'CAtomic' from project 'swift-markdown')
    cd /Users/shizihan/DailyUse/Github/InkMarkdown/Packages/Caches/swift-markdown
    builtin-RegisterExecutionPolicyException /Users/shizihan/DailyUse/Github/InkMarkdown/.scratch/architecture-deepening-2026-09-07/evidence/20260907-1415-ticket-27/consumer/DerivedData-InkMarkdownMermaidConsumer/Build/Products/Debug-iphonesimulator/CAtomic.o

CompileC /Users/shizihan/DailyUse/Github/InkMarkdown/.scratch/architecture-deepening-2026-09-07/evidence/20260907-1415-ticket-27/consumer/DerivedData-InkMarkdownMermaidConsumer/Build/Intermediates.noindex/cmark-gfm.build/Debug-iphonesimulator/cmark-gfm-extensions.build/Objects-normal/arm64/tasklist.o /Users/shizihan/DailyUse/Github/InkMarkdown/Packages/Caches/swift-cmark/extensions/tasklist.c normal arm64 c com.apple.compilers.llvm.clang.1_0.compiler (in target 'cmark-gfm-extensions' from project 'cmark-gfm')
    cd /Users/shizihan/DailyUse/Github/InkMarkdown/.github/fixtures/consumer-smoke/.swiftpm/xcode
    
    Using response file: /Users/shizihan/DailyUse/Github/InkMarkdown/.scratch/architecture-deepening-2026-09-07/evidence/20260907-1415-ticket-27/consumer/DerivedData-InkMarkdownMermaidConsumer/Build/Intermediates.noindex/cmark-gfm.build/Debug-iphonesimulator/cmark-gfm-extensions.build/Objects-normal/arm64/7187679823f38a2a940e0043cdf9d637-common-args.resp
    
    /Applications/Xcode.app/Contents/Developer/Toolchains/XcodeDefault.xctoolchain/usr/bin/clang -x c -ivfsstatcache /Users/shizihan/DailyUse/Github/InkMarkdown/.scratch/architecture-deepening-2026-09-07/evidence/20260907-1415-ticket-27/consumer/DerivedData-InkMarkdownMermaidConsumer/SDKStatCaches.noindex/iphonesimulator26.5-23F81a-6cfe768891a92b912361537c460fe42b.sdkstatcache -target arm64-apple-ios12.0-simulator -fmessage-length\=0 -fdiagnostics-show-note-include-stack -fmacro-backtrace-limit\=0 -fno-color-diagnostics -fmodules-prune-interval\=86400 -fmodules-prune-after\=345600 -fbuild-session-file\=/Users/shizihan/DailyUse/Github/InkMarkdown/.scratch/architecture-deepening-2026-09-07/evidence/20260907-1415-ticket-27/consumer/DerivedData-InkMarkdownMermaidConsumer/ModuleCache.noindex/Session.modulevalidation -fmodules-validate-once-per-build-session -Wnon-modular-include-in-framework-module -Werror\=non-modular-include-in-framework-module -Wno-trigraphs -Wno-missing-field-initializers -Wno-missing-prototypes -Wno-return-type -Wno-missing-braces -Wparentheses -Wswitch -Wno-unused-function -Wno-unused-label -Wno-unused-parameter -Wno-unused-variable -Wunused-value -Wno-empty-body -Wno-uninitialized -Wno-unknown-pragmas -w -Wno-shadow -Wno-four-char-constants -Wno-conversion -Wno-constant-conversion -Wno-int-conversion -Wno-bool-conversion -Wno-enum-conversion -Wno-float-conversion -Wno-non-literal-null-conversion -Wno-objc-literal-conversion -Wshorten-64-to-32 -Wpointer-sign -Wno-newline-eof -Wno-implicit-fallthrough -isysroot /Applications/Xcode.app/Contents/Developer/Platforms/iPhoneSimulator.platform/Developer/SDKs/iPhoneSimulator26.5.sdk -fstrict-aliasing -Wdeprecated-declarations -Wno-sign-conversion -Wno-infinite-recursion -Wno-comma -Wno-block-capture-autoreleasing -Wno-strict-prototypes -Wno-semicolon-before-method-body -index-store-path /Users/shizihan/DailyUse/Github/InkMarkdown/.scratch/architecture-deepening-2026-09-07/evidence/20260907-1415-ticket-27/consumer/DerivedData-InkMarkdownMermaidConsumer/Index.noindex/DataStore @/Users/shizihan/DailyUse/Github/InkMarkdown/.scratch/architecture-deepening-2026-09-07/evidence/20260907-1415-ticket-27/consumer/DerivedData-InkMarkdownMermaidConsumer/Build/Intermediates.noindex/cmark-gfm.build/Debug-iphonesimulator/cmark-gfm-extensions.build/Objects-normal/arm64/7187679823f38a2a940e0043cdf9d637-common-args.resp -MMD -MT dependencies -MF /Users/shizihan/DailyUse/Github/InkMarkdown/.scratch/architecture-deepening-2026-09-07/evidence/20260907-1415-ticket-27/consumer/DerivedData-InkMarkdownMermaidConsumer/Build/Intermediates.noindex/cmark-gfm.build/Debug-iphonesimulator/cmark-gfm-extensions.build/Objects-normal/arm64/tasklist.d --serialize-diagnostics /Users/shizihan/DailyUse/Github/InkMarkdown/.scratch/architecture-deepening-2026-09-07/evidence/20260907-1415-ticket-27/consumer/DerivedData-InkMarkdownMermaidConsumer/Build/Intermediates.noindex/cmark-gfm.build/Debug-iphonesimulator/cmark-gfm-extensions.build/Objects-normal/arm64/tasklist.dia -c /Users/shizihan/DailyUse/Github/InkMarkdown/Packages/Caches/swift-cmark/extensions/tasklist.c -o /Users/shizihan/DailyUse/Github/InkMarkdown/.scratch/architecture-deepening-2026-09-07/evidence/20260907-1415-ticket-27/consumer/DerivedData-InkMarkdownMermaidConsumer/Build/Intermediates.noindex/cmark-gfm.build/Debug-iphonesimulator/cmark-gfm-extensions.build/Objects-normal/arm64/tasklist.o -index-unit-output-path /cmark-gfm.build/Debug-iphonesimulator/cmark-gfm-extensions.build/Objects-normal/arm64/tasklist.o

CompileC /Users/shizihan/DailyUse/Github/InkMarkdown/.scratch/architecture-deepening-2026-09-07/evidence/20260907-1415-ticket-27/consumer/DerivedData-InkMarkdownMermaidConsumer/Build/Intermediates.noindex/cmark-gfm.build/Debug-iphonesimulator/cmark-gfm-extensions.build/Objects-normal/arm64/tagfilter.o /Users/shizihan/DailyUse/Github/InkMarkdown/Packages/Caches/swift-cmark/extensions/tagfilter.c normal arm64 c com.apple.compilers.llvm.clang.1_0.compiler (in target 'cmark-gfm-extensions' from project 'cmark-gfm')
    cd /Users/shizihan/DailyUse/Github/InkMarkdown/.github/fixtures/consumer-smoke/.swiftpm/xcode
    
    Using response file: /Users/shizihan/DailyUse/Github/InkMarkdown/.scratch/architecture-deepening-2026-09-07/evidence/20260907-1415-ticket-27/consumer/DerivedData-InkMarkdownMermaidConsumer/Build/Intermediates.noindex/cmark-gfm.build/Debug-iphonesimulator/cmark-gfm-extensions.build/Objects-normal/arm64/7187679823f38a2a940e0043cdf9d637-common-args.resp
    
    /Applications/Xcode.app/Contents/Developer/Toolchains/XcodeDefault.xctoolchain/usr/bin/clang -x c -ivfsstatcache /Users/shizihan/DailyUse/Github/InkMarkdown/.scratch/architecture-deepening-2026-09-07/evidence/20260907-1415-ticket-27/consumer/DerivedData-InkMarkdownMermaidConsumer/SDKStatCaches.noindex/iphonesimulator26.5-23F81a-6cfe768891a92b912361537c460fe42b.sdkstatcache -target arm64-apple-ios12.0-simulator -fmessage-length\=0 -fdiagnostics-show-note-include-stack -fmacro-backtrace-limit\=0 -fno-color-diagnostics -fmodules-prune-interval\=86400 -fmodules-prune-after\=345600 -fbuild-session-file\=/Users/shizihan/DailyUse/Github/InkMarkdown/.scratch/architecture-deepening-2026-09-07/evidence/20260907-1415-ticket-27/consumer/DerivedData-InkMarkdownMermaidConsumer/ModuleCache.noindex/Session.modulevalidation -fmodules-validate-once-per-build-session -Wnon-modular-include-in-framework-module -Werror\=non-modular-include-in-framework-module -Wno-trigraphs -Wno-missing-field-initializers -Wno-missing-prototypes -Wno-return-type -Wno-missing-braces -Wparentheses -Wswitch -Wno-unused-function -Wno-unused-label -Wno-unused-parameter -Wno-unused-variable -Wunused-value -Wno-empty-body -Wno-uninitialized -Wno-unknown-pragmas -w -Wno-shadow -Wno-four-char-constants -Wno-conversion -Wno-constant-conversion -Wno-int-conversion -Wno-bool-conversion -Wno-enum-conversion -Wno-float-conversion -Wno-non-literal-null-conversion -Wno-objc-literal-conversion -Wshorten-64-to-32 -Wpointer-sign -Wno-newline-eof -Wno-implicit-fallthrough -isysroot /Applications/Xcode.app/Contents/Developer/Platforms/iPhoneSimulator.platform/Developer/SDKs/iPhoneSimulator26.5.sdk -fstrict-aliasing -Wdeprecated-declarations -Wno-sign-conversion -Wno-infinite-recursion -Wno-comma -Wno-block-capture-autoreleasing -Wno-strict-prototypes -Wno-semicolon-before-method-body -index-store-path /Users/shizihan/DailyUse/Github/InkMarkdown/.scratch/architecture-deepening-2026-09-07/evidence/20260907-1415-ticket-27/consumer/DerivedData-InkMarkdownMermaidConsumer/Index.noindex/DataStore @/Users/shizihan/DailyUse/Github/InkMarkdown/.scratch/architecture-deepening-2026-09-07/evidence/20260907-1415-ticket-27/consumer/DerivedData-InkMarkdownMermaidConsumer/Build/Intermediates.noindex/cmark-gfm.build/Debug-iphonesimulator/cmark-gfm-extensions.build/Objects-normal/arm64/7187679823f38a2a940e0043cdf9d637-common-args.resp -MMD -MT dependencies -MF /Users/shizihan/DailyUse/Github/InkMarkdown/.scratch/architecture-deepening-2026-09-07/evidence/20260907-1415-ticket-27/consumer/DerivedData-InkMarkdownMermaidConsumer/Build/Intermediates.noindex/cmark-gfm.build/Debug-iphonesimulator/cmark-gfm-extensions.build/Objects-normal/arm64/tagfilter.d --serialize-diagnostics /Users/shizihan/DailyUse/Github/InkMarkdown/.scratch/architecture-deepening-2026-09-07/evidence/20260907-1415-ticket-27/consumer/DerivedData-InkMarkdownMermaidConsumer/Build/Intermediates.noindex/cmark-gfm.build/Debug-iphonesimulator/cmark-gfm-extensions.build/Objects-normal/arm64/tagfilter.dia -c /Users/shizihan/DailyUse/Github/InkMarkdown/Packages/Caches/swift-cmark/extensions/tagfilter.c -o /Users/shizihan/DailyUse/Github/InkMarkdown/.scratch/architecture-deepening-2026-09-07/evidence/20260907-1415-ticket-27/consumer/DerivedData-InkMarkdownMermaidConsumer/Build/Intermediates.noindex/cmark-gfm.build/Debug-iphonesimulator/cmark-gfm-extensions.build/Objects-normal/arm64/tagfilter.o -index-unit-output-path /cmark-gfm.build/Debug-iphonesimulator/cmark-gfm-extensions.build/Objects-normal/arm64/tagfilter.o

CompileC /Users/shizihan/DailyUse/Github/InkMarkdown/.scratch/architecture-deepening-2026-09-07/evidence/20260907-1415-ticket-27/consumer/DerivedData-InkMarkdownMermaidConsumer/Build/Intermediates.noindex/cmark-gfm.build/Debug-iphonesimulator/cmark-gfm-extensions.build/Objects-normal/arm64/ext_scanners.o /Users/shizihan/DailyUse/Github/InkMarkdown/Packages/Caches/swift-cmark/extensions/ext_scanners.c normal arm64 c com.apple.compilers.llvm.clang.1_0.compiler (in target 'cmark-gfm-extensions' from project 'cmark-gfm')
    cd /Users/shizihan/DailyUse/Github/InkMarkdown/.github/fixtures/consumer-smoke/.swiftpm/xcode
    
    Using response file: /Users/shizihan/DailyUse/Github/InkMarkdown/.scratch/architecture-deepening-2026-09-07/evidence/20260907-1415-ticket-27/consumer/DerivedData-InkMarkdownMermaidConsumer/Build/Intermediates.noindex/cmark-gfm.build/Debug-iphonesimulator/cmark-gfm-extensions.build/Objects-normal/arm64/7187679823f38a2a940e0043cdf9d637-common-args.resp
    
    /Applications/Xcode.app/Contents/Developer/Toolchains/XcodeDefault.xctoolchain/usr/bin/clang -x c -ivfsstatcache /Users/shizihan/DailyUse/Github/InkMarkdown/.scratch/architecture-deepening-2026-09-07/evidence/20260907-1415-ticket-27/consumer/DerivedData-InkMarkdownMermaidConsumer/SDKStatCaches.noindex/iphonesimulator26.5-23F81a-6cfe768891a92b912361537c460fe42b.sdkstatcache -target arm64-apple-ios12.0-simulator -fmessage-length\=0 -fdiagnostics-show-note-include-stack -fmacro-backtrace-limit\=0 -fno-color-diagnostics -fmodules-prune-interval\=86400 -fmodules-prune-after\=345600 -fbuild-session-file\=/Users/shizihan/DailyUse/Github/InkMarkdown/.scratch/architecture-deepening-2026-09-07/evidence/20260907-1415-ticket-27/consumer/DerivedData-InkMarkdownMermaidConsumer/ModuleCache.noindex/Session.modulevalidation -fmodules-validate-once-per-build-session -Wnon-modular-include-in-framework-module -Werror\=non-modular-include-in-framework-module -Wno-trigraphs -Wno-missing-field-initializers -Wno-missing-prototypes -Wno-return-type -Wno-missing-braces -Wparentheses -Wswitch -Wno-unused-function -Wno-unused-label -Wno-unused-parameter -Wno-unused-variable -Wunused-value -Wno-empty-body -Wno-uninitialized -Wno-unknown-pragmas -w -Wno-shadow -Wno-four-char-constants -Wno-conversion -Wno-constant-conversion -Wno-int-conversion -Wno-bool-conversion -Wno-enum-conversion -Wno-float-conversion -Wno-non-literal-null-conversion -Wno-objc-literal-conversion -Wshorten-64-to-32 -Wpointer-sign -Wno-newline-eof -Wno-implicit-fallthrough -isysroot /Applications/Xcode.app/Contents/Developer/Platforms/iPhoneSimulator.platform/Developer/SDKs/iPhoneSimulator26.5.sdk -fstrict-aliasing -Wdeprecated-declarations -Wno-sign-conversion -Wno-infinite-recursion -Wno-comma -Wno-block-capture-autoreleasing -Wno-strict-prototypes -Wno-semicolon-before-method-body -index-store-path /Users/shizihan/DailyUse/Github/InkMarkdown/.scratch/architecture-deepening-2026-09-07/evidence/20260907-1415-ticket-27/consumer/DerivedData-InkMarkdownMermaidConsumer/Index.noindex/DataStore @/Users/shizihan/DailyUse/Github/InkMarkdown/.scratch/architecture-deepening-2026-09-07/evidence/20260907-1415-ticket-27/consumer/DerivedData-InkMarkdownMermaidConsumer/Build/Intermediates.noindex/cmark-gfm.build/Debug-iphonesimulator/cmark-gfm-extensions.build/Objects-normal/arm64/7187679823f38a2a940e0043cdf9d637-common-args.resp -MMD -MT dependencies -MF /Users/shizihan/DailyUse/Github/InkMarkdown/.scratch/architecture-deepening-2026-09-07/evidence/20260907-1415-ticket-27/consumer/DerivedData-InkMarkdownMermaidConsumer/Build/Intermediates.noindex/cmark-gfm.build/Debug-iphonesimulator/cmark-gfm-extensions.build/Objects-normal/arm64/ext_scanners.d --serialize-diagnostics /Users/shizihan/DailyUse/Github/InkMarkdown/.scratch/architecture-deepening-2026-09-07/evidence/20260907-1415-ticket-27/consumer/DerivedData-InkMarkdownMermaidConsumer/Build/Intermediates.noindex/cmark-gfm.build/Debug-iphonesimulator/cmark-gfm-extensions.build/Objects-normal/arm64/ext_scanners.dia -c /Users/shizihan/DailyUse/Github/InkMarkdown/Packages/Caches/swift-cmark/extensions/ext_scanners.c -o /Users/shizihan/DailyUse/Github/InkMarkdown/.scratch/architecture-deepening-2026-09-07/evidence/20260907-1415-ticket-27/consumer/DerivedData-InkMarkdownMermaidConsumer/Build/Intermediates.noindex/cmark-gfm.build/Debug-iphonesimulator/cmark-gfm-extensions.build/Objects-normal/arm64/ext_scanners.o -index-unit-output-path /cmark-gfm.build/Debug-iphonesimulator/cmark-gfm-extensions.build/Objects-normal/arm64/ext_scanners.o

CompileC /Users/shizihan/DailyUse/Github/InkMarkdown/.scratch/architecture-deepening-2026-09-07/evidence/20260907-1415-ticket-27/consumer/DerivedData-InkMarkdownMermaidConsumer/Build/Intermediates.noindex/cmark-gfm.build/Debug-iphonesimulator/cmark-gfm-extensions.build/Objects-normal/arm64/table.o /Users/shizihan/DailyUse/Github/InkMarkdown/Packages/Caches/swift-cmark/extensions/table.c normal arm64 c com.apple.compilers.llvm.clang.1_0.compiler (in target 'cmark-gfm-extensions' from project 'cmark-gfm')
    cd /Users/shizihan/DailyUse/Github/InkMarkdown/.github/fixtures/consumer-smoke/.swiftpm/xcode
    
    Using response file: /Users/shizihan/DailyUse/Github/InkMarkdown/.scratch/architecture-deepening-2026-09-07/evidence/20260907-1415-ticket-27/consumer/DerivedData-InkMarkdownMermaidConsumer/Build/Intermediates.noindex/cmark-gfm.build/Debug-iphonesimulator/cmark-gfm-extensions.build/Objects-normal/arm64/7187679823f38a2a940e0043cdf9d637-common-args.resp
    
    /Applications/Xcode.app/Contents/Developer/Toolchains/XcodeDefault.xctoolchain/usr/bin/clang -x c -ivfsstatcache /Users/shizihan/DailyUse/Github/InkMarkdown/.scratch/architecture-deepening-2026-09-07/evidence/20260907-1415-ticket-27/consumer/DerivedData-InkMarkdownMermaidConsumer/SDKStatCaches.noindex/iphonesimulator26.5-23F81a-6cfe768891a92b912361537c460fe42b.sdkstatcache -target arm64-apple-ios12.0-simulator -fmessage-length\=0 -fdiagnostics-show-note-include-stack -fmacro-backtrace-limit\=0 -fno-color-diagnostics -fmodules-prune-interval\=86400 -fmodules-prune-after\=345600 -fbuild-session-file\=/Users/shizihan/DailyUse/Github/InkMarkdown/.scratch/architecture-deepening-2026-09-07/evidence/20260907-1415-ticket-27/consumer/DerivedData-InkMarkdownMermaidConsumer/ModuleCache.noindex/Session.modulevalidation -fmodules-validate-once-per-build-session -Wnon-modular-include-in-framework-module -Werror\=non-modular-include-in-framework-module -Wno-trigraphs -Wno-missing-field-initializers -Wno-missing-prototypes -Wno-return-type -Wno-missing-braces -Wparentheses -Wswitch -Wno-unused-function -Wno-unused-label -Wno-unused-parameter -Wno-unused-variable -Wunused-value -Wno-empty-body -Wno-uninitialized -Wno-unknown-pragmas -w -Wno-shadow -Wno-four-char-constants -Wno-conversion -Wno-constant-conversion -Wno-int-conversion -Wno-bool-conversion -Wno-enum-conversion -Wno-float-conversion -Wno-non-literal-null-conversion -Wno-objc-literal-conversion -Wshorten-64-to-32 -Wpointer-sign -Wno-newline-eof -Wno-implicit-fallthrough -isysroot /Applications/Xcode.app/Contents/Developer/Platforms/iPhoneSimulator.platform/Developer/SDKs/iPhoneSimulator26.5.sdk -fstrict-aliasing -Wdeprecated-declarations -Wno-sign-conversion -Wno-infinite-recursion -Wno-comma -Wno-block-capture-autoreleasing -Wno-strict-prototypes -Wno-semicolon-before-method-body -index-store-path /Users/shizihan/DailyUse/Github/InkMarkdown/.scratch/architecture-deepening-2026-09-07/evidence/20260907-1415-ticket-27/consumer/DerivedData-InkMarkdownMermaidConsumer/Index.noindex/DataStore @/Users/shizihan/DailyUse/Github/InkMarkdown/.scratch/architecture-deepening-2026-09-07/evidence/20260907-1415-ticket-27/consumer/DerivedData-InkMarkdownMermaidConsumer/Build/Intermediates.noindex/cmark-gfm.build/Debug-iphonesimulator/cmark-gfm-extensions.build/Objects-normal/arm64/7187679823f38a2a940e0043cdf9d637-common-args.resp -MMD -MT dependencies -MF /Users/shizihan/DailyUse/Github/InkMarkdown/.scratch/architecture-deepening-2026-09-07/evidence/20260907-1415-ticket-27/consumer/DerivedData-InkMarkdownMermaidConsumer/Build/Intermediates.noindex/cmark-gfm.build/Debug-iphonesimulator/cmark-gfm-extensions.build/Objects-normal/arm64/table.d --serialize-diagnostics /Users/shizihan/DailyUse/Github/InkMarkdown/.scratch/architecture-deepening-2026-09-07/evidence/20260907-1415-ticket-27/consumer/DerivedData-InkMarkdownMermaidConsumer/Build/Intermediates.noindex/cmark-gfm.build/Debug-iphonesimulator/cmark-gfm-extensions.build/Objects-normal/arm64/table.dia -c /Users/shizihan/DailyUse/Github/InkMarkdown/Packages/Caches/swift-cmark/extensions/table.c -o /Users/shizihan/DailyUse/Github/InkMarkdown/.scratch/architecture-deepening-2026-09-07/evidence/20260907-1415-ticket-27/consumer/DerivedData-InkMarkdownMermaidConsumer/Build/Intermediates.noindex/cmark-gfm.build/Debug-iphonesimulator/cmark-gfm-extensions.build/Objects-normal/arm64/table.o -index-unit-output-path /cmark-gfm.build/Debug-iphonesimulator/cmark-gfm-extensions.build/Objects-normal/arm64/table.o

CompileC /Users/shizihan/DailyUse/Github/InkMarkdown/.scratch/architecture-deepening-2026-09-07/evidence/20260907-1415-ticket-27/consumer/DerivedData-InkMarkdownMermaidConsumer/Build/Intermediates.noindex/cmark-gfm.build/Debug-iphonesimulator/cmark-gfm-extensions.build/Objects-normal/arm64/strikethrough.o /Users/shizihan/DailyUse/Github/InkMarkdown/Packages/Caches/swift-cmark/extensions/strikethrough.c normal arm64 c com.apple.compilers.llvm.clang.1_0.compiler (in target 'cmark-gfm-extensions' from project 'cmark-gfm')
    cd /Users/shizihan/DailyUse/Github/InkMarkdown/.github/fixtures/consumer-smoke/.swiftpm/xcode
    
    Using response file: /Users/shizihan/DailyUse/Github/InkMarkdown/.scratch/architecture-deepening-2026-09-07/evidence/20260907-1415-ticket-27/consumer/DerivedData-InkMarkdownMermaidConsumer/Build/Intermediates.noindex/cmark-gfm.build/Debug-iphonesimulator/cmark-gfm-extensions.build/Objects-normal/arm64/7187679823f38a2a940e0043cdf9d637-common-args.resp
    
    /Applications/Xcode.app/Contents/Developer/Toolchains/XcodeDefault.xctoolchain/usr/bin/clang -x c -ivfsstatcache /Users/shizihan/DailyUse/Github/InkMarkdown/.scratch/architecture-deepening-2026-09-07/evidence/20260907-1415-ticket-27/consumer/DerivedData-InkMarkdownMermaidConsumer/SDKStatCaches.noindex/iphonesimulator26.5-23F81a-6cfe768891a92b912361537c460fe42b.sdkstatcache -target arm64-apple-ios12.0-simulator -fmessage-length\=0 -fdiagnostics-show-note-include-stack -fmacro-backtrace-limit\=0 -fno-color-diagnostics -fmodules-prune-interval\=86400 -fmodules-prune-after\=345600 -fbuild-session-file\=/Users/shizihan/DailyUse/Github/InkMarkdown/.scratch/architecture-deepening-2026-09-07/evidence/20260907-1415-ticket-27/consumer/DerivedData-InkMarkdownMermaidConsumer/ModuleCache.noindex/Session.modulevalidation -fmodules-validate-once-per-build-session -Wnon-modular-include-in-framework-module -Werror\=non-modular-include-in-framework-module -Wno-trigraphs -Wno-missing-field-initializers -Wno-missing-prototypes -Wno-return-type -Wno-missing-braces -Wparentheses -Wswitch -Wno-unused-function -Wno-unused-label -Wno-unused-parameter -Wno-unused-variable -Wunused-value -Wno-empty-body -Wno-uninitialized -Wno-unknown-pragmas -w -Wno-shadow -Wno-four-char-constants -Wno-conversion -Wno-constant-conversion -Wno-int-conversion -Wno-bool-conversion -Wno-enum-conversion -Wno-float-conversion -Wno-non-literal-null-conversion -Wno-objc-literal-conversion -Wshorten-64-to-32 -Wpointer-sign -Wno-newline-eof -Wno-implicit-fallthrough -isysroot /Applications/Xcode.app/Contents/Developer/Platforms/iPhoneSimulator.platform/Developer/SDKs/iPhoneSimulator26.5.sdk -fstrict-aliasing -Wdeprecated-declarations -Wno-sign-conversion -Wno-infinite-recursion -Wno-comma -Wno-block-capture-autoreleasing -Wno-strict-prototypes -Wno-semicolon-before-method-body -index-store-path /Users/shizihan/DailyUse/Github/InkMarkdown/.scratch/architecture-deepening-2026-09-07/evidence/20260907-1415-ticket-27/consumer/DerivedData-InkMarkdownMermaidConsumer/Index.noindex/DataStore @/Users/shizihan/DailyUse/Github/InkMarkdown/.scratch/architecture-deepening-2026-09-07/evidence/20260907-1415-ticket-27/consumer/DerivedData-InkMarkdownMermaidConsumer/Build/Intermediates.noindex/cmark-gfm.build/Debug-iphonesimulator/cmark-gfm-extensions.build/Objects-normal/arm64/7187679823f38a2a940e0043cdf9d637-common-args.resp -MMD -MT dependencies -MF /Users/shizihan/DailyUse/Github/InkMarkdown/.scratch/architecture-deepening-2026-09-07/evidence/20260907-1415-ticket-27/consumer/DerivedData-InkMarkdownMermaidConsumer/Build/Intermediates.noindex/cmark-gfm.build/Debug-iphonesimulator/cmark-gfm-extensions.build/Objects-normal/arm64/strikethrough.d --serialize-diagnostics /Users/shizihan/DailyUse/Github/InkMarkdown/.scratch/architecture-deepening-2026-09-07/evidence/20260907-1415-ticket-27/consumer/DerivedData-InkMarkdownMermaidConsumer/Build/Intermediates.noindex/cmark-gfm.build/Debug-iphonesimulator/cmark-gfm-extensions.build/Objects-normal/arm64/strikethrough.dia -c /Users/shizihan/DailyUse/Github/InkMarkdown/Packages/Caches/swift-cmark/extensions/strikethrough.c -o /Users/shizihan/DailyUse/Github/InkMarkdown/.scratch/architecture-deepening-2026-09-07/evidence/20260907-1415-ticket-27/consumer/DerivedData-InkMarkdownMermaidConsumer/Build/Intermediates.noindex/cmark-gfm.build/Debug-iphonesimulator/cmark-gfm-extensions.build/Objects-normal/arm64/strikethrough.o -index-unit-output-path /cmark-gfm.build/Debug-iphonesimulator/cmark-gfm-extensions.build/Objects-normal/arm64/strikethrough.o

CompileC /Users/shizihan/DailyUse/Github/InkMarkdown/.scratch/architecture-deepening-2026-09-07/evidence/20260907-1415-ticket-27/consumer/DerivedData-InkMarkdownMermaidConsumer/Build/Intermediates.noindex/cmark-gfm.build/Debug-iphonesimulator/cmark-gfm-extensions.build/Objects-normal/arm64/core-extensions.o /Users/shizihan/DailyUse/Github/InkMarkdown/Packages/Caches/swift-cmark/extensions/core-extensions.c normal arm64 c com.apple.compilers.llvm.clang.1_0.compiler (in target 'cmark-gfm-extensions' from project 'cmark-gfm')
    cd /Users/shizihan/DailyUse/Github/InkMarkdown/.github/fixtures/consumer-smoke/.swiftpm/xcode
    
    Using response file: /Users/shizihan/DailyUse/Github/InkMarkdown/.scratch/architecture-deepening-2026-09-07/evidence/20260907-1415-ticket-27/consumer/DerivedData-InkMarkdownMermaidConsumer/Build/Intermediates.noindex/cmark-gfm.build/Debug-iphonesimulator/cmark-gfm-extensions.build/Objects-normal/arm64/7187679823f38a2a940e0043cdf9d637-common-args.resp
    
    /Applications/Xcode.app/Contents/Developer/Toolchains/XcodeDefault.xctoolchain/usr/bin/clang -x c -ivfsstatcache /Users/shizihan/DailyUse/Github/InkMarkdown/.scratch/architecture-deepening-2026-09-07/evidence/20260907-1415-ticket-27/consumer/DerivedData-InkMarkdownMermaidConsumer/SDKStatCaches.noindex/iphonesimulator26.5-23F81a-6cfe768891a92b912361537c460fe42b.sdkstatcache -target arm64-apple-ios12.0-simulator -fmessage-length\=0 -fdiagnostics-show-note-include-stack -fmacro-backtrace-limit\=0 -fno-color-diagnostics -fmodules-prune-interval\=86400 -fmodules-prune-after\=345600 -fbuild-session-file\=/Users/shizihan/DailyUse/Github/InkMarkdown/.scratch/architecture-deepening-2026-09-07/evidence/20260907-1415-ticket-27/consumer/DerivedData-InkMarkdownMermaidConsumer/ModuleCache.noindex/Session.modulevalidation -fmodules-validate-once-per-build-session -Wnon-modular-include-in-framework-module -Werror\=non-modular-include-in-framework-module -Wno-trigraphs -Wno-missing-field-initializers -Wno-missing-prototypes -Wno-return-type -Wno-missing-braces -Wparentheses -Wswitch -Wno-unused-function -Wno-unused-label -Wno-unused-parameter -Wno-unused-variable -Wunused-value -Wno-empty-body -Wno-uninitialized -Wno-unknown-pragmas -w -Wno-shadow -Wno-four-char-constants -Wno-conversion -Wno-constant-conversion -Wno-int-conversion -Wno-bool-conversion -Wno-enum-conversion -Wno-float-conversion -Wno-non-literal-null-conversion -Wno-objc-literal-conversion -Wshorten-64-to-32 -Wpointer-sign -Wno-newline-eof -Wno-implicit-fallthrough -isysroot /Applications/Xcode.app/Contents/Developer/Platforms/iPhoneSimulator.platform/Developer/SDKs/iPhoneSimulator26.5.sdk -fstrict-aliasing -Wdeprecated-declarations -Wno-sign-conversion -Wno-infinite-recursion -Wno-comma -Wno-block-capture-autoreleasing -Wno-strict-prototypes -Wno-semicolon-before-method-body -index-store-path /Users/shizihan/DailyUse/Github/InkMarkdown/.scratch/architecture-deepening-2026-09-07/evidence/20260907-1415-ticket-27/consumer/DerivedData-InkMarkdownMermaidConsumer/Index.noindex/DataStore @/Users/shizihan/DailyUse/Github/InkMarkdown/.scratch/architecture-deepening-2026-09-07/evidence/20260907-1415-ticket-27/consumer/DerivedData-InkMarkdownMermaidConsumer/Build/Intermediates.noindex/cmark-gfm.build/Debug-iphonesimulator/cmark-gfm-extensions.build/Objects-normal/arm64/7187679823f38a2a940e0043cdf9d637-common-args.resp -MMD -MT dependencies -MF /Users/shizihan/DailyUse/Github/InkMarkdown/.scratch/architecture-deepening-2026-09-07/evidence/20260907-1415-ticket-27/consumer/DerivedData-InkMarkdownMermaidConsumer/Build/Intermediates.noindex/cmark-gfm.build/Debug-iphonesimulator/cmark-gfm-extensions.build/Objects-normal/arm64/core-extensions.d --serialize-diagnostics /Users/shizihan/DailyUse/Github/InkMarkdown/.scratch/architecture-deepening-2026-09-07/evidence/20260907-1415-ticket-27/consumer/DerivedData-InkMarkdownMermaidConsumer/Build/Intermediates.noindex/cmark-gfm.build/Debug-iphonesimulator/cmark-gfm-extensions.build/Objects-normal/arm64/core-extensions.dia -c /Users/shizihan/DailyUse/Github/InkMarkdown/Packages/Caches/swift-cmark/extensions/core-extensions.c -o /Users/shizihan/DailyUse/Github/InkMarkdown/.scratch/architecture-deepening-2026-09-07/evidence/20260907-1415-ticket-27/consumer/DerivedData-InkMarkdownMermaidConsumer/Build/Intermediates.noindex/cmark-gfm.build/Debug-iphonesimulator/cmark-gfm-extensions.build/Objects-normal/arm64/core-extensions.o -index-unit-output-path /cmark-gfm.build/Debug-iphonesimulator/cmark-gfm-extensions.build/Objects-normal/arm64/core-extensions.o

SwiftExplicitDependencyGeneratePcm arm64 /Users/shizihan/DailyUse/Github/InkMarkdown/.scratch/architecture-deepening-2026-09-07/evidence/20260907-1415-ticket-27/consumer/DerivedData-InkMarkdownMermaidConsumer/ModuleCache.noindex/_Builtin_stdbool-3F9OANAC37WA33F33IFJNGGVL.pcm

SwiftExplicitDependencyGeneratePcm arm64 /Users/shizihan/DailyUse/Github/InkMarkdown/.scratch/architecture-deepening-2026-09-07/evidence/20260907-1415-ticket-27/consumer/DerivedData-InkMarkdownMermaidConsumer/ModuleCache.noindex/_SwiftConcurrencyShims-FD6MKJ7V320P3K0FR5RVKTM2.pcm

SwiftExplicitDependencyGeneratePcm arm64 /Users/shizihan/DailyUse/Github/InkMarkdown/.scratch/architecture-deepening-2026-09-07/evidence/20260907-1415-ticket-27/consumer/DerivedData-InkMarkdownMermaidConsumer/ModuleCache.noindex/SwiftShims-2ERVI0QNRAGA1KKDO0UB17BNL.pcm

SwiftExplicitDependencyGeneratePcm arm64 /Users/shizihan/DailyUse/Github/InkMarkdown/.scratch/architecture-deepening-2026-09-07/evidence/20260907-1415-ticket-27/consumer/DerivedData-InkMarkdownMermaidConsumer/ModuleCache.noindex/ptrcheck-EJD5DNU0VUTJJ2WGC3W816F06.pcm

SwiftExplicitDependencyGeneratePcm arm64 /Users/shizihan/DailyUse/Github/InkMarkdown/.scratch/architecture-deepening-2026-09-07/evidence/20260907-1415-ticket-27/consumer/DerivedData-InkMarkdownMermaidConsumer/ModuleCache.noindex/ptrauth-BOEZUIJZWK2W16Z0DL3A1J5OC.pcm

SwiftExplicitDependencyGeneratePcm arm64 /Users/shizihan/DailyUse/Github/InkMarkdown/.scratch/architecture-deepening-2026-09-07/evidence/20260907-1415-ticket-27/consumer/DerivedData-InkMarkdownMermaidConsumer/ModuleCache.noindex/_AvailabilityInternal-CQYG87M8MM7C4JTFKOIAPTSGC.pcm

SwiftExplicitDependencyGeneratePcm arm64 /Users/shizihan/DailyUse/Github/InkMarkdown/.scratch/architecture-deepening-2026-09-07/evidence/20260907-1415-ticket-27/consumer/DerivedData-InkMarkdownMermaidConsumer/ModuleCache.noindex/_Builtin_stddef-C9EH8ZOEXIVNKE463JG2P3DWO.pcm

SwiftExplicitDependencyGeneratePcm arm64 /Users/shizihan/DailyUse/Github/InkMarkdown/.scratch/architecture-deepening-2026-09-07/evidence/20260907-1415-ticket-27/consumer/DerivedData-InkMarkdownMermaidConsumer/ModuleCache.noindex/_Builtin_float-2TZL1QFICF1V6XJ0HD46V7CV0.pcm

SwiftExplicitDependencyGeneratePcm arm64 /Users/shizihan/DailyUse/Github/InkMarkdown/.scratch/architecture-deepening-2026-09-07/evidence/20260907-1415-ticket-27/consumer/DerivedData-InkMarkdownMermaidConsumer/ModuleCache.noindex/_Builtin_stdarg-1TMMS6JOFHXHIG72S3MYHDDL1.pcm

SwiftExplicitDependencyGeneratePcm arm64 /Users/shizihan/DailyUse/Github/InkMarkdown/.scratch/architecture-deepening-2026-09-07/evidence/20260907-1415-ticket-27/consumer/DerivedData-InkMarkdownMermaidConsumer/ModuleCache.noindex/_DarwinFoundation1-7WSYPYORDQ6QBTHJ5ZNJWSJ1L.pcm

Ld /Users/shizihan/DailyUse/Github/InkMarkdown/.scratch/architecture-deepening-2026-09-07/evidence/20260907-1415-ticket-27/consumer/DerivedData-InkMarkdownMermaidConsumer/Build/Products/Debug-iphonesimulator/cmark-gfm.o normal (in target 'cmark-gfm' from project 'cmark-gfm')
    cd /Users/shizihan/DailyUse/Github/InkMarkdown/Packages/Caches/swift-cmark
    /Applications/Xcode.app/Contents/Developer/Toolchains/XcodeDefault.xctoolchain/usr/bin/clang -Xlinker -reproducible -target arm64-apple-ios12.0-simulator -r -isysroot /Applications/Xcode.app/Contents/Developer/Platforms/iPhoneSimulator.platform/Developer/SDKs/iPhoneSimulator26.5.sdk -O0 -w -F/Users/shizihan/DailyUse/Github/InkMarkdown/.scratch/architecture-deepening-2026-09-07/evidence/20260907-1415-ticket-27/consumer/DerivedData-InkMarkdownMermaidConsumer/Build/Intermediates.noindex/EagerLinkingTBDs/Debug-iphonesimulator -F/Users/shizihan/DailyUse/Github/InkMarkdown/.scratch/architecture-deepening-2026-09-07/evidence/20260907-1415-ticket-27/consumer/DerivedData-InkMarkdownMermaidConsumer/Build/Products/Debug-iphonesimulator -iframework /Applications/Xcode.app/Contents/Developer/Platforms/iPhoneSimulator.platform/Developer/Library/Frameworks -iframework /Applications/Xcode.app/Contents/Developer/Platforms/iPhoneSimulator.platform/Developer/SDKs/iPhoneSimulator26.5.sdk/Developer/Library/Frameworks -filelist /Users/shizihan/DailyUse/Github/InkMarkdown/.scratch/architecture-deepening-2026-09-07/evidence/20260907-1415-ticket-27/consumer/DerivedData-InkMarkdownMermaidConsumer/Build/Intermediates.noindex/cmark-gfm.build/Debug-iphonesimulator/cmark-gfm.build/Objects-normal/arm64/cmark-gfm.LinkFileList -nostdlib -Xlinker -object_path_lto -Xlinker /Users/shizihan/DailyUse/Github/InkMarkdown/.scratch/architecture-deepening-2026-09-07/evidence/20260907-1415-ticket-27/consumer/DerivedData-InkMarkdownMermaidConsumer/Build/Intermediates.noindex/cmark-gfm.build/Debug-iphonesimulator/cmark-gfm.build/Objects-normal/arm64/cmark-gfm_lto.o -Xlinker -no_deduplicate -Xlinker -objc_abi_version -Xlinker 2 -Xlinker -dependency_info -Xlinker /Users/shizihan/DailyUse/Github/InkMarkdown/.scratch/architecture-deepening-2026-09-07/evidence/20260907-1415-ticket-27/consumer/DerivedData-InkMarkdownMermaidConsumer/Build/Intermediates.noindex/cmark-gfm.build/Debug-iphonesimulator/cmark-gfm.build/Objects-normal/arm64/cmark-gfm_dependency_info.dat -o /Users/shizihan/DailyUse/Github/InkMarkdown/.scratch/architecture-deepening-2026-09-07/evidence/20260907-1415-ticket-27/consumer/DerivedData-InkMarkdownMermaidConsumer/Build/Products/Debug-iphonesimulator/cmark-gfm.o

RegisterExecutionPolicyException /Users/shizihan/DailyUse/Github/InkMarkdown/.scratch/architecture-deepening-2026-09-07/evidence/20260907-1415-ticket-27/consumer/DerivedData-InkMarkdownMermaidConsumer/Build/Products/Debug-iphonesimulator/cmark-gfm.o (in target 'cmark-gfm' from project 'cmark-gfm')
    cd /Users/shizihan/DailyUse/Github/InkMarkdown/Packages/Caches/swift-cmark
    builtin-RegisterExecutionPolicyException /Users/shizihan/DailyUse/Github/InkMarkdown/.scratch/architecture-deepening-2026-09-07/evidence/20260907-1415-ticket-27/consumer/DerivedData-InkMarkdownMermaidConsumer/Build/Products/Debug-iphonesimulator/cmark-gfm.o

SwiftExplicitDependencyGeneratePcm arm64 /Users/shizihan/DailyUse/Github/InkMarkdown/.scratch/architecture-deepening-2026-09-07/evidence/20260907-1415-ticket-27/consumer/DerivedData-InkMarkdownMermaidConsumer/ModuleCache.noindex/_DarwinFoundation2-5EIP9PBEXUC3K2SIOL1VCMABH.pcm

SwiftExplicitDependencyGeneratePcm arm64 /Users/shizihan/DailyUse/Github/InkMarkdown/.scratch/architecture-deepening-2026-09-07/evidence/20260907-1415-ticket-27/consumer/DerivedData-InkMarkdownMermaidConsumer/ModuleCache.noindex/_Builtin_limits-8IM0K31OQP9XEOIM9AAOUIH5P.pcm

CompileC /Users/shizihan/DailyUse/Github/InkMarkdown/.scratch/architecture-deepening-2026-09-07/evidence/20260907-1415-ticket-27/consumer/DerivedData-InkMarkdownMermaidConsumer/Build/Intermediates.noindex/cmark-gfm.build/Debug-iphonesimulator/cmark-gfm-extensions.build/Objects-normal/arm64/autolink.o /Users/shizihan/DailyUse/Github/InkMarkdown/Packages/Caches/swift-cmark/extensions/autolink.c normal arm64 c com.apple.compilers.llvm.clang.1_0.compiler (in target 'cmark-gfm-extensions' from project 'cmark-gfm')
    cd /Users/shizihan/DailyUse/Github/InkMarkdown/.github/fixtures/consumer-smoke/.swiftpm/xcode
    
    Using response file: /Users/shizihan/DailyUse/Github/InkMarkdown/.scratch/architecture-deepening-2026-09-07/evidence/20260907-1415-ticket-27/consumer/DerivedData-InkMarkdownMermaidConsumer/Build/Intermediates.noindex/cmark-gfm.build/Debug-iphonesimulator/cmark-gfm-extensions.build/Objects-normal/arm64/7187679823f38a2a940e0043cdf9d637-common-args.resp
    
    /Applications/Xcode.app/Contents/Developer/Toolchains/XcodeDefault.xctoolchain/usr/bin/clang -x c -ivfsstatcache /Users/shizihan/DailyUse/Github/InkMarkdown/.scratch/architecture-deepening-2026-09-07/evidence/20260907-1415-ticket-27/consumer/DerivedData-InkMarkdownMermaidConsumer/SDKStatCaches.noindex/iphonesimulator26.5-23F81a-6cfe768891a92b912361537c460fe42b.sdkstatcache -target arm64-apple-ios12.0-simulator -fmessage-length\=0 -fdiagnostics-show-note-include-stack -fmacro-backtrace-limit\=0 -fno-color-diagnostics -fmodules-prune-interval\=86400 -fmodules-prune-after\=345600 -fbuild-session-file\=/Users/shizihan/DailyUse/Github/InkMarkdown/.scratch/architecture-deepening-2026-09-07/evidence/20260907-1415-ticket-27/consumer/DerivedData-InkMarkdownMermaidConsumer/ModuleCache.noindex/Session.modulevalidation -fmodules-validate-once-per-build-session -Wnon-modular-include-in-framework-module -Werror\=non-modular-include-in-framework-module -Wno-trigraphs -Wno-missing-field-initializers -Wno-missing-prototypes -Wno-return-type -Wno-missing-braces -Wparentheses -Wswitch -Wno-unused-function -Wno-unused-label -Wno-unused-parameter -Wno-unused-variable -Wunused-value -Wno-empty-body -Wno-uninitialized -Wno-unknown-pragmas -w -Wno-shadow -Wno-four-char-constants -Wno-conversion -Wno-constant-conversion -Wno-int-conversion -Wno-bool-conversion -Wno-enum-conversion -Wno-float-conversion -Wno-non-literal-null-conversion -Wno-objc-literal-conversion -Wshorten-64-to-32 -Wpointer-sign -Wno-newline-eof -Wno-implicit-fallthrough -isysroot /Applications/Xcode.app/Contents/Developer/Platforms/iPhoneSimulator.platform/Developer/SDKs/iPhoneSimulator26.5.sdk -fstrict-aliasing -Wdeprecated-declarations -Wno-sign-conversion -Wno-infinite-recursion -Wno-comma -Wno-block-capture-autoreleasing -Wno-strict-prototypes -Wno-semicolon-before-method-body -index-store-path /Users/shizihan/DailyUse/Github/InkMarkdown/.scratch/architecture-deepening-2026-09-07/evidence/20260907-1415-ticket-27/consumer/DerivedData-InkMarkdownMermaidConsumer/Index.noindex/DataStore @/Users/shizihan/DailyUse/Github/InkMarkdown/.scratch/architecture-deepening-2026-09-07/evidence/20260907-1415-ticket-27/consumer/DerivedData-InkMarkdownMermaidConsumer/Build/Intermediates.noindex/cmark-gfm.build/Debug-iphonesimulator/cmark-gfm-extensions.build/Objects-normal/arm64/7187679823f38a2a940e0043cdf9d637-common-args.resp -MMD -MT dependencies -MF /Users/shizihan/DailyUse/Github/InkMarkdown/.scratch/architecture-deepening-2026-09-07/evidence/20260907-1415-ticket-27/consumer/DerivedData-InkMarkdownMermaidConsumer/Build/Intermediates.noindex/cmark-gfm.build/Debug-iphonesimulator/cmark-gfm-extensions.build/Objects-normal/arm64/autolink.d --serialize-diagnostics /Users/shizihan/DailyUse/Github/InkMarkdown/.scratch/architecture-deepening-2026-09-07/evidence/20260907-1415-ticket-27/consumer/DerivedData-InkMarkdownMermaidConsumer/Build/Intermediates.noindex/cmark-gfm.build/Debug-iphonesimulator/cmark-gfm-extensions.build/Objects-normal/arm64/autolink.dia -c /Users/shizihan/DailyUse/Github/InkMarkdown/Packages/Caches/swift-cmark/extensions/autolink.c -o /Users/shizihan/DailyUse/Github/InkMarkdown/.scratch/architecture-deepening-2026-09-07/evidence/20260907-1415-ticket-27/consumer/DerivedData-InkMarkdownMermaidConsumer/Build/Intermediates.noindex/cmark-gfm.build/Debug-iphonesimulator/cmark-gfm-extensions.build/Objects-normal/arm64/autolink.o -index-unit-output-path /cmark-gfm.build/Debug-iphonesimulator/cmark-gfm-extensions.build/Objects-normal/arm64/autolink.o

SwiftExplicitDependencyGeneratePcm arm64 /Users/shizihan/DailyUse/Github/InkMarkdown/.scratch/architecture-deepening-2026-09-07/evidence/20260907-1415-ticket-27/consumer/DerivedData-InkMarkdownMermaidConsumer/ModuleCache.noindex/_Builtin_stdint-69Y8A4BC3VD635PL7JC3G0IX6.pcm

SwiftExplicitDependencyGeneratePcm arm64 /Users/shizihan/DailyUse/Github/InkMarkdown/.scratch/architecture-deepening-2026-09-07/evidence/20260907-1415-ticket-27/consumer/DerivedData-InkMarkdownMermaidConsumer/ModuleCache.noindex/sys_types-BKKLY8NKBR09YJ17JZ6V4R5Q.pcm

Ld /Users/shizihan/DailyUse/Github/InkMarkdown/.scratch/architecture-deepening-2026-09-07/evidence/20260907-1415-ticket-27/consumer/DerivedData-InkMarkdownMermaidConsumer/Build/Products/Debug-iphonesimulator/cmark-gfm-extensions.o normal (in target 'cmark-gfm-extensions' from project 'cmark-gfm')
    cd /Users/shizihan/DailyUse/Github/InkMarkdown/Packages/Caches/swift-cmark
    /Applications/Xcode.app/Contents/Developer/Toolchains/XcodeDefault.xctoolchain/usr/bin/clang -Xlinker -reproducible -target arm64-apple-ios12.0-simulator -r -isysroot /Applications/Xcode.app/Contents/Developer/Platforms/iPhoneSimulator.platform/Developer/SDKs/iPhoneSimulator26.5.sdk -O0 -w -F/Users/shizihan/DailyUse/Github/InkMarkdown/.scratch/architecture-deepening-2026-09-07/evidence/20260907-1415-ticket-27/consumer/DerivedData-InkMarkdownMermaidConsumer/Build/Intermediates.noindex/EagerLinkingTBDs/Debug-iphonesimulator -F/Users/shizihan/DailyUse/Github/InkMarkdown/.scratch/architecture-deepening-2026-09-07/evidence/20260907-1415-ticket-27/consumer/DerivedData-InkMarkdownMermaidConsumer/Build/Products/Debug-iphonesimulator/PackageFrameworks -F/Users/shizihan/DailyUse/Github/InkMarkdown/.scratch/architecture-deepening-2026-09-07/evidence/20260907-1415-ticket-27/consumer/DerivedData-InkMarkdownMermaidConsumer/Build/Products/Debug-iphonesimulator -iframework /Applications/Xcode.app/Contents/Developer/Platforms/iPhoneSimulator.platform/Developer/Library/Frameworks -iframework /Applications/Xcode.app/Contents/Developer/Platforms/iPhoneSimulator.platform/Developer/SDKs/iPhoneSimulator26.5.sdk/Developer/Library/Frameworks -filelist /Users/shizihan/DailyUse/Github/InkMarkdown/.scratch/architecture-deepening-2026-09-07/evidence/20260907-1415-ticket-27/consumer/DerivedData-InkMarkdownMermaidConsumer/Build/Intermediates.noindex/cmark-gfm.build/Debug-iphonesimulator/cmark-gfm-extensions.build/Objects-normal/arm64/cmark-gfm-extensions.LinkFileList -nostdlib -Xlinker -object_path_lto -Xlinker /Users/shizihan/DailyUse/Github/InkMarkdown/.scratch/architecture-deepening-2026-09-07/evidence/20260907-1415-ticket-27/consumer/DerivedData-InkMarkdownMermaidConsumer/Build/Intermediates.noindex/cmark-gfm.build/Debug-iphonesimulator/cmark-gfm-extensions.build/Objects-normal/arm64/cmark-gfm-extensions_lto.o -Xlinker -no_deduplicate -Xlinker -objc_abi_version -Xlinker 2 -Xlinker -dependency_info -Xlinker /Users/shizihan/DailyUse/Github/InkMarkdown/.scratch/architecture-deepening-2026-09-07/evidence/20260907-1415-ticket-27/consumer/DerivedData-InkMarkdownMermaidConsumer/Build/Intermediates.noindex/cmark-gfm.build/Debug-iphonesimulator/cmark-gfm-extensions.build/Objects-normal/arm64/cmark-gfm-extensions_dependency_info.dat -o /Users/shizihan/DailyUse/Github/InkMarkdown/.scratch/architecture-deepening-2026-09-07/evidence/20260907-1415-ticket-27/consumer/DerivedData-InkMarkdownMermaidConsumer/Build/Products/Debug-iphonesimulator/cmark-gfm-extensions.o

SwiftExplicitDependencyGeneratePcm arm64 /Users/shizihan/DailyUse/Github/InkMarkdown/.scratch/architecture-deepening-2026-09-07/evidence/20260907-1415-ticket-27/consumer/DerivedData-InkMarkdownMermaidConsumer/Build/Intermediates.noindex/SwiftExplicitPrecompiledModules/CAtomic-BVQYNZ2LU0GU2Z57P3O616U9Y.pcm

SwiftExplicitDependencyGeneratePcm arm64 /Users/shizihan/DailyUse/Github/InkMarkdown/.scratch/architecture-deepening-2026-09-07/evidence/20260907-1415-ticket-27/consumer/DerivedData-InkMarkdownMermaidConsumer/ModuleCache.noindex/_DarwinFoundation3-3QFJIXRJ6XCHDCHDQVMW5LGN.pcm

RegisterExecutionPolicyException /Users/shizihan/DailyUse/Github/InkMarkdown/.scratch/architecture-deepening-2026-09-07/evidence/20260907-1415-ticket-27/consumer/DerivedData-InkMarkdownMermaidConsumer/Build/Products/Debug-iphonesimulator/cmark-gfm-extensions.o (in target 'cmark-gfm-extensions' from project 'cmark-gfm')
    cd /Users/shizihan/DailyUse/Github/InkMarkdown/Packages/Caches/swift-cmark
    builtin-RegisterExecutionPolicyException /Users/shizihan/DailyUse/Github/InkMarkdown/.scratch/architecture-deepening-2026-09-07/evidence/20260907-1415-ticket-27/consumer/DerivedData-InkMarkdownMermaidConsumer/Build/Products/Debug-iphonesimulator/cmark-gfm-extensions.o

SwiftExplicitDependencyGeneratePcm arm64 /Users/shizihan/DailyUse/Github/InkMarkdown/.scratch/architecture-deepening-2026-09-07/evidence/20260907-1415-ticket-27/consumer/DerivedData-InkMarkdownMermaidConsumer/Build/Intermediates.noindex/SwiftExplicitPrecompiledModules/cmark_gfm-3J2X3VV7X7YCRWEAGMYJPUB88.pcm

SwiftExplicitDependencyGeneratePcm arm64 /Users/shizihan/DailyUse/Github/InkMarkdown/.scratch/architecture-deepening-2026-09-07/evidence/20260907-1415-ticket-27/consumer/DerivedData-InkMarkdownMermaidConsumer/ModuleCache.noindex/_Builtin_inttypes-BI5IZXYAMTNFEIBFNRVEZE4AQ.pcm

SwiftExplicitDependencyGeneratePcm arm64 /Users/shizihan/DailyUse/Github/InkMarkdown/.scratch/architecture-deepening-2026-09-07/evidence/20260907-1415-ticket-27/consumer/DerivedData-InkMarkdownMermaidConsumer/ModuleCache.noindex/Darwin-C6BK3DBBHPKJ99VVZMU1B127Y.pcm

SwiftExplicitDependencyGeneratePcm arm64 /Users/shizihan/DailyUse/Github/InkMarkdown/.scratch/architecture-deepening-2026-09-07/evidence/20260907-1415-ticket-27/consumer/DerivedData-InkMarkdownMermaidConsumer/Build/Intermediates.noindex/SwiftExplicitPrecompiledModules/cmark_gfm_extensions-ED0D10S1YJBVHUJT4KRPJS0N7.pcm

SwiftExplicitDependencyGeneratePcm arm64 /Users/shizihan/DailyUse/Github/InkMarkdown/.scratch/architecture-deepening-2026-09-07/evidence/20260907-1415-ticket-27/consumer/DerivedData-InkMarkdownMermaidConsumer/ModuleCache.noindex/ObjectiveC-R1JR5QZPBR936LKD8GK8ZFZ2.pcm

SwiftExplicitDependencyGeneratePcm arm64 /Users/shizihan/DailyUse/Github/InkMarkdown/.scratch/architecture-deepening-2026-09-07/evidence/20260907-1415-ticket-27/consumer/DerivedData-InkMarkdownMermaidConsumer/ModuleCache.noindex/os_object-2S113MGG87XWIG2QFT01C5M6B.pcm

SwiftExplicitDependencyGeneratePcm arm64 /Users/shizihan/DailyUse/Github/InkMarkdown/.scratch/architecture-deepening-2026-09-07/evidence/20260907-1415-ticket-27/consumer/DerivedData-InkMarkdownMermaidConsumer/ModuleCache.noindex/os_workgroup-5C4S5XF26H108APG4Q8P1QJK0.pcm

SwiftExplicitDependencyGeneratePcm arm64 /Users/shizihan/DailyUse/Github/InkMarkdown/.scratch/architecture-deepening-2026-09-07/evidence/20260907-1415-ticket-27/consumer/DerivedData-InkMarkdownMermaidConsumer/ModuleCache.noindex/Dispatch-9UCGY1WL3TM25AK5VGM93S98D.pcm

SwiftExplicitDependencyGeneratePcm arm64 /Users/shizihan/DailyUse/Github/InkMarkdown/.scratch/architecture-deepening-2026-09-07/evidence/20260907-1415-ticket-27/consumer/DerivedData-InkMarkdownMermaidConsumer/ModuleCache.noindex/XPC-2YKK3BHJM21M7NFN26MZTUVCO.pcm

SwiftExplicitDependencyGeneratePcm arm64 /Users/shizihan/DailyUse/Github/InkMarkdown/.scratch/architecture-deepening-2026-09-07/evidence/20260907-1415-ticket-27/consumer/DerivedData-InkMarkdownMermaidConsumer/ModuleCache.noindex/CoreFoundation-EQ8ID4AQ4U3PA404ZBMRETR6L.pcm

SwiftExplicitDependencyGeneratePcm arm64 /Users/shizihan/DailyUse/Github/InkMarkdown/.scratch/architecture-deepening-2026-09-07/evidence/20260907-1415-ticket-27/consumer/DerivedData-InkMarkdownMermaidConsumer/ModuleCache.noindex/Security-BRM1AJZQBB24ONYL1BAMQBHCE.pcm

SwiftExplicitDependencyGeneratePcm arm64 /Users/shizihan/DailyUse/Github/InkMarkdown/.scratch/architecture-deepening-2026-09-07/evidence/20260907-1415-ticket-27/consumer/DerivedData-InkMarkdownMermaidConsumer/ModuleCache.noindex/CFNetwork-COOK63NY8T8EYN8SD524AEWNB.pcm

SwiftExplicitDependencyGeneratePcm arm64 /Users/shizihan/DailyUse/Github/InkMarkdown/.scratch/architecture-deepening-2026-09-07/evidence/20260907-1415-ticket-27/consumer/DerivedData-InkMarkdownMermaidConsumer/ModuleCache.noindex/Foundation-5ZY2QLOKO24BWA61AJD8Q8CYX.pcm

SwiftEmitModule normal arm64 Emitting\ module\ for\ Markdown (in target 'Markdown' from project 'swift-markdown')

EmitSwiftModule normal arm64 (in target 'Markdown' from project 'swift-markdown')
    cd /Users/shizihan/DailyUse/Github/InkMarkdown/.github/fixtures/consumer-smoke/.swiftpm/xcode
    

SwiftCompile normal arm64 Compiling\ LineBreak.swift,\ SoftBreak.swift,\ SymbolLink.swift,\ Text.swift,\ Aside.swift,\ BlockDirectiveParser.swift,\ CommonMarkConverter.swift /Users/shizihan/DailyUse/Github/InkMarkdown/Packages/Caches/swift-markdown/Sources/Markdown/Inline\ Nodes/Inline\ Leaves/LineBreak.swift /Users/shizihan/DailyUse/Github/InkMarkdown/Packages/Caches/swift-markdown/Sources/Markdown/Inline\ Nodes/Inline\ Leaves/SoftBreak.swift /Users/shizihan/DailyUse/Github/InkMarkdown/Packages/Caches/swift-markdown/Sources/Markdown/Inline\ Nodes/Inline\ Leaves/SymbolLink.swift /Users/shizihan/DailyUse/Github/InkMarkdown/Packages/Caches/swift-markdown/Sources/Markdown/Inline\ Nodes/Inline\ Leaves/Text.swift /Users/shizihan/DailyUse/Github/InkMarkdown/Packages/Caches/swift-markdown/Sources/Markdown/Interpretive\ Nodes/Aside.swift /Users/shizihan/DailyUse/Github/InkMarkdown/Packages/Caches/swift-markdown/Sources/Markdown/Parser/BlockDirectiveParser.swift /Users/shizihan/DailyUse/Github/InkMarkdown/Packages/Caches/swift-markdown/Sources/Markdown/Parser/CommonMarkConverter.swift (in target 'Markdown' from project 'swift-markdown')
SwiftCompile normal arm64 /Users/shizihan/DailyUse/Github/InkMarkdown/Packages/Caches/swift-markdown/Sources/Markdown/Inline\ Nodes/Inline\ Leaves/LineBreak.swift (in target 'Markdown' from project 'swift-markdown')
    cd /Users/shizihan/DailyUse/Github/InkMarkdown/.github/fixtures/consumer-smoke/.swiftpm/xcode
    

SwiftCompile normal arm64 /Users/shizihan/DailyUse/Github/InkMarkdown/Packages/Caches/swift-markdown/Sources/Markdown/Inline\ Nodes/Inline\ Leaves/SoftBreak.swift (in target 'Markdown' from project 'swift-markdown')
    cd /Users/shizihan/DailyUse/Github/InkMarkdown/.github/fixtures/consumer-smoke/.swiftpm/xcode
    

SwiftCompile normal arm64 /Users/shizihan/DailyUse/Github/InkMarkdown/Packages/Caches/swift-markdown/Sources/Markdown/Inline\ Nodes/Inline\ Leaves/SymbolLink.swift (in target 'Markdown' from project 'swift-markdown')
    cd /Users/shizihan/DailyUse/Github/InkMarkdown/.github/fixtures/consumer-smoke/.swiftpm/xcode
    

SwiftCompile normal arm64 /Users/shizihan/DailyUse/Github/InkMarkdown/Packages/Caches/swift-markdown/Sources/Markdown/Inline\ Nodes/Inline\ Leaves/Text.swift (in target 'Markdown' from project 'swift-markdown')
    cd /Users/shizihan/DailyUse/Github/InkMarkdown/.github/fixtures/consumer-smoke/.swiftpm/xcode
    

SwiftCompile normal arm64 /Users/shizihan/DailyUse/Github/InkMarkdown/Packages/Caches/swift-markdown/Sources/Markdown/Interpretive\ Nodes/Aside.swift (in target 'Markdown' from project 'swift-markdown')
    cd /Users/shizihan/DailyUse/Github/InkMarkdown/.github/fixtures/consumer-smoke/.swiftpm/xcode
    

SwiftCompile normal arm64 /Users/shizihan/DailyUse/Github/InkMarkdown/Packages/Caches/swift-markdown/Sources/Markdown/Parser/BlockDirectiveParser.swift (in target 'Markdown' from project 'swift-markdown')
    cd /Users/shizihan/DailyUse/Github/InkMarkdown/.github/fixtures/consumer-smoke/.swiftpm/xcode
    

SwiftCompile normal arm64 /Users/shizihan/DailyUse/Github/InkMarkdown/Packages/Caches/swift-markdown/Sources/Markdown/Parser/CommonMarkConverter.swift (in target 'Markdown' from project 'swift-markdown')
    cd /Users/shizihan/DailyUse/Github/InkMarkdown/.github/fixtures/consumer-smoke/.swiftpm/xcode
    

SwiftCompile normal arm64 Compiling\ CollectionExtensions.swift,\ StringExtensions.swift,\ MarkupVisitor.swift,\ MarkupWalker.swift,\ HTMLFormatter.swift,\ MarkupFormatter.swift,\ MarkupTreeDumper.swift /Users/shizihan/DailyUse/Github/InkMarkdown/Packages/Caches/swift-markdown/Sources/Markdown/Utility/CollectionExtensions.swift /Users/shizihan/DailyUse/Github/InkMarkdown/Packages/Caches/swift-markdown/Sources/Markdown/Utility/StringExtensions.swift /Users/shizihan/DailyUse/Github/InkMarkdown/Packages/Caches/swift-markdown/Sources/Markdown/Visitor/MarkupVisitor.swift /Users/shizihan/DailyUse/Github/InkMarkdown/Packages/Caches/swift-markdown/Sources/Markdown/Walker/MarkupWalker.swift /Users/shizihan/DailyUse/Github/InkMarkdown/Packages/Caches/swift-markdown/Sources/Markdown/Walker/Walkers/HTMLFormatter.swift /Users/shizihan/DailyUse/Github/InkMarkdown/Packages/Caches/swift-markdown/Sources/Markdown/Walker/Walkers/MarkupFormatter.swift /Users/shizihan/DailyUse/Github/InkMarkdown/Packages/Caches/swift-markdown/Sources/Markdown/Walker/Walkers/MarkupTreeDumper.swift (in target 'Markdown' from project 'swift-markdown')

SwiftCompile normal arm64 /Users/shizihan/DailyUse/Github/InkMarkdown/Packages/Caches/swift-markdown/Sources/Markdown/Utility/CollectionExtensions.swift (in target 'Markdown' from project 'swift-markdown')
    cd /Users/shizihan/DailyUse/Github/InkMarkdown/.github/fixtures/consumer-smoke/.swiftpm/xcode
    

SwiftCompile normal arm64 /Users/shizihan/DailyUse/Github/InkMarkdown/Packages/Caches/swift-markdown/Sources/Markdown/Utility/StringExtensions.swift (in target 'Markdown' from project 'swift-markdown')
    cd /Users/shizihan/DailyUse/Github/InkMarkdown/.github/fixtures/consumer-smoke/.swiftpm/xcode
    

SwiftCompile normal arm64 /Users/shizihan/DailyUse/Github/InkMarkdown/Packages/Caches/swift-markdown/Sources/Markdown/Visitor/MarkupVisitor.swift (in target 'Markdown' from project 'swift-markdown')
    cd /Users/shizihan/DailyUse/Github/InkMarkdown/.github/fixtures/consumer-smoke/.swiftpm/xcode
    

SwiftCompile normal arm64 /Users/shizihan/DailyUse/Github/InkMarkdown/Packages/Caches/swift-markdown/Sources/Markdown/Walker/MarkupWalker.swift (in target 'Markdown' from project 'swift-markdown')
    cd /Users/shizihan/DailyUse/Github/InkMarkdown/.github/fixtures/consumer-smoke/.swiftpm/xcode
    

SwiftCompile normal arm64 /Users/shizihan/DailyUse/Github/InkMarkdown/Packages/Caches/swift-markdown/Sources/Markdown/Walker/Walkers/HTMLFormatter.swift (in target 'Markdown' from project 'swift-markdown')
    cd /Users/shizihan/DailyUse/Github/InkMarkdown/.github/fixtures/consumer-smoke/.swiftpm/xcode
    

SwiftCompile normal arm64 /Users/shizihan/DailyUse/Github/InkMarkdown/Packages/Caches/swift-markdown/Sources/Markdown/Walker/Walkers/MarkupFormatter.swift (in target 'Markdown' from project 'swift-markdown')
    cd /Users/shizihan/DailyUse/Github/InkMarkdown/.github/fixtures/consumer-smoke/.swiftpm/xcode
    

SwiftCompile normal arm64 /Users/shizihan/DailyUse/Github/InkMarkdown/Packages/Caches/swift-markdown/Sources/Markdown/Walker/Walkers/MarkupTreeDumper.swift (in target 'Markdown' from project 'swift-markdown')
    cd /Users/shizihan/DailyUse/Github/InkMarkdown/.github/fixtures/consumer-smoke/.swiftpm/xcode
    

SwiftCompile normal arm64 Compiling\ ChildIndexPath.swift,\ DirectiveArgument.swift,\ Document.swift,\ LiteralMarkup.swift,\ Markup.swift,\ MarkupChildren.swift,\ MarkupData.swift /Users/shizihan/DailyUse/Github/InkMarkdown/Packages/Caches/swift-markdown/Sources/Markdown/Base/ChildIndexPath.swift /Users/shizihan/DailyUse/Github/InkMarkdown/Packages/Caches/swift-markdown/Sources/Markdown/Base/DirectiveArgument.swift /Users/shizihan/DailyUse/Github/InkMarkdown/Packages/Caches/swift-markdown/Sources/Markdown/Base/Document.swift /Users/shizihan/DailyUse/Github/InkMarkdown/Packages/Caches/swift-markdown/Sources/Markdown/Base/LiteralMarkup.swift /Users/shizihan/DailyUse/Github/InkMarkdown/Packages/Caches/swift-markdown/Sources/Markdown/Base/Markup.swift /Users/shizihan/DailyUse/Github/InkMarkdown/Packages/Caches/swift-markdown/Sources/Markdown/Base/MarkupChildren.swift /Users/shizihan/DailyUse/Github/InkMarkdown/Packages/Caches/swift-markdown/Sources/Markdown/Base/MarkupData.swift (in target 'Markdown' from project 'swift-markdown')

SwiftCompile normal arm64 /Users/shizihan/DailyUse/Github/InkMarkdown/Packages/Caches/swift-markdown/Sources/Markdown/Base/ChildIndexPath.swift (in target 'Markdown' from project 'swift-markdown')
    cd /Users/shizihan/DailyUse/Github/InkMarkdown/.github/fixtures/consumer-smoke/.swiftpm/xcode
    

SwiftCompile normal arm64 /Users/shizihan/DailyUse/Github/InkMarkdown/Packages/Caches/swift-markdown/Sources/Markdown/Base/DirectiveArgument.swift (in target 'Markdown' from project 'swift-markdown')
    cd /Users/shizihan/DailyUse/Github/InkMarkdown/.github/fixtures/consumer-smoke/.swiftpm/xcode
    

SwiftCompile normal arm64 /Users/shizihan/DailyUse/Github/InkMarkdown/Packages/Caches/swift-markdown/Sources/Markdown/Base/Document.swift (in target 'Markdown' from project 'swift-markdown')
    cd /Users/shizihan/DailyUse/Github/InkMarkdown/.github/fixtures/consumer-smoke/.swiftpm/xcode
    

SwiftCompile normal arm64 /Users/shizihan/DailyUse/Github/InkMarkdown/Packages/Caches/swift-markdown/Sources/Markdown/Base/LiteralMarkup.swift (in target 'Markdown' from project 'swift-markdown')
    cd /Users/shizihan/DailyUse/Github/InkMarkdown/.github/fixtures/consumer-smoke/.swiftpm/xcode
    

SwiftCompile normal arm64 /Users/shizihan/DailyUse/Github/InkMarkdown/Packages/Caches/swift-markdown/Sources/Markdown/Base/Markup.swift (in target 'Markdown' from project 'swift-markdown')
    cd /Users/shizihan/DailyUse/Github/InkMarkdown/.github/fixtures/consumer-smoke/.swiftpm/xcode
    

SwiftCompile normal arm64 /Users/shizihan/DailyUse/Github/InkMarkdown/Packages/Caches/swift-markdown/Sources/Markdown/Base/MarkupChildren.swift (in target 'Markdown' from project 'swift-markdown')
    cd /Users/shizihan/DailyUse/Github/InkMarkdown/.github/fixtures/consumer-smoke/.swiftpm/xcode
    

SwiftCompile normal arm64 /Users/shizihan/DailyUse/Github/InkMarkdown/Packages/Caches/swift-markdown/Sources/Markdown/Base/MarkupData.swift (in target 'Markdown' from project 'swift-markdown')
    cd /Users/shizihan/DailyUse/Github/InkMarkdown/.github/fixtures/consumer-smoke/.swiftpm/xcode
    

SwiftCompile normal arm64 Compiling\ CodeBlock.swift,\ HTMLBlock.swift,\ Heading.swift,\ ThematicBreak.swift,\ Table.swift,\ TableBody.swift,\ TableCell.swift /Users/shizihan/DailyUse/Github/InkMarkdown/Packages/Caches/swift-markdown/Sources/Markdown/Block\ Nodes/Leaf\ Blocks/CodeBlock.swift /Users/shizihan/DailyUse/Github/InkMarkdown/Packages/Caches/swift-markdown/Sources/Markdown/Block\ Nodes/Leaf\ Blocks/HTMLBlock.swift /Users/shizihan/DailyUse/Github/InkMarkdown/Packages/Caches/swift-markdown/Sources/Markdown/Block\ Nodes/Leaf\ Blocks/Heading.swift /Users/shizihan/DailyUse/Github/InkMarkdown/Packages/Caches/swift-markdown/Sources/Markdown/Block\ Nodes/Leaf\ Blocks/ThematicBreak.swift /Users/shizihan/DailyUse/Github/InkMarkdown/Packages/Caches/swift-markdown/Sources/Markdown/Block\ Nodes/Tables/Table.swift /Users/shizihan/DailyUse/Github/InkMarkdown/Packages/Caches/swift-markdown/Sources/Markdown/Block\ Nodes/Tables/TableBody.swift /Users/shizihan/DailyUse/Github/InkMarkdown/Packages/Caches/swift-markdown/Sources/Markdown/Block\ Nodes/Tables/TableCell.swift (in target 'Markdown' from project 'swift-markdown')

SwiftCompile normal arm64 /Users/shizihan/DailyUse/Github/InkMarkdown/Packages/Caches/swift-markdown/Sources/Markdown/Block\ Nodes/Leaf\ Blocks/CodeBlock.swift (in target 'Markdown' from project 'swift-markdown')
    cd /Users/shizihan/DailyUse/Github/InkMarkdown/.github/fixtures/consumer-smoke/.swiftpm/xcode
    

SwiftCompile normal arm64 /Users/shizihan/DailyUse/Github/InkMarkdown/Packages/Caches/swift-markdown/Sources/Markdown/Block\ Nodes/Leaf\ Blocks/HTMLBlock.swift (in target 'Markdown' from project 'swift-markdown')
    cd /Users/shizihan/DailyUse/Github/InkMarkdown/.github/fixtures/consumer-smoke/.swiftpm/xcode
    

SwiftCompile normal arm64 /Users/shizihan/DailyUse/Github/InkMarkdown/Packages/Caches/swift-markdown/Sources/Markdown/Block\ Nodes/Leaf\ Blocks/Heading.swift (in target 'Markdown' from project 'swift-markdown')
    cd /Users/shizihan/DailyUse/Github/InkMarkdown/.github/fixtures/consumer-smoke/.swiftpm/xcode
    

SwiftCompile normal arm64 /Users/shizihan/DailyUse/Github/InkMarkdown/Packages/Caches/swift-markdown/Sources/Markdown/Block\ Nodes/Leaf\ Blocks/ThematicBreak.swift (in target 'Markdown' from project 'swift-markdown')
    cd /Users/shizihan/DailyUse/Github/InkMarkdown/.github/fixtures/consumer-smoke/.swiftpm/xcode
    

SwiftCompile normal arm64 /Users/shizihan/DailyUse/Github/InkMarkdown/Packages/Caches/swift-markdown/Sources/Markdown/Block\ Nodes/Tables/Table.swift (in target 'Markdown' from project 'swift-markdown')
    cd /Users/shizihan/DailyUse/Github/InkMarkdown/.github/fixtures/consumer-smoke/.swiftpm/xcode
    

SwiftCompile normal arm64 /Users/shizihan/DailyUse/Github/InkMarkdown/Packages/Caches/swift-markdown/Sources/Markdown/Block\ Nodes/Tables/TableBody.swift (in target 'Markdown' from project 'swift-markdown')
    cd /Users/shizihan/DailyUse/Github/InkMarkdown/.github/fixtures/consumer-smoke/.swiftpm/xcode
    

SwiftCompile normal arm64 /Users/shizihan/DailyUse/Github/InkMarkdown/Packages/Caches/swift-markdown/Sources/Markdown/Block\ Nodes/Tables/TableCell.swift (in target 'Markdown' from project 'swift-markdown')
    cd /Users/shizihan/DailyUse/Github/InkMarkdown/.github/fixtures/consumer-smoke/.swiftpm/xcode
    

SwiftCompile normal arm64 Compiling\ PlainTextConvertibleMarkup.swift,\ RawMarkup.swift,\ BlockDirective.swift,\ BlockQuote.swift,\ CustomBlock.swift,\ DoxygenAbstract.swift,\ DoxygenDiscussion.swift /Users/shizihan/DailyUse/Github/InkMarkdown/Packages/Caches/swift-markdown/Sources/Markdown/Base/PlainTextConvertibleMarkup.swift /Users/shizihan/DailyUse/Github/InkMarkdown/Packages/Caches/swift-markdown/Sources/Markdown/Base/RawMarkup.swift /Users/shizihan/DailyUse/Github/InkMarkdown/Packages/Caches/swift-markdown/Sources/Markdown/Block\ Nodes/Block\ Container\ Blocks/BlockDirective.swift /Users/shizihan/DailyUse/Github/InkMarkdown/Packages/Caches/swift-markdown/Sources/Markdown/Block\ Nodes/Block\ Container\ Blocks/BlockQuote.swift /Users/shizihan/DailyUse/Github/InkMarkdown/Packages/Caches/swift-markdown/Sources/Markdown/Block\ Nodes/Block\ Container\ Blocks/CustomBlock.swift /Users/shizihan/DailyUse/Github/InkMarkdown/Packages/Caches/swift-markdown/Sources/Markdown/Block\ Nodes/Block\ Container\ Blocks/Doxygen\ Commands/DoxygenAbstract.swift /Users/shizihan/DailyUse/Github/InkMarkdown/Packages/Caches/swift-markdown/Sources/Markdown/Block\ Nodes/Block\ Container\ Blocks/Doxygen\ Commands/DoxygenDiscussion.swift (in target 'Markdown' from project 'swift-markdown')

SwiftCompile normal arm64 /Users/shizihan/DailyUse/Github/InkMarkdown/Packages/Caches/swift-markdown/Sources/Markdown/Base/PlainTextConvertibleMarkup.swift (in target 'Markdown' from project 'swift-markdown')
    cd /Users/shizihan/DailyUse/Github/InkMarkdown/.github/fixtures/consumer-smoke/.swiftpm/xcode
    

SwiftCompile normal arm64 /Users/shizihan/DailyUse/Github/InkMarkdown/Packages/Caches/swift-markdown/Sources/Markdown/Base/RawMarkup.swift (in target 'Markdown' from project 'swift-markdown')
    cd /Users/shizihan/DailyUse/Github/InkMarkdown/.github/fixtures/consumer-smoke/.swiftpm/xcode
    

SwiftCompile normal arm64 /Users/shizihan/DailyUse/Github/InkMarkdown/Packages/Caches/swift-markdown/Sources/Markdown/Block\ Nodes/Block\ Container\ Blocks/BlockDirective.swift (in target 'Markdown' from project 'swift-markdown')
    cd /Users/shizihan/DailyUse/Github/InkMarkdown/.github/fixtures/consumer-smoke/.swiftpm/xcode
    

SwiftCompile normal arm64 /Users/shizihan/DailyUse/Github/InkMarkdown/Packages/Caches/swift-markdown/Sources/Markdown/Block\ Nodes/Block\ Container\ Blocks/BlockQuote.swift (in target 'Markdown' from project 'swift-markdown')
    cd /Users/shizihan/DailyUse/Github/InkMarkdown/.github/fixtures/consumer-smoke/.swiftpm/xcode
    

SwiftCompile normal arm64 /Users/shizihan/DailyUse/Github/InkMarkdown/Packages/Caches/swift-markdown/Sources/Markdown/Block\ Nodes/Block\ Container\ Blocks/CustomBlock.swift (in target 'Markdown' from project 'swift-markdown')
    cd /Users/shizihan/DailyUse/Github/InkMarkdown/.github/fixtures/consumer-smoke/.swiftpm/xcode
    

SwiftCompile normal arm64 /Users/shizihan/DailyUse/Github/InkMarkdown/Packages/Caches/swift-markdown/Sources/Markdown/Block\ Nodes/Block\ Container\ Blocks/Doxygen\ Commands/DoxygenAbstract.swift (in target 'Markdown' from project 'swift-markdown')
    cd /Users/shizihan/DailyUse/Github/InkMarkdown/.github/fixtures/consumer-smoke/.swiftpm/xcode
    

SwiftCompile normal arm64 /Users/shizihan/DailyUse/Github/InkMarkdown/Packages/Caches/swift-markdown/Sources/Markdown/Block\ Nodes/Block\ Container\ Blocks/Doxygen\ Commands/DoxygenDiscussion.swift (in target 'Markdown' from project 'swift-markdown')
    cd /Users/shizihan/DailyUse/Github/InkMarkdown/.github/fixtures/consumer-smoke/.swiftpm/xcode
    

SwiftCompile normal arm64 Compiling\ TableCellContainer.swift,\ TableHead.swift,\ TableRow.swift,\ Replacement.swift,\ SourceLocation.swift,\ Emphasis.swift,\ Image.swift /Users/shizihan/DailyUse/Github/InkMarkdown/Packages/Caches/swift-markdown/Sources/Markdown/Block\ Nodes/Tables/TableCellContainer.swift /Users/shizihan/DailyUse/Github/InkMarkdown/Packages/Caches/swift-markdown/Sources/Markdown/Block\ Nodes/Tables/TableHead.swift /Users/shizihan/DailyUse/Github/InkMarkdown/Packages/Caches/swift-markdown/Sources/Markdown/Block\ Nodes/Tables/TableRow.swift /Users/shizihan/DailyUse/Github/InkMarkdown/Packages/Caches/swift-markdown/Sources/Markdown/Infrastructure/Replacement.swift /Users/shizihan/DailyUse/Github/InkMarkdown/Packages/Caches/swift-markdown/Sources/Markdown/Infrastructure/SourceLocation.swift /Users/shizihan/DailyUse/Github/InkMarkdown/Packages/Caches/swift-markdown/Sources/Markdown/Inline\ Nodes/Inline\ Containers/Emphasis.swift /Users/shizihan/DailyUse/Github/InkMarkdown/Packages/Caches/swift-markdown/Sources/Markdown/Inline\ Nodes/Inline\ Containers/Image.swift (in target 'Markdown' from project 'swift-markdown')

SwiftCompile normal arm64 /Users/shizihan/DailyUse/Github/InkMarkdown/Packages/Caches/swift-markdown/Sources/Markdown/Block\ Nodes/Tables/TableCellContainer.swift (in target 'Markdown' from project 'swift-markdown')
    cd /Users/shizihan/DailyUse/Github/InkMarkdown/.github/fixtures/consumer-smoke/.swiftpm/xcode
    

SwiftCompile normal arm64 /Users/shizihan/DailyUse/Github/InkMarkdown/Packages/Caches/swift-markdown/Sources/Markdown/Block\ Nodes/Tables/TableHead.swift (in target 'Markdown' from project 'swift-markdown')
    cd /Users/shizihan/DailyUse/Github/InkMarkdown/.github/fixtures/consumer-smoke/.swiftpm/xcode
    

SwiftCompile normal arm64 /Users/shizihan/DailyUse/Github/InkMarkdown/Packages/Caches/swift-markdown/Sources/Markdown/Block\ Nodes/Tables/TableRow.swift (in target 'Markdown' from project 'swift-markdown')
    cd /Users/shizihan/DailyUse/Github/InkMarkdown/.github/fixtures/consumer-smoke/.swiftpm/xcode
    

SwiftCompile normal arm64 /Users/shizihan/DailyUse/Github/InkMarkdown/Packages/Caches/swift-markdown/Sources/Markdown/Infrastructure/Replacement.swift (in target 'Markdown' from project 'swift-markdown')
    cd /Users/shizihan/DailyUse/Github/InkMarkdown/.github/fixtures/consumer-smoke/.swiftpm/xcode
    

SwiftCompile normal arm64 /Users/shizihan/DailyUse/Github/InkMarkdown/Packages/Caches/swift-markdown/Sources/Markdown/Infrastructure/SourceLocation.swift (in target 'Markdown' from project 'swift-markdown')
    cd /Users/shizihan/DailyUse/Github/InkMarkdown/.github/fixtures/consumer-smoke/.swiftpm/xcode
    

SwiftCompile normal arm64 /Users/shizihan/DailyUse/Github/InkMarkdown/Packages/Caches/swift-markdown/Sources/Markdown/Inline\ Nodes/Inline\ Containers/Emphasis.swift (in target 'Markdown' from project 'swift-markdown')
    cd /Users/shizihan/DailyUse/Github/InkMarkdown/.github/fixtures/consumer-smoke/.swiftpm/xcode
    

SwiftCompile normal arm64 /Users/shizihan/DailyUse/Github/InkMarkdown/Packages/Caches/swift-markdown/Sources/Markdown/Inline\ Nodes/Inline\ Containers/Image.swift (in target 'Markdown' from project 'swift-markdown')
    cd /Users/shizihan/DailyUse/Github/InkMarkdown/.github/fixtures/consumer-smoke/.swiftpm/xcode
    

SwiftCompile normal arm64 Compiling\ LazySplitLines.swift,\ ParseOptions.swift,\ RangeAdjuster.swift,\ RangerTracker.swift,\ MarkupRewriter.swift,\ BasicBlockContainer.swift,\ BasicInlineContainer.swift /Users/shizihan/DailyUse/Github/InkMarkdown/Packages/Caches/swift-markdown/Sources/Markdown/Parser/LazySplitLines.swift /Users/shizihan/DailyUse/Github/InkMarkdown/Packages/Caches/swift-markdown/Sources/Markdown/Parser/ParseOptions.swift /Users/shizihan/DailyUse/Github/InkMarkdown/Packages/Caches/swift-markdown/Sources/Markdown/Parser/RangeAdjuster.swift /Users/shizihan/DailyUse/Github/InkMarkdown/Packages/Caches/swift-markdown/Sources/Markdown/Parser/RangerTracker.swift /Users/shizihan/DailyUse/Github/InkMarkdown/Packages/Caches/swift-markdown/Sources/Markdown/Rewriter/MarkupRewriter.swift /Users/shizihan/DailyUse/Github/InkMarkdown/Packages/Caches/swift-markdown/Sources/Markdown/Structural\ Restrictions/BasicBlockContainer.swift /Users/shizihan/DailyUse/Github/InkMarkdown/Packages/Caches/swift-markdown/Sources/Markdown/Structural\ Restrictions/BasicInlineContainer.swift (in target 'Markdown' from project 'swift-markdown')

SwiftCompile normal arm64 /Users/shizihan/DailyUse/Github/InkMarkdown/Packages/Caches/swift-markdown/Sources/Markdown/Parser/LazySplitLines.swift (in target 'Markdown' from project 'swift-markdown')
    cd /Users/shizihan/DailyUse/Github/InkMarkdown/.github/fixtures/consumer-smoke/.swiftpm/xcode
    

SwiftCompile normal arm64 /Users/shizihan/DailyUse/Github/InkMarkdown/Packages/Caches/swift-markdown/Sources/Markdown/Parser/ParseOptions.swift (in target 'Markdown' from project 'swift-markdown')
    cd /Users/shizihan/DailyUse/Github/InkMarkdown/.github/fixtures/consumer-smoke/.swiftpm/xcode
    

SwiftCompile normal arm64 /Users/shizihan/DailyUse/Github/InkMarkdown/Packages/Caches/swift-markdown/Sources/Markdown/Parser/RangeAdjuster.swift (in target 'Markdown' from project 'swift-markdown')
    cd /Users/shizihan/DailyUse/Github/InkMarkdown/.github/fixtures/consumer-smoke/.swiftpm/xcode
    

SwiftCompile normal arm64 /Users/shizihan/DailyUse/Github/InkMarkdown/Packages/Caches/swift-markdown/Sources/Markdown/Parser/RangerTracker.swift (in target 'Markdown' from project 'swift-markdown')
    cd /Users/shizihan/DailyUse/Github/InkMarkdown/.github/fixtures/consumer-smoke/.swiftpm/xcode
    

SwiftCompile normal arm64 /Users/shizihan/DailyUse/Github/InkMarkdown/Packages/Caches/swift-markdown/Sources/Markdown/Rewriter/MarkupRewriter.swift (in target 'Markdown' from project 'swift-markdown')
    cd /Users/shizihan/DailyUse/Github/InkMarkdown/.github/fixtures/consumer-smoke/.swiftpm/xcode
    

SwiftCompile normal arm64 /Users/shizihan/DailyUse/Github/InkMarkdown/Packages/Caches/swift-markdown/Sources/Markdown/Structural\ Restrictions/BasicBlockContainer.swift (in target 'Markdown' from project 'swift-markdown')
    cd /Users/shizihan/DailyUse/Github/InkMarkdown/.github/fixtures/consumer-smoke/.swiftpm/xcode
    

SwiftCompile normal arm64 /Users/shizihan/DailyUse/Github/InkMarkdown/Packages/Caches/swift-markdown/Sources/Markdown/Structural\ Restrictions/BasicInlineContainer.swift (in target 'Markdown' from project 'swift-markdown')
    cd /Users/shizihan/DailyUse/Github/InkMarkdown/.github/fixtures/consumer-smoke/.swiftpm/xcode
    

SwiftCompile normal arm64 Compiling\ BlockContainer.swift,\ BlockMarkup.swift,\ InlineContainer.swift,\ InlineMarkup.swift,\ ListItemContainer.swift,\ AtomicCounter.swift,\ CharacterExtensions.swift /Users/shizihan/DailyUse/Github/InkMarkdown/Packages/Caches/swift-markdown/Sources/Markdown/Structural\ Restrictions/BlockContainer.swift /Users/shizihan/DailyUse/Github/InkMarkdown/Packages/Caches/swift-markdown/Sources/Markdown/Structural\ Restrictions/BlockMarkup.swift /Users/shizihan/DailyUse/Github/InkMarkdown/Packages/Caches/swift-markdown/Sources/Markdown/Structural\ Restrictions/InlineContainer.swift /Users/shizihan/DailyUse/Github/InkMarkdown/Packages/Caches/swift-markdown/Sources/Markdown/Structural\ Restrictions/InlineMarkup.swift /Users/shizihan/DailyUse/Github/InkMarkdown/Packages/Caches/swift-markdown/Sources/Markdown/Structural\ Restrictions/ListItemContainer.swift /Users/shizihan/DailyUse/Github/InkMarkdown/Packages/Caches/swift-markdown/Sources/Markdown/Utility/AtomicCounter.swift /Users/shizihan/DailyUse/Github/InkMarkdown/Packages/Caches/swift-markdown/Sources/Markdown/Utility/CharacterExtensions.swift (in target 'Markdown' from project 'swift-markdown')

SwiftCompile normal arm64 /Users/shizihan/DailyUse/Github/InkMarkdown/Packages/Caches/swift-markdown/Sources/Markdown/Structural\ Restrictions/BlockContainer.swift (in target 'Markdown' from project 'swift-markdown')
    cd /Users/shizihan/DailyUse/Github/InkMarkdown/.github/fixtures/consumer-smoke/.swiftpm/xcode
    

SwiftCompile normal arm64 /Users/shizihan/DailyUse/Github/InkMarkdown/Packages/Caches/swift-markdown/Sources/Markdown/Structural\ Restrictions/BlockMarkup.swift (in target 'Markdown' from project 'swift-markdown')
    cd /Users/shizihan/DailyUse/Github/InkMarkdown/.github/fixtures/consumer-smoke/.swiftpm/xcode
    

SwiftCompile normal arm64 /Users/shizihan/DailyUse/Github/InkMarkdown/Packages/Caches/swift-markdown/Sources/Markdown/Structural\ Restrictions/InlineContainer.swift (in target 'Markdown' from project 'swift-markdown')
    cd /Users/shizihan/DailyUse/Github/InkMarkdown/.github/fixtures/consumer-smoke/.swiftpm/xcode
    

SwiftCompile normal arm64 /Users/shizihan/DailyUse/Github/InkMarkdown/Packages/Caches/swift-markdown/Sources/Markdown/Structural\ Restrictions/InlineMarkup.swift (in target 'Markdown' from project 'swift-markdown')
    cd /Users/shizihan/DailyUse/Github/InkMarkdown/.github/fixtures/consumer-smoke/.swiftpm/xcode
    

SwiftCompile normal arm64 /Users/shizihan/DailyUse/Github/InkMarkdown/Packages/Caches/swift-markdown/Sources/Markdown/Structural\ Restrictions/ListItemContainer.swift (in target 'Markdown' from project 'swift-markdown')
    cd /Users/shizihan/DailyUse/Github/InkMarkdown/.github/fixtures/consumer-smoke/.swiftpm/xcode
    

SwiftCompile normal arm64 /Users/shizihan/DailyUse/Github/InkMarkdown/Packages/Caches/swift-markdown/Sources/Markdown/Utility/AtomicCounter.swift (in target 'Markdown' from project 'swift-markdown')
    cd /Users/shizihan/DailyUse/Github/InkMarkdown/.github/fixtures/consumer-smoke/.swiftpm/xcode
    

SwiftCompile normal arm64 /Users/shizihan/DailyUse/Github/InkMarkdown/Packages/Caches/swift-markdown/Sources/Markdown/Utility/CharacterExtensions.swift (in target 'Markdown' from project 'swift-markdown')
    cd /Users/shizihan/DailyUse/Github/InkMarkdown/.github/fixtures/consumer-smoke/.swiftpm/xcode
    

SwiftCompile normal arm64 Compiling\ InlineAttributes.swift,\ Link.swift,\ Strikethrough.swift,\ Strong.swift,\ CustomInline.swift,\ InlineCode.swift,\ InlineHTML.swift /Users/shizihan/DailyUse/Github/InkMarkdown/Packages/Caches/swift-markdown/Sources/Markdown/Inline\ Nodes/Inline\ Containers/InlineAttributes.swift /Users/shizihan/DailyUse/Github/InkMarkdown/Packages/Caches/swift-markdown/Sources/Markdown/Inline\ Nodes/Inline\ Containers/Link.swift /Users/shizihan/DailyUse/Github/InkMarkdown/Packages/Caches/swift-markdown/Sources/Markdown/Inline\ Nodes/Inline\ Containers/Strikethrough.swift /Users/shizihan/DailyUse/Github/InkMarkdown/Packages/Caches/swift-markdown/Sources/Markdown/Inline\ Nodes/Inline\ Containers/Strong.swift /Users/shizihan/DailyUse/Github/InkMarkdown/Packages/Caches/swift-markdown/Sources/Markdown/Inline\ Nodes/Inline\ Leaves/CustomInline.swift /Users/shizihan/DailyUse/Github/InkMarkdown/Packages/Caches/swift-markdown/Sources/Markdown/Inline\ Nodes/Inline\ Leaves/InlineCode.swift /Users/shizihan/DailyUse/Github/InkMarkdown/Packages/Caches/swift-markdown/Sources/Markdown/Inline\ Nodes/Inline\ Leaves/InlineHTML.swift (in target 'Markdown' from project 'swift-markdown')

SwiftCompile normal arm64 /Users/shizihan/DailyUse/Github/InkMarkdown/Packages/Caches/swift-markdown/Sources/Markdown/Inline\ Nodes/Inline\ Containers/InlineAttributes.swift (in target 'Markdown' from project 'swift-markdown')
    cd /Users/shizihan/DailyUse/Github/InkMarkdown/.github/fixtures/consumer-smoke/.swiftpm/xcode
    

SwiftCompile normal arm64 /Users/shizihan/DailyUse/Github/InkMarkdown/Packages/Caches/swift-markdown/Sources/Markdown/Inline\ Nodes/Inline\ Containers/Link.swift (in target 'Markdown' from project 'swift-markdown')
    cd /Users/shizihan/DailyUse/Github/InkMarkdown/.github/fixtures/consumer-smoke/.swiftpm/xcode
    

SwiftCompile normal arm64 /Users/shizihan/DailyUse/Github/InkMarkdown/Packages/Caches/swift-markdown/Sources/Markdown/Inline\ Nodes/Inline\ Containers/Strikethrough.swift (in target 'Markdown' from project 'swift-markdown')
    cd /Users/shizihan/DailyUse/Github/InkMarkdown/.github/fixtures/consumer-smoke/.swiftpm/xcode
    

SwiftCompile normal arm64 /Users/shizihan/DailyUse/Github/InkMarkdown/Packages/Caches/swift-markdown/Sources/Markdown/Inline\ Nodes/Inline\ Containers/Strong.swift (in target 'Markdown' from project 'swift-markdown')
    cd /Users/shizihan/DailyUse/Github/InkMarkdown/.github/fixtures/consumer-smoke/.swiftpm/xcode
    

SwiftCompile normal arm64 /Users/shizihan/DailyUse/Github/InkMarkdown/Packages/Caches/swift-markdown/Sources/Markdown/Inline\ Nodes/Inline\ Leaves/CustomInline.swift (in target 'Markdown' from project 'swift-markdown')
    cd /Users/shizihan/DailyUse/Github/InkMarkdown/.github/fixtures/consumer-smoke/.swiftpm/xcode
    

SwiftCompile normal arm64 /Users/shizihan/DailyUse/Github/InkMarkdown/Packages/Caches/swift-markdown/Sources/Markdown/Inline\ Nodes/Inline\ Leaves/InlineCode.swift (in target 'Markdown' from project 'swift-markdown')
    cd /Users/shizihan/DailyUse/Github/InkMarkdown/.github/fixtures/consumer-smoke/.swiftpm/xcode
    

SwiftCompile normal arm64 /Users/shizihan/DailyUse/Github/InkMarkdown/Packages/Caches/swift-markdown/Sources/Markdown/Inline\ Nodes/Inline\ Leaves/InlineHTML.swift (in target 'Markdown' from project 'swift-markdown')
    cd /Users/shizihan/DailyUse/Github/InkMarkdown/.github/fixtures/consumer-smoke/.swiftpm/xcode
    

SwiftCompile normal arm64 Compiling\ DoxygenNote.swift,\ DoxygenParameter.swift,\ DoxygenReturns.swift,\ ListItem.swift,\ OrderedList.swift,\ UnorderedList.swift,\ Paragraph.swift /Users/shizihan/DailyUse/Github/InkMarkdown/Packages/Caches/swift-markdown/Sources/Markdown/Block\ Nodes/Block\ Container\ Blocks/Doxygen\ Commands/DoxygenNote.swift /Users/shizihan/DailyUse/Github/InkMarkdown/Packages/Caches/swift-markdown/Sources/Markdown/Block\ Nodes/Block\ Container\ Blocks/Doxygen\ Commands/DoxygenParameter.swift /Users/shizihan/DailyUse/Github/InkMarkdown/Packages/Caches/swift-markdown/Sources/Markdown/Block\ Nodes/Block\ Container\ Blocks/Doxygen\ Commands/DoxygenReturns.swift /Users/shizihan/DailyUse/Github/InkMarkdown/Packages/Caches/swift-markdown/Sources/Markdown/Block\ Nodes/Block\ Container\ Blocks/ListItem.swift /Users/shizihan/DailyUse/Github/InkMarkdown/Packages/Caches/swift-markdown/Sources/Markdown/Block\ Nodes/Block\ Container\ Blocks/OrderedList.swift /Users/shizihan/DailyUse/Github/InkMarkdown/Packages/Caches/swift-markdown/Sources/Markdown/Block\ Nodes/Block\ Container\ Blocks/UnorderedList.swift /Users/shizihan/DailyUse/Github/InkMarkdown/Packages/Caches/swift-markdown/Sources/Markdown/Block\ Nodes/Inline\ Container\ Blocks/Paragraph.swift (in target 'Markdown' from project 'swift-markdown')

SwiftCompile normal arm64 /Users/shizihan/DailyUse/Github/InkMarkdown/Packages/Caches/swift-markdown/Sources/Markdown/Block\ Nodes/Block\ Container\ Blocks/Doxygen\ Commands/DoxygenNote.swift (in target 'Markdown' from project 'swift-markdown')
    cd /Users/shizihan/DailyUse/Github/InkMarkdown/.github/fixtures/consumer-smoke/.swiftpm/xcode
    

SwiftCompile normal arm64 /Users/shizihan/DailyUse/Github/InkMarkdown/Packages/Caches/swift-markdown/Sources/Markdown/Block\ Nodes/Block\ Container\ Blocks/Doxygen\ Commands/DoxygenParameter.swift (in target 'Markdown' from project 'swift-markdown')
    cd /Users/shizihan/DailyUse/Github/InkMarkdown/.github/fixtures/consumer-smoke/.swiftpm/xcode
    

SwiftCompile normal arm64 /Users/shizihan/DailyUse/Github/InkMarkdown/Packages/Caches/swift-markdown/Sources/Markdown/Block\ Nodes/Block\ Container\ Blocks/Doxygen\ Commands/DoxygenReturns.swift (in target 'Markdown' from project 'swift-markdown')
    cd /Users/shizihan/DailyUse/Github/InkMarkdown/.github/fixtures/consumer-smoke/.swiftpm/xcode
    

SwiftCompile normal arm64 /Users/shizihan/DailyUse/Github/InkMarkdown/Packages/Caches/swift-markdown/Sources/Markdown/Block\ Nodes/Block\ Container\ Blocks/ListItem.swift (in target 'Markdown' from project 'swift-markdown')
    cd /Users/shizihan/DailyUse/Github/InkMarkdown/.github/fixtures/consumer-smoke/.swiftpm/xcode
    

SwiftCompile normal arm64 /Users/shizihan/DailyUse/Github/InkMarkdown/Packages/Caches/swift-markdown/Sources/Markdown/Block\ Nodes/Block\ Container\ Blocks/OrderedList.swift (in target 'Markdown' from project 'swift-markdown')
    cd /Users/shizihan/DailyUse/Github/InkMarkdown/.github/fixtures/consumer-smoke/.swiftpm/xcode
    

SwiftCompile normal arm64 /Users/shizihan/DailyUse/Github/InkMarkdown/Packages/Caches/swift-markdown/Sources/Markdown/Block\ Nodes/Block\ Container\ Blocks/UnorderedList.swift (in target 'Markdown' from project 'swift-markdown')
    cd /Users/shizihan/DailyUse/Github/InkMarkdown/.github/fixtures/consumer-smoke/.swiftpm/xcode
    

SwiftCompile normal arm64 /Users/shizihan/DailyUse/Github/InkMarkdown/Packages/Caches/swift-markdown/Sources/Markdown/Block\ Nodes/Inline\ Container\ Blocks/Paragraph.swift (in target 'Markdown' from project 'swift-markdown')
    cd /Users/shizihan/DailyUse/Github/InkMarkdown/.github/fixtures/consumer-smoke/.swiftpm/xcode
    

SwiftDriverJobDiscovery normal arm64 Emitting module for Markdown (in target 'Markdown' from project 'swift-markdown')

SwiftDriver\ Compilation\ Requirements Markdown normal arm64 com.apple.xcode.tools.swift.compiler (in target 'Markdown' from project 'swift-markdown')
    cd /Users/shizihan/DailyUse/Github/InkMarkdown/.github/fixtures/consumer-smoke/.swiftpm/xcode
    builtin-Swift-Compilation-Requirements -- /Applications/Xcode.app/Contents/Developer/Toolchains/XcodeDefault.xctoolchain/usr/bin/swiftc -module-name Markdown -Onone @/Users/shizihan/DailyUse/Github/InkMarkdown/.scratch/architecture-deepening-2026-09-07/evidence/20260907-1415-ticket-27/consumer/DerivedData-InkMarkdownMermaidConsumer/Build/Intermediates.noindex/swift-markdown.build/Debug-iphonesimulator/Markdown.build/Objects-normal/arm64/Markdown.SwiftFileList -DSWIFT_PACKAGE -DDEBUG -DSWIFT_MODULE_RESOURCE_BUNDLE_UNAVAILABLE -DXcode -plugin-path /Applications/Xcode.app/Contents/Developer/Toolchains/XcodeDefault.xctoolchain/usr/lib/swift/host/plugins/testing -enable-experimental-feature DebugDescriptionMacro -sdk /Applications/Xcode.app/Contents/Developer/Platforms/iPhoneSimulator.platform/Developer/SDKs/iPhoneSimulator26.5.sdk -target arm64-apple-ios12.0-simulator -g -module-cache-path /Users/shizihan/DailyUse/Github/InkMarkdown/.scratch/architecture-deepening-2026-09-07/evidence/20260907-1415-ticket-27/consumer/DerivedData-InkMarkdownMermaidConsumer/ModuleCache.noindex -Xfrontend -serialize-debugging-options -enable-testing -suppress-warnings -index-store-path /Users/shizihan/DailyUse/Github/InkMarkdown/.scratch/architecture-deepening-2026-09-07/evidence/20260907-1415-ticket-27/consumer/DerivedData-InkMarkdownMermaidConsumer/Index.noindex/DataStore -Xcc -D_LIBCPP_HARDENING_MODE\=_LIBCPP_HARDENING_MODE_DEBUG -swift-version 5 -I /Users/shizihan/DailyUse/Github/InkMarkdown/.scratch/architecture-deepening-2026-09-07/evidence/20260907-1415-ticket-27/consumer/DerivedData-InkMarkdownMermaidConsumer/Build/Products/Debug-iphonesimulator -Isystem /Applications/Xcode.app/Contents/Developer/Platforms/iPhoneSimulator.platform/Developer/usr/lib -F /Users/shizihan/DailyUse/Github/InkMarkdown/.scratch/architecture-deepening-2026-09-07/evidence/20260907-1415-ticket-27/consumer/DerivedData-InkMarkdownMermaidConsumer/Build/Products/Debug-iphonesimulator/PackageFrameworks -F /Users/shizihan/DailyUse/Github/InkMarkdown/.scratch/architecture-deepening-2026-09-07/evidence/20260907-1415-ticket-27/consumer/DerivedData-InkMarkdownMermaidConsumer/Build/Products/Debug-iphonesimulator/PackageFrameworks -F /Users/shizihan/DailyUse/Github/InkMarkdown/.scratch/architecture-deepening-2026-09-07/evidence/20260907-1415-ticket-27/consumer/DerivedData-InkMarkdownMermaidConsumer/Build/Products/Debug-iphonesimulator/PackageFrameworks -F /Users/shizihan/DailyUse/Github/InkMarkdown/.scratch/architecture-deepening-2026-09-07/evidence/20260907-1415-ticket-27/consumer/DerivedData-InkMarkdownMermaidConsumer/Build/Products/Debug-iphonesimulator -F /Applications/Xcode.app/Contents/Developer/Platforms/iPhoneSimulator.platform/Developer/Library/Frameworks -F /Applications/Xcode.app/Contents/Developer/Platforms/iPhoneSimulator.platform/Developer/SDKs/iPhoneSimulator26.5.sdk/Developer/Library/Frameworks -c -j10 -enable-batch-mode -incremental -Xcc -ivfsstatcache -Xcc /Users/shizihan/DailyUse/Github/InkMarkdown/.scratch/architecture-deepening-2026-09-07/evidence/20260907-1415-ticket-27/consumer/DerivedData-InkMarkdownMermaidConsumer/SDKStatCaches.noindex/iphonesimulator26.5-23F81a-6cfe768891a92b912361537c460fe42b.sdkstatcache -output-file-map /Users/shizihan/DailyUse/Github/InkMarkdown/.scratch/architecture-deepening-2026-09-07/evidence/20260907-1415-ticket-27/consumer/DerivedData-InkMarkdownMermaidConsumer/Build/Intermediates.noindex/swift-markdown.build/Debug-iphonesimulator/Markdown.build/Objects-normal/arm64/Markdown-OutputFileMap.json -use-frontend-parseable-output -save-temps -no-color-diagnostics -explicit-module-build -module-cache-path /Users/shizihan/DailyUse/Github/InkMarkdown/.scratch/architecture-deepening-2026-09-07/evidence/20260907-1415-ticket-27/consumer/DerivedData-InkMarkdownMermaidConsumer/Build/Intermediates.noindex/SwiftExplicitPrecompiledModules -clang-scanner-module-cache-path /Users/shizihan/DailyUse/Github/InkMarkdown/.scratch/architecture-deepening-2026-09-07/evidence/20260907-1415-ticket-27/consumer/DerivedData-InkMarkdownMermaidConsumer/ModuleCache.noindex -sdk-module-cache-path /Users/shizihan/DailyUse/Github/InkMarkdown/.scratch/architecture-deepening-2026-09-07/evidence/20260907-1415-ticket-27/consumer/DerivedData-InkMarkdownMermaidConsumer/ModuleCache.noindex -serialize-diagnostics -emit-dependencies -emit-module -emit-module-path /Users/shizihan/DailyUse/Github/InkMarkdown/.scratch/architecture-deepening-2026-09-07/evidence/20260907-1415-ticket-27/consumer/DerivedData-InkMarkdownMermaidConsumer/Build/Intermediates.noindex/swift-markdown.build/Debug-iphonesimulator/Markdown.build/Objects-normal/arm64/Markdown.swiftmodule -validate-clang-modules-once -clang-build-session-file /Users/shizihan/DailyUse/Github/InkMarkdown/.scratch/architecture-deepening-2026-09-07/evidence/20260907-1415-ticket-27/consumer/DerivedData-InkMarkdownMermaidConsumer/ModuleCache.noindex/Session.modulevalidation -package-name swift_markdown -Xcc -I/Users/shizihan/DailyUse/Github/InkMarkdown/.scratch/architecture-deepening-2026-09-07/evidence/20260907-1415-ticket-27/consumer/DerivedData-InkMarkdownMermaidConsumer/Build/Intermediates.noindex/swift-markdown.build/Debug-iphonesimulator/Markdown.build/swift-overrides.hmap -emit-const-values -Xfrontend -const-gather-protocols-file -Xfrontend /Users/shizihan/DailyUse/Github/InkMarkdown/.scratch/architecture-deepening-2026-09-07/evidence/20260907-1415-ticket-27/consumer/DerivedData-InkMarkdownMermaidConsumer/Build/Intermediates.noindex/swift-markdown.build/Debug-iphonesimulator/Markdown.build/Objects-normal/arm64/Markdown_const_extract_protocols.json -Xcc -I/Users/shizihan/DailyUse/Github/InkMarkdown/Packages/Caches/swift-cmark/src/include -Xcc -I/Users/shizihan/DailyUse/Github/InkMarkdown/Packages/Caches/swift-cmark/extensions/include -Xcc -I/Users/shizihan/DailyUse/Github/InkMarkdown/Packages/Caches/swift-markdown/Sources/CAtomic/include -Xcc -I/Users/shizihan/DailyUse/Github/InkMarkdown/.scratch/architecture-deepening-2026-09-07/evidence/20260907-1415-ticket-27/consumer/DerivedData-InkMarkdownMermaidConsumer/Build/Products/Debug-iphonesimulator/include -Xcc -I/Users/shizihan/DailyUse/Github/InkMarkdown/.scratch/architecture-deepening-2026-09-07/evidence/20260907-1415-ticket-27/consumer/DerivedData-InkMarkdownMermaidConsumer/Build/Intermediates.noindex/swift-markdown.build/Debug-iphonesimulator/Markdown.build/DerivedSources-normal/arm64 -Xcc -I/Users/shizihan/DailyUse/Github/InkMarkdown/.scratch/architecture-deepening-2026-09-07/evidence/20260907-1415-ticket-27/consumer/DerivedData-InkMarkdownMermaidConsumer/Build/Intermediates.noindex/swift-markdown.build/Debug-iphonesimulator/Markdown.build/DerivedSources/arm64 -Xcc -I/Users/shizihan/DailyUse/Github/InkMarkdown/.scratch/architecture-deepening-2026-09-07/evidence/20260907-1415-ticket-27/consumer/DerivedData-InkMarkdownMermaidConsumer/Build/Intermediates.noindex/swift-markdown.build/Debug-iphonesimulator/Markdown.build/DerivedSources -Xcc -DSWIFT_PACKAGE -Xcc -DDEBUG\=1 -emit-objc-header -emit-objc-header-path /Users/shizihan/DailyUse/Github/InkMarkdown/.scratch/architecture-deepening-2026-09-07/evidence/20260907-1415-ticket-27/consumer/DerivedData-InkMarkdownMermaidConsumer/Build/Intermediates.noindex/swift-markdown.build/Debug-iphonesimulator/Markdown.build/Objects-normal/arm64/Markdown-Swift.h -working-directory /Users/shizihan/DailyUse/Github/InkMarkdown/.github/fixtures/consumer-smoke/.swiftpm/xcode -experimental-emit-module-separately -disable-cmo

SwiftDriverJobDiscovery normal arm64 Compiling BlockContainer.swift, BlockMarkup.swift, InlineContainer.swift, InlineMarkup.swift, ListItemContainer.swift, AtomicCounter.swift, CharacterExtensions.swift (in target 'Markdown' from project 'swift-markdown')

SwiftMergeGeneratedHeaders /Users/shizihan/DailyUse/Github/InkMarkdown/.scratch/architecture-deepening-2026-09-07/evidence/20260907-1415-ticket-27/consumer/DerivedData-InkMarkdownMermaidConsumer/Build/Intermediates.noindex/GeneratedModuleMaps-iphonesimulator/Markdown-Swift.h /Users/shizihan/DailyUse/Github/InkMarkdown/.scratch/architecture-deepening-2026-09-07/evidence/20260907-1415-ticket-27/consumer/DerivedData-InkMarkdownMermaidConsumer/Build/Intermediates.noindex/swift-markdown.build/Debug-iphonesimulator/Markdown.build/Objects-normal/arm64/Markdown-Swift.h (in target 'Markdown' from project 'swift-markdown')
    cd /Users/shizihan/DailyUse/Github/InkMarkdown/Packages/Caches/swift-markdown
    builtin-swiftHeaderTool -arch arm64 /Users/shizihan/DailyUse/Github/InkMarkdown/.scratch/architecture-deepening-2026-09-07/evidence/20260907-1415-ticket-27/consumer/DerivedData-InkMarkdownMermaidConsumer/Build/Intermediates.noindex/swift-markdown.build/Debug-iphonesimulator/Markdown.build/Objects-normal/arm64/Markdown-Swift.h -o /Users/shizihan/DailyUse/Github/InkMarkdown/.scratch/architecture-deepening-2026-09-07/evidence/20260907-1415-ticket-27/consumer/DerivedData-InkMarkdownMermaidConsumer/Build/Intermediates.noindex/GeneratedModuleMaps-iphonesimulator/Markdown-Swift.h

Copy /Users/shizihan/DailyUse/Github/InkMarkdown/.scratch/architecture-deepening-2026-09-07/evidence/20260907-1415-ticket-27/consumer/DerivedData-InkMarkdownMermaidConsumer/Build/Products/Debug-iphonesimulator/Markdown.swiftmodule/arm64-apple-ios-simulator.swiftmodule /Users/shizihan/DailyUse/Github/InkMarkdown/.scratch/architecture-deepening-2026-09-07/evidence/20260907-1415-ticket-27/consumer/DerivedData-InkMarkdownMermaidConsumer/Build/Intermediates.noindex/swift-markdown.build/Debug-iphonesimulator/Markdown.build/Objects-normal/arm64/Markdown.swiftmodule (in target 'Markdown' from project 'swift-markdown')
    cd /Users/shizihan/DailyUse/Github/InkMarkdown/Packages/Caches/swift-markdown
    builtin-copy -exclude .DS_Store -exclude CVS -exclude .svn -exclude .git -exclude .hg -resolve-src-symlinks -rename /Users/shizihan/DailyUse/Github/InkMarkdown/.scratch/architecture-deepening-2026-09-07/evidence/20260907-1415-ticket-27/consumer/DerivedData-InkMarkdownMermaidConsumer/Build/Intermediates.noindex/swift-markdown.build/Debug-iphonesimulator/Markdown.build/Objects-normal/arm64/Markdown.swiftmodule /Users/shizihan/DailyUse/Github/InkMarkdown/.scratch/architecture-deepening-2026-09-07/evidence/20260907-1415-ticket-27/consumer/DerivedData-InkMarkdownMermaidConsumer/Build/Products/Debug-iphonesimulator/Markdown.swiftmodule/arm64-apple-ios-simulator.swiftmodule

Copy /Users/shizihan/DailyUse/Github/InkMarkdown/.scratch/architecture-deepening-2026-09-07/evidence/20260907-1415-ticket-27/consumer/DerivedData-InkMarkdownMermaidConsumer/Build/Products/Debug-iphonesimulator/Markdown.swiftmodule/arm64-apple-ios-simulator.swiftdoc /Users/shizihan/DailyUse/Github/InkMarkdown/.scratch/architecture-deepening-2026-09-07/evidence/20260907-1415-ticket-27/consumer/DerivedData-InkMarkdownMermaidConsumer/Build/Intermediates.noindex/swift-markdown.build/Debug-iphonesimulator/Markdown.build/Objects-normal/arm64/Markdown.swiftdoc (in target 'Markdown' from project 'swift-markdown')
    cd /Users/shizihan/DailyUse/Github/InkMarkdown/Packages/Caches/swift-markdown
    builtin-copy -exclude .DS_Store -exclude CVS -exclude .svn -exclude .git -exclude .hg -resolve-src-symlinks -rename /Users/shizihan/DailyUse/Github/InkMarkdown/.scratch/architecture-deepening-2026-09-07/evidence/20260907-1415-ticket-27/consumer/DerivedData-InkMarkdownMermaidConsumer/Build/Intermediates.noindex/swift-markdown.build/Debug-iphonesimulator/Markdown.build/Objects-normal/arm64/Markdown.swiftdoc /Users/shizihan/DailyUse/Github/InkMarkdown/.scratch/architecture-deepening-2026-09-07/evidence/20260907-1415-ticket-27/consumer/DerivedData-InkMarkdownMermaidConsumer/Build/Products/Debug-iphonesimulator/Markdown.swiftmodule/arm64-apple-ios-simulator.swiftdoc

SwiftDriverJobDiscovery normal arm64 Compiling InlineAttributes.swift, Link.swift, Strikethrough.swift, Strong.swift, CustomInline.swift, InlineCode.swift, InlineHTML.swift (in target 'Markdown' from project 'swift-markdown')

Copy /Users/shizihan/DailyUse/Github/InkMarkdown/.scratch/architecture-deepening-2026-09-07/evidence/20260907-1415-ticket-27/consumer/DerivedData-InkMarkdownMermaidConsumer/Build/Products/Debug-iphonesimulator/Markdown.swiftmodule/arm64-apple-ios-simulator.abi.json /Users/shizihan/DailyUse/Github/InkMarkdown/.scratch/architecture-deepening-2026-09-07/evidence/20260907-1415-ticket-27/consumer/DerivedData-InkMarkdownMermaidConsumer/Build/Intermediates.noindex/swift-markdown.build/Debug-iphonesimulator/Markdown.build/Objects-normal/arm64/Markdown.abi.json (in target 'Markdown' from project 'swift-markdown')
    cd /Users/shizihan/DailyUse/Github/InkMarkdown/Packages/Caches/swift-markdown
    builtin-copy -exclude .DS_Store -exclude CVS -exclude .svn -exclude .git -exclude .hg -resolve-src-symlinks -rename /Users/shizihan/DailyUse/Github/InkMarkdown/.scratch/architecture-deepening-2026-09-07/evidence/20260907-1415-ticket-27/consumer/DerivedData-InkMarkdownMermaidConsumer/Build/Intermediates.noindex/swift-markdown.build/Debug-iphonesimulator/Markdown.build/Objects-normal/arm64/Markdown.abi.json /Users/shizihan/DailyUse/Github/InkMarkdown/.scratch/architecture-deepening-2026-09-07/evidence/20260907-1415-ticket-27/consumer/DerivedData-InkMarkdownMermaidConsumer/Build/Products/Debug-iphonesimulator/Markdown.swiftmodule/arm64-apple-ios-simulator.abi.json

Copy /Users/shizihan/DailyUse/Github/InkMarkdown/.scratch/architecture-deepening-2026-09-07/evidence/20260907-1415-ticket-27/consumer/DerivedData-InkMarkdownMermaidConsumer/Build/Products/Debug-iphonesimulator/Markdown.swiftmodule/Project/arm64-apple-ios-simulator.swiftsourceinfo /Users/shizihan/DailyUse/Github/InkMarkdown/.scratch/architecture-deepening-2026-09-07/evidence/20260907-1415-ticket-27/consumer/DerivedData-InkMarkdownMermaidConsumer/Build/Intermediates.noindex/swift-markdown.build/Debug-iphonesimulator/Markdown.build/Objects-normal/arm64/Markdown.swiftsourceinfo (in target 'Markdown' from project 'swift-markdown')
    cd /Users/shizihan/DailyUse/Github/InkMarkdown/Packages/Caches/swift-markdown
    builtin-copy -exclude .DS_Store -exclude CVS -exclude .svn -exclude .git -exclude .hg -resolve-src-symlinks -rename /Users/shizihan/DailyUse/Github/InkMarkdown/.scratch/architecture-deepening-2026-09-07/evidence/20260907-1415-ticket-27/consumer/DerivedData-InkMarkdownMermaidConsumer/Build/Intermediates.noindex/swift-markdown.build/Debug-iphonesimulator/Markdown.build/Objects-normal/arm64/Markdown.swiftsourceinfo /Users/shizihan/DailyUse/Github/InkMarkdown/.scratch/architecture-deepening-2026-09-07/evidence/20260907-1415-ticket-27/consumer/DerivedData-InkMarkdownMermaidConsumer/Build/Products/Debug-iphonesimulator/Markdown.swiftmodule/Project/arm64-apple-ios-simulator.swiftsourceinfo

SwiftDriver InkMarkdown normal arm64 com.apple.xcode.tools.swift.compiler (in target 'InkMarkdown' from project 'InkMarkdown')
    cd /Users/shizihan/DailyUse/Github/InkMarkdown/.github/fixtures/consumer-smoke/.swiftpm/xcode
    builtin-SwiftDriver -- /Applications/Xcode.app/Contents/Developer/Toolchains/XcodeDefault.xctoolchain/usr/bin/swiftc -module-name InkMarkdown -Onone @/Users/shizihan/DailyUse/Github/InkMarkdown/.scratch/architecture-deepening-2026-09-07/evidence/20260907-1415-ticket-27/consumer/DerivedData-InkMarkdownMermaidConsumer/Build/Intermediates.noindex/InkMarkdown.build/Debug-iphonesimulator/InkMarkdown.build/Objects-normal/arm64/InkMarkdown.SwiftFileList -DSWIFT_PACKAGE -DDEBUG -DSWIFT_MODULE_RESOURCE_BUNDLE_UNAVAILABLE -DXcode -enable-experimental-feature StrictConcurrency -plugin-path /Applications/Xcode.app/Contents/Developer/Toolchains/XcodeDefault.xctoolchain/usr/lib/swift/host/plugins/testing -enable-experimental-feature DebugDescriptionMacro -sdk /Applications/Xcode.app/Contents/Developer/Platforms/iPhoneSimulator.platform/Developer/SDKs/iPhoneSimulator26.5.sdk -target arm64-apple-ios15.0-simulator -g -module-cache-path /Users/shizihan/DailyUse/Github/InkMarkdown/.scratch/architecture-deepening-2026-09-07/evidence/20260907-1415-ticket-27/consumer/DerivedData-InkMarkdownMermaidConsumer/ModuleCache.noindex -Xfrontend -serialize-debugging-options -enable-testing -suppress-warnings -index-store-path /Users/shizihan/DailyUse/Github/InkMarkdown/.scratch/architecture-deepening-2026-09-07/evidence/20260907-1415-ticket-27/consumer/DerivedData-InkMarkdownMermaidConsumer/Index.noindex/DataStore -Xcc -D_LIBCPP_HARDENING_MODE\=_LIBCPP_HARDENING_MODE_DEBUG -swift-version 5 -I /Users/shizihan/DailyUse/Github/InkMarkdown/.scratch/architecture-deepening-2026-09-07/evidence/20260907-1415-ticket-27/consumer/DerivedData-InkMarkdownMermaidConsumer/Build/Products/Debug-iphonesimulator -Isystem /Applications/Xcode.app/Contents/Developer/Platforms/iPhoneSimulator.platform/Developer/usr/lib -F /Users/shizihan/DailyUse/Github/InkMarkdown/.scratch/architecture-deepening-2026-09-07/evidence/20260907-1415-ticket-27/consumer/DerivedData-InkMarkdownMermaidConsumer/Build/Products/Debug-iphonesimulator/PackageFrameworks -F /Users/shizihan/DailyUse/Github/InkMarkdown/.scratch/architecture-deepening-2026-09-07/evidence/20260907-1415-ticket-27/consumer/DerivedData-InkMarkdownMermaidConsumer/Build/Products/Debug-iphonesimulator/PackageFrameworks -F /Users/shizihan/DailyUse/Github/InkMarkdown/.scratch/architecture-deepening-2026-09-07/evidence/20260907-1415-ticket-27/consumer/DerivedData-InkMarkdownMermaidConsumer/Build/Products/Debug-iphonesimulator/PackageFrameworks -F /Users/shizihan/DailyUse/Github/InkMarkdown/.scratch/architecture-deepening-2026-09-07/evidence/20260907-1415-ticket-27/consumer/DerivedData-InkMarkdownMermaidConsumer/Build/Products/Debug-iphonesimulator/PackageFrameworks -F /Users/shizihan/DailyUse/Github/InkMarkdown/.scratch/architecture-deepening-2026-09-07/evidence/20260907-1415-ticket-27/consumer/DerivedData-InkMarkdownMermaidConsumer/Build/Products/Debug-iphonesimulator -F /Applications/Xcode.app/Contents/Developer/Platforms/iPhoneSimulator.platform/Developer/Library/Frameworks -F /Applications/Xcode.app/Contents/Developer/Platforms/iPhoneSimulator.platform/Developer/SDKs/iPhoneSimulator26.5.sdk/Developer/Library/Frameworks -c -j10 -enable-batch-mode -incremental -Xcc -ivfsstatcache -Xcc /Users/shizihan/DailyUse/Github/InkMarkdown/.scratch/architecture-deepening-2026-09-07/evidence/20260907-1415-ticket-27/consumer/DerivedData-InkMarkdownMermaidConsumer/SDKStatCaches.noindex/iphonesimulator26.5-23F81a-6cfe768891a92b912361537c460fe42b.sdkstatcache -output-file-map /Users/shizihan/DailyUse/Github/InkMarkdown/.scratch/architecture-deepening-2026-09-07/evidence/20260907-1415-ticket-27/consumer/DerivedData-InkMarkdownMermaidConsumer/Build/Intermediates.noindex/InkMarkdown.build/Debug-iphonesimulator/InkMarkdown.build/Objects-normal/arm64/InkMarkdown-OutputFileMap.json -use-frontend-parseable-output -save-temps -no-color-diagnostics -explicit-module-build -module-cache-path /Users/shizihan/DailyUse/Github/InkMarkdown/.scratch/architecture-deepening-2026-09-07/evidence/20260907-1415-ticket-27/consumer/DerivedData-InkMarkdownMermaidConsumer/Build/Intermediates.noindex/SwiftExplicitPrecompiledModules -clang-scanner-module-cache-path /Users/shizihan/DailyUse/Github/InkMarkdown/.scratch/architecture-deepening-2026-09-07/evidence/20260907-1415-ticket-27/consumer/DerivedData-InkMarkdownMermaidConsumer/ModuleCache.noindex -sdk-module-cache-path /Users/shizihan/DailyUse/Github/InkMarkdown/.scratch/architecture-deepening-2026-09-07/evidence/20260907-1415-ticket-27/consumer/DerivedData-InkMarkdownMermaidConsumer/ModuleCache.noindex -serialize-diagnostics -emit-dependencies -emit-module -emit-module-path /Users/shizihan/DailyUse/Github/InkMarkdown/.scratch/architecture-deepening-2026-09-07/evidence/20260907-1415-ticket-27/consumer/DerivedData-InkMarkdownMermaidConsumer/Build/Intermediates.noindex/InkMarkdown.build/Debug-iphonesimulator/InkMarkdown.build/Objects-normal/arm64/InkMarkdown.swiftmodule -validate-clang-modules-once -clang-build-session-file /Users/shizihan/DailyUse/Github/InkMarkdown/.scratch/architecture-deepening-2026-09-07/evidence/20260907-1415-ticket-27/consumer/DerivedData-InkMarkdownMermaidConsumer/ModuleCache.noindex/Session.modulevalidation -package-name inkmarkdown -Xcc -I/Users/shizihan/DailyUse/Github/InkMarkdown/.scratch/architecture-deepening-2026-09-07/evidence/20260907-1415-ticket-27/consumer/DerivedData-InkMarkdownMermaidConsumer/Build/Intermediates.noindex/InkMarkdown.build/Debug-iphonesimulator/InkMarkdown.build/swift-overrides.hmap -emit-const-values -Xfrontend -const-gather-protocols-file -Xfrontend /Users/shizihan/DailyUse/Github/InkMarkdown/.scratch/architecture-deepening-2026-09-07/evidence/20260907-1415-ticket-27/consumer/DerivedData-InkMarkdownMermaidConsumer/Build/Intermediates.noindex/InkMarkdown.build/Debug-iphonesimulator/InkMarkdown.build/Objects-normal/arm64/InkMarkdown_const_extract_protocols.json -Xcc -I/Users/shizihan/DailyUse/Github/InkMarkdown/Packages/Caches/swift-cmark/src/include -Xcc -I/Users/shizihan/DailyUse/Github/InkMarkdown/Packages/Caches/swift-cmark/extensions/include -Xcc -I/Users/shizihan/DailyUse/Github/InkMarkdown/Packages/Caches/swift-markdown/Sources/CAtomic/include -Xcc -I/Users/shizihan/DailyUse/Github/InkMarkdown/.scratch/architecture-deepening-2026-09-07/evidence/20260907-1415-ticket-27/consumer/DerivedData-InkMarkdownMermaidConsumer/Build/Products/Debug-iphonesimulator/include -Xcc -I/Users/shizihan/DailyUse/Github/InkMarkdown/.scratch/architecture-deepening-2026-09-07/evidence/20260907-1415-ticket-27/consumer/DerivedData-InkMarkdownMermaidConsumer/Build/Intermediates.noindex/InkMarkdown.build/Debug-iphonesimulator/InkMarkdown.build/DerivedSources-normal/arm64 -Xcc -I/Users/shizihan/DailyUse/Github/InkMarkdown/.scratch/architecture-deepening-2026-09-07/evidence/20260907-1415-ticket-27/consumer/DerivedData-InkMarkdownMermaidConsumer/Build/Intermediates.noindex/InkMarkdown.build/Debug-iphonesimulator/InkMarkdown.build/DerivedSources/arm64 -Xcc -I/Users/shizihan/DailyUse/Github/InkMarkdown/.scratch/architecture-deepening-2026-09-07/evidence/20260907-1415-ticket-27/consumer/DerivedData-InkMarkdownMermaidConsumer/Build/Intermediates.noindex/InkMarkdown.build/Debug-iphonesimulator/InkMarkdown.build/DerivedSources -Xcc -DSWIFT_PACKAGE -Xcc -DDEBUG\=1 -emit-objc-header -emit-objc-header-path /Users/shizihan/DailyUse/Github/InkMarkdown/.scratch/architecture-deepening-2026-09-07/evidence/20260907-1415-ticket-27/consumer/DerivedData-InkMarkdownMermaidConsumer/Build/Intermediates.noindex/InkMarkdown.build/Debug-iphonesimulator/InkMarkdown.build/Objects-normal/arm64/InkMarkdown-Swift.h -working-directory /Users/shizihan/DailyUse/Github/InkMarkdown/.github/fixtures/consumer-smoke/.swiftpm/xcode -experimental-emit-module-separately -disable-cmo

SwiftDriverJobDiscovery normal arm64 Compiling CodeBlock.swift, HTMLBlock.swift, Heading.swift, ThematicBreak.swift, Table.swift, TableBody.swift, TableCell.swift (in target 'Markdown' from project 'swift-markdown')

SwiftDriverJobDiscovery normal arm64 Compiling DoxygenNote.swift, DoxygenParameter.swift, DoxygenReturns.swift, ListItem.swift, OrderedList.swift, UnorderedList.swift, Paragraph.swift (in target 'Markdown' from project 'swift-markdown')

SwiftDriverJobDiscovery normal arm64 Compiling PlainTextConvertibleMarkup.swift, RawMarkup.swift, BlockDirective.swift, BlockQuote.swift, CustomBlock.swift, DoxygenAbstract.swift, DoxygenDiscussion.swift (in target 'Markdown' from project 'swift-markdown')

SwiftDriverJobDiscovery normal arm64 Compiling ChildIndexPath.swift, DirectiveArgument.swift, Document.swift, LiteralMarkup.swift, Markup.swift, MarkupChildren.swift, MarkupData.swift (in target 'Markdown' from project 'swift-markdown')

SwiftExplicitDependencyGeneratePcm arm64 /Users/shizihan/DailyUse/Github/InkMarkdown/.scratch/architecture-deepening-2026-09-07/evidence/20260907-1415-ticket-27/consumer/DerivedData-InkMarkdownMermaidConsumer/ModuleCache.noindex/UIUtilities-ELK2NQIWLWISYXSDEWDHD2CG.pcm

SwiftExplicitDependencyGeneratePcm arm64 /Users/shizihan/DailyUse/Github/InkMarkdown/.scratch/architecture-deepening-2026-09-07/evidence/20260907-1415-ticket-27/consumer/DerivedData-InkMarkdownMermaidConsumer/ModuleCache.noindex/IOSurface-4JXIMF5MA6COFWSFPT32EO9TW.pcm

SwiftExplicitDependencyGeneratePcm arm64 /Users/shizihan/DailyUse/Github/InkMarkdown/.scratch/architecture-deepening-2026-09-07/evidence/20260907-1415-ticket-27/consumer/DerivedData-InkMarkdownMermaidConsumer/ModuleCache.noindex/OpenGLES-B4X52Z5P5GL0QKBB2KEGG6QWN.pcm

SwiftExplicitDependencyGeneratePcm arm64 /Users/shizihan/DailyUse/Github/InkMarkdown/.scratch/architecture-deepening-2026-09-07/evidence/20260907-1415-ticket-27/consumer/DerivedData-InkMarkdownMermaidConsumer/ModuleCache.noindex/DataDetection-5HP756YLBYU5JNDQ3M0L44GWG.pcm

SwiftExplicitDependencyGeneratePcm arm64 /Users/shizihan/DailyUse/Github/InkMarkdown/.scratch/architecture-deepening-2026-09-07/evidence/20260907-1415-ticket-27/consumer/DerivedData-InkMarkdownMermaidConsumer/ModuleCache.noindex/UserNotifications-B0756AE3TOR0BQ4J3AOBT5QGL.pcm

SwiftExplicitDependencyGeneratePcm arm64 /Users/shizihan/DailyUse/Github/InkMarkdown/.scratch/architecture-deepening-2026-09-07/evidence/20260907-1415-ticket-27/consumer/DerivedData-InkMarkdownMermaidConsumer/ModuleCache.noindex/Symbols-CD5O2MCK4S8AQXWFWD6Z4ESMM.pcm

SwiftExplicitDependencyGeneratePcm arm64 /Users/shizihan/DailyUse/Github/InkMarkdown/.scratch/architecture-deepening-2026-09-07/evidence/20260907-1415-ticket-27/consumer/DerivedData-InkMarkdownMermaidConsumer/ModuleCache.noindex/DeveloperToolsSupport-3Z3497KGYQOQ6LQBB83Z9HK4D.pcm

SwiftDriverJobDiscovery normal arm64 Compiling TableCellContainer.swift, TableHead.swift, TableRow.swift, Replacement.swift, SourceLocation.swift, Emphasis.swift, Image.swift (in target 'Markdown' from project 'swift-markdown')

SwiftExplicitDependencyGeneratePcm arm64 /Users/shizihan/DailyUse/Github/InkMarkdown/.scratch/architecture-deepening-2026-09-07/evidence/20260907-1415-ticket-27/consumer/DerivedData-InkMarkdownMermaidConsumer/ModuleCache.noindex/_Builtin_stdatomic-E4UEJ4ZLF8KPE3IYXXGZR6KPB.pcm

SwiftDriverJobDiscovery normal arm64 Compiling LazySplitLines.swift, ParseOptions.swift, RangeAdjuster.swift, RangerTracker.swift, MarkupRewriter.swift, BasicBlockContainer.swift, BasicInlineContainer.swift (in target 'Markdown' from project 'swift-markdown')

SwiftExplicitDependencyGeneratePcm arm64 /Users/shizihan/DailyUse/Github/InkMarkdown/.scratch/architecture-deepening-2026-09-07/evidence/20260907-1415-ticket-27/consumer/DerivedData-InkMarkdownMermaidConsumer/ModuleCache.noindex/CoreGraphics-A18LYXJGEV9T62YMWUTE6YJG.pcm

SwiftExplicitDependencyGeneratePcm arm64 /Users/shizihan/DailyUse/Github/InkMarkdown/.scratch/architecture-deepening-2026-09-07/evidence/20260907-1415-ticket-27/consumer/DerivedData-InkMarkdownMermaidConsumer/ModuleCache.noindex/_Builtin_tgmath-9FAS1UP2AVETEEGIHGH6LOVE8.pcm

SwiftExplicitDependencyGeneratePcm arm64 /Users/shizihan/DailyUse/Github/InkMarkdown/.scratch/architecture-deepening-2026-09-07/evidence/20260907-1415-ticket-27/consumer/DerivedData-InkMarkdownMermaidConsumer/ModuleCache.noindex/MachO-13HLA5CBRW2CBS61SAX41NAAR.pcm

SwiftExplicitDependencyGeneratePcm arm64 /Users/shizihan/DailyUse/Github/InkMarkdown/.scratch/architecture-deepening-2026-09-07/evidence/20260907-1415-ticket-27/consumer/DerivedData-InkMarkdownMermaidConsumer/ModuleCache.noindex/_Builtin_intrinsics-2LUJIBRUCLVFCQ8WCN90945V1.pcm

SwiftExplicitDependencyGeneratePcm arm64 /Users/shizihan/DailyUse/Github/InkMarkdown/.scratch/architecture-deepening-2026-09-07/evidence/20260907-1415-ticket-27/consumer/DerivedData-InkMarkdownMermaidConsumer/ModuleCache.noindex/dnssd-D553W0TARIJK3RQ6MA4NHV8P6.pcm

SwiftExplicitDependencyGeneratePcm arm64 /Users/shizihan/DailyUse/Github/InkMarkdown/.scratch/architecture-deepening-2026-09-07/evidence/20260907-1415-ticket-27/consumer/DerivedData-InkMarkdownMermaidConsumer/ModuleCache.noindex/Metal-5ALWLBSE10E0GZDO2Q747VYTJ.pcm

SwiftExplicitDependencyGeneratePcm arm64 /Users/shizihan/DailyUse/Github/InkMarkdown/.scratch/architecture-deepening-2026-09-07/evidence/20260907-1415-ticket-27/consumer/DerivedData-InkMarkdownMermaidConsumer/ModuleCache.noindex/CoreTransferable-41WJ7HV8M0SP6CKY4W6ZS8K6M.pcm

SwiftExplicitDependencyGeneratePcm arm64 /Users/shizihan/DailyUse/Github/InkMarkdown/.scratch/architecture-deepening-2026-09-07/evidence/20260907-1415-ticket-27/consumer/DerivedData-InkMarkdownMermaidConsumer/ModuleCache.noindex/LocalAuthentication-24GYB4WAAAWGWPN7XAUAIZJXT.pcm

SwiftExplicitDependencyGeneratePcm arm64 /Users/shizihan/DailyUse/Github/InkMarkdown/.scratch/architecture-deepening-2026-09-07/evidence/20260907-1415-ticket-27/consumer/DerivedData-InkMarkdownMermaidConsumer/ModuleCache.noindex/UniformTypeIdentifiers-CDYYH2EDYAEKQH7SA7WHVBZ2M.pcm

SwiftDriverJobDiscovery normal arm64 Compiling CollectionExtensions.swift, StringExtensions.swift, MarkupVisitor.swift, MarkupWalker.swift, HTMLFormatter.swift, MarkupFormatter.swift, MarkupTreeDumper.swift (in target 'Markdown' from project 'swift-markdown')

SwiftExplicitDependencyGeneratePcm arm64 /Users/shizihan/DailyUse/Github/InkMarkdown/.scratch/architecture-deepening-2026-09-07/evidence/20260907-1415-ticket-27/consumer/DerivedData-InkMarkdownMermaidConsumer/ModuleCache.noindex/Network-9PNTZMBYO79YYB300PPS0ZFP7.pcm

SwiftExplicitDependencyGeneratePcm arm64 /Users/shizihan/DailyUse/Github/InkMarkdown/.scratch/architecture-deepening-2026-09-07/evidence/20260907-1415-ticket-27/consumer/DerivedData-InkMarkdownMermaidConsumer/ModuleCache.noindex/os-2CBMRXS1933HRZJ476H3IVFFS.pcm

SwiftExplicitDependencyGeneratePcm arm64 /Users/shizihan/DailyUse/Github/InkMarkdown/.scratch/architecture-deepening-2026-09-07/evidence/20260907-1415-ticket-27/consumer/DerivedData-InkMarkdownMermaidConsumer/ModuleCache.noindex/ImageIO-4KAGSG7NFG0NCSR39PZPZUAGY.pcm

SwiftExplicitDependencyGeneratePcm arm64 /Users/shizihan/DailyUse/Github/InkMarkdown/.scratch/architecture-deepening-2026-09-07/evidence/20260907-1415-ticket-27/consumer/DerivedData-InkMarkdownMermaidConsumer/ModuleCache.noindex/FileProvider-EOFQZ3HWOEFJAQ3EKXYQ6UKDS.pcm

SwiftExplicitDependencyGeneratePcm arm64 /Users/shizihan/DailyUse/Github/InkMarkdown/.scratch/architecture-deepening-2026-09-07/evidence/20260907-1415-ticket-27/consumer/DerivedData-InkMarkdownMermaidConsumer/ModuleCache.noindex/CoreText-3ZDBJ042AJRAGB7U614ORKAQ3.pcm

SwiftExplicitDependencyGeneratePcm arm64 /Users/shizihan/DailyUse/Github/InkMarkdown/.scratch/architecture-deepening-2026-09-07/evidence/20260907-1415-ticket-27/consumer/DerivedData-InkMarkdownMermaidConsumer/ModuleCache.noindex/Accessibility-3UIZ2OYW0UX3YFHGUU8SBQLDW.pcm

SwiftExplicitDependencyGeneratePcm arm64 /Users/shizihan/DailyUse/Github/InkMarkdown/.scratch/architecture-deepening-2026-09-07/evidence/20260907-1415-ticket-27/consumer/DerivedData-InkMarkdownMermaidConsumer/ModuleCache.noindex/OSLog-8PQF0SE4FIDY0H5BTFH8IUVYF.pcm

SwiftExplicitDependencyGeneratePcm arm64 /Users/shizihan/DailyUse/Github/InkMarkdown/.scratch/architecture-deepening-2026-09-07/evidence/20260907-1415-ticket-27/consumer/DerivedData-InkMarkdownMermaidConsumer/ModuleCache.noindex/CoreVideo-CHQ9J98BEIMKT0XV3GQYT5WAC.pcm

SwiftExplicitDependencyGeneratePcm arm64 /Users/shizihan/DailyUse/Github/InkMarkdown/.scratch/architecture-deepening-2026-09-07/evidence/20260907-1415-ticket-27/consumer/DerivedData-InkMarkdownMermaidConsumer/ModuleCache.noindex/simd-DAN0WFT1CHVWUM5YMF0706TNH.pcm

SwiftExplicitDependencyGeneratePcm arm64 /Users/shizihan/DailyUse/Github/InkMarkdown/.scratch/architecture-deepening-2026-09-07/evidence/20260907-1415-ticket-27/consumer/DerivedData-InkMarkdownMermaidConsumer/ModuleCache.noindex/QuartzCore-B4PZT9MEFD8SL9NEYCQ8UO5KA.pcm

SwiftExplicitDependencyGeneratePcm arm64 /Users/shizihan/DailyUse/Github/InkMarkdown/.scratch/architecture-deepening-2026-09-07/evidence/20260907-1415-ticket-27/consumer/DerivedData-InkMarkdownMermaidConsumer/ModuleCache.noindex/CoreImage-QH9NJZ6VZZN3DPUJNYUNG2H1.pcm

SwiftDriverJobDiscovery normal arm64 Compiling LineBreak.swift, SoftBreak.swift, SymbolLink.swift, Text.swift, Aside.swift, BlockDirectiveParser.swift, CommonMarkConverter.swift (in target 'Markdown' from project 'swift-markdown')

SwiftDriver\ Compilation Markdown normal arm64 com.apple.xcode.tools.swift.compiler (in target 'Markdown' from project 'swift-markdown')
    cd /Users/shizihan/DailyUse/Github/InkMarkdown/.github/fixtures/consumer-smoke/.swiftpm/xcode
    builtin-Swift-Compilation -- /Applications/Xcode.app/Contents/Developer/Toolchains/XcodeDefault.xctoolchain/usr/bin/swiftc -module-name Markdown -Onone @/Users/shizihan/DailyUse/Github/InkMarkdown/.scratch/architecture-deepening-2026-09-07/evidence/20260907-1415-ticket-27/consumer/DerivedData-InkMarkdownMermaidConsumer/Build/Intermediates.noindex/swift-markdown.build/Debug-iphonesimulator/Markdown.build/Objects-normal/arm64/Markdown.SwiftFileList -DSWIFT_PACKAGE -DDEBUG -DSWIFT_MODULE_RESOURCE_BUNDLE_UNAVAILABLE -DXcode -plugin-path /Applications/Xcode.app/Contents/Developer/Toolchains/XcodeDefault.xctoolchain/usr/lib/swift/host/plugins/testing -enable-experimental-feature DebugDescriptionMacro -sdk /Applications/Xcode.app/Contents/Developer/Platforms/iPhoneSimulator.platform/Developer/SDKs/iPhoneSimulator26.5.sdk -target arm64-apple-ios12.0-simulator -g -module-cache-path /Users/shizihan/DailyUse/Github/InkMarkdown/.scratch/architecture-deepening-2026-09-07/evidence/20260907-1415-ticket-27/consumer/DerivedData-InkMarkdownMermaidConsumer/ModuleCache.noindex -Xfrontend -serialize-debugging-options -enable-testing -suppress-warnings -index-store-path /Users/shizihan/DailyUse/Github/InkMarkdown/.scratch/architecture-deepening-2026-09-07/evidence/20260907-1415-ticket-27/consumer/DerivedData-InkMarkdownMermaidConsumer/Index.noindex/DataStore -Xcc -D_LIBCPP_HARDENING_MODE\=_LIBCPP_HARDENING_MODE_DEBUG -swift-version 5 -I /Users/shizihan/DailyUse/Github/InkMarkdown/.scratch/architecture-deepening-2026-09-07/evidence/20260907-1415-ticket-27/consumer/DerivedData-InkMarkdownMermaidConsumer/Build/Products/Debug-iphonesimulator -Isystem /Applications/Xcode.app/Contents/Developer/Platforms/iPhoneSimulator.platform/Developer/usr/lib -F /Users/shizihan/DailyUse/Github/InkMarkdown/.scratch/architecture-deepening-2026-09-07/evidence/20260907-1415-ticket-27/consumer/DerivedData-InkMarkdownMermaidConsumer/Build/Products/Debug-iphonesimulator/PackageFrameworks -F /Users/shizihan/DailyUse/Github/InkMarkdown/.scratch/architecture-deepening-2026-09-07/evidence/20260907-1415-ticket-27/consumer/DerivedData-InkMarkdownMermaidConsumer/Build/Products/Debug-iphonesimulator/PackageFrameworks -F /Users/shizihan/DailyUse/Github/InkMarkdown/.scratch/architecture-deepening-2026-09-07/evidence/20260907-1415-ticket-27/consumer/DerivedData-InkMarkdownMermaidConsumer/Build/Products/Debug-iphonesimulator/PackageFrameworks -F /Users/shizihan/DailyUse/Github/InkMarkdown/.scratch/architecture-deepening-2026-09-07/evidence/20260907-1415-ticket-27/consumer/DerivedData-InkMarkdownMermaidConsumer/Build/Products/Debug-iphonesimulator -F /Applications/Xcode.app/Contents/Developer/Platforms/iPhoneSimulator.platform/Developer/Library/Frameworks -F /Applications/Xcode.app/Contents/Developer/Platforms/iPhoneSimulator.platform/Developer/SDKs/iPhoneSimulator26.5.sdk/Developer/Library/Frameworks -c -j10 -enable-batch-mode -incremental -Xcc -ivfsstatcache -Xcc /Users/shizihan/DailyUse/Github/InkMarkdown/.scratch/architecture-deepening-2026-09-07/evidence/20260907-1415-ticket-27/consumer/DerivedData-InkMarkdownMermaidConsumer/SDKStatCaches.noindex/iphonesimulator26.5-23F81a-6cfe768891a92b912361537c460fe42b.sdkstatcache -output-file-map /Users/shizihan/DailyUse/Github/InkMarkdown/.scratch/architecture-deepening-2026-09-07/evidence/20260907-1415-ticket-27/consumer/DerivedData-InkMarkdownMermaidConsumer/Build/Intermediates.noindex/swift-markdown.build/Debug-iphonesimulator/Markdown.build/Objects-normal/arm64/Markdown-OutputFileMap.json -use-frontend-parseable-output -save-temps -no-color-diagnostics -explicit-module-build -module-cache-path /Users/shizihan/DailyUse/Github/InkMarkdown/.scratch/architecture-deepening-2026-09-07/evidence/20260907-1415-ticket-27/consumer/DerivedData-InkMarkdownMermaidConsumer/Build/Intermediates.noindex/SwiftExplicitPrecompiledModules -clang-scanner-module-cache-path /Users/shizihan/DailyUse/Github/InkMarkdown/.scratch/architecture-deepening-2026-09-07/evidence/20260907-1415-ticket-27/consumer/DerivedData-InkMarkdownMermaidConsumer/ModuleCache.noindex -sdk-module-cache-path /Users/shizihan/DailyUse/Github/InkMarkdown/.scratch/architecture-deepening-2026-09-07/evidence/20260907-1415-ticket-27/consumer/DerivedData-InkMarkdownMermaidConsumer/ModuleCache.noindex -serialize-diagnostics -emit-dependencies -emit-module -emit-module-path /Users/shizihan/DailyUse/Github/InkMarkdown/.scratch/architecture-deepening-2026-09-07/evidence/20260907-1415-ticket-27/consumer/DerivedData-InkMarkdownMermaidConsumer/Build/Intermediates.noindex/swift-markdown.build/Debug-iphonesimulator/Markdown.build/Objects-normal/arm64/Markdown.swiftmodule -validate-clang-modules-once -clang-build-session-file /Users/shizihan/DailyUse/Github/InkMarkdown/.scratch/architecture-deepening-2026-09-07/evidence/20260907-1415-ticket-27/consumer/DerivedData-InkMarkdownMermaidConsumer/ModuleCache.noindex/Session.modulevalidation -package-name swift_markdown -Xcc -I/Users/shizihan/DailyUse/Github/InkMarkdown/.scratch/architecture-deepening-2026-09-07/evidence/20260907-1415-ticket-27/consumer/DerivedData-InkMarkdownMermaidConsumer/Build/Intermediates.noindex/swift-markdown.build/Debug-iphonesimulator/Markdown.build/swift-overrides.hmap -emit-const-values -Xfrontend -const-gather-protocols-file -Xfrontend /Users/shizihan/DailyUse/Github/InkMarkdown/.scratch/architecture-deepening-2026-09-07/evidence/20260907-1415-ticket-27/consumer/DerivedData-InkMarkdownMermaidConsumer/Build/Intermediates.noindex/swift-markdown.build/Debug-iphonesimulator/Markdown.build/Objects-normal/arm64/Markdown_const_extract_protocols.json -Xcc -I/Users/shizihan/DailyUse/Github/InkMarkdown/Packages/Caches/swift-cmark/src/include -Xcc -I/Users/shizihan/DailyUse/Github/InkMarkdown/Packages/Caches/swift-cmark/extensions/include -Xcc -I/Users/shizihan/DailyUse/Github/InkMarkdown/Packages/Caches/swift-markdown/Sources/CAtomic/include -Xcc -I/Users/shizihan/DailyUse/Github/InkMarkdown/.scratch/architecture-deepening-2026-09-07/evidence/20260907-1415-ticket-27/consumer/DerivedData-InkMarkdownMermaidConsumer/Build/Products/Debug-iphonesimulator/include -Xcc -I/Users/shizihan/DailyUse/Github/InkMarkdown/.scratch/architecture-deepening-2026-09-07/evidence/20260907-1415-ticket-27/consumer/DerivedData-InkMarkdownMermaidConsumer/Build/Intermediates.noindex/swift-markdown.build/Debug-iphonesimulator/Markdown.build/DerivedSources-normal/arm64 -Xcc -I/Users/shizihan/DailyUse/Github/InkMarkdown/.scratch/architecture-deepening-2026-09-07/evidence/20260907-1415-ticket-27/consumer/DerivedData-InkMarkdownMermaidConsumer/Build/Intermediates.noindex/swift-markdown.build/Debug-iphonesimulator/Markdown.build/DerivedSources/arm64 -Xcc -I/Users/shizihan/DailyUse/Github/InkMarkdown/.scratch/architecture-deepening-2026-09-07/evidence/20260907-1415-ticket-27/consumer/DerivedData-InkMarkdownMermaidConsumer/Build/Intermediates.noindex/swift-markdown.build/Debug-iphonesimulator/Markdown.build/DerivedSources -Xcc -DSWIFT_PACKAGE -Xcc -DDEBUG\=1 -emit-objc-header -emit-objc-header-path /Users/shizihan/DailyUse/Github/InkMarkdown/.scratch/architecture-deepening-2026-09-07/evidence/20260907-1415-ticket-27/consumer/DerivedData-InkMarkdownMermaidConsumer/Build/Intermediates.noindex/swift-markdown.build/Debug-iphonesimulator/Markdown.build/Objects-normal/arm64/Markdown-Swift.h -working-directory /Users/shizihan/DailyUse/Github/InkMarkdown/.github/fixtures/consumer-smoke/.swiftpm/xcode -experimental-emit-module-separately -disable-cmo

Ld /Users/shizihan/DailyUse/Github/InkMarkdown/.scratch/architecture-deepening-2026-09-07/evidence/20260907-1415-ticket-27/consumer/DerivedData-InkMarkdownMermaidConsumer/Build/Products/Debug-iphonesimulator/Markdown.o normal (in target 'Markdown' from project 'swift-markdown')
    cd /Users/shizihan/DailyUse/Github/InkMarkdown/Packages/Caches/swift-markdown
    /Applications/Xcode.app/Contents/Developer/Toolchains/XcodeDefault.xctoolchain/usr/bin/clang -Xlinker -reproducible -target arm64-apple-ios12.0-simulator -r -isysroot /Applications/Xcode.app/Contents/Developer/Platforms/iPhoneSimulator.platform/Developer/SDKs/iPhoneSimulator26.5.sdk -O0 -w -F/Users/shizihan/DailyUse/Github/InkMarkdown/.scratch/architecture-deepening-2026-09-07/evidence/20260907-1415-ticket-27/consumer/DerivedData-InkMarkdownMermaidConsumer/Build/Intermediates.noindex/EagerLinkingTBDs/Debug-iphonesimulator -F/Users/shizihan/DailyUse/Github/InkMarkdown/.scratch/architecture-deepening-2026-09-07/evidence/20260907-1415-ticket-27/consumer/DerivedData-InkMarkdownMermaidConsumer/Build/Products/Debug-iphonesimulator/PackageFrameworks -F/Users/shizihan/DailyUse/Github/InkMarkdown/.scratch/architecture-deepening-2026-09-07/evidence/20260907-1415-ticket-27/consumer/DerivedData-InkMarkdownMermaidConsumer/Build/Products/Debug-iphonesimulator/PackageFrameworks -F/Users/shizihan/DailyUse/Github/InkMarkdown/.scratch/architecture-deepening-2026-09-07/evidence/20260907-1415-ticket-27/consumer/DerivedData-InkMarkdownMermaidConsumer/Build/Products/Debug-iphonesimulator/PackageFrameworks -F/Users/shizihan/DailyUse/Github/InkMarkdown/.scratch/architecture-deepening-2026-09-07/evidence/20260907-1415-ticket-27/consumer/DerivedData-InkMarkdownMermaidConsumer/Build/Products/Debug-iphonesimulator -iframework /Applications/Xcode.app/Contents/Developer/Platforms/iPhoneSimulator.platform/Developer/Library/Frameworks -iframework /Applications/Xcode.app/Contents/Developer/Platforms/iPhoneSimulator.platform/Developer/SDKs/iPhoneSimulator26.5.sdk/Developer/Library/Frameworks -filelist /Users/shizihan/DailyUse/Github/InkMarkdown/.scratch/architecture-deepening-2026-09-07/evidence/20260907-1415-ticket-27/consumer/DerivedData-InkMarkdownMermaidConsumer/Build/Intermediates.noindex/swift-markdown.build/Debug-iphonesimulator/Markdown.build/Objects-normal/arm64/Markdown.LinkFileList -nostdlib -Xlinker -object_path_lto -Xlinker /Users/shizihan/DailyUse/Github/InkMarkdown/.scratch/architecture-deepening-2026-09-07/evidence/20260907-1415-ticket-27/consumer/DerivedData-InkMarkdownMermaidConsumer/Build/Intermediates.noindex/swift-markdown.build/Debug-iphonesimulator/Markdown.build/Objects-normal/arm64/Markdown_lto.o -Xlinker -no_deduplicate -Xlinker -objc_abi_version -Xlinker 2 -Xlinker -dependency_info -Xlinker /Users/shizihan/DailyUse/Github/InkMarkdown/.scratch/architecture-deepening-2026-09-07/evidence/20260907-1415-ticket-27/consumer/DerivedData-InkMarkdownMermaidConsumer/Build/Intermediates.noindex/swift-markdown.build/Debug-iphonesimulator/Markdown.build/Objects-normal/arm64/Markdown_dependency_info.dat -fobjc-link-runtime -L/Applications/Xcode.app/Contents/Developer/Toolchains/XcodeDefault.xctoolchain/usr/lib/swift/iphonesimulator -L/usr/lib/swift -Xlinker -add_ast_path -Xlinker /Users/shizihan/DailyUse/Github/InkMarkdown/.scratch/architecture-deepening-2026-09-07/evidence/20260907-1415-ticket-27/consumer/DerivedData-InkMarkdownMermaidConsumer/Build/Intermediates.noindex/swift-markdown.build/Debug-iphonesimulator/Markdown.build/Objects-normal/arm64/Markdown.swiftmodule @/Users/shizihan/DailyUse/Github/InkMarkdown/.scratch/architecture-deepening-2026-09-07/evidence/20260907-1415-ticket-27/consumer/DerivedData-InkMarkdownMermaidConsumer/Build/Intermediates.noindex/swift-markdown.build/Debug-iphonesimulator/Markdown.build/Objects-normal/arm64/Markdown-linker-args.resp -o /Users/shizihan/DailyUse/Github/InkMarkdown/.scratch/architecture-deepening-2026-09-07/evidence/20260907-1415-ticket-27/consumer/DerivedData-InkMarkdownMermaidConsumer/Build/Products/Debug-iphonesimulator/Markdown.o

ExtractAppIntentsMetadata (in target 'Markdown' from project 'swift-markdown')
    cd /Users/shizihan/DailyUse/Github/InkMarkdown/Packages/Caches/swift-markdown
    /Applications/Xcode.app/Contents/Developer/Toolchains/XcodeDefault.xctoolchain/usr/bin/appintentsmetadataprocessor --toolchain-dir /Applications/Xcode.app/Contents/Developer/Toolchains/XcodeDefault.xctoolchain --module-name Markdown --sdk-root /Applications/Xcode.app/Contents/Developer/Platforms/iPhoneSimulator.platform/Developer/SDKs/iPhoneSimulator26.5.sdk --xcode-version 17F113 --platform-family iOS --deployment-target 12.0 --bundle-identifier swift-markdown.Markdown --output /Users/shizihan/DailyUse/Github/InkMarkdown/.scratch/architecture-deepening-2026-09-07/evidence/20260907-1415-ticket-27/consumer/DerivedData-InkMarkdownMermaidConsumer/Build/Products/Debug-iphonesimulator/Markdown.appintents --target-triple arm64-apple-ios12.0-simulator --binary-file /Users/shizihan/DailyUse/Github/InkMarkdown/.scratch/architecture-deepening-2026-09-07/evidence/20260907-1415-ticket-27/consumer/DerivedData-InkMarkdownMermaidConsumer/Build/Products/Debug-iphonesimulator/Markdown.o --dependency-file /Users/shizihan/DailyUse/Github/InkMarkdown/.scratch/architecture-deepening-2026-09-07/evidence/20260907-1415-ticket-27/consumer/DerivedData-InkMarkdownMermaidConsumer/Build/Intermediates.noindex/swift-markdown.build/Debug-iphonesimulator/Markdown.build/Objects-normal/arm64/Markdown_dependency_info.dat --stringsdata-file /Users/shizihan/DailyUse/Github/InkMarkdown/.scratch/architecture-deepening-2026-09-07/evidence/20260907-1415-ticket-27/consumer/DerivedData-InkMarkdownMermaidConsumer/Build/Intermediates.noindex/swift-markdown.build/Debug-iphonesimulator/Markdown.build/Objects-normal/arm64/ExtractedAppShortcutsMetadata.stringsdata --source-file-list /Users/shizihan/DailyUse/Github/InkMarkdown/.scratch/architecture-deepening-2026-09-07/evidence/20260907-1415-ticket-27/consumer/DerivedData-InkMarkdownMermaidConsumer/Build/Intermediates.noindex/swift-markdown.build/Debug-iphonesimulator/Markdown.build/Objects-normal/arm64/Markdown.SwiftFileList --metadata-file-list /Users/shizihan/DailyUse/Github/InkMarkdown/.scratch/architecture-deepening-2026-09-07/evidence/20260907-1415-ticket-27/consumer/DerivedData-InkMarkdownMermaidConsumer/Build/Intermediates.noindex/swift-markdown.build/Debug-iphonesimulator/Markdown.build/Markdown.DependencyMetadataFileList --static-metadata-file-list /Users/shizihan/DailyUse/Github/InkMarkdown/.scratch/architecture-deepening-2026-09-07/evidence/20260907-1415-ticket-27/consumer/DerivedData-InkMarkdownMermaidConsumer/Build/Intermediates.noindex/swift-markdown.build/Debug-iphonesimulator/Markdown.build/Markdown.DependencyStaticMetadataFileList --swift-const-vals-list /Users/shizihan/DailyUse/Github/InkMarkdown/.scratch/architecture-deepening-2026-09-07/evidence/20260907-1415-ticket-27/consumer/DerivedData-InkMarkdownMermaidConsumer/Build/Intermediates.noindex/swift-markdown.build/Debug-iphonesimulator/Markdown.build/Objects-normal/arm64/Markdown.SwiftConstValuesFileList --force --compile-time-extraction --deployment-aware-processing --validate-assistant-intents --no-app-shortcuts-localization
2026-09-07 14:41:15.815 appintentsmetadataprocessor[88844:6072418] Starting appintentsmetadataprocessor export
2026-09-07 14:41:15.843 appintentsmetadataprocessor[88844:6072418] Extracted no relevant App Intents symbols, skipping writing output

SwiftExplicitDependencyGeneratePcm arm64 /Users/shizihan/DailyUse/Github/InkMarkdown/.scratch/architecture-deepening-2026-09-07/evidence/20260907-1415-ticket-27/consumer/DerivedData-InkMarkdownMermaidConsumer/ModuleCache.noindex/SwiftUICore-ACH4B65JCNA1QP14BIRSKBNW2.pcm

SwiftExplicitDependencyGeneratePcm arm64 /Users/shizihan/DailyUse/Github/InkMarkdown/.scratch/architecture-deepening-2026-09-07/evidence/20260907-1415-ticket-27/consumer/DerivedData-InkMarkdownMermaidConsumer/ModuleCache.noindex/UIKit-A6PGA69MFMAYMF6EXZL89HCSX.pcm

RegisterExecutionPolicyException /Users/shizihan/DailyUse/Github/InkMarkdown/.scratch/architecture-deepening-2026-09-07/evidence/20260907-1415-ticket-27/consumer/DerivedData-InkMarkdownMermaidConsumer/Build/Products/Debug-iphonesimulator/Markdown.o (in target 'Markdown' from project 'swift-markdown')
    cd /Users/shizihan/DailyUse/Github/InkMarkdown/Packages/Caches/swift-markdown
    builtin-RegisterExecutionPolicyException /Users/shizihan/DailyUse/Github/InkMarkdown/.scratch/architecture-deepening-2026-09-07/evidence/20260907-1415-ticket-27/consumer/DerivedData-InkMarkdownMermaidConsumer/Build/Products/Debug-iphonesimulator/Markdown.o

SwiftExplicitDependencyGeneratePcm arm64 /Users/shizihan/DailyUse/Github/InkMarkdown/.scratch/architecture-deepening-2026-09-07/evidence/20260907-1415-ticket-27/consumer/DerivedData-InkMarkdownMermaidConsumer/ModuleCache.noindex/Spatial-CTWZ1XBRFPEWYYBBG2PWFD1VW.pcm

SwiftExplicitDependencyGeneratePcm arm64 /Users/shizihan/DailyUse/Github/InkMarkdown/.scratch/architecture-deepening-2026-09-07/evidence/20260907-1415-ticket-27/consumer/DerivedData-InkMarkdownMermaidConsumer/ModuleCache.noindex/WebKit-2NGOITX7DQIR7TBUMVYATZ0J1.pcm

SwiftEmitModule normal arm64 Emitting\ module\ for\ InkMarkdown (in target 'InkMarkdown' from project 'InkMarkdown')

EmitSwiftModule normal arm64 (in target 'InkMarkdown' from project 'InkMarkdown')
    cd /Users/shizihan/DailyUse/Github/InkMarkdown/.github/fixtures/consumer-smoke/.swiftpm/xcode
    

SwiftCompile normal arm64 Compiling\ InkTableBlockView.swift,\ InkTableCellTextView.swift,\ InkTablePresentation.swift,\ InkTableRenderHelper.swift,\ InkThematicBreakBlock.swift,\ InkThoughtBlock.swift,\ InkGeneratedAddonRuntime.swift /Users/shizihan/DailyUse/Github/InkMarkdown/Sources/InkMarkdown/Rendering/Components/InkTableBlockView.swift /Users/shizihan/DailyUse/Github/InkMarkdown/Sources/InkMarkdown/Rendering/Components/InkTableCellTextView.swift /Users/shizihan/DailyUse/Github/InkMarkdown/Sources/InkMarkdown/Rendering/Components/InkTablePresentation.swift /Users/shizihan/DailyUse/Github/InkMarkdown/Sources/InkMarkdown/Rendering/Components/InkTableRenderHelper.swift /Users/shizihan/DailyUse/Github/InkMarkdown/Sources/InkMarkdown/Rendering/Components/InkThematicBreakBlock.swift /Users/shizihan/DailyUse/Github/InkMarkdown/Sources/InkMarkdown/Rendering/Components/InkThoughtBlock.swift /Users/shizihan/DailyUse/Github/InkMarkdown/Sources/InkMarkdown/Rendering/Generated/InkGeneratedAddonRuntime.swift (in target 'InkMarkdown' from project 'InkMarkdown')
SwiftCompile normal arm64 /Users/shizihan/DailyUse/Github/InkMarkdown/Sources/InkMarkdown/Rendering/Components/InkTableBlockView.swift (in target 'InkMarkdown' from project 'InkMarkdown')
    cd /Users/shizihan/DailyUse/Github/InkMarkdown/.github/fixtures/consumer-smoke/.swiftpm/xcode
    

SwiftCompile normal arm64 /Users/shizihan/DailyUse/Github/InkMarkdown/Sources/InkMarkdown/Rendering/Components/InkTableCellTextView.swift (in target 'InkMarkdown' from project 'InkMarkdown')
    cd /Users/shizihan/DailyUse/Github/InkMarkdown/.github/fixtures/consumer-smoke/.swiftpm/xcode
    

SwiftCompile normal arm64 /Users/shizihan/DailyUse/Github/InkMarkdown/Sources/InkMarkdown/Rendering/Components/InkTablePresentation.swift (in target 'InkMarkdown' from project 'InkMarkdown')
    cd /Users/shizihan/DailyUse/Github/InkMarkdown/.github/fixtures/consumer-smoke/.swiftpm/xcode
    

SwiftCompile normal arm64 /Users/shizihan/DailyUse/Github/InkMarkdown/Sources/InkMarkdown/Rendering/Components/InkTableRenderHelper.swift (in target 'InkMarkdown' from project 'InkMarkdown')
    cd /Users/shizihan/DailyUse/Github/InkMarkdown/.github/fixtures/consumer-smoke/.swiftpm/xcode
    

SwiftCompile normal arm64 /Users/shizihan/DailyUse/Github/InkMarkdown/Sources/InkMarkdown/Rendering/Components/InkThematicBreakBlock.swift (in target 'InkMarkdown' from project 'InkMarkdown')
    cd /Users/shizihan/DailyUse/Github/InkMarkdown/.github/fixtures/consumer-smoke/.swiftpm/xcode
    

SwiftCompile normal arm64 /Users/shizihan/DailyUse/Github/InkMarkdown/Sources/InkMarkdown/Rendering/Components/InkThoughtBlock.swift (in target 'InkMarkdown' from project 'InkMarkdown')
    cd /Users/shizihan/DailyUse/Github/InkMarkdown/.github/fixtures/consumer-smoke/.swiftpm/xcode
    

SwiftCompile normal arm64 /Users/shizihan/DailyUse/Github/InkMarkdown/Sources/InkMarkdown/Rendering/Generated/InkGeneratedAddonRuntime.swift (in target 'InkMarkdown' from project 'InkMarkdown')
    cd /Users/shizihan/DailyUse/Github/InkMarkdown/.github/fixtures/consumer-smoke/.swiftpm/xcode
    

SwiftCompile normal arm64 Compiling\ InkThoughtPresentationPolicy.swift,\ InkThoughtScanner.swift,\ InkThoughtStreamingScanner.swift,\ InkCodeBlockView.swift,\ InkMarkdownLayoutManager.swift,\ InkStreamTableView.swift,\ InkTableBlock.swift /Users/shizihan/DailyUse/Github/InkMarkdown/Sources/InkMarkdown/Rendering/Block/InkThoughtPresentationPolicy.swift /Users/shizihan/DailyUse/Github/InkMarkdown/Sources/InkMarkdown/Rendering/Block/InkThoughtScanner.swift /Users/shizihan/DailyUse/Github/InkMarkdown/Sources/InkMarkdown/Rendering/Block/InkThoughtStreamingScanner.swift /Users/shizihan/DailyUse/Github/InkMarkdown/Sources/InkMarkdown/Rendering/Components/InkCodeBlockView.swift /Users/shizihan/DailyUse/Github/InkMarkdown/Sources/InkMarkdown/Rendering/Components/InkMarkdownLayoutManager.swift /Users/shizihan/DailyUse/Github/InkMarkdown/Sources/InkMarkdown/Rendering/Components/InkStreamTableView.swift /Users/shizihan/DailyUse/Github/InkMarkdown/Sources/InkMarkdown/Rendering/Components/InkTableBlock.swift (in target 'InkMarkdown' from project 'InkMarkdown')

SwiftCompile normal arm64 /Users/shizihan/DailyUse/Github/InkMarkdown/Sources/InkMarkdown/Rendering/Block/InkThoughtPresentationPolicy.swift (in target 'InkMarkdown' from project 'InkMarkdown')
    cd /Users/shizihan/DailyUse/Github/InkMarkdown/.github/fixtures/consumer-smoke/.swiftpm/xcode
    

SwiftCompile normal arm64 /Users/shizihan/DailyUse/Github/InkMarkdown/Sources/InkMarkdown/Rendering/Block/InkThoughtScanner.swift (in target 'InkMarkdown' from project 'InkMarkdown')
    cd /Users/shizihan/DailyUse/Github/InkMarkdown/.github/fixtures/consumer-smoke/.swiftpm/xcode
    

SwiftCompile normal arm64 /Users/shizihan/DailyUse/Github/InkMarkdown/Sources/InkMarkdown/Rendering/Block/InkThoughtStreamingScanner.swift (in target 'InkMarkdown' from project 'InkMarkdown')
    cd /Users/shizihan/DailyUse/Github/InkMarkdown/.github/fixtures/consumer-smoke/.swiftpm/xcode
    

SwiftCompile normal arm64 /Users/shizihan/DailyUse/Github/InkMarkdown/Sources/InkMarkdown/Rendering/Components/InkCodeBlockView.swift (in target 'InkMarkdown' from project 'InkMarkdown')
    cd /Users/shizihan/DailyUse/Github/InkMarkdown/.github/fixtures/consumer-smoke/.swiftpm/xcode
    

SwiftCompile normal arm64 /Users/shizihan/DailyUse/Github/InkMarkdown/Sources/InkMarkdown/Rendering/Components/InkMarkdownLayoutManager.swift (in target 'InkMarkdown' from project 'InkMarkdown')
    cd /Users/shizihan/DailyUse/Github/InkMarkdown/.github/fixtures/consumer-smoke/.swiftpm/xcode
    

SwiftCompile normal arm64 /Users/shizihan/DailyUse/Github/InkMarkdown/Sources/InkMarkdown/Rendering/Components/InkStreamTableView.swift (in target 'InkMarkdown' from project 'InkMarkdown')
    cd /Users/shizihan/DailyUse/Github/InkMarkdown/.github/fixtures/consumer-smoke/.swiftpm/xcode
    

SwiftCompile normal arm64 /Users/shizihan/DailyUse/Github/InkMarkdown/Sources/InkMarkdown/Rendering/Components/InkTableBlock.swift (in target 'InkMarkdown' from project 'InkMarkdown')
    cd /Users/shizihan/DailyUse/Github/InkMarkdown/.github/fixtures/consumer-smoke/.swiftpm/xcode
    

SwiftCompile normal arm64 Compiling\ InkAppearance.swift,\ InkConfiguration.swift,\ InkRenderEnvironment.swift,\ InkSemanticIdentity.swift,\ InkMarkdown.swift,\ InkLineClassifier.swift,\ InkParser.swift /Users/shizihan/DailyUse/Github/InkMarkdown/Sources/InkMarkdown/Configuration/InkAppearance.swift /Users/shizihan/DailyUse/Github/InkMarkdown/Sources/InkMarkdown/Configuration/InkConfiguration.swift /Users/shizihan/DailyUse/Github/InkMarkdown/Sources/InkMarkdown/Configuration/InkRenderEnvironment.swift /Users/shizihan/DailyUse/Github/InkMarkdown/Sources/InkMarkdown/Configuration/InkSemanticIdentity.swift /Users/shizihan/DailyUse/Github/InkMarkdown/Sources/InkMarkdown/InkMarkdown.swift /Users/shizihan/DailyUse/Github/InkMarkdown/Sources/InkMarkdown/Parser/InkLineClassifier.swift /Users/shizihan/DailyUse/Github/InkMarkdown/Sources/InkMarkdown/Parser/InkParser.swift (in target 'InkMarkdown' from project 'InkMarkdown')

SwiftCompile normal arm64 /Users/shizihan/DailyUse/Github/InkMarkdown/Sources/InkMarkdown/Configuration/InkAppearance.swift (in target 'InkMarkdown' from project 'InkMarkdown')
    cd /Users/shizihan/DailyUse/Github/InkMarkdown/.github/fixtures/consumer-smoke/.swiftpm/xcode
    

SwiftCompile normal arm64 /Users/shizihan/DailyUse/Github/InkMarkdown/Sources/InkMarkdown/Configuration/InkConfiguration.swift (in target 'InkMarkdown' from project 'InkMarkdown')
    cd /Users/shizihan/DailyUse/Github/InkMarkdown/.github/fixtures/consumer-smoke/.swiftpm/xcode
    

SwiftCompile normal arm64 /Users/shizihan/DailyUse/Github/InkMarkdown/Sources/InkMarkdown/Configuration/InkRenderEnvironment.swift (in target 'InkMarkdown' from project 'InkMarkdown')
    cd /Users/shizihan/DailyUse/Github/InkMarkdown/.github/fixtures/consumer-smoke/.swiftpm/xcode
    

SwiftCompile normal arm64 /Users/shizihan/DailyUse/Github/InkMarkdown/Sources/InkMarkdown/Configuration/InkSemanticIdentity.swift (in target 'InkMarkdown' from project 'InkMarkdown')
    cd /Users/shizihan/DailyUse/Github/InkMarkdown/.github/fixtures/consumer-smoke/.swiftpm/xcode
    

SwiftCompile normal arm64 /Users/shizihan/DailyUse/Github/InkMarkdown/Sources/InkMarkdown/InkMarkdown.swift (in target 'InkMarkdown' from project 'InkMarkdown')
    cd /Users/shizihan/DailyUse/Github/InkMarkdown/.github/fixtures/consumer-smoke/.swiftpm/xcode
    

SwiftCompile normal arm64 /Users/shizihan/DailyUse/Github/InkMarkdown/Sources/InkMarkdown/Parser/InkLineClassifier.swift (in target 'InkMarkdown' from project 'InkMarkdown')
    cd /Users/shizihan/DailyUse/Github/InkMarkdown/.github/fixtures/consumer-smoke/.swiftpm/xcode
    

SwiftCompile normal arm64 /Users/shizihan/DailyUse/Github/InkMarkdown/Sources/InkMarkdown/Parser/InkParser.swift (in target 'InkMarkdown' from project 'InkMarkdown')
    cd /Users/shizihan/DailyUse/Github/InkMarkdown/.github/fixtures/consumer-smoke/.swiftpm/xcode
    

SwiftCompile normal arm64 Compiling\ InkGeneratedImageRequest.swift,\ InkImageAttachment.swift,\ InkImageBlock.swift,\ InkImageBlockHandler.swift,\ InkImageLoading.swift,\ InkImagePresentationLoad.swift /Users/shizihan/DailyUse/Github/InkMarkdown/Sources/InkMarkdown/Rendering/Image/InkGeneratedImageRequest.swift /Users/shizihan/DailyUse/Github/InkMarkdown/Sources/InkMarkdown/Rendering/Image/InkImageAttachment.swift /Users/shizihan/DailyUse/Github/InkMarkdown/Sources/InkMarkdown/Rendering/Image/InkImageBlock.swift /Users/shizihan/DailyUse/Github/InkMarkdown/Sources/InkMarkdown/Rendering/Image/InkImageBlockHandler.swift /Users/shizihan/DailyUse/Github/InkMarkdown/Sources/InkMarkdown/Rendering/Image/InkImageLoading.swift /Users/shizihan/DailyUse/Github/InkMarkdown/Sources/InkMarkdown/Rendering/Image/InkImagePresentationLoad.swift (in target 'InkMarkdown' from project 'InkMarkdown')

SwiftCompile normal arm64 /Users/shizihan/DailyUse/Github/InkMarkdown/Sources/InkMarkdown/Rendering/Image/InkGeneratedImageRequest.swift (in target 'InkMarkdown' from project 'InkMarkdown')
    cd /Users/shizihan/DailyUse/Github/InkMarkdown/.github/fixtures/consumer-smoke/.swiftpm/xcode
    

SwiftCompile normal arm64 /Users/shizihan/DailyUse/Github/InkMarkdown/Sources/InkMarkdown/Rendering/Image/InkImageAttachment.swift (in target 'InkMarkdown' from project 'InkMarkdown')
    cd /Users/shizihan/DailyUse/Github/InkMarkdown/.github/fixtures/consumer-smoke/.swiftpm/xcode
    

SwiftCompile normal arm64 /Users/shizihan/DailyUse/Github/InkMarkdown/Sources/InkMarkdown/Rendering/Image/InkImageBlock.swift (in target 'InkMarkdown' from project 'InkMarkdown')
    cd /Users/shizihan/DailyUse/Github/InkMarkdown/.github/fixtures/consumer-smoke/.swiftpm/xcode
    

SwiftCompile normal arm64 /Users/shizihan/DailyUse/Github/InkMarkdown/Sources/InkMarkdown/Rendering/Image/InkImageBlockHandler.swift (in target 'InkMarkdown' from project 'InkMarkdown')
    cd /Users/shizihan/DailyUse/Github/InkMarkdown/.github/fixtures/consumer-smoke/.swiftpm/xcode
    

SwiftCompile normal arm64 /Users/shizihan/DailyUse/Github/InkMarkdown/Sources/InkMarkdown/Rendering/Image/InkImageLoading.swift (in target 'InkMarkdown' from project 'InkMarkdown')
    cd /Users/shizihan/DailyUse/Github/InkMarkdown/.github/fixtures/consumer-smoke/.swiftpm/xcode
    

SwiftCompile normal arm64 /Users/shizihan/DailyUse/Github/InkMarkdown/Sources/InkMarkdown/Rendering/Image/InkImagePresentationLoad.swift (in target 'InkMarkdown' from project 'InkMarkdown')
    cd /Users/shizihan/DailyUse/Github/InkMarkdown/.github/fixtures/consumer-smoke/.swiftpm/xcode
    

SwiftCompile normal arm64 Compiling\ InkImagePreviewController.swift,\ InkImageRendering.swift,\ InkImageSourceResolution.swift,\ InkImageStore.swift,\ InkDisplayMetrics.swift,\ InkInlineSyntax.swift /Users/shizihan/DailyUse/Github/InkMarkdown/Sources/InkMarkdown/Rendering/Image/InkImagePreviewController.swift /Users/shizihan/DailyUse/Github/InkMarkdown/Sources/InkMarkdown/Rendering/Image/InkImageRendering.swift /Users/shizihan/DailyUse/Github/InkMarkdown/Sources/InkMarkdown/Rendering/Image/InkImageSourceResolution.swift /Users/shizihan/DailyUse/Github/InkMarkdown/Sources/InkMarkdown/Rendering/Image/InkImageStore.swift /Users/shizihan/DailyUse/Github/InkMarkdown/Sources/InkMarkdown/Rendering/InkDisplayMetrics.swift /Users/shizihan/DailyUse/Github/InkMarkdown/Sources/InkMarkdown/Rendering/InkInlineSyntax.swift (in target 'InkMarkdown' from project 'InkMarkdown')

SwiftCompile normal arm64 /Users/shizihan/DailyUse/Github/InkMarkdown/Sources/InkMarkdown/Rendering/Image/InkImagePreviewController.swift (in target 'InkMarkdown' from project 'InkMarkdown')
    cd /Users/shizihan/DailyUse/Github/InkMarkdown/.github/fixtures/consumer-smoke/.swiftpm/xcode
    

SwiftCompile normal arm64 /Users/shizihan/DailyUse/Github/InkMarkdown/Sources/InkMarkdown/Rendering/Image/InkImageRendering.swift (in target 'InkMarkdown' from project 'InkMarkdown')
    cd /Users/shizihan/DailyUse/Github/InkMarkdown/.github/fixtures/consumer-smoke/.swiftpm/xcode
    

SwiftCompile normal arm64 /Users/shizihan/DailyUse/Github/InkMarkdown/Sources/InkMarkdown/Rendering/Image/InkImageSourceResolution.swift (in target 'InkMarkdown' from project 'InkMarkdown')
    cd /Users/shizihan/DailyUse/Github/InkMarkdown/.github/fixtures/consumer-smoke/.swiftpm/xcode
    

SwiftCompile normal arm64 /Users/shizihan/DailyUse/Github/InkMarkdown/Sources/InkMarkdown/Rendering/Image/InkImageStore.swift (in target 'InkMarkdown' from project 'InkMarkdown')
    cd /Users/shizihan/DailyUse/Github/InkMarkdown/.github/fixtures/consumer-smoke/.swiftpm/xcode
    

SwiftCompile normal arm64 /Users/shizihan/DailyUse/Github/InkMarkdown/Sources/InkMarkdown/Rendering/InkDisplayMetrics.swift (in target 'InkMarkdown' from project 'InkMarkdown')
    cd /Users/shizihan/DailyUse/Github/InkMarkdown/.github/fixtures/consumer-smoke/.swiftpm/xcode
    

SwiftCompile normal arm64 /Users/shizihan/DailyUse/Github/InkMarkdown/Sources/InkMarkdown/Rendering/InkInlineSyntax.swift (in target 'InkMarkdown' from project 'InkMarkdown')
    cd /Users/shizihan/DailyUse/Github/InkMarkdown/.github/fixtures/consumer-smoke/.swiftpm/xcode
    

SwiftCompile normal arm64 Compiling\ InkLaTeXIntegration.swift,\ InkMermaidIntegration.swift,\ DefaultURLSessionImageLoader.swift,\ DisplayContext.swift,\ DisplayKey.swift,\ ImageHTTPSessionDelegate.swift /Users/shizihan/DailyUse/Github/InkMarkdown/Sources/InkMarkdown/Rendering/Generated/InkLaTeXIntegration.swift /Users/shizihan/DailyUse/Github/InkMarkdown/Sources/InkMarkdown/Rendering/Generated/InkMermaidIntegration.swift /Users/shizihan/DailyUse/Github/InkMarkdown/Sources/InkMarkdown/Rendering/Image/DefaultURLSessionImageLoader.swift /Users/shizihan/DailyUse/Github/InkMarkdown/Sources/InkMarkdown/Rendering/Image/DisplayContext.swift /Users/shizihan/DailyUse/Github/InkMarkdown/Sources/InkMarkdown/Rendering/Image/DisplayKey.swift /Users/shizihan/DailyUse/Github/InkMarkdown/Sources/InkMarkdown/Rendering/Image/ImageHTTPSessionDelegate.swift (in target 'InkMarkdown' from project 'InkMarkdown')

SwiftCompile normal arm64 /Users/shizihan/DailyUse/Github/InkMarkdown/Sources/InkMarkdown/Rendering/Generated/InkLaTeXIntegration.swift (in target 'InkMarkdown' from project 'InkMarkdown')
    cd /Users/shizihan/DailyUse/Github/InkMarkdown/.github/fixtures/consumer-smoke/.swiftpm/xcode
    

SwiftCompile normal arm64 /Users/shizihan/DailyUse/Github/InkMarkdown/Sources/InkMarkdown/Rendering/Generated/InkMermaidIntegration.swift (in target 'InkMarkdown' from project 'InkMarkdown')
    cd /Users/shizihan/DailyUse/Github/InkMarkdown/.github/fixtures/consumer-smoke/.swiftpm/xcode
    

SwiftCompile normal arm64 /Users/shizihan/DailyUse/Github/InkMarkdown/Sources/InkMarkdown/Rendering/Image/DefaultURLSessionImageLoader.swift (in target 'InkMarkdown' from project 'InkMarkdown')
    cd /Users/shizihan/DailyUse/Github/InkMarkdown/.github/fixtures/consumer-smoke/.swiftpm/xcode
    

SwiftCompile normal arm64 /Users/shizihan/DailyUse/Github/InkMarkdown/Sources/InkMarkdown/Rendering/Image/DisplayContext.swift (in target 'InkMarkdown' from project 'InkMarkdown')
    cd /Users/shizihan/DailyUse/Github/InkMarkdown/.github/fixtures/consumer-smoke/.swiftpm/xcode
    

SwiftCompile normal arm64 /Users/shizihan/DailyUse/Github/InkMarkdown/Sources/InkMarkdown/Rendering/Image/DisplayKey.swift (in target 'InkMarkdown' from project 'InkMarkdown')
    cd /Users/shizihan/DailyUse/Github/InkMarkdown/.github/fixtures/consumer-smoke/.swiftpm/xcode
    

SwiftCompile normal arm64 /Users/shizihan/DailyUse/Github/InkMarkdown/Sources/InkMarkdown/Rendering/Image/ImageHTTPSessionDelegate.swift (in target 'InkMarkdown' from project 'InkMarkdown')
    cd /Users/shizihan/DailyUse/Github/InkMarkdown/.github/fixtures/consumer-smoke/.swiftpm/xcode
    

SwiftCompile normal arm64 Compiling\ InkPreparedMarkdownSource.swift,\ InkAttributedRenderer.swift,\ InkAttributedTextBlock.swift,\ InkBlockHandler.swift,\ InkBlockRenderer.swift,\ InkRenderableBlock.swift,\ InkThoughtBlockHandler.swift /Users/shizihan/DailyUse/Github/InkMarkdown/Sources/InkMarkdown/Parser/InkPreparedMarkdownSource.swift /Users/shizihan/DailyUse/Github/InkMarkdown/Sources/InkMarkdown/Rendering/AttributedString/InkAttributedRenderer.swift /Users/shizihan/DailyUse/Github/InkMarkdown/Sources/InkMarkdown/Rendering/Block/InkAttributedTextBlock.swift /Users/shizihan/DailyUse/Github/InkMarkdown/Sources/InkMarkdown/Rendering/Block/InkBlockHandler.swift /Users/shizihan/DailyUse/Github/InkMarkdown/Sources/InkMarkdown/Rendering/Block/InkBlockRenderer.swift /Users/shizihan/DailyUse/Github/InkMarkdown/Sources/InkMarkdown/Rendering/Block/InkRenderableBlock.swift /Users/shizihan/DailyUse/Github/InkMarkdown/Sources/InkMarkdown/Rendering/Block/InkThoughtBlockHandler.swift (in target 'InkMarkdown' from project 'InkMarkdown')

SwiftCompile normal arm64 /Users/shizihan/DailyUse/Github/InkMarkdown/Sources/InkMarkdown/Parser/InkPreparedMarkdownSource.swift (in target 'InkMarkdown' from project 'InkMarkdown')
    cd /Users/shizihan/DailyUse/Github/InkMarkdown/.github/fixtures/consumer-smoke/.swiftpm/xcode
    

SwiftCompile normal arm64 /Users/shizihan/DailyUse/Github/InkMarkdown/Sources/InkMarkdown/Rendering/AttributedString/InkAttributedRenderer.swift (in target 'InkMarkdown' from project 'InkMarkdown')
    cd /Users/shizihan/DailyUse/Github/InkMarkdown/.github/fixtures/consumer-smoke/.swiftpm/xcode
    

SwiftCompile normal arm64 /Users/shizihan/DailyUse/Github/InkMarkdown/Sources/InkMarkdown/Rendering/Block/InkAttributedTextBlock.swift (in target 'InkMarkdown' from project 'InkMarkdown')
    cd /Users/shizihan/DailyUse/Github/InkMarkdown/.github/fixtures/consumer-smoke/.swiftpm/xcode
    

SwiftCompile normal arm64 /Users/shizihan/DailyUse/Github/InkMarkdown/Sources/InkMarkdown/Rendering/Block/InkBlockHandler.swift (in target 'InkMarkdown' from project 'InkMarkdown')
    cd /Users/shizihan/DailyUse/Github/InkMarkdown/.github/fixtures/consumer-smoke/.swiftpm/xcode
    

SwiftCompile normal arm64 /Users/shizihan/DailyUse/Github/InkMarkdown/Sources/InkMarkdown/Rendering/Block/InkBlockRenderer.swift (in target 'InkMarkdown' from project 'InkMarkdown')
    cd /Users/shizihan/DailyUse/Github/InkMarkdown/.github/fixtures/consumer-smoke/.swiftpm/xcode
    

SwiftCompile normal arm64 /Users/shizihan/DailyUse/Github/InkMarkdown/Sources/InkMarkdown/Rendering/Block/InkRenderableBlock.swift (in target 'InkMarkdown' from project 'InkMarkdown')
    cd /Users/shizihan/DailyUse/Github/InkMarkdown/.github/fixtures/consumer-smoke/.swiftpm/xcode
    

SwiftCompile normal arm64 /Users/shizihan/DailyUse/Github/InkMarkdown/Sources/InkMarkdown/Rendering/Block/InkThoughtBlockHandler.swift (in target 'InkMarkdown' from project 'InkMarkdown')
    cd /Users/shizihan/DailyUse/Github/InkMarkdown/.github/fixtures/consumer-smoke/.swiftpm/xcode
    

SwiftCompile normal arm64 Compiling\ InkStreamRenderer.swift,\ InkTextContext.swift,\ InkLaTeXImageRenderer.swift,\ InkLaTeXRenderRequest.swift,\ InkLaTeXSourcePreservation.swift,\ InkLaTeXSyntax.swift /Users/shizihan/DailyUse/Github/InkMarkdown/Sources/InkMarkdown/Rendering/InkStreamRenderer.swift /Users/shizihan/DailyUse/Github/InkMarkdown/Sources/InkMarkdown/Rendering/InkTextContext.swift /Users/shizihan/DailyUse/Github/InkMarkdown/Sources/InkMarkdown/Rendering/LaTeX/InkLaTeXImageRenderer.swift /Users/shizihan/DailyUse/Github/InkMarkdown/Sources/InkMarkdown/Rendering/LaTeX/InkLaTeXRenderRequest.swift /Users/shizihan/DailyUse/Github/InkMarkdown/Sources/InkMarkdown/Rendering/LaTeX/InkLaTeXSourcePreservation.swift /Users/shizihan/DailyUse/Github/InkMarkdown/Sources/InkMarkdown/Rendering/LaTeX/InkLaTeXSyntax.swift (in target 'InkMarkdown' from project 'InkMarkdown')

SwiftCompile normal arm64 /Users/shizihan/DailyUse/Github/InkMarkdown/Sources/InkMarkdown/Rendering/InkStreamRenderer.swift (in target 'InkMarkdown' from project 'InkMarkdown')
    cd /Users/shizihan/DailyUse/Github/InkMarkdown/.github/fixtures/consumer-smoke/.swiftpm/xcode
    

SwiftCompile normal arm64 /Users/shizihan/DailyUse/Github/InkMarkdown/Sources/InkMarkdown/Rendering/InkTextContext.swift (in target 'InkMarkdown' from project 'InkMarkdown')
    cd /Users/shizihan/DailyUse/Github/InkMarkdown/.github/fixtures/consumer-smoke/.swiftpm/xcode
    

SwiftCompile normal arm64 /Users/shizihan/DailyUse/Github/InkMarkdown/Sources/InkMarkdown/Rendering/LaTeX/InkLaTeXImageRenderer.swift (in target 'InkMarkdown' from project 'InkMarkdown')
    cd /Users/shizihan/DailyUse/Github/InkMarkdown/.github/fixtures/consumer-smoke/.swiftpm/xcode
    

SwiftCompile normal arm64 /Users/shizihan/DailyUse/Github/InkMarkdown/Sources/InkMarkdown/Rendering/LaTeX/InkLaTeXRenderRequest.swift (in target 'InkMarkdown' from project 'InkMarkdown')
    cd /Users/shizihan/DailyUse/Github/InkMarkdown/.github/fixtures/consumer-smoke/.swiftpm/xcode
    

SwiftCompile normal arm64 /Users/shizihan/DailyUse/Github/InkMarkdown/Sources/InkMarkdown/Rendering/LaTeX/InkLaTeXSourcePreservation.swift (in target 'InkMarkdown' from project 'InkMarkdown')
    cd /Users/shizihan/DailyUse/Github/InkMarkdown/.github/fixtures/consumer-smoke/.swiftpm/xcode
    

SwiftCompile normal arm64 /Users/shizihan/DailyUse/Github/InkMarkdown/Sources/InkMarkdown/Rendering/LaTeX/InkLaTeXSyntax.swift (in target 'InkMarkdown' from project 'InkMarkdown')
    cd /Users/shizihan/DailyUse/Github/InkMarkdown/.github/fixtures/consumer-smoke/.swiftpm/xcode
    

SwiftCompile normal arm64 Compiling\ ImageIODownsampler.swift,\ ImageLoadError.swift,\ ImageSecurityPolicy.swift,\ ImageSizingHelper.swift,\ ImageSource.swift,\ InkGeneratedImageLoading.swift /Users/shizihan/DailyUse/Github/InkMarkdown/Sources/InkMarkdown/Rendering/Image/ImageIODownsampler.swift /Users/shizihan/DailyUse/Github/InkMarkdown/Sources/InkMarkdown/Rendering/Image/ImageLoadError.swift /Users/shizihan/DailyUse/Github/InkMarkdown/Sources/InkMarkdown/Rendering/Image/ImageSecurityPolicy.swift /Users/shizihan/DailyUse/Github/InkMarkdown/Sources/InkMarkdown/Rendering/Image/ImageSizingHelper.swift /Users/shizihan/DailyUse/Github/InkMarkdown/Sources/InkMarkdown/Rendering/Image/ImageSource.swift /Users/shizihan/DailyUse/Github/InkMarkdown/Sources/InkMarkdown/Rendering/Image/InkGeneratedImageLoading.swift (in target 'InkMarkdown' from project 'InkMarkdown')

SwiftCompile normal arm64 /Users/shizihan/DailyUse/Github/InkMarkdown/Sources/InkMarkdown/Rendering/Image/ImageIODownsampler.swift (in target 'InkMarkdown' from project 'InkMarkdown')
    cd /Users/shizihan/DailyUse/Github/InkMarkdown/.github/fixtures/consumer-smoke/.swiftpm/xcode
    

SwiftCompile normal arm64 /Users/shizihan/DailyUse/Github/InkMarkdown/Sources/InkMarkdown/Rendering/Image/ImageLoadError.swift (in target 'InkMarkdown' from project 'InkMarkdown')
    cd /Users/shizihan/DailyUse/Github/InkMarkdown/.github/fixtures/consumer-smoke/.swiftpm/xcode
    

SwiftCompile normal arm64 /Users/shizihan/DailyUse/Github/InkMarkdown/Sources/InkMarkdown/Rendering/Image/ImageSecurityPolicy.swift (in target 'InkMarkdown' from project 'InkMarkdown')
    cd /Users/shizihan/DailyUse/Github/InkMarkdown/.github/fixtures/consumer-smoke/.swiftpm/xcode
    

SwiftCompile normal arm64 /Users/shizihan/DailyUse/Github/InkMarkdown/Sources/InkMarkdown/Rendering/Image/ImageSizingHelper.swift (in target 'InkMarkdown' from project 'InkMarkdown')
    cd /Users/shizihan/DailyUse/Github/InkMarkdown/.github/fixtures/consumer-smoke/.swiftpm/xcode
    

SwiftCompile normal arm64 /Users/shizihan/DailyUse/Github/InkMarkdown/Sources/InkMarkdown/Rendering/Image/ImageSource.swift (in target 'InkMarkdown' from project 'InkMarkdown')
    cd /Users/shizihan/DailyUse/Github/InkMarkdown/.github/fixtures/consumer-smoke/.swiftpm/xcode
    

SwiftCompile normal arm64 /Users/shizihan/DailyUse/Github/InkMarkdown/Sources/InkMarkdown/Rendering/Image/InkGeneratedImageLoading.swift (in target 'InkMarkdown' from project 'InkMarkdown')
    cd /Users/shizihan/DailyUse/Github/InkMarkdown/.github/fixtures/consumer-smoke/.swiftpm/xcode
    

SwiftCompile normal arm64 Compiling\ InkMermaidImageRenderer.swift,\ InkMermaidPageLoadRouter.swift,\ InkMermaidRasterPlan.swift,\ InkMermaidRenderRequestState.swift,\ InkMermaidRenderScheduler.swift,\ InkMermaidTypes.swift /Users/shizihan/DailyUse/Github/InkMarkdown/Sources/InkMarkdown/Rendering/Mermaid/InkMermaidImageRenderer.swift /Users/shizihan/DailyUse/Github/InkMarkdown/Sources/InkMarkdown/Rendering/Mermaid/InkMermaidPageLoadRouter.swift /Users/shizihan/DailyUse/Github/InkMarkdown/Sources/InkMarkdown/Rendering/Mermaid/InkMermaidRasterPlan.swift /Users/shizihan/DailyUse/Github/InkMarkdown/Sources/InkMarkdown/Rendering/Mermaid/InkMermaidRenderRequestState.swift /Users/shizihan/DailyUse/Github/InkMarkdown/Sources/InkMarkdown/Rendering/Mermaid/InkMermaidRenderScheduler.swift /Users/shizihan/DailyUse/Github/InkMarkdown/Sources/InkMarkdown/Rendering/Mermaid/InkMermaidTypes.swift (in target 'InkMarkdown' from project 'InkMarkdown')
SwiftCompile normal arm64 /Users/shizihan/DailyUse/Github/InkMarkdown/Sources/InkMarkdown/Rendering/Mermaid/InkMermaidImageRenderer.swift (in target 'InkMarkdown' from project 'InkMarkdown')
    cd /Users/shizihan/DailyUse/Github/InkMarkdown/.github/fixtures/consumer-smoke/.swiftpm/xcode
    

SwiftCompile normal arm64 /Users/shizihan/DailyUse/Github/InkMarkdown/Sources/InkMarkdown/Rendering/Mermaid/InkMermaidPageLoadRouter.swift (in target 'InkMarkdown' from project 'InkMarkdown')
    cd /Users/shizihan/DailyUse/Github/InkMarkdown/.github/fixtures/consumer-smoke/.swiftpm/xcode
    

SwiftCompile normal arm64 /Users/shizihan/DailyUse/Github/InkMarkdown/Sources/InkMarkdown/Rendering/Mermaid/InkMermaidRasterPlan.swift (in target 'InkMarkdown' from project 'InkMarkdown')
    cd /Users/shizihan/DailyUse/Github/InkMarkdown/.github/fixtures/consumer-smoke/.swiftpm/xcode
    

SwiftCompile normal arm64 /Users/shizihan/DailyUse/Github/InkMarkdown/Sources/InkMarkdown/Rendering/Mermaid/InkMermaidRenderRequestState.swift (in target 'InkMarkdown' from project 'InkMarkdown')
    cd /Users/shizihan/DailyUse/Github/InkMarkdown/.github/fixtures/consumer-smoke/.swiftpm/xcode
    

SwiftCompile normal arm64 /Users/shizihan/DailyUse/Github/InkMarkdown/Sources/InkMarkdown/Rendering/Mermaid/InkMermaidRenderScheduler.swift (in target 'InkMarkdown' from project 'InkMarkdown')
    cd /Users/shizihan/DailyUse/Github/InkMarkdown/.github/fixtures/consumer-smoke/.swiftpm/xcode
    

SwiftCompile normal arm64 /Users/shizihan/DailyUse/Github/InkMarkdown/Sources/InkMarkdown/Rendering/Mermaid/InkMermaidTypes.swift (in target 'InkMarkdown' from project 'InkMarkdown')
    cd /Users/shizihan/DailyUse/Github/InkMarkdown/.github/fixtures/consumer-smoke/.swiftpm/xcode
    

SwiftDriverJobDiscovery normal arm64 Emitting module for InkMarkdown (in target 'InkMarkdown' from project 'InkMarkdown')

SwiftDriver\ Compilation\ Requirements InkMarkdown normal arm64 com.apple.xcode.tools.swift.compiler (in target 'InkMarkdown' from project 'InkMarkdown')
    cd /Users/shizihan/DailyUse/Github/InkMarkdown/.github/fixtures/consumer-smoke/.swiftpm/xcode
    builtin-Swift-Compilation-Requirements -- /Applications/Xcode.app/Contents/Developer/Toolchains/XcodeDefault.xctoolchain/usr/bin/swiftc -module-name InkMarkdown -Onone @/Users/shizihan/DailyUse/Github/InkMarkdown/.scratch/architecture-deepening-2026-09-07/evidence/20260907-1415-ticket-27/consumer/DerivedData-InkMarkdownMermaidConsumer/Build/Intermediates.noindex/InkMarkdown.build/Debug-iphonesimulator/InkMarkdown.build/Objects-normal/arm64/InkMarkdown.SwiftFileList -DSWIFT_PACKAGE -DDEBUG -DSWIFT_MODULE_RESOURCE_BUNDLE_UNAVAILABLE -DXcode -enable-experimental-feature StrictConcurrency -plugin-path /Applications/Xcode.app/Contents/Developer/Toolchains/XcodeDefault.xctoolchain/usr/lib/swift/host/plugins/testing -enable-experimental-feature DebugDescriptionMacro -sdk /Applications/Xcode.app/Contents/Developer/Platforms/iPhoneSimulator.platform/Developer/SDKs/iPhoneSimulator26.5.sdk -target arm64-apple-ios15.0-simulator -g -module-cache-path /Users/shizihan/DailyUse/Github/InkMarkdown/.scratch/architecture-deepening-2026-09-07/evidence/20260907-1415-ticket-27/consumer/DerivedData-InkMarkdownMermaidConsumer/ModuleCache.noindex -Xfrontend -serialize-debugging-options -enable-testing -suppress-warnings -index-store-path /Users/shizihan/DailyUse/Github/InkMarkdown/.scratch/architecture-deepening-2026-09-07/evidence/20260907-1415-ticket-27/consumer/DerivedData-InkMarkdownMermaidConsumer/Index.noindex/DataStore -Xcc -D_LIBCPP_HARDENING_MODE\=_LIBCPP_HARDENING_MODE_DEBUG -swift-version 5 -I /Users/shizihan/DailyUse/Github/InkMarkdown/.scratch/architecture-deepening-2026-09-07/evidence/20260907-1415-ticket-27/consumer/DerivedData-InkMarkdownMermaidConsumer/Build/Products/Debug-iphonesimulator -Isystem /Applications/Xcode.app/Contents/Developer/Platforms/iPhoneSimulator.platform/Developer/usr/lib -F /Users/shizihan/DailyUse/Github/InkMarkdown/.scratch/architecture-deepening-2026-09-07/evidence/20260907-1415-ticket-27/consumer/DerivedData-InkMarkdownMermaidConsumer/Build/Products/Debug-iphonesimulator/PackageFrameworks -F /Users/shizihan/DailyUse/Github/InkMarkdown/.scratch/architecture-deepening-2026-09-07/evidence/20260907-1415-ticket-27/consumer/DerivedData-InkMarkdownMermaidConsumer/Build/Products/Debug-iphonesimulator/PackageFrameworks -F /Users/shizihan/DailyUse/Github/InkMarkdown/.scratch/architecture-deepening-2026-09-07/evidence/20260907-1415-ticket-27/consumer/DerivedData-InkMarkdownMermaidConsumer/Build/Products/Debug-iphonesimulator/PackageFrameworks -F /Users/shizihan/DailyUse/Github/InkMarkdown/.scratch/architecture-deepening-2026-09-07/evidence/20260907-1415-ticket-27/consumer/DerivedData-InkMarkdownMermaidConsumer/Build/Products/Debug-iphonesimulator/PackageFrameworks -F /Users/shizihan/DailyUse/Github/InkMarkdown/.scratch/architecture-deepening-2026-09-07/evidence/20260907-1415-ticket-27/consumer/DerivedData-InkMarkdownMermaidConsumer/Build/Products/Debug-iphonesimulator -F /Applications/Xcode.app/Contents/Developer/Platforms/iPhoneSimulator.platform/Developer/Library/Frameworks -F /Applications/Xcode.app/Contents/Developer/Platforms/iPhoneSimulator.platform/Developer/SDKs/iPhoneSimulator26.5.sdk/Developer/Library/Frameworks -c -j10 -enable-batch-mode -incremental -Xcc -ivfsstatcache -Xcc /Users/shizihan/DailyUse/Github/InkMarkdown/.scratch/architecture-deepening-2026-09-07/evidence/20260907-1415-ticket-27/consumer/DerivedData-InkMarkdownMermaidConsumer/SDKStatCaches.noindex/iphonesimulator26.5-23F81a-6cfe768891a92b912361537c460fe42b.sdkstatcache -output-file-map /Users/shizihan/DailyUse/Github/InkMarkdown/.scratch/architecture-deepening-2026-09-07/evidence/20260907-1415-ticket-27/consumer/DerivedData-InkMarkdownMermaidConsumer/Build/Intermediates.noindex/InkMarkdown.build/Debug-iphonesimulator/InkMarkdown.build/Objects-normal/arm64/InkMarkdown-OutputFileMap.json -use-frontend-parseable-output -save-temps -no-color-diagnostics -explicit-module-build -module-cache-path /Users/shizihan/DailyUse/Github/InkMarkdown/.scratch/architecture-deepening-2026-09-07/evidence/20260907-1415-ticket-27/consumer/DerivedData-InkMarkdownMermaidConsumer/Build/Intermediates.noindex/SwiftExplicitPrecompiledModules -clang-scanner-module-cache-path /Users/shizihan/DailyUse/Github/InkMarkdown/.scratch/architecture-deepening-2026-09-07/evidence/20260907-1415-ticket-27/consumer/DerivedData-InkMarkdownMermaidConsumer/ModuleCache.noindex -sdk-module-cache-path /Users/shizihan/DailyUse/Github/InkMarkdown/.scratch/architecture-deepening-2026-09-07/evidence/20260907-1415-ticket-27/consumer/DerivedData-InkMarkdownMermaidConsumer/ModuleCache.noindex -serialize-diagnostics -emit-dependencies -emit-module -emit-module-path /Users/shizihan/DailyUse/Github/InkMarkdown/.scratch/architecture-deepening-2026-09-07/evidence/20260907-1415-ticket-27/consumer/DerivedData-InkMarkdownMermaidConsumer/Build/Intermediates.noindex/InkMarkdown.build/Debug-iphonesimulator/InkMarkdown.build/Objects-normal/arm64/InkMarkdown.swiftmodule -validate-clang-modules-once -clang-build-session-file /Users/shizihan/DailyUse/Github/InkMarkdown/.scratch/architecture-deepening-2026-09-07/evidence/20260907-1415-ticket-27/consumer/DerivedData-InkMarkdownMermaidConsumer/ModuleCache.noindex/Session.modulevalidation -package-name inkmarkdown -Xcc -I/Users/shizihan/DailyUse/Github/InkMarkdown/.scratch/architecture-deepening-2026-09-07/evidence/20260907-1415-ticket-27/consumer/DerivedData-InkMarkdownMermaidConsumer/Build/Intermediates.noindex/InkMarkdown.build/Debug-iphonesimulator/InkMarkdown.build/swift-overrides.hmap -emit-const-values -Xfrontend -const-gather-protocols-file -Xfrontend /Users/shizihan/DailyUse/Github/InkMarkdown/.scratch/architecture-deepening-2026-09-07/evidence/20260907-1415-ticket-27/consumer/DerivedData-InkMarkdownMermaidConsumer/Build/Intermediates.noindex/InkMarkdown.build/Debug-iphonesimulator/InkMarkdown.build/Objects-normal/arm64/InkMarkdown_const_extract_protocols.json -Xcc -I/Users/shizihan/DailyUse/Github/InkMarkdown/Packages/Caches/swift-cmark/src/include -Xcc -I/Users/shizihan/DailyUse/Github/InkMarkdown/Packages/Caches/swift-cmark/extensions/include -Xcc -I/Users/shizihan/DailyUse/Github/InkMarkdown/Packages/Caches/swift-markdown/Sources/CAtomic/include -Xcc -I/Users/shizihan/DailyUse/Github/InkMarkdown/.scratch/architecture-deepening-2026-09-07/evidence/20260907-1415-ticket-27/consumer/DerivedData-InkMarkdownMermaidConsumer/Build/Products/Debug-iphonesimulator/include -Xcc -I/Users/shizihan/DailyUse/Github/InkMarkdown/.scratch/architecture-deepening-2026-09-07/evidence/20260907-1415-ticket-27/consumer/DerivedData-InkMarkdownMermaidConsumer/Build/Intermediates.noindex/InkMarkdown.build/Debug-iphonesimulator/InkMarkdown.build/DerivedSources-normal/arm64 -Xcc -I/Users/shizihan/DailyUse/Github/InkMarkdown/.scratch/architecture-deepening-2026-09-07/evidence/20260907-1415-ticket-27/consumer/DerivedData-InkMarkdownMermaidConsumer/Build/Intermediates.noindex/InkMarkdown.build/Debug-iphonesimulator/InkMarkdown.build/DerivedSources/arm64 -Xcc -I/Users/shizihan/DailyUse/Github/InkMarkdown/.scratch/architecture-deepening-2026-09-07/evidence/20260907-1415-ticket-27/consumer/DerivedData-InkMarkdownMermaidConsumer/Build/Intermediates.noindex/InkMarkdown.build/Debug-iphonesimulator/InkMarkdown.build/DerivedSources -Xcc -DSWIFT_PACKAGE -Xcc -DDEBUG\=1 -emit-objc-header -emit-objc-header-path /Users/shizihan/DailyUse/Github/InkMarkdown/.scratch/architecture-deepening-2026-09-07/evidence/20260907-1415-ticket-27/consumer/DerivedData-InkMarkdownMermaidConsumer/Build/Intermediates.noindex/InkMarkdown.build/Debug-iphonesimulator/InkMarkdown.build/Objects-normal/arm64/InkMarkdown-Swift.h -working-directory /Users/shizihan/DailyUse/Github/InkMarkdown/.github/fixtures/consumer-smoke/.swiftpm/xcode -experimental-emit-module-separately -disable-cmo

SwiftDriverJobDiscovery normal arm64 Compiling InkAppearance.swift, InkConfiguration.swift, InkRenderEnvironment.swift, InkSemanticIdentity.swift, InkMarkdown.swift, InkLineClassifier.swift, InkParser.swift (in target 'InkMarkdown' from project 'InkMarkdown')

SwiftMergeGeneratedHeaders /Users/shizihan/DailyUse/Github/InkMarkdown/.scratch/architecture-deepening-2026-09-07/evidence/20260907-1415-ticket-27/consumer/DerivedData-InkMarkdownMermaidConsumer/Build/Intermediates.noindex/GeneratedModuleMaps-iphonesimulator/InkMarkdown-Swift.h /Users/shizihan/DailyUse/Github/InkMarkdown/.scratch/architecture-deepening-2026-09-07/evidence/20260907-1415-ticket-27/consumer/DerivedData-InkMarkdownMermaidConsumer/Build/Intermediates.noindex/InkMarkdown.build/Debug-iphonesimulator/InkMarkdown.build/Objects-normal/arm64/InkMarkdown-Swift.h (in target 'InkMarkdown' from project 'InkMarkdown')
    cd /Users/shizihan/DailyUse/Github/InkMarkdown
    builtin-swiftHeaderTool -arch arm64 /Users/shizihan/DailyUse/Github/InkMarkdown/.scratch/architecture-deepening-2026-09-07/evidence/20260907-1415-ticket-27/consumer/DerivedData-InkMarkdownMermaidConsumer/Build/Intermediates.noindex/InkMarkdown.build/Debug-iphonesimulator/InkMarkdown.build/Objects-normal/arm64/InkMarkdown-Swift.h -o /Users/shizihan/DailyUse/Github/InkMarkdown/.scratch/architecture-deepening-2026-09-07/evidence/20260907-1415-ticket-27/consumer/DerivedData-InkMarkdownMermaidConsumer/Build/Intermediates.noindex/GeneratedModuleMaps-iphonesimulator/InkMarkdown-Swift.h

Copy /Users/shizihan/DailyUse/Github/InkMarkdown/.scratch/architecture-deepening-2026-09-07/evidence/20260907-1415-ticket-27/consumer/DerivedData-InkMarkdownMermaidConsumer/Build/Products/Debug-iphonesimulator/InkMarkdown.swiftmodule/arm64-apple-ios-simulator.swiftmodule /Users/shizihan/DailyUse/Github/InkMarkdown/.scratch/architecture-deepening-2026-09-07/evidence/20260907-1415-ticket-27/consumer/DerivedData-InkMarkdownMermaidConsumer/Build/Intermediates.noindex/InkMarkdown.build/Debug-iphonesimulator/InkMarkdown.build/Objects-normal/arm64/InkMarkdown.swiftmodule (in target 'InkMarkdown' from project 'InkMarkdown')
    cd /Users/shizihan/DailyUse/Github/InkMarkdown
    builtin-copy -exclude .DS_Store -exclude CVS -exclude .svn -exclude .git -exclude .hg -resolve-src-symlinks -rename /Users/shizihan/DailyUse/Github/InkMarkdown/.scratch/architecture-deepening-2026-09-07/evidence/20260907-1415-ticket-27/consumer/DerivedData-InkMarkdownMermaidConsumer/Build/Intermediates.noindex/InkMarkdown.build/Debug-iphonesimulator/InkMarkdown.build/Objects-normal/arm64/InkMarkdown.swiftmodule /Users/shizihan/DailyUse/Github/InkMarkdown/.scratch/architecture-deepening-2026-09-07/evidence/20260907-1415-ticket-27/consumer/DerivedData-InkMarkdownMermaidConsumer/Build/Products/Debug-iphonesimulator/InkMarkdown.swiftmodule/arm64-apple-ios-simulator.swiftmodule

Copy /Users/shizihan/DailyUse/Github/InkMarkdown/.scratch/architecture-deepening-2026-09-07/evidence/20260907-1415-ticket-27/consumer/DerivedData-InkMarkdownMermaidConsumer/Build/Products/Debug-iphonesimulator/InkMarkdown.swiftmodule/arm64-apple-ios-simulator.swiftdoc /Users/shizihan/DailyUse/Github/InkMarkdown/.scratch/architecture-deepening-2026-09-07/evidence/20260907-1415-ticket-27/consumer/DerivedData-InkMarkdownMermaidConsumer/Build/Intermediates.noindex/InkMarkdown.build/Debug-iphonesimulator/InkMarkdown.build/Objects-normal/arm64/InkMarkdown.swiftdoc (in target 'InkMarkdown' from project 'InkMarkdown')
    cd /Users/shizihan/DailyUse/Github/InkMarkdown
    builtin-copy -exclude .DS_Store -exclude CVS -exclude .svn -exclude .git -exclude .hg -resolve-src-symlinks -rename /Users/shizihan/DailyUse/Github/InkMarkdown/.scratch/architecture-deepening-2026-09-07/evidence/20260907-1415-ticket-27/consumer/DerivedData-InkMarkdownMermaidConsumer/Build/Intermediates.noindex/InkMarkdown.build/Debug-iphonesimulator/InkMarkdown.build/Objects-normal/arm64/InkMarkdown.swiftdoc /Users/shizihan/DailyUse/Github/InkMarkdown/.scratch/architecture-deepening-2026-09-07/evidence/20260907-1415-ticket-27/consumer/DerivedData-InkMarkdownMermaidConsumer/Build/Products/Debug-iphonesimulator/InkMarkdown.swiftmodule/arm64-apple-ios-simulator.swiftdoc

SwiftDriverJobDiscovery normal arm64 Compiling ImageIODownsampler.swift, ImageLoadError.swift, ImageSecurityPolicy.swift, ImageSizingHelper.swift, ImageSource.swift, InkGeneratedImageLoading.swift (in target 'InkMarkdown' from project 'InkMarkdown')

Copy /Users/shizihan/DailyUse/Github/InkMarkdown/.scratch/architecture-deepening-2026-09-07/evidence/20260907-1415-ticket-27/consumer/DerivedData-InkMarkdownMermaidConsumer/Build/Products/Debug-iphonesimulator/InkMarkdown.swiftmodule/arm64-apple-ios-simulator.abi.json /Users/shizihan/DailyUse/Github/InkMarkdown/.scratch/architecture-deepening-2026-09-07/evidence/20260907-1415-ticket-27/consumer/DerivedData-InkMarkdownMermaidConsumer/Build/Intermediates.noindex/InkMarkdown.build/Debug-iphonesimulator/InkMarkdown.build/Objects-normal/arm64/InkMarkdown.abi.json (in target 'InkMarkdown' from project 'InkMarkdown')
    cd /Users/shizihan/DailyUse/Github/InkMarkdown
    builtin-copy -exclude .DS_Store -exclude CVS -exclude .svn -exclude .git -exclude .hg -resolve-src-symlinks -rename /Users/shizihan/DailyUse/Github/InkMarkdown/.scratch/architecture-deepening-2026-09-07/evidence/20260907-1415-ticket-27/consumer/DerivedData-InkMarkdownMermaidConsumer/Build/Intermediates.noindex/InkMarkdown.build/Debug-iphonesimulator/InkMarkdown.build/Objects-normal/arm64/InkMarkdown.abi.json /Users/shizihan/DailyUse/Github/InkMarkdown/.scratch/architecture-deepening-2026-09-07/evidence/20260907-1415-ticket-27/consumer/DerivedData-InkMarkdownMermaidConsumer/Build/Products/Debug-iphonesimulator/InkMarkdown.swiftmodule/arm64-apple-ios-simulator.abi.json

Copy /Users/shizihan/DailyUse/Github/InkMarkdown/.scratch/architecture-deepening-2026-09-07/evidence/20260907-1415-ticket-27/consumer/DerivedData-InkMarkdownMermaidConsumer/Build/Products/Debug-iphonesimulator/InkMarkdown.swiftmodule/Project/arm64-apple-ios-simulator.swiftsourceinfo /Users/shizihan/DailyUse/Github/InkMarkdown/.scratch/architecture-deepening-2026-09-07/evidence/20260907-1415-ticket-27/consumer/DerivedData-InkMarkdownMermaidConsumer/Build/Intermediates.noindex/InkMarkdown.build/Debug-iphonesimulator/InkMarkdown.build/Objects-normal/arm64/InkMarkdown.swiftsourceinfo (in target 'InkMarkdown' from project 'InkMarkdown')
    cd /Users/shizihan/DailyUse/Github/InkMarkdown
    builtin-copy -exclude .DS_Store -exclude CVS -exclude .svn -exclude .git -exclude .hg -resolve-src-symlinks -rename /Users/shizihan/DailyUse/Github/InkMarkdown/.scratch/architecture-deepening-2026-09-07/evidence/20260907-1415-ticket-27/consumer/DerivedData-InkMarkdownMermaidConsumer/Build/Intermediates.noindex/InkMarkdown.build/Debug-iphonesimulator/InkMarkdown.build/Objects-normal/arm64/InkMarkdown.swiftsourceinfo /Users/shizihan/DailyUse/Github/InkMarkdown/.scratch/architecture-deepening-2026-09-07/evidence/20260907-1415-ticket-27/consumer/DerivedData-InkMarkdownMermaidConsumer/Build/Products/Debug-iphonesimulator/InkMarkdown.swiftmodule/Project/arm64-apple-ios-simulator.swiftsourceinfo

SwiftDriver InkMarkdownMermaid normal arm64 com.apple.xcode.tools.swift.compiler (in target 'InkMarkdownMermaid' from project 'InkMarkdown')
    cd /Users/shizihan/DailyUse/Github/InkMarkdown/.github/fixtures/consumer-smoke/.swiftpm/xcode
    builtin-SwiftDriver -- /Applications/Xcode.app/Contents/Developer/Toolchains/XcodeDefault.xctoolchain/usr/bin/swiftc -module-name InkMarkdownMermaid -Onone @/Users/shizihan/DailyUse/Github/InkMarkdown/.scratch/architecture-deepening-2026-09-07/evidence/20260907-1415-ticket-27/consumer/DerivedData-InkMarkdownMermaidConsumer/Build/Intermediates.noindex/InkMarkdown.build/Debug-iphonesimulator/InkMarkdownMermaid.build/Objects-normal/arm64/InkMarkdownMermaid.SwiftFileList -DSWIFT_PACKAGE -DDEBUG -DSWIFT_MODULE_RESOURCE_BUNDLE_AVAILABLE -DXcode -enable-experimental-feature StrictConcurrency -plugin-path /Applications/Xcode.app/Contents/Developer/Toolchains/XcodeDefault.xctoolchain/usr/lib/swift/host/plugins/testing -enable-experimental-feature DebugDescriptionMacro -sdk /Applications/Xcode.app/Contents/Developer/Platforms/iPhoneSimulator.platform/Developer/SDKs/iPhoneSimulator26.5.sdk -target arm64-apple-ios15.0-simulator -g -module-cache-path /Users/shizihan/DailyUse/Github/InkMarkdown/.scratch/architecture-deepening-2026-09-07/evidence/20260907-1415-ticket-27/consumer/DerivedData-InkMarkdownMermaidConsumer/ModuleCache.noindex -Xfrontend -serialize-debugging-options -enable-testing -suppress-warnings -index-store-path /Users/shizihan/DailyUse/Github/InkMarkdown/.scratch/architecture-deepening-2026-09-07/evidence/20260907-1415-ticket-27/consumer/DerivedData-InkMarkdownMermaidConsumer/Index.noindex/DataStore -Xcc -D_LIBCPP_HARDENING_MODE\=_LIBCPP_HARDENING_MODE_DEBUG -swift-version 5 -I /Users/shizihan/DailyUse/Github/InkMarkdown/.scratch/architecture-deepening-2026-09-07/evidence/20260907-1415-ticket-27/consumer/DerivedData-InkMarkdownMermaidConsumer/Build/Products/Debug-iphonesimulator -Isystem /Applications/Xcode.app/Contents/Developer/Platforms/iPhoneSimulator.platform/Developer/usr/lib -F /Users/shizihan/DailyUse/Github/InkMarkdown/.scratch/architecture-deepening-2026-09-07/evidence/20260907-1415-ticket-27/consumer/DerivedData-InkMarkdownMermaidConsumer/Build/Products/Debug-iphonesimulator/PackageFrameworks -F /Users/shizihan/DailyUse/Github/InkMarkdown/.scratch/architecture-deepening-2026-09-07/evidence/20260907-1415-ticket-27/consumer/DerivedData-InkMarkdownMermaidConsumer/Build/Products/Debug-iphonesimulator/PackageFrameworks -F /Users/shizihan/DailyUse/Github/InkMarkdown/.scratch/architecture-deepening-2026-09-07/evidence/20260907-1415-ticket-27/consumer/DerivedData-InkMarkdownMermaidConsumer/Build/Products/Debug-iphonesimulator/PackageFrameworks -F /Users/shizihan/DailyUse/Github/InkMarkdown/.scratch/architecture-deepening-2026-09-07/evidence/20260907-1415-ticket-27/consumer/DerivedData-InkMarkdownMermaidConsumer/Build/Products/Debug-iphonesimulator/PackageFrameworks -F /Users/shizihan/DailyUse/Github/InkMarkdown/.scratch/architecture-deepening-2026-09-07/evidence/20260907-1415-ticket-27/consumer/DerivedData-InkMarkdownMermaidConsumer/Build/Products/Debug-iphonesimulator/PackageFrameworks -F /Users/shizihan/DailyUse/Github/InkMarkdown/.scratch/architecture-deepening-2026-09-07/evidence/20260907-1415-ticket-27/consumer/DerivedData-InkMarkdownMermaidConsumer/Build/Products/Debug-iphonesimulator -F /Applications/Xcode.app/Contents/Developer/Platforms/iPhoneSimulator.platform/Developer/Library/Frameworks -F /Applications/Xcode.app/Contents/Developer/Platforms/iPhoneSimulator.platform/Developer/SDKs/iPhoneSimulator26.5.sdk/Developer/Library/Frameworks -c -j10 -enable-batch-mode -incremental -Xcc -ivfsstatcache -Xcc /Users/shizihan/DailyUse/Github/InkMarkdown/.scratch/architecture-deepening-2026-09-07/evidence/20260907-1415-ticket-27/consumer/DerivedData-InkMarkdownMermaidConsumer/SDKStatCaches.noindex/iphonesimulator26.5-23F81a-6cfe768891a92b912361537c460fe42b.sdkstatcache -output-file-map /Users/shizihan/DailyUse/Github/InkMarkdown/.scratch/architecture-deepening-2026-09-07/evidence/20260907-1415-ticket-27/consumer/DerivedData-InkMarkdownMermaidConsumer/Build/Intermediates.noindex/InkMarkdown.build/Debug-iphonesimulator/InkMarkdownMermaid.build/Objects-normal/arm64/InkMarkdownMermaid-OutputFileMap.json -use-frontend-parseable-output -save-temps -no-color-diagnostics -explicit-module-build -module-cache-path /Users/shizihan/DailyUse/Github/InkMarkdown/.scratch/architecture-deepening-2026-09-07/evidence/20260907-1415-ticket-27/consumer/DerivedData-InkMarkdownMermaidConsumer/Build/Intermediates.noindex/SwiftExplicitPrecompiledModules -clang-scanner-module-cache-path /Users/shizihan/DailyUse/Github/InkMarkdown/.scratch/architecture-deepening-2026-09-07/evidence/20260907-1415-ticket-27/consumer/DerivedData-InkMarkdownMermaidConsumer/ModuleCache.noindex -sdk-module-cache-path /Users/shizihan/DailyUse/Github/InkMarkdown/.scratch/architecture-deepening-2026-09-07/evidence/20260907-1415-ticket-27/consumer/DerivedData-InkMarkdownMermaidConsumer/ModuleCache.noindex -serialize-diagnostics -emit-dependencies -emit-module -emit-module-path /Users/shizihan/DailyUse/Github/InkMarkdown/.scratch/architecture-deepening-2026-09-07/evidence/20260907-1415-ticket-27/consumer/DerivedData-InkMarkdownMermaidConsumer/Build/Intermediates.noindex/InkMarkdown.build/Debug-iphonesimulator/InkMarkdownMermaid.build/Objects-normal/arm64/InkMarkdownMermaid.swiftmodule -validate-clang-modules-once -clang-build-session-file /Users/shizihan/DailyUse/Github/InkMarkdown/.scratch/architecture-deepening-2026-09-07/evidence/20260907-1415-ticket-27/consumer/DerivedData-InkMarkdownMermaidConsumer/ModuleCache.noindex/Session.modulevalidation -package-name inkmarkdown -Xcc -I/Users/shizihan/DailyUse/Github/InkMarkdown/.scratch/architecture-deepening-2026-09-07/evidence/20260907-1415-ticket-27/consumer/DerivedData-InkMarkdownMermaidConsumer/Build/Intermediates.noindex/InkMarkdown.build/Debug-iphonesimulator/InkMarkdownMermaid.build/swift-overrides.hmap -emit-const-values -Xfrontend -const-gather-protocols-file -Xfrontend /Users/shizihan/DailyUse/Github/InkMarkdown/.scratch/architecture-deepening-2026-09-07/evidence/20260907-1415-ticket-27/consumer/DerivedData-InkMarkdownMermaidConsumer/Build/Intermediates.noindex/InkMarkdown.build/Debug-iphonesimulator/InkMarkdownMermaid.build/Objects-normal/arm64/InkMarkdownMermaid_const_extract_protocols.json -Xcc -I/Users/shizihan/DailyUse/Github/InkMarkdown/Packages/Caches/swift-cmark/src/include -Xcc -I/Users/shizihan/DailyUse/Github/InkMarkdown/Packages/Caches/swift-cmark/extensions/include -Xcc -I/Users/shizihan/DailyUse/Github/InkMarkdown/Packages/Caches/swift-markdown/Sources/CAtomic/include -Xcc -I/Users/shizihan/DailyUse/Github/InkMarkdown/.scratch/architecture-deepening-2026-09-07/evidence/20260907-1415-ticket-27/consumer/DerivedData-InkMarkdownMermaidConsumer/Build/Products/Debug-iphonesimulator/include -Xcc -I/Users/shizihan/DailyUse/Github/InkMarkdown/.scratch/architecture-deepening-2026-09-07/evidence/20260907-1415-ticket-27/consumer/DerivedData-InkMarkdownMermaidConsumer/Build/Intermediates.noindex/InkMarkdown.build/Debug-iphonesimulator/InkMarkdownMermaid.build/DerivedSources-normal/arm64 -Xcc -I/Users/shizihan/DailyUse/Github/InkMarkdown/.scratch/architecture-deepening-2026-09-07/evidence/20260907-1415-ticket-27/consumer/DerivedData-InkMarkdownMermaidConsumer/Build/Intermediates.noindex/InkMarkdown.build/Debug-iphonesimulator/InkMarkdownMermaid.build/DerivedSources/arm64 -Xcc -I/Users/shizihan/DailyUse/Github/InkMarkdown/.scratch/architecture-deepening-2026-09-07/evidence/20260907-1415-ticket-27/consumer/DerivedData-InkMarkdownMermaidConsumer/Build/Intermediates.noindex/InkMarkdown.build/Debug-iphonesimulator/InkMarkdownMermaid.build/DerivedSources -Xcc -DSWIFT_PACKAGE -Xcc -DDEBUG\=1 -emit-objc-header -emit-objc-header-path /Users/shizihan/DailyUse/Github/InkMarkdown/.scratch/architecture-deepening-2026-09-07/evidence/20260907-1415-ticket-27/consumer/DerivedData-InkMarkdownMermaidConsumer/Build/Intermediates.noindex/InkMarkdown.build/Debug-iphonesimulator/InkMarkdownMermaid.build/Objects-normal/arm64/InkMarkdownMermaid-Swift.h -working-directory /Users/shizihan/DailyUse/Github/InkMarkdown/.github/fixtures/consumer-smoke/.swiftpm/xcode -experimental-emit-module-separately -disable-cmo

SwiftDriverJobDiscovery normal arm64 Compiling InkPreparedMarkdownSource.swift, InkAttributedRenderer.swift, InkAttributedTextBlock.swift, InkBlockHandler.swift, InkBlockRenderer.swift, InkRenderableBlock.swift, InkThoughtBlockHandler.swift (in target 'InkMarkdown' from project 'InkMarkdown')

SwiftDriverJobDiscovery normal arm64 Compiling InkImagePreviewController.swift, InkImageRendering.swift, InkImageSourceResolution.swift, InkImageStore.swift, InkDisplayMetrics.swift, InkInlineSyntax.swift (in target 'InkMarkdown' from project 'InkMarkdown')

SwiftDriverJobDiscovery normal arm64 Compiling InkGeneratedImageRequest.swift, InkImageAttachment.swift, InkImageBlock.swift, InkImageBlockHandler.swift, InkImageLoading.swift, InkImagePresentationLoad.swift (in target 'InkMarkdown' from project 'InkMarkdown')

SwiftDriverJobDiscovery normal arm64 Compiling InkLaTeXIntegration.swift, InkMermaidIntegration.swift, DefaultURLSessionImageLoader.swift, DisplayContext.swift, DisplayKey.swift, ImageHTTPSessionDelegate.swift (in target 'InkMarkdown' from project 'InkMarkdown')

SwiftDriverJobDiscovery normal arm64 Compiling InkStreamRenderer.swift, InkTextContext.swift, InkLaTeXImageRenderer.swift, InkLaTeXRenderRequest.swift, InkLaTeXSourcePreservation.swift, InkLaTeXSyntax.swift (in target 'InkMarkdown' from project 'InkMarkdown')

SwiftDriverJobDiscovery normal arm64 Compiling InkThoughtPresentationPolicy.swift, InkThoughtScanner.swift, InkThoughtStreamingScanner.swift, InkCodeBlockView.swift, InkMarkdownLayoutManager.swift, InkStreamTableView.swift, InkTableBlock.swift (in target 'InkMarkdown' from project 'InkMarkdown')

SwiftDriverJobDiscovery normal arm64 Compiling InkTableBlockView.swift, InkTableCellTextView.swift, InkTablePresentation.swift, InkTableRenderHelper.swift, InkThematicBreakBlock.swift, InkThoughtBlock.swift, InkGeneratedAddonRuntime.swift (in target 'InkMarkdown' from project 'InkMarkdown')

SwiftDriverJobDiscovery normal arm64 Compiling InkMermaidImageRenderer.swift, InkMermaidPageLoadRouter.swift, InkMermaidRasterPlan.swift, InkMermaidRenderRequestState.swift, InkMermaidRenderScheduler.swift, InkMermaidTypes.swift (in target 'InkMarkdown' from project 'InkMarkdown')

SwiftDriver\ Compilation InkMarkdown normal arm64 com.apple.xcode.tools.swift.compiler (in target 'InkMarkdown' from project 'InkMarkdown')
    cd /Users/shizihan/DailyUse/Github/InkMarkdown/.github/fixtures/consumer-smoke/.swiftpm/xcode
    builtin-Swift-Compilation -- /Applications/Xcode.app/Contents/Developer/Toolchains/XcodeDefault.xctoolchain/usr/bin/swiftc -module-name InkMarkdown -Onone @/Users/shizihan/DailyUse/Github/InkMarkdown/.scratch/architecture-deepening-2026-09-07/evidence/20260907-1415-ticket-27/consumer/DerivedData-InkMarkdownMermaidConsumer/Build/Intermediates.noindex/InkMarkdown.build/Debug-iphonesimulator/InkMarkdown.build/Objects-normal/arm64/InkMarkdown.SwiftFileList -DSWIFT_PACKAGE -DDEBUG -DSWIFT_MODULE_RESOURCE_BUNDLE_UNAVAILABLE -DXcode -enable-experimental-feature StrictConcurrency -plugin-path /Applications/Xcode.app/Contents/Developer/Toolchains/XcodeDefault.xctoolchain/usr/lib/swift/host/plugins/testing -enable-experimental-feature DebugDescriptionMacro -sdk /Applications/Xcode.app/Contents/Developer/Platforms/iPhoneSimulator.platform/Developer/SDKs/iPhoneSimulator26.5.sdk -target arm64-apple-ios15.0-simulator -g -module-cache-path /Users/shizihan/DailyUse/Github/InkMarkdown/.scratch/architecture-deepening-2026-09-07/evidence/20260907-1415-ticket-27/consumer/DerivedData-InkMarkdownMermaidConsumer/ModuleCache.noindex -Xfrontend -serialize-debugging-options -enable-testing -suppress-warnings -index-store-path /Users/shizihan/DailyUse/Github/InkMarkdown/.scratch/architecture-deepening-2026-09-07/evidence/20260907-1415-ticket-27/consumer/DerivedData-InkMarkdownMermaidConsumer/Index.noindex/DataStore -Xcc -D_LIBCPP_HARDENING_MODE\=_LIBCPP_HARDENING_MODE_DEBUG -swift-version 5 -I /Users/shizihan/DailyUse/Github/InkMarkdown/.scratch/architecture-deepening-2026-09-07/evidence/20260907-1415-ticket-27/consumer/DerivedData-InkMarkdownMermaidConsumer/Build/Products/Debug-iphonesimulator -Isystem /Applications/Xcode.app/Contents/Developer/Platforms/iPhoneSimulator.platform/Developer/usr/lib -F /Users/shizihan/DailyUse/Github/InkMarkdown/.scratch/architecture-deepening-2026-09-07/evidence/20260907-1415-ticket-27/consumer/DerivedData-InkMarkdownMermaidConsumer/Build/Products/Debug-iphonesimulator/PackageFrameworks -F /Users/shizihan/DailyUse/Github/InkMarkdown/.scratch/architecture-deepening-2026-09-07/evidence/20260907-1415-ticket-27/consumer/DerivedData-InkMarkdownMermaidConsumer/Build/Products/Debug-iphonesimulator/PackageFrameworks -F /Users/shizihan/DailyUse/Github/InkMarkdown/.scratch/architecture-deepening-2026-09-07/evidence/20260907-1415-ticket-27/consumer/DerivedData-InkMarkdownMermaidConsumer/Build/Products/Debug-iphonesimulator/PackageFrameworks -F /Users/shizihan/DailyUse/Github/InkMarkdown/.scratch/architecture-deepening-2026-09-07/evidence/20260907-1415-ticket-27/consumer/DerivedData-InkMarkdownMermaidConsumer/Build/Products/Debug-iphonesimulator/PackageFrameworks -F /Users/shizihan/DailyUse/Github/InkMarkdown/.scratch/architecture-deepening-2026-09-07/evidence/20260907-1415-ticket-27/consumer/DerivedData-InkMarkdownMermaidConsumer/Build/Products/Debug-iphonesimulator -F /Applications/Xcode.app/Contents/Developer/Platforms/iPhoneSimulator.platform/Developer/Library/Frameworks -F /Applications/Xcode.app/Contents/Developer/Platforms/iPhoneSimulator.platform/Developer/SDKs/iPhoneSimulator26.5.sdk/Developer/Library/Frameworks -c -j10 -enable-batch-mode -incremental -Xcc -ivfsstatcache -Xcc /Users/shizihan/DailyUse/Github/InkMarkdown/.scratch/architecture-deepening-2026-09-07/evidence/20260907-1415-ticket-27/consumer/DerivedData-InkMarkdownMermaidConsumer/SDKStatCaches.noindex/iphonesimulator26.5-23F81a-6cfe768891a92b912361537c460fe42b.sdkstatcache -output-file-map /Users/shizihan/DailyUse/Github/InkMarkdown/.scratch/architecture-deepening-2026-09-07/evidence/20260907-1415-ticket-27/consumer/DerivedData-InkMarkdownMermaidConsumer/Build/Intermediates.noindex/InkMarkdown.build/Debug-iphonesimulator/InkMarkdown.build/Objects-normal/arm64/InkMarkdown-OutputFileMap.json -use-frontend-parseable-output -save-temps -no-color-diagnostics -explicit-module-build -module-cache-path /Users/shizihan/DailyUse/Github/InkMarkdown/.scratch/architecture-deepening-2026-09-07/evidence/20260907-1415-ticket-27/consumer/DerivedData-InkMarkdownMermaidConsumer/Build/Intermediates.noindex/SwiftExplicitPrecompiledModules -clang-scanner-module-cache-path /Users/shizihan/DailyUse/Github/InkMarkdown/.scratch/architecture-deepening-2026-09-07/evidence/20260907-1415-ticket-27/consumer/DerivedData-InkMarkdownMermaidConsumer/ModuleCache.noindex -sdk-module-cache-path /Users/shizihan/DailyUse/Github/InkMarkdown/.scratch/architecture-deepening-2026-09-07/evidence/20260907-1415-ticket-27/consumer/DerivedData-InkMarkdownMermaidConsumer/ModuleCache.noindex -serialize-diagnostics -emit-dependencies -emit-module -emit-module-path /Users/shizihan/DailyUse/Github/InkMarkdown/.scratch/architecture-deepening-2026-09-07/evidence/20260907-1415-ticket-27/consumer/DerivedData-InkMarkdownMermaidConsumer/Build/Intermediates.noindex/InkMarkdown.build/Debug-iphonesimulator/InkMarkdown.build/Objects-normal/arm64/InkMarkdown.swiftmodule -validate-clang-modules-once -clang-build-session-file /Users/shizihan/DailyUse/Github/InkMarkdown/.scratch/architecture-deepening-2026-09-07/evidence/20260907-1415-ticket-27/consumer/DerivedData-InkMarkdownMermaidConsumer/ModuleCache.noindex/Session.modulevalidation -package-name inkmarkdown -Xcc -I/Users/shizihan/DailyUse/Github/InkMarkdown/.scratch/architecture-deepening-2026-09-07/evidence/20260907-1415-ticket-27/consumer/DerivedData-InkMarkdownMermaidConsumer/Build/Intermediates.noindex/InkMarkdown.build/Debug-iphonesimulator/InkMarkdown.build/swift-overrides.hmap -emit-const-values -Xfrontend -const-gather-protocols-file -Xfrontend /Users/shizihan/DailyUse/Github/InkMarkdown/.scratch/architecture-deepening-2026-09-07/evidence/20260907-1415-ticket-27/consumer/DerivedData-InkMarkdownMermaidConsumer/Build/Intermediates.noindex/InkMarkdown.build/Debug-iphonesimulator/InkMarkdown.build/Objects-normal/arm64/InkMarkdown_const_extract_protocols.json -Xcc -I/Users/shizihan/DailyUse/Github/InkMarkdown/Packages/Caches/swift-cmark/src/include -Xcc -I/Users/shizihan/DailyUse/Github/InkMarkdown/Packages/Caches/swift-cmark/extensions/include -Xcc -I/Users/shizihan/DailyUse/Github/InkMarkdown/Packages/Caches/swift-markdown/Sources/CAtomic/include -Xcc -I/Users/shizihan/DailyUse/Github/InkMarkdown/.scratch/architecture-deepening-2026-09-07/evidence/20260907-1415-ticket-27/consumer/DerivedData-InkMarkdownMermaidConsumer/Build/Products/Debug-iphonesimulator/include -Xcc -I/Users/shizihan/DailyUse/Github/InkMarkdown/.scratch/architecture-deepening-2026-09-07/evidence/20260907-1415-ticket-27/consumer/DerivedData-InkMarkdownMermaidConsumer/Build/Intermediates.noindex/InkMarkdown.build/Debug-iphonesimulator/InkMarkdown.build/DerivedSources-normal/arm64 -Xcc -I/Users/shizihan/DailyUse/Github/InkMarkdown/.scratch/architecture-deepening-2026-09-07/evidence/20260907-1415-ticket-27/consumer/DerivedData-InkMarkdownMermaidConsumer/Build/Intermediates.noindex/InkMarkdown.build/Debug-iphonesimulator/InkMarkdown.build/DerivedSources/arm64 -Xcc -I/Users/shizihan/DailyUse/Github/InkMarkdown/.scratch/architecture-deepening-2026-09-07/evidence/20260907-1415-ticket-27/consumer/DerivedData-InkMarkdownMermaidConsumer/Build/Intermediates.noindex/InkMarkdown.build/Debug-iphonesimulator/InkMarkdown.build/DerivedSources -Xcc -DSWIFT_PACKAGE -Xcc -DDEBUG\=1 -emit-objc-header -emit-objc-header-path /Users/shizihan/DailyUse/Github/InkMarkdown/.scratch/architecture-deepening-2026-09-07/evidence/20260907-1415-ticket-27/consumer/DerivedData-InkMarkdownMermaidConsumer/Build/Intermediates.noindex/InkMarkdown.build/Debug-iphonesimulator/InkMarkdown.build/Objects-normal/arm64/InkMarkdown-Swift.h -working-directory /Users/shizihan/DailyUse/Github/InkMarkdown/.github/fixtures/consumer-smoke/.swiftpm/xcode -experimental-emit-module-separately -disable-cmo

Ld /Users/shizihan/DailyUse/Github/InkMarkdown/.scratch/architecture-deepening-2026-09-07/evidence/20260907-1415-ticket-27/consumer/DerivedData-InkMarkdownMermaidConsumer/Build/Products/Debug-iphonesimulator/InkMarkdown.o normal (in target 'InkMarkdown' from project 'InkMarkdown')
    cd /Users/shizihan/DailyUse/Github/InkMarkdown
    /Applications/Xcode.app/Contents/Developer/Toolchains/XcodeDefault.xctoolchain/usr/bin/clang -Xlinker -reproducible -target arm64-apple-ios15.0-simulator -r -isysroot /Applications/Xcode.app/Contents/Developer/Platforms/iPhoneSimulator.platform/Developer/SDKs/iPhoneSimulator26.5.sdk -O0 -w -F/Users/shizihan/DailyUse/Github/InkMarkdown/.scratch/architecture-deepening-2026-09-07/evidence/20260907-1415-ticket-27/consumer/DerivedData-InkMarkdownMermaidConsumer/Build/Intermediates.noindex/EagerLinkingTBDs/Debug-iphonesimulator -F/Users/shizihan/DailyUse/Github/InkMarkdown/.scratch/architecture-deepening-2026-09-07/evidence/20260907-1415-ticket-27/consumer/DerivedData-InkMarkdownMermaidConsumer/Build/Products/Debug-iphonesimulator/PackageFrameworks -F/Users/shizihan/DailyUse/Github/InkMarkdown/.scratch/architecture-deepening-2026-09-07/evidence/20260907-1415-ticket-27/consumer/DerivedData-InkMarkdownMermaidConsumer/Build/Products/Debug-iphonesimulator/PackageFrameworks -F/Users/shizihan/DailyUse/Github/InkMarkdown/.scratch/architecture-deepening-2026-09-07/evidence/20260907-1415-ticket-27/consumer/DerivedData-InkMarkdownMermaidConsumer/Build/Products/Debug-iphonesimulator/PackageFrameworks -F/Users/shizihan/DailyUse/Github/InkMarkdown/.scratch/architecture-deepening-2026-09-07/evidence/20260907-1415-ticket-27/consumer/DerivedData-InkMarkdownMermaidConsumer/Build/Products/Debug-iphonesimulator/PackageFrameworks -F/Users/shizihan/DailyUse/Github/InkMarkdown/.scratch/architecture-deepening-2026-09-07/evidence/20260907-1415-ticket-27/consumer/DerivedData-InkMarkdownMermaidConsumer/Build/Products/Debug-iphonesimulator -iframework /Applications/Xcode.app/Contents/Developer/Platforms/iPhoneSimulator.platform/Developer/Library/Frameworks -iframework /Applications/Xcode.app/Contents/Developer/Platforms/iPhoneSimulator.platform/Developer/SDKs/iPhoneSimulator26.5.sdk/Developer/Library/Frameworks -filelist /Users/shizihan/DailyUse/Github/InkMarkdown/.scratch/architecture-deepening-2026-09-07/evidence/20260907-1415-ticket-27/consumer/DerivedData-InkMarkdownMermaidConsumer/Build/Intermediates.noindex/InkMarkdown.build/Debug-iphonesimulator/InkMarkdown.build/Objects-normal/arm64/InkMarkdown.LinkFileList -nostdlib -Xlinker -object_path_lto -Xlinker /Users/shizihan/DailyUse/Github/InkMarkdown/.scratch/architecture-deepening-2026-09-07/evidence/20260907-1415-ticket-27/consumer/DerivedData-InkMarkdownMermaidConsumer/Build/Intermediates.noindex/InkMarkdown.build/Debug-iphonesimulator/InkMarkdown.build/Objects-normal/arm64/InkMarkdown_lto.o -Xlinker -no_deduplicate -Xlinker -objc_abi_version -Xlinker 2 -Xlinker -dependency_info -Xlinker /Users/shizihan/DailyUse/Github/InkMarkdown/.scratch/architecture-deepening-2026-09-07/evidence/20260907-1415-ticket-27/consumer/DerivedData-InkMarkdownMermaidConsumer/Build/Intermediates.noindex/InkMarkdown.build/Debug-iphonesimulator/InkMarkdown.build/Objects-normal/arm64/InkMarkdown_dependency_info.dat -fobjc-link-runtime -L/Applications/Xcode.app/Contents/Developer/Toolchains/XcodeDefault.xctoolchain/usr/lib/swift/iphonesimulator -L/usr/lib/swift -Xlinker -add_ast_path -Xlinker /Users/shizihan/DailyUse/Github/InkMarkdown/.scratch/architecture-deepening-2026-09-07/evidence/20260907-1415-ticket-27/consumer/DerivedData-InkMarkdownMermaidConsumer/Build/Intermediates.noindex/InkMarkdown.build/Debug-iphonesimulator/InkMarkdown.build/Objects-normal/arm64/InkMarkdown.swiftmodule @/Users/shizihan/DailyUse/Github/InkMarkdown/.scratch/architecture-deepening-2026-09-07/evidence/20260907-1415-ticket-27/consumer/DerivedData-InkMarkdownMermaidConsumer/Build/Intermediates.noindex/InkMarkdown.build/Debug-iphonesimulator/InkMarkdown.build/Objects-normal/arm64/InkMarkdown-linker-args.resp -o /Users/shizihan/DailyUse/Github/InkMarkdown/.scratch/architecture-deepening-2026-09-07/evidence/20260907-1415-ticket-27/consumer/DerivedData-InkMarkdownMermaidConsumer/Build/Products/Debug-iphonesimulator/InkMarkdown.o

SwiftEmitModule normal arm64 Emitting\ module\ for\ InkMarkdownMermaid (in target 'InkMarkdownMermaid' from project 'InkMarkdown')

EmitSwiftModule normal arm64 (in target 'InkMarkdownMermaid' from project 'InkMarkdown')
    cd /Users/shizihan/DailyUse/Github/InkMarkdown/.github/fixtures/consumer-smoke/.swiftpm/xcode
    

SwiftCompile normal arm64 Compiling\ resource_bundle_accessor.swift /Users/shizihan/DailyUse/Github/InkMarkdown/.scratch/architecture-deepening-2026-09-07/evidence/20260907-1415-ticket-27/consumer/DerivedData-InkMarkdownMermaidConsumer/Build/Intermediates.noindex/InkMarkdown.build/Debug-iphonesimulator/InkMarkdownMermaid.build/DerivedSources/resource_bundle_accessor.swift (in target 'InkMarkdownMermaid' from project 'InkMarkdown')

SwiftCompile normal arm64 /Users/shizihan/DailyUse/Github/InkMarkdown/.scratch/architecture-deepening-2026-09-07/evidence/20260907-1415-ticket-27/consumer/DerivedData-InkMarkdownMermaidConsumer/Build/Intermediates.noindex/InkMarkdown.build/Debug-iphonesimulator/InkMarkdownMermaid.build/DerivedSources/resource_bundle_accessor.swift (in target 'InkMarkdownMermaid' from project 'InkMarkdown')
    cd /Users/shizihan/DailyUse/Github/InkMarkdown/.github/fixtures/consumer-smoke/.swiftpm/xcode
    

SwiftCompile normal arm64 Compiling\ InkMarkdownMermaid.swift /Users/shizihan/DailyUse/Github/InkMarkdown/Sources/InkMarkdownMermaid/InkMarkdownMermaid.swift (in target 'InkMarkdownMermaid' from project 'InkMarkdown')

SwiftCompile normal arm64 /Users/shizihan/DailyUse/Github/InkMarkdown/Sources/InkMarkdownMermaid/InkMarkdownMermaid.swift (in target 'InkMarkdownMermaid' from project 'InkMarkdown')
    cd /Users/shizihan/DailyUse/Github/InkMarkdown/.github/fixtures/consumer-smoke/.swiftpm/xcode
    

SwiftDriverJobDiscovery normal arm64 Emitting module for InkMarkdownMermaid (in target 'InkMarkdownMermaid' from project 'InkMarkdown')

SwiftDriver\ Compilation\ Requirements InkMarkdownMermaid normal arm64 com.apple.xcode.tools.swift.compiler (in target 'InkMarkdownMermaid' from project 'InkMarkdown')
    cd /Users/shizihan/DailyUse/Github/InkMarkdown/.github/fixtures/consumer-smoke/.swiftpm/xcode
    builtin-Swift-Compilation-Requirements -- /Applications/Xcode.app/Contents/Developer/Toolchains/XcodeDefault.xctoolchain/usr/bin/swiftc -module-name InkMarkdownMermaid -Onone @/Users/shizihan/DailyUse/Github/InkMarkdown/.scratch/architecture-deepening-2026-09-07/evidence/20260907-1415-ticket-27/consumer/DerivedData-InkMarkdownMermaidConsumer/Build/Intermediates.noindex/InkMarkdown.build/Debug-iphonesimulator/InkMarkdownMermaid.build/Objects-normal/arm64/InkMarkdownMermaid.SwiftFileList -DSWIFT_PACKAGE -DDEBUG -DSWIFT_MODULE_RESOURCE_BUNDLE_AVAILABLE -DXcode -enable-experimental-feature StrictConcurrency -plugin-path /Applications/Xcode.app/Contents/Developer/Toolchains/XcodeDefault.xctoolchain/usr/lib/swift/host/plugins/testing -enable-experimental-feature DebugDescriptionMacro -sdk /Applications/Xcode.app/Contents/Developer/Platforms/iPhoneSimulator.platform/Developer/SDKs/iPhoneSimulator26.5.sdk -target arm64-apple-ios15.0-simulator -g -module-cache-path /Users/shizihan/DailyUse/Github/InkMarkdown/.scratch/architecture-deepening-2026-09-07/evidence/20260907-1415-ticket-27/consumer/DerivedData-InkMarkdownMermaidConsumer/ModuleCache.noindex -Xfrontend -serialize-debugging-options -enable-testing -suppress-warnings -index-store-path /Users/shizihan/DailyUse/Github/InkMarkdown/.scratch/architecture-deepening-2026-09-07/evidence/20260907-1415-ticket-27/consumer/DerivedData-InkMarkdownMermaidConsumer/Index.noindex/DataStore -Xcc -D_LIBCPP_HARDENING_MODE\=_LIBCPP_HARDENING_MODE_DEBUG -swift-version 5 -I /Users/shizihan/DailyUse/Github/InkMarkdown/.scratch/architecture-deepening-2026-09-07/evidence/20260907-1415-ticket-27/consumer/DerivedData-InkMarkdownMermaidConsumer/Build/Products/Debug-iphonesimulator -Isystem /Applications/Xcode.app/Contents/Developer/Platforms/iPhoneSimulator.platform/Developer/usr/lib -F /Users/shizihan/DailyUse/Github/InkMarkdown/.scratch/architecture-deepening-2026-09-07/evidence/20260907-1415-ticket-27/consumer/DerivedData-InkMarkdownMermaidConsumer/Build/Products/Debug-iphonesimulator/PackageFrameworks -F /Users/shizihan/DailyUse/Github/InkMarkdown/.scratch/architecture-deepening-2026-09-07/evidence/20260907-1415-ticket-27/consumer/DerivedData-InkMarkdownMermaidConsumer/Build/Products/Debug-iphonesimulator/PackageFrameworks -F /Users/shizihan/DailyUse/Github/InkMarkdown/.scratch/architecture-deepening-2026-09-07/evidence/20260907-1415-ticket-27/consumer/DerivedData-InkMarkdownMermaidConsumer/Build/Products/Debug-iphonesimulator/PackageFrameworks -F /Users/shizihan/DailyUse/Github/InkMarkdown/.scratch/architecture-deepening-2026-09-07/evidence/20260907-1415-ticket-27/consumer/DerivedData-InkMarkdownMermaidConsumer/Build/Products/Debug-iphonesimulator/PackageFrameworks -F /Users/shizihan/DailyUse/Github/InkMarkdown/.scratch/architecture-deepening-2026-09-07/evidence/20260907-1415-ticket-27/consumer/DerivedData-InkMarkdownMermaidConsumer/Build/Products/Debug-iphonesimulator/PackageFrameworks -F /Users/shizihan/DailyUse/Github/InkMarkdown/.scratch/architecture-deepening-2026-09-07/evidence/20260907-1415-ticket-27/consumer/DerivedData-InkMarkdownMermaidConsumer/Build/Products/Debug-iphonesimulator -F /Applications/Xcode.app/Contents/Developer/Platforms/iPhoneSimulator.platform/Developer/Library/Frameworks -F /Applications/Xcode.app/Contents/Developer/Platforms/iPhoneSimulator.platform/Developer/SDKs/iPhoneSimulator26.5.sdk/Developer/Library/Frameworks -c -j10 -enable-batch-mode -incremental -Xcc -ivfsstatcache -Xcc /Users/shizihan/DailyUse/Github/InkMarkdown/.scratch/architecture-deepening-2026-09-07/evidence/20260907-1415-ticket-27/consumer/DerivedData-InkMarkdownMermaidConsumer/SDKStatCaches.noindex/iphonesimulator26.5-23F81a-6cfe768891a92b912361537c460fe42b.sdkstatcache -output-file-map /Users/shizihan/DailyUse/Github/InkMarkdown/.scratch/architecture-deepening-2026-09-07/evidence/20260907-1415-ticket-27/consumer/DerivedData-InkMarkdownMermaidConsumer/Build/Intermediates.noindex/InkMarkdown.build/Debug-iphonesimulator/InkMarkdownMermaid.build/Objects-normal/arm64/InkMarkdownMermaid-OutputFileMap.json -use-frontend-parseable-output -save-temps -no-color-diagnostics -explicit-module-build -module-cache-path /Users/shizihan/DailyUse/Github/InkMarkdown/.scratch/architecture-deepening-2026-09-07/evidence/20260907-1415-ticket-27/consumer/DerivedData-InkMarkdownMermaidConsumer/Build/Intermediates.noindex/SwiftExplicitPrecompiledModules -clang-scanner-module-cache-path /Users/shizihan/DailyUse/Github/InkMarkdown/.scratch/architecture-deepening-2026-09-07/evidence/20260907-1415-ticket-27/consumer/DerivedData-InkMarkdownMermaidConsumer/ModuleCache.noindex -sdk-module-cache-path /Users/shizihan/DailyUse/Github/InkMarkdown/.scratch/architecture-deepening-2026-09-07/evidence/20260907-1415-ticket-27/consumer/DerivedData-InkMarkdownMermaidConsumer/ModuleCache.noindex -serialize-diagnostics -emit-dependencies -emit-module -emit-module-path /Users/shizihan/DailyUse/Github/InkMarkdown/.scratch/architecture-deepening-2026-09-07/evidence/20260907-1415-ticket-27/consumer/DerivedData-InkMarkdownMermaidConsumer/Build/Intermediates.noindex/InkMarkdown.build/Debug-iphonesimulator/InkMarkdownMermaid.build/Objects-normal/arm64/InkMarkdownMermaid.swiftmodule -validate-clang-modules-once -clang-build-session-file /Users/shizihan/DailyUse/Github/InkMarkdown/.scratch/architecture-deepening-2026-09-07/evidence/20260907-1415-ticket-27/consumer/DerivedData-InkMarkdownMermaidConsumer/ModuleCache.noindex/Session.modulevalidation -package-name inkmarkdown -Xcc -I/Users/shizihan/DailyUse/Github/InkMarkdown/.scratch/architecture-deepening-2026-09-07/evidence/20260907-1415-ticket-27/consumer/DerivedData-InkMarkdownMermaidConsumer/Build/Intermediates.noindex/InkMarkdown.build/Debug-iphonesimulator/InkMarkdownMermaid.build/swift-overrides.hmap -emit-const-values -Xfrontend -const-gather-protocols-file -Xfrontend /Users/shizihan/DailyUse/Github/InkMarkdown/.scratch/architecture-deepening-2026-09-07/evidence/20260907-1415-ticket-27/consumer/DerivedData-InkMarkdownMermaidConsumer/Build/Intermediates.noindex/InkMarkdown.build/Debug-iphonesimulator/InkMarkdownMermaid.build/Objects-normal/arm64/InkMarkdownMermaid_const_extract_protocols.json -Xcc -I/Users/shizihan/DailyUse/Github/InkMarkdown/Packages/Caches/swift-cmark/src/include -Xcc -I/Users/shizihan/DailyUse/Github/InkMarkdown/Packages/Caches/swift-cmark/extensions/include -Xcc -I/Users/shizihan/DailyUse/Github/InkMarkdown/Packages/Caches/swift-markdown/Sources/CAtomic/include -Xcc -I/Users/shizihan/DailyUse/Github/InkMarkdown/.scratch/architecture-deepening-2026-09-07/evidence/20260907-1415-ticket-27/consumer/DerivedData-InkMarkdownMermaidConsumer/Build/Products/Debug-iphonesimulator/include -Xcc -I/Users/shizihan/DailyUse/Github/InkMarkdown/.scratch/architecture-deepening-2026-09-07/evidence/20260907-1415-ticket-27/consumer/DerivedData-InkMarkdownMermaidConsumer/Build/Intermediates.noindex/InkMarkdown.build/Debug-iphonesimulator/InkMarkdownMermaid.build/DerivedSources-normal/arm64 -Xcc -I/Users/shizihan/DailyUse/Github/InkMarkdown/.scratch/architecture-deepening-2026-09-07/evidence/20260907-1415-ticket-27/consumer/DerivedData-InkMarkdownMermaidConsumer/Build/Intermediates.noindex/InkMarkdown.build/Debug-iphonesimulator/InkMarkdownMermaid.build/DerivedSources/arm64 -Xcc -I/Users/shizihan/DailyUse/Github/InkMarkdown/.scratch/architecture-deepening-2026-09-07/evidence/20260907-1415-ticket-27/consumer/DerivedData-InkMarkdownMermaidConsumer/Build/Intermediates.noindex/InkMarkdown.build/Debug-iphonesimulator/InkMarkdownMermaid.build/DerivedSources -Xcc -DSWIFT_PACKAGE -Xcc -DDEBUG\=1 -emit-objc-header -emit-objc-header-path /Users/shizihan/DailyUse/Github/InkMarkdown/.scratch/architecture-deepening-2026-09-07/evidence/20260907-1415-ticket-27/consumer/DerivedData-InkMarkdownMermaidConsumer/Build/Intermediates.noindex/InkMarkdown.build/Debug-iphonesimulator/InkMarkdownMermaid.build/Objects-normal/arm64/InkMarkdownMermaid-Swift.h -working-directory /Users/shizihan/DailyUse/Github/InkMarkdown/.github/fixtures/consumer-smoke/.swiftpm/xcode -experimental-emit-module-separately -disable-cmo

SwiftMergeGeneratedHeaders /Users/shizihan/DailyUse/Github/InkMarkdown/.scratch/architecture-deepening-2026-09-07/evidence/20260907-1415-ticket-27/consumer/DerivedData-InkMarkdownMermaidConsumer/Build/Intermediates.noindex/GeneratedModuleMaps-iphonesimulator/InkMarkdownMermaid-Swift.h /Users/shizihan/DailyUse/Github/InkMarkdown/.scratch/architecture-deepening-2026-09-07/evidence/20260907-1415-ticket-27/consumer/DerivedData-InkMarkdownMermaidConsumer/Build/Intermediates.noindex/InkMarkdown.build/Debug-iphonesimulator/InkMarkdownMermaid.build/Objects-normal/arm64/InkMarkdownMermaid-Swift.h (in target 'InkMarkdownMermaid' from project 'InkMarkdown')
    cd /Users/shizihan/DailyUse/Github/InkMarkdown
    builtin-swiftHeaderTool -arch arm64 /Users/shizihan/DailyUse/Github/InkMarkdown/.scratch/architecture-deepening-2026-09-07/evidence/20260907-1415-ticket-27/consumer/DerivedData-InkMarkdownMermaidConsumer/Build/Intermediates.noindex/InkMarkdown.build/Debug-iphonesimulator/InkMarkdownMermaid.build/Objects-normal/arm64/InkMarkdownMermaid-Swift.h -o /Users/shizihan/DailyUse/Github/InkMarkdown/.scratch/architecture-deepening-2026-09-07/evidence/20260907-1415-ticket-27/consumer/DerivedData-InkMarkdownMermaidConsumer/Build/Intermediates.noindex/GeneratedModuleMaps-iphonesimulator/InkMarkdownMermaid-Swift.h

Copy /Users/shizihan/DailyUse/Github/InkMarkdown/.scratch/architecture-deepening-2026-09-07/evidence/20260907-1415-ticket-27/consumer/DerivedData-InkMarkdownMermaidConsumer/Build/Products/Debug-iphonesimulator/InkMarkdownMermaid.swiftmodule/arm64-apple-ios-simulator.swiftmodule /Users/shizihan/DailyUse/Github/InkMarkdown/.scratch/architecture-deepening-2026-09-07/evidence/20260907-1415-ticket-27/consumer/DerivedData-InkMarkdownMermaidConsumer/Build/Intermediates.noindex/InkMarkdown.build/Debug-iphonesimulator/InkMarkdownMermaid.build/Objects-normal/arm64/InkMarkdownMermaid.swiftmodule (in target 'InkMarkdownMermaid' from project 'InkMarkdown')
    cd /Users/shizihan/DailyUse/Github/InkMarkdown
    builtin-copy -exclude .DS_Store -exclude CVS -exclude .svn -exclude .git -exclude .hg -resolve-src-symlinks -rename /Users/shizihan/DailyUse/Github/InkMarkdown/.scratch/architecture-deepening-2026-09-07/evidence/20260907-1415-ticket-27/consumer/DerivedData-InkMarkdownMermaidConsumer/Build/Intermediates.noindex/InkMarkdown.build/Debug-iphonesimulator/InkMarkdownMermaid.build/Objects-normal/arm64/InkMarkdownMermaid.swiftmodule /Users/shizihan/DailyUse/Github/InkMarkdown/.scratch/architecture-deepening-2026-09-07/evidence/20260907-1415-ticket-27/consumer/DerivedData-InkMarkdownMermaidConsumer/Build/Products/Debug-iphonesimulator/InkMarkdownMermaid.swiftmodule/arm64-apple-ios-simulator.swiftmodule

Copy /Users/shizihan/DailyUse/Github/InkMarkdown/.scratch/architecture-deepening-2026-09-07/evidence/20260907-1415-ticket-27/consumer/DerivedData-InkMarkdownMermaidConsumer/Build/Products/Debug-iphonesimulator/InkMarkdownMermaid.swiftmodule/arm64-apple-ios-simulator.abi.json /Users/shizihan/DailyUse/Github/InkMarkdown/.scratch/architecture-deepening-2026-09-07/evidence/20260907-1415-ticket-27/consumer/DerivedData-InkMarkdownMermaidConsumer/Build/Intermediates.noindex/InkMarkdown.build/Debug-iphonesimulator/InkMarkdownMermaid.build/Objects-normal/arm64/InkMarkdownMermaid.abi.json (in target 'InkMarkdownMermaid' from project 'InkMarkdown')
    cd /Users/shizihan/DailyUse/Github/InkMarkdown
    builtin-copy -exclude .DS_Store -exclude CVS -exclude .svn -exclude .git -exclude .hg -resolve-src-symlinks -rename /Users/shizihan/DailyUse/Github/InkMarkdown/.scratch/architecture-deepening-2026-09-07/evidence/20260907-1415-ticket-27/consumer/DerivedData-InkMarkdownMermaidConsumer/Build/Intermediates.noindex/InkMarkdown.build/Debug-iphonesimulator/InkMarkdownMermaid.build/Objects-normal/arm64/InkMarkdownMermaid.abi.json /Users/shizihan/DailyUse/Github/InkMarkdown/.scratch/architecture-deepening-2026-09-07/evidence/20260907-1415-ticket-27/consumer/DerivedData-InkMarkdownMermaidConsumer/Build/Products/Debug-iphonesimulator/InkMarkdownMermaid.swiftmodule/arm64-apple-ios-simulator.abi.json

Copy /Users/shizihan/DailyUse/Github/InkMarkdown/.scratch/architecture-deepening-2026-09-07/evidence/20260907-1415-ticket-27/consumer/DerivedData-InkMarkdownMermaidConsumer/Build/Products/Debug-iphonesimulator/InkMarkdownMermaid.swiftmodule/arm64-apple-ios-simulator.swiftdoc /Users/shizihan/DailyUse/Github/InkMarkdown/.scratch/architecture-deepening-2026-09-07/evidence/20260907-1415-ticket-27/consumer/DerivedData-InkMarkdownMermaidConsumer/Build/Intermediates.noindex/InkMarkdown.build/Debug-iphonesimulator/InkMarkdownMermaid.build/Objects-normal/arm64/InkMarkdownMermaid.swiftdoc (in target 'InkMarkdownMermaid' from project 'InkMarkdown')
    cd /Users/shizihan/DailyUse/Github/InkMarkdown
    builtin-copy -exclude .DS_Store -exclude CVS -exclude .svn -exclude .git -exclude .hg -resolve-src-symlinks -rename /Users/shizihan/DailyUse/Github/InkMarkdown/.scratch/architecture-deepening-2026-09-07/evidence/20260907-1415-ticket-27/consumer/DerivedData-InkMarkdownMermaidConsumer/Build/Intermediates.noindex/InkMarkdown.build/Debug-iphonesimulator/InkMarkdownMermaid.build/Objects-normal/arm64/InkMarkdownMermaid.swiftdoc /Users/shizihan/DailyUse/Github/InkMarkdown/.scratch/architecture-deepening-2026-09-07/evidence/20260907-1415-ticket-27/consumer/DerivedData-InkMarkdownMermaidConsumer/Build/Products/Debug-iphonesimulator/InkMarkdownMermaid.swiftmodule/arm64-apple-ios-simulator.swiftdoc

Copy /Users/shizihan/DailyUse/Github/InkMarkdown/.scratch/architecture-deepening-2026-09-07/evidence/20260907-1415-ticket-27/consumer/DerivedData-InkMarkdownMermaidConsumer/Build/Products/Debug-iphonesimulator/InkMarkdownMermaid.swiftmodule/Project/arm64-apple-ios-simulator.swiftsourceinfo /Users/shizihan/DailyUse/Github/InkMarkdown/.scratch/architecture-deepening-2026-09-07/evidence/20260907-1415-ticket-27/consumer/DerivedData-InkMarkdownMermaidConsumer/Build/Intermediates.noindex/InkMarkdown.build/Debug-iphonesimulator/InkMarkdownMermaid.build/Objects-normal/arm64/InkMarkdownMermaid.swiftsourceinfo (in target 'InkMarkdownMermaid' from project 'InkMarkdown')
    cd /Users/shizihan/DailyUse/Github/InkMarkdown
    builtin-copy -exclude .DS_Store -exclude CVS -exclude .svn -exclude .git -exclude .hg -resolve-src-symlinks -rename /Users/shizihan/DailyUse/Github/InkMarkdown/.scratch/architecture-deepening-2026-09-07/evidence/20260907-1415-ticket-27/consumer/DerivedData-InkMarkdownMermaidConsumer/Build/Intermediates.noindex/InkMarkdown.build/Debug-iphonesimulator/InkMarkdownMermaid.build/Objects-normal/arm64/InkMarkdownMermaid.swiftsourceinfo /Users/shizihan/DailyUse/Github/InkMarkdown/.scratch/architecture-deepening-2026-09-07/evidence/20260907-1415-ticket-27/consumer/DerivedData-InkMarkdownMermaidConsumer/Build/Products/Debug-iphonesimulator/InkMarkdownMermaid.swiftmodule/Project/arm64-apple-ios-simulator.swiftsourceinfo

SwiftDriver InkMarkdownMermaidConsumer normal arm64 com.apple.xcode.tools.swift.compiler (in target 'InkMarkdownMermaidConsumer' from project 'InkMarkdownConsumerSmoke')
    cd /Users/shizihan/DailyUse/Github/InkMarkdown/.github/fixtures/consumer-smoke/.swiftpm/xcode
    builtin-SwiftDriver -- /Applications/Xcode.app/Contents/Developer/Toolchains/XcodeDefault.xctoolchain/usr/bin/swiftc -module-name InkMarkdownMermaidConsumer -Onone @/Users/shizihan/DailyUse/Github/InkMarkdown/.scratch/architecture-deepening-2026-09-07/evidence/20260907-1415-ticket-27/consumer/DerivedData-InkMarkdownMermaidConsumer/Build/Intermediates.noindex/InkMarkdownConsumerSmoke.build/Debug-iphonesimulator/InkMarkdownMermaidConsumer.build/Objects-normal/arm64/InkMarkdownMermaidConsumer.SwiftFileList -DSWIFT_PACKAGE -DDEBUG -DSWIFT_MODULE_RESOURCE_BUNDLE_UNAVAILABLE -DXcode -plugin-path /Applications/Xcode.app/Contents/Developer/Toolchains/XcodeDefault.xctoolchain/usr/lib/swift/host/plugins/testing -enable-experimental-feature DebugDescriptionMacro -sdk /Applications/Xcode.app/Contents/Developer/Platforms/iPhoneSimulator.platform/Developer/SDKs/iPhoneSimulator26.5.sdk -target arm64-apple-ios15.0-simulator -g -module-cache-path /Users/shizihan/DailyUse/Github/InkMarkdown/.scratch/architecture-deepening-2026-09-07/evidence/20260907-1415-ticket-27/consumer/DerivedData-InkMarkdownMermaidConsumer/ModuleCache.noindex -Xfrontend -serialize-debugging-options -enable-testing -index-store-path /Users/shizihan/DailyUse/Github/InkMarkdown/.scratch/architecture-deepening-2026-09-07/evidence/20260907-1415-ticket-27/consumer/DerivedData-InkMarkdownMermaidConsumer/Index.noindex/DataStore -Xcc -D_LIBCPP_HARDENING_MODE\=_LIBCPP_HARDENING_MODE_DEBUG -swift-version 6 -I /Users/shizihan/DailyUse/Github/InkMarkdown/.scratch/architecture-deepening-2026-09-07/evidence/20260907-1415-ticket-27/consumer/DerivedData-InkMarkdownMermaidConsumer/Build/Products/Debug-iphonesimulator -Isystem /Applications/Xcode.app/Contents/Developer/Platforms/iPhoneSimulator.platform/Developer/usr/lib -F /Users/shizihan/DailyUse/Github/InkMarkdown/.scratch/architecture-deepening-2026-09-07/evidence/20260907-1415-ticket-27/consumer/DerivedData-InkMarkdownMermaidConsumer/Build/Products/Debug-iphonesimulator/PackageFrameworks -F /Users/shizihan/DailyUse/Github/InkMarkdown/.scratch/architecture-deepening-2026-09-07/evidence/20260907-1415-ticket-27/consumer/DerivedData-InkMarkdownMermaidConsumer/Build/Products/Debug-iphonesimulator/PackageFrameworks -F /Users/shizihan/DailyUse/Github/InkMarkdown/.scratch/architecture-deepening-2026-09-07/evidence/20260907-1415-ticket-27/consumer/DerivedData-InkMarkdownMermaidConsumer/Build/Products/Debug-iphonesimulator/PackageFrameworks -F /Users/shizihan/DailyUse/Github/InkMarkdown/.scratch/architecture-deepening-2026-09-07/evidence/20260907-1415-ticket-27/consumer/DerivedData-InkMarkdownMermaidConsumer/Build/Products/Debug-iphonesimulator/PackageFrameworks -F /Users/shizihan/DailyUse/Github/InkMarkdown/.scratch/architecture-deepening-2026-09-07/evidence/20260907-1415-ticket-27/consumer/DerivedData-InkMarkdownMermaidConsumer/Build/Products/Debug-iphonesimulator/PackageFrameworks -F /Users/shizihan/DailyUse/Github/InkMarkdown/.scratch/architecture-deepening-2026-09-07/evidence/20260907-1415-ticket-27/consumer/DerivedData-InkMarkdownMermaidConsumer/Build/Products/Debug-iphonesimulator/PackageFrameworks -F /Users/shizihan/DailyUse/Github/InkMarkdown/.scratch/architecture-deepening-2026-09-07/evidence/20260907-1415-ticket-27/consumer/DerivedData-InkMarkdownMermaidConsumer/Build/Products/Debug-iphonesimulator -F /Applications/Xcode.app/Contents/Developer/Platforms/iPhoneSimulator.platform/Developer/Library/Frameworks -F /Applications/Xcode.app/Contents/Developer/Platforms/iPhoneSimulator.platform/Developer/SDKs/iPhoneSimulator26.5.sdk/Developer/Library/Frameworks -parse-as-library -c -j10 -enable-batch-mode -incremental -Xcc -ivfsstatcache -Xcc /Users/shizihan/DailyUse/Github/InkMarkdown/.scratch/architecture-deepening-2026-09-07/evidence/20260907-1415-ticket-27/consumer/DerivedData-InkMarkdownMermaidConsumer/SDKStatCaches.noindex/iphonesimulator26.5-23F81a-6cfe768891a92b912361537c460fe42b.sdkstatcache -output-file-map /Users/shizihan/DailyUse/Github/InkMarkdown/.scratch/architecture-deepening-2026-09-07/evidence/20260907-1415-ticket-27/consumer/DerivedData-InkMarkdownMermaidConsumer/Build/Intermediates.noindex/InkMarkdownConsumerSmoke.build/Debug-iphonesimulator/InkMarkdownMermaidConsumer.build/Objects-normal/arm64/InkMarkdownMermaidConsumer-OutputFileMap.json -use-frontend-parseable-output -save-temps -no-color-diagnostics -explicit-module-build -module-cache-path /Users/shizihan/DailyUse/Github/InkMarkdown/.scratch/architecture-deepening-2026-09-07/evidence/20260907-1415-ticket-27/consumer/DerivedData-InkMarkdownMermaidConsumer/Build/Intermediates.noindex/SwiftExplicitPrecompiledModules -clang-scanner-module-cache-path /Users/shizihan/DailyUse/Github/InkMarkdown/.scratch/architecture-deepening-2026-09-07/evidence/20260907-1415-ticket-27/consumer/DerivedData-InkMarkdownMermaidConsumer/ModuleCache.noindex -sdk-module-cache-path /Users/shizihan/DailyUse/Github/InkMarkdown/.scratch/architecture-deepening-2026-09-07/evidence/20260907-1415-ticket-27/consumer/DerivedData-InkMarkdownMermaidConsumer/ModuleCache.noindex -serialize-diagnostics -emit-dependencies -emit-module -emit-module-path /Users/shizihan/DailyUse/Github/InkMarkdown/.scratch/architecture-deepening-2026-09-07/evidence/20260907-1415-ticket-27/consumer/DerivedData-InkMarkdownMermaidConsumer/Build/Intermediates.noindex/InkMarkdownConsumerSmoke.build/Debug-iphonesimulator/InkMarkdownMermaidConsumer.build/Objects-normal/arm64/InkMarkdownMermaidConsumer.swiftmodule -validate-clang-modules-once -clang-build-session-file /Users/shizihan/DailyUse/Github/InkMarkdown/.scratch/architecture-deepening-2026-09-07/evidence/20260907-1415-ticket-27/consumer/DerivedData-InkMarkdownMermaidConsumer/ModuleCache.noindex/Session.modulevalidation -package-name consumer_smoke -Xcc -I/Users/shizihan/DailyUse/Github/InkMarkdown/.scratch/architecture-deepening-2026-09-07/evidence/20260907-1415-ticket-27/consumer/DerivedData-InkMarkdownMermaidConsumer/Build/Intermediates.noindex/InkMarkdownConsumerSmoke.build/Debug-iphonesimulator/InkMarkdownMermaidConsumer.build/swift-overrides.hmap -emit-const-values -Xfrontend -const-gather-protocols-file -Xfrontend /Users/shizihan/DailyUse/Github/InkMarkdown/.scratch/architecture-deepening-2026-09-07/evidence/20260907-1415-ticket-27/consumer/DerivedData-InkMarkdownMermaidConsumer/Build/Intermediates.noindex/InkMarkdownConsumerSmoke.build/Debug-iphonesimulator/InkMarkdownMermaidConsumer.build/Objects-normal/arm64/InkMarkdownMermaidConsumer_const_extract_protocols.json -Xcc -I/Users/shizihan/DailyUse/Github/InkMarkdown/Packages/Caches/swift-cmark/src/include -Xcc -I/Users/shizihan/DailyUse/Github/InkMarkdown/Packages/Caches/swift-cmark/extensions/include -Xcc -I/Users/shizihan/DailyUse/Github/InkMarkdown/Packages/Caches/swift-markdown/Sources/CAtomic/include -Xcc -I/Users/shizihan/DailyUse/Github/InkMarkdown/.scratch/architecture-deepening-2026-09-07/evidence/20260907-1415-ticket-27/consumer/DerivedData-InkMarkdownMermaidConsumer/Build/Products/Debug-iphonesimulator/include -Xcc -I/Users/shizihan/DailyUse/Github/InkMarkdown/.scratch/architecture-deepening-2026-09-07/evidence/20260907-1415-ticket-27/consumer/DerivedData-InkMarkdownMermaidConsumer/Build/Intermediates.noindex/InkMarkdownConsumerSmoke.build/Debug-iphonesimulator/InkMarkdownMermaidConsumer.build/DerivedSources-normal/arm64 -Xcc -I/Users/shizihan/DailyUse/Github/InkMarkdown/.scratch/architecture-deepening-2026-09-07/evidence/20260907-1415-ticket-27/consumer/DerivedData-InkMarkdownMermaidConsumer/Build/Intermediates.noindex/InkMarkdownConsumerSmoke.build/Debug-iphonesimulator/InkMarkdownMermaidConsumer.build/DerivedSources/arm64 -Xcc -I/Users/shizihan/DailyUse/Github/InkMarkdown/.scratch/architecture-deepening-2026-09-07/evidence/20260907-1415-ticket-27/consumer/DerivedData-InkMarkdownMermaidConsumer/Build/Intermediates.noindex/InkMarkdownConsumerSmoke.build/Debug-iphonesimulator/InkMarkdownMermaidConsumer.build/DerivedSources -Xcc -DSWIFT_PACKAGE -Xcc -DDEBUG\=1 -emit-objc-header -emit-objc-header-path /Users/shizihan/DailyUse/Github/InkMarkdown/.scratch/architecture-deepening-2026-09-07/evidence/20260907-1415-ticket-27/consumer/DerivedData-InkMarkdownMermaidConsumer/Build/Intermediates.noindex/InkMarkdownConsumerSmoke.build/Debug-iphonesimulator/InkMarkdownMermaidConsumer.build/Objects-normal/arm64/InkMarkdownMermaidConsumer-Swift.h -working-directory /Users/shizihan/DailyUse/Github/InkMarkdown/.github/fixtures/consumer-smoke/.swiftpm/xcode -experimental-emit-module-separately -disable-cmo

SwiftDriverJobDiscovery normal arm64 Compiling resource_bundle_accessor.swift (in target 'InkMarkdownMermaid' from project 'InkMarkdown')

SwiftDriverJobDiscovery normal arm64 Compiling InkMarkdownMermaid.swift (in target 'InkMarkdownMermaid' from project 'InkMarkdown')

SwiftDriver\ Compilation InkMarkdownMermaid normal arm64 com.apple.xcode.tools.swift.compiler (in target 'InkMarkdownMermaid' from project 'InkMarkdown')
    cd /Users/shizihan/DailyUse/Github/InkMarkdown/.github/fixtures/consumer-smoke/.swiftpm/xcode
    builtin-Swift-Compilation -- /Applications/Xcode.app/Contents/Developer/Toolchains/XcodeDefault.xctoolchain/usr/bin/swiftc -module-name InkMarkdownMermaid -Onone @/Users/shizihan/DailyUse/Github/InkMarkdown/.scratch/architecture-deepening-2026-09-07/evidence/20260907-1415-ticket-27/consumer/DerivedData-InkMarkdownMermaidConsumer/Build/Intermediates.noindex/InkMarkdown.build/Debug-iphonesimulator/InkMarkdownMermaid.build/Objects-normal/arm64/InkMarkdownMermaid.SwiftFileList -DSWIFT_PACKAGE -DDEBUG -DSWIFT_MODULE_RESOURCE_BUNDLE_AVAILABLE -DXcode -enable-experimental-feature StrictConcurrency -plugin-path /Applications/Xcode.app/Contents/Developer/Toolchains/XcodeDefault.xctoolchain/usr/lib/swift/host/plugins/testing -enable-experimental-feature DebugDescriptionMacro -sdk /Applications/Xcode.app/Contents/Developer/Platforms/iPhoneSimulator.platform/Developer/SDKs/iPhoneSimulator26.5.sdk -target arm64-apple-ios15.0-simulator -g -module-cache-path /Users/shizihan/DailyUse/Github/InkMarkdown/.scratch/architecture-deepening-2026-09-07/evidence/20260907-1415-ticket-27/consumer/DerivedData-InkMarkdownMermaidConsumer/ModuleCache.noindex -Xfrontend -serialize-debugging-options -enable-testing -suppress-warnings -index-store-path /Users/shizihan/DailyUse/Github/InkMarkdown/.scratch/architecture-deepening-2026-09-07/evidence/20260907-1415-ticket-27/consumer/DerivedData-InkMarkdownMermaidConsumer/Index.noindex/DataStore -Xcc -D_LIBCPP_HARDENING_MODE\=_LIBCPP_HARDENING_MODE_DEBUG -swift-version 5 -I /Users/shizihan/DailyUse/Github/InkMarkdown/.scratch/architecture-deepening-2026-09-07/evidence/20260907-1415-ticket-27/consumer/DerivedData-InkMarkdownMermaidConsumer/Build/Products/Debug-iphonesimulator -Isystem /Applications/Xcode.app/Contents/Developer/Platforms/iPhoneSimulator.platform/Developer/usr/lib -F /Users/shizihan/DailyUse/Github/InkMarkdown/.scratch/architecture-deepening-2026-09-07/evidence/20260907-1415-ticket-27/consumer/DerivedData-InkMarkdownMermaidConsumer/Build/Products/Debug-iphonesimulator/PackageFrameworks -F /Users/shizihan/DailyUse/Github/InkMarkdown/.scratch/architecture-deepening-2026-09-07/evidence/20260907-1415-ticket-27/consumer/DerivedData-InkMarkdownMermaidConsumer/Build/Products/Debug-iphonesimulator/PackageFrameworks -F /Users/shizihan/DailyUse/Github/InkMarkdown/.scratch/architecture-deepening-2026-09-07/evidence/20260907-1415-ticket-27/consumer/DerivedData-InkMarkdownMermaidConsumer/Build/Products/Debug-iphonesimulator/PackageFrameworks -F /Users/shizihan/DailyUse/Github/InkMarkdown/.scratch/architecture-deepening-2026-09-07/evidence/20260907-1415-ticket-27/consumer/DerivedData-InkMarkdownMermaidConsumer/Build/Products/Debug-iphonesimulator/PackageFrameworks -F /Users/shizihan/DailyUse/Github/InkMarkdown/.scratch/architecture-deepening-2026-09-07/evidence/20260907-1415-ticket-27/consumer/DerivedData-InkMarkdownMermaidConsumer/Build/Products/Debug-iphonesimulator/PackageFrameworks -F /Users/shizihan/DailyUse/Github/InkMarkdown/.scratch/architecture-deepening-2026-09-07/evidence/20260907-1415-ticket-27/consumer/DerivedData-InkMarkdownMermaidConsumer/Build/Products/Debug-iphonesimulator -F /Applications/Xcode.app/Contents/Developer/Platforms/iPhoneSimulator.platform/Developer/Library/Frameworks -F /Applications/Xcode.app/Contents/Developer/Platforms/iPhoneSimulator.platform/Developer/SDKs/iPhoneSimulator26.5.sdk/Developer/Library/Frameworks -c -j10 -enable-batch-mode -incremental -Xcc -ivfsstatcache -Xcc /Users/shizihan/DailyUse/Github/InkMarkdown/.scratch/architecture-deepening-2026-09-07/evidence/20260907-1415-ticket-27/consumer/DerivedData-InkMarkdownMermaidConsumer/SDKStatCaches.noindex/iphonesimulator26.5-23F81a-6cfe768891a92b912361537c460fe42b.sdkstatcache -output-file-map /Users/shizihan/DailyUse/Github/InkMarkdown/.scratch/architecture-deepening-2026-09-07/evidence/20260907-1415-ticket-27/consumer/DerivedData-InkMarkdownMermaidConsumer/Build/Intermediates.noindex/InkMarkdown.build/Debug-iphonesimulator/InkMarkdownMermaid.build/Objects-normal/arm64/InkMarkdownMermaid-OutputFileMap.json -use-frontend-parseable-output -save-temps -no-color-diagnostics -explicit-module-build -module-cache-path /Users/shizihan/DailyUse/Github/InkMarkdown/.scratch/architecture-deepening-2026-09-07/evidence/20260907-1415-ticket-27/consumer/DerivedData-InkMarkdownMermaidConsumer/Build/Intermediates.noindex/SwiftExplicitPrecompiledModules -clang-scanner-module-cache-path /Users/shizihan/DailyUse/Github/InkMarkdown/.scratch/architecture-deepening-2026-09-07/evidence/20260907-1415-ticket-27/consumer/DerivedData-InkMarkdownMermaidConsumer/ModuleCache.noindex -sdk-module-cache-path /Users/shizihan/DailyUse/Github/InkMarkdown/.scratch/architecture-deepening-2026-09-07/evidence/20260907-1415-ticket-27/consumer/DerivedData-InkMarkdownMermaidConsumer/ModuleCache.noindex -serialize-diagnostics -emit-dependencies -emit-module -emit-module-path /Users/shizihan/DailyUse/Github/InkMarkdown/.scratch/architecture-deepening-2026-09-07/evidence/20260907-1415-ticket-27/consumer/DerivedData-InkMarkdownMermaidConsumer/Build/Intermediates.noindex/InkMarkdown.build/Debug-iphonesimulator/InkMarkdownMermaid.build/Objects-normal/arm64/InkMarkdownMermaid.swiftmodule -validate-clang-modules-once -clang-build-session-file /Users/shizihan/DailyUse/Github/InkMarkdown/.scratch/architecture-deepening-2026-09-07/evidence/20260907-1415-ticket-27/consumer/DerivedData-InkMarkdownMermaidConsumer/ModuleCache.noindex/Session.modulevalidation -package-name inkmarkdown -Xcc -I/Users/shizihan/DailyUse/Github/InkMarkdown/.scratch/architecture-deepening-2026-09-07/evidence/20260907-1415-ticket-27/consumer/DerivedData-InkMarkdownMermaidConsumer/Build/Intermediates.noindex/InkMarkdown.build/Debug-iphonesimulator/InkMarkdownMermaid.build/swift-overrides.hmap -emit-const-values -Xfrontend -const-gather-protocols-file -Xfrontend /Users/shizihan/DailyUse/Github/InkMarkdown/.scratch/architecture-deepening-2026-09-07/evidence/20260907-1415-ticket-27/consumer/DerivedData-InkMarkdownMermaidConsumer/Build/Intermediates.noindex/InkMarkdown.build/Debug-iphonesimulator/InkMarkdownMermaid.build/Objects-normal/arm64/InkMarkdownMermaid_const_extract_protocols.json -Xcc -I/Users/shizihan/DailyUse/Github/InkMarkdown/Packages/Caches/swift-cmark/src/include -Xcc -I/Users/shizihan/DailyUse/Github/InkMarkdown/Packages/Caches/swift-cmark/extensions/include -Xcc -I/Users/shizihan/DailyUse/Github/InkMarkdown/Packages/Caches/swift-markdown/Sources/CAtomic/include -Xcc -I/Users/shizihan/DailyUse/Github/InkMarkdown/.scratch/architecture-deepening-2026-09-07/evidence/20260907-1415-ticket-27/consumer/DerivedData-InkMarkdownMermaidConsumer/Build/Products/Debug-iphonesimulator/include -Xcc -I/Users/shizihan/DailyUse/Github/InkMarkdown/.scratch/architecture-deepening-2026-09-07/evidence/20260907-1415-ticket-27/consumer/DerivedData-InkMarkdownMermaidConsumer/Build/Intermediates.noindex/InkMarkdown.build/Debug-iphonesimulator/InkMarkdownMermaid.build/DerivedSources-normal/arm64 -Xcc -I/Users/shizihan/DailyUse/Github/InkMarkdown/.scratch/architecture-deepening-2026-09-07/evidence/20260907-1415-ticket-27/consumer/DerivedData-InkMarkdownMermaidConsumer/Build/Intermediates.noindex/InkMarkdown.build/Debug-iphonesimulator/InkMarkdownMermaid.build/DerivedSources/arm64 -Xcc -I/Users/shizihan/DailyUse/Github/InkMarkdown/.scratch/architecture-deepening-2026-09-07/evidence/20260907-1415-ticket-27/consumer/DerivedData-InkMarkdownMermaidConsumer/Build/Intermediates.noindex/InkMarkdown.build/Debug-iphonesimulator/InkMarkdownMermaid.build/DerivedSources -Xcc -DSWIFT_PACKAGE -Xcc -DDEBUG\=1 -emit-objc-header -emit-objc-header-path /Users/shizihan/DailyUse/Github/InkMarkdown/.scratch/architecture-deepening-2026-09-07/evidence/20260907-1415-ticket-27/consumer/DerivedData-InkMarkdownMermaidConsumer/Build/Intermediates.noindex/InkMarkdown.build/Debug-iphonesimulator/InkMarkdownMermaid.build/Objects-normal/arm64/InkMarkdownMermaid-Swift.h -working-directory /Users/shizihan/DailyUse/Github/InkMarkdown/.github/fixtures/consumer-smoke/.swiftpm/xcode -experimental-emit-module-separately -disable-cmo

ExtractAppIntentsMetadata (in target 'InkMarkdown' from project 'InkMarkdown')
    cd /Users/shizihan/DailyUse/Github/InkMarkdown
    /Applications/Xcode.app/Contents/Developer/Toolchains/XcodeDefault.xctoolchain/usr/bin/appintentsmetadataprocessor --toolchain-dir /Applications/Xcode.app/Contents/Developer/Toolchains/XcodeDefault.xctoolchain --module-name InkMarkdown --sdk-root /Applications/Xcode.app/Contents/Developer/Platforms/iPhoneSimulator.platform/Developer/SDKs/iPhoneSimulator26.5.sdk --xcode-version 17F113 --platform-family iOS --deployment-target 15.0 --bundle-identifier inkmarkdown.InkMarkdown --output /Users/shizihan/DailyUse/Github/InkMarkdown/.scratch/architecture-deepening-2026-09-07/evidence/20260907-1415-ticket-27/consumer/DerivedData-InkMarkdownMermaidConsumer/Build/Products/Debug-iphonesimulator/InkMarkdown.appintents --target-triple arm64-apple-ios15.0-simulator --binary-file /Users/shizihan/DailyUse/Github/InkMarkdown/.scratch/architecture-deepening-2026-09-07/evidence/20260907-1415-ticket-27/consumer/DerivedData-InkMarkdownMermaidConsumer/Build/Products/Debug-iphonesimulator/InkMarkdown.o --dependency-file /Users/shizihan/DailyUse/Github/InkMarkdown/.scratch/architecture-deepening-2026-09-07/evidence/20260907-1415-ticket-27/consumer/DerivedData-InkMarkdownMermaidConsumer/Build/Intermediates.noindex/InkMarkdown.build/Debug-iphonesimulator/InkMarkdown.build/Objects-normal/arm64/InkMarkdown_dependency_info.dat --stringsdata-file /Users/shizihan/DailyUse/Github/InkMarkdown/.scratch/architecture-deepening-2026-09-07/evidence/20260907-1415-ticket-27/consumer/DerivedData-InkMarkdownMermaidConsumer/Build/Intermediates.noindex/InkMarkdown.build/Debug-iphonesimulator/InkMarkdown.build/Objects-normal/arm64/ExtractedAppShortcutsMetadata.stringsdata --source-file-list /Users/shizihan/DailyUse/Github/InkMarkdown/.scratch/architecture-deepening-2026-09-07/evidence/20260907-1415-ticket-27/consumer/DerivedData-InkMarkdownMermaidConsumer/Build/Intermediates.noindex/InkMarkdown.build/Debug-iphonesimulator/InkMarkdown.build/Objects-normal/arm64/InkMarkdown.SwiftFileList --metadata-file-list /Users/shizihan/DailyUse/Github/InkMarkdown/.scratch/architecture-deepening-2026-09-07/evidence/20260907-1415-ticket-27/consumer/DerivedData-InkMarkdownMermaidConsumer/Build/Intermediates.noindex/InkMarkdown.build/Debug-iphonesimulator/InkMarkdown.build/InkMarkdown.DependencyMetadataFileList --static-metadata-file-list /Users/shizihan/DailyUse/Github/InkMarkdown/.scratch/architecture-deepening-2026-09-07/evidence/20260907-1415-ticket-27/consumer/DerivedData-InkMarkdownMermaidConsumer/Build/Intermediates.noindex/InkMarkdown.build/Debug-iphonesimulator/InkMarkdown.build/InkMarkdown.DependencyStaticMetadataFileList --swift-const-vals-list /Users/shizihan/DailyUse/Github/InkMarkdown/.scratch/architecture-deepening-2026-09-07/evidence/20260907-1415-ticket-27/consumer/DerivedData-InkMarkdownMermaidConsumer/Build/Intermediates.noindex/InkMarkdown.build/Debug-iphonesimulator/InkMarkdown.build/Objects-normal/arm64/InkMarkdown.SwiftConstValuesFileList --force --compile-time-extraction --deployment-aware-processing --validate-assistant-intents --no-app-shortcuts-localization
2026-09-07 14:41:21.667 appintentsmetadataprocessor[89058:6073074] Starting appintentsmetadataprocessor export
2026-09-07 14:41:21.698 appintentsmetadataprocessor[89058:6073074] Extracted no relevant App Intents symbols, skipping writing output

RegisterExecutionPolicyException /Users/shizihan/DailyUse/Github/InkMarkdown/.scratch/architecture-deepening-2026-09-07/evidence/20260907-1415-ticket-27/consumer/DerivedData-InkMarkdownMermaidConsumer/Build/Products/Debug-iphonesimulator/InkMarkdown.o (in target 'InkMarkdown' from project 'InkMarkdown')
    cd /Users/shizihan/DailyUse/Github/InkMarkdown
    builtin-RegisterExecutionPolicyException /Users/shizihan/DailyUse/Github/InkMarkdown/.scratch/architecture-deepening-2026-09-07/evidence/20260907-1415-ticket-27/consumer/DerivedData-InkMarkdownMermaidConsumer/Build/Products/Debug-iphonesimulator/InkMarkdown.o

Ld /Users/shizihan/DailyUse/Github/InkMarkdown/.scratch/architecture-deepening-2026-09-07/evidence/20260907-1415-ticket-27/consumer/DerivedData-InkMarkdownMermaidConsumer/Build/Products/Debug-iphonesimulator/InkMarkdownMermaid.o normal (in target 'InkMarkdownMermaid' from project 'InkMarkdown')
    cd /Users/shizihan/DailyUse/Github/InkMarkdown
    /Applications/Xcode.app/Contents/Developer/Toolchains/XcodeDefault.xctoolchain/usr/bin/clang -Xlinker -reproducible -target arm64-apple-ios15.0-simulator -r -isysroot /Applications/Xcode.app/Contents/Developer/Platforms/iPhoneSimulator.platform/Developer/SDKs/iPhoneSimulator26.5.sdk -O0 -w -F/Users/shizihan/DailyUse/Github/InkMarkdown/.scratch/architecture-deepening-2026-09-07/evidence/20260907-1415-ticket-27/consumer/DerivedData-InkMarkdownMermaidConsumer/Build/Intermediates.noindex/EagerLinkingTBDs/Debug-iphonesimulator -F/Users/shizihan/DailyUse/Github/InkMarkdown/.scratch/architecture-deepening-2026-09-07/evidence/20260907-1415-ticket-27/consumer/DerivedData-InkMarkdownMermaidConsumer/Build/Products/Debug-iphonesimulator/PackageFrameworks -F/Users/shizihan/DailyUse/Github/InkMarkdown/.scratch/architecture-deepening-2026-09-07/evidence/20260907-1415-ticket-27/consumer/DerivedData-InkMarkdownMermaidConsumer/Build/Products/Debug-iphonesimulator/PackageFrameworks -F/Users/shizihan/DailyUse/Github/InkMarkdown/.scratch/architecture-deepening-2026-09-07/evidence/20260907-1415-ticket-27/consumer/DerivedData-InkMarkdownMermaidConsumer/Build/Products/Debug-iphonesimulator/PackageFrameworks -F/Users/shizihan/DailyUse/Github/InkMarkdown/.scratch/architecture-deepening-2026-09-07/evidence/20260907-1415-ticket-27/consumer/DerivedData-InkMarkdownMermaidConsumer/Build/Products/Debug-iphonesimulator/PackageFrameworks -F/Users/shizihan/DailyUse/Github/InkMarkdown/.scratch/architecture-deepening-2026-09-07/evidence/20260907-1415-ticket-27/consumer/DerivedData-InkMarkdownMermaidConsumer/Build/Products/Debug-iphonesimulator/PackageFrameworks -F/Users/shizihan/DailyUse/Github/InkMarkdown/.scratch/architecture-deepening-2026-09-07/evidence/20260907-1415-ticket-27/consumer/DerivedData-InkMarkdownMermaidConsumer/Build/Products/Debug-iphonesimulator -iframework /Applications/Xcode.app/Contents/Developer/Platforms/iPhoneSimulator.platform/Developer/Library/Frameworks -iframework /Applications/Xcode.app/Contents/Developer/Platforms/iPhoneSimulator.platform/Developer/SDKs/iPhoneSimulator26.5.sdk/Developer/Library/Frameworks -filelist /Users/shizihan/DailyUse/Github/InkMarkdown/.scratch/architecture-deepening-2026-09-07/evidence/20260907-1415-ticket-27/consumer/DerivedData-InkMarkdownMermaidConsumer/Build/Intermediates.noindex/InkMarkdown.build/Debug-iphonesimulator/InkMarkdownMermaid.build/Objects-normal/arm64/InkMarkdownMermaid.LinkFileList -nostdlib -Xlinker -object_path_lto -Xlinker /Users/shizihan/DailyUse/Github/InkMarkdown/.scratch/architecture-deepening-2026-09-07/evidence/20260907-1415-ticket-27/consumer/DerivedData-InkMarkdownMermaidConsumer/Build/Intermediates.noindex/InkMarkdown.build/Debug-iphonesimulator/InkMarkdownMermaid.build/Objects-normal/arm64/InkMarkdownMermaid_lto.o -Xlinker -no_deduplicate -Xlinker -objc_abi_version -Xlinker 2 -Xlinker -dependency_info -Xlinker /Users/shizihan/DailyUse/Github/InkMarkdown/.scratch/architecture-deepening-2026-09-07/evidence/20260907-1415-ticket-27/consumer/DerivedData-InkMarkdownMermaidConsumer/Build/Intermediates.noindex/InkMarkdown.build/Debug-iphonesimulator/InkMarkdownMermaid.build/Objects-normal/arm64/InkMarkdownMermaid_dependency_info.dat -fobjc-link-runtime -L/Applications/Xcode.app/Contents/Developer/Toolchains/XcodeDefault.xctoolchain/usr/lib/swift/iphonesimulator -L/usr/lib/swift -Xlinker -add_ast_path -Xlinker /Users/shizihan/DailyUse/Github/InkMarkdown/.scratch/architecture-deepening-2026-09-07/evidence/20260907-1415-ticket-27/consumer/DerivedData-InkMarkdownMermaidConsumer/Build/Intermediates.noindex/InkMarkdown.build/Debug-iphonesimulator/InkMarkdownMermaid.build/Objects-normal/arm64/InkMarkdownMermaid.swiftmodule @/Users/shizihan/DailyUse/Github/InkMarkdown/.scratch/architecture-deepening-2026-09-07/evidence/20260907-1415-ticket-27/consumer/DerivedData-InkMarkdownMermaidConsumer/Build/Intermediates.noindex/InkMarkdown.build/Debug-iphonesimulator/InkMarkdownMermaid.build/Objects-normal/arm64/InkMarkdownMermaid-linker-args.resp -o /Users/shizihan/DailyUse/Github/InkMarkdown/.scratch/architecture-deepening-2026-09-07/evidence/20260907-1415-ticket-27/consumer/DerivedData-InkMarkdownMermaidConsumer/Build/Products/Debug-iphonesimulator/InkMarkdownMermaid.o

ExtractAppIntentsMetadata (in target 'InkMarkdownMermaid' from project 'InkMarkdown')
    cd /Users/shizihan/DailyUse/Github/InkMarkdown
    /Applications/Xcode.app/Contents/Developer/Toolchains/XcodeDefault.xctoolchain/usr/bin/appintentsmetadataprocessor --toolchain-dir /Applications/Xcode.app/Contents/Developer/Toolchains/XcodeDefault.xctoolchain --module-name InkMarkdownMermaid --sdk-root /Applications/Xcode.app/Contents/Developer/Platforms/iPhoneSimulator.platform/Developer/SDKs/iPhoneSimulator26.5.sdk --xcode-version 17F113 --platform-family iOS --deployment-target 15.0 --bundle-identifier inkmarkdown.InkMarkdownMermaid --output /Users/shizihan/DailyUse/Github/InkMarkdown/.scratch/architecture-deepening-2026-09-07/evidence/20260907-1415-ticket-27/consumer/DerivedData-InkMarkdownMermaidConsumer/Build/Products/Debug-iphonesimulator/InkMarkdownMermaid.appintents --target-triple arm64-apple-ios15.0-simulator --binary-file /Users/shizihan/DailyUse/Github/InkMarkdown/.scratch/architecture-deepening-2026-09-07/evidence/20260907-1415-ticket-27/consumer/DerivedData-InkMarkdownMermaidConsumer/Build/Products/Debug-iphonesimulator/InkMarkdownMermaid.o --dependency-file /Users/shizihan/DailyUse/Github/InkMarkdown/.scratch/architecture-deepening-2026-09-07/evidence/20260907-1415-ticket-27/consumer/DerivedData-InkMarkdownMermaidConsumer/Build/Intermediates.noindex/InkMarkdown.build/Debug-iphonesimulator/InkMarkdownMermaid.build/Objects-normal/arm64/InkMarkdownMermaid_dependency_info.dat --stringsdata-file /Users/shizihan/DailyUse/Github/InkMarkdown/.scratch/architecture-deepening-2026-09-07/evidence/20260907-1415-ticket-27/consumer/DerivedData-InkMarkdownMermaidConsumer/Build/Intermediates.noindex/InkMarkdown.build/Debug-iphonesimulator/InkMarkdownMermaid.build/Objects-normal/arm64/ExtractedAppShortcutsMetadata.stringsdata --source-file-list /Users/shizihan/DailyUse/Github/InkMarkdown/.scratch/architecture-deepening-2026-09-07/evidence/20260907-1415-ticket-27/consumer/DerivedData-InkMarkdownMermaidConsumer/Build/Intermediates.noindex/InkMarkdown.build/Debug-iphonesimulator/InkMarkdownMermaid.build/Objects-normal/arm64/InkMarkdownMermaid.SwiftFileList --metadata-file-list /Users/shizihan/DailyUse/Github/InkMarkdown/.scratch/architecture-deepening-2026-09-07/evidence/20260907-1415-ticket-27/consumer/DerivedData-InkMarkdownMermaidConsumer/Build/Intermediates.noindex/InkMarkdown.build/Debug-iphonesimulator/InkMarkdownMermaid.build/InkMarkdownMermaid.DependencyMetadataFileList --static-metadata-file-list /Users/shizihan/DailyUse/Github/InkMarkdown/.scratch/architecture-deepening-2026-09-07/evidence/20260907-1415-ticket-27/consumer/DerivedData-InkMarkdownMermaidConsumer/Build/Intermediates.noindex/InkMarkdown.build/Debug-iphonesimulator/InkMarkdownMermaid.build/InkMarkdownMermaid.DependencyStaticMetadataFileList --swift-const-vals-list /Users/shizihan/DailyUse/Github/InkMarkdown/.scratch/architecture-deepening-2026-09-07/evidence/20260907-1415-ticket-27/consumer/DerivedData-InkMarkdownMermaidConsumer/Build/Intermediates.noindex/InkMarkdown.build/Debug-iphonesimulator/InkMarkdownMermaid.build/Objects-normal/arm64/InkMarkdownMermaid.SwiftConstValuesFileList --force --compile-time-extraction --deployment-aware-processing --validate-assistant-intents --no-app-shortcuts-localization
2026-09-07 14:41:21.821 appintentsmetadataprocessor[89061:6073148] Starting appintentsmetadataprocessor export
2026-09-07 14:41:21.829 appintentsmetadataprocessor[89061:6073148] Extracted no relevant App Intents symbols, skipping writing output

RegisterExecutionPolicyException /Users/shizihan/DailyUse/Github/InkMarkdown/.scratch/architecture-deepening-2026-09-07/evidence/20260907-1415-ticket-27/consumer/DerivedData-InkMarkdownMermaidConsumer/Build/Products/Debug-iphonesimulator/InkMarkdownMermaid.o (in target 'InkMarkdownMermaid' from project 'InkMarkdown')
    cd /Users/shizihan/DailyUse/Github/InkMarkdown
    builtin-RegisterExecutionPolicyException /Users/shizihan/DailyUse/Github/InkMarkdown/.scratch/architecture-deepening-2026-09-07/evidence/20260907-1415-ticket-27/consumer/DerivedData-InkMarkdownMermaidConsumer/Build/Products/Debug-iphonesimulator/InkMarkdownMermaid.o

SwiftExplicitDependencyGeneratePcm arm64 /Users/shizihan/DailyUse/Github/InkMarkdown/.scratch/architecture-deepening-2026-09-07/evidence/20260907-1415-ticket-27/consumer/DerivedData-InkMarkdownMermaidConsumer/ModuleCache.noindex/_AvailabilityInternal-EETWRWMOVC6KC9N57LZZZU86.pcm

SwiftExplicitDependencyGeneratePcm arm64 /Users/shizihan/DailyUse/Github/InkMarkdown/.scratch/architecture-deepening-2026-09-07/evidence/20260907-1415-ticket-27/consumer/DerivedData-InkMarkdownMermaidConsumer/ModuleCache.noindex/_Builtin_stdbool-2ZE53BBUK82R6ZND1DCX172I6.pcm

SwiftExplicitDependencyGeneratePcm arm64 /Users/shizihan/DailyUse/Github/InkMarkdown/.scratch/architecture-deepening-2026-09-07/evidence/20260907-1415-ticket-27/consumer/DerivedData-InkMarkdownMermaidConsumer/ModuleCache.noindex/ptrauth-6JGM778UNPHMKYIA8IZH15AJ2.pcm

SwiftExplicitDependencyGeneratePcm arm64 /Users/shizihan/DailyUse/Github/InkMarkdown/.scratch/architecture-deepening-2026-09-07/evidence/20260907-1415-ticket-27/consumer/DerivedData-InkMarkdownMermaidConsumer/ModuleCache.noindex/ptrcheck-CA6RDEU60X71QUVY18TI1A3SO.pcm

SwiftExplicitDependencyGeneratePcm arm64 /Users/shizihan/DailyUse/Github/InkMarkdown/.scratch/architecture-deepening-2026-09-07/evidence/20260907-1415-ticket-27/consumer/DerivedData-InkMarkdownMermaidConsumer/ModuleCache.noindex/_Builtin_stdarg-3P73A9VE3IO2BS74Y5HIC2UM5.pcm

SwiftExplicitDependencyGeneratePcm arm64 /Users/shizihan/DailyUse/Github/InkMarkdown/.scratch/architecture-deepening-2026-09-07/evidence/20260907-1415-ticket-27/consumer/DerivedData-InkMarkdownMermaidConsumer/ModuleCache.noindex/_Builtin_float-D6MSCT8P148AR5K1PQPTU4HDK.pcm

SwiftExplicitDependencyGeneratePcm arm64 /Users/shizihan/DailyUse/Github/InkMarkdown/.scratch/architecture-deepening-2026-09-07/evidence/20260907-1415-ticket-27/consumer/DerivedData-InkMarkdownMermaidConsumer/ModuleCache.noindex/SwiftShims-33QB53EE6KCOENVHQH355ZDLI.pcm

SwiftExplicitDependencyGeneratePcm arm64 /Users/shizihan/DailyUse/Github/InkMarkdown/.scratch/architecture-deepening-2026-09-07/evidence/20260907-1415-ticket-27/consumer/DerivedData-InkMarkdownMermaidConsumer/ModuleCache.noindex/DeveloperToolsSupport-9B5Z9OFWPWT0NM5VCYZ2KCLPR.pcm

SwiftExplicitDependencyGeneratePcm arm64 /Users/shizihan/DailyUse/Github/InkMarkdown/.scratch/architecture-deepening-2026-09-07/evidence/20260907-1415-ticket-27/consumer/DerivedData-InkMarkdownMermaidConsumer/ModuleCache.noindex/_Builtin_stddef-99T6Q4ML53OX42GV66WYK18I6.pcm

SwiftExplicitDependencyGeneratePcm arm64 /Users/shizihan/DailyUse/Github/InkMarkdown/.scratch/architecture-deepening-2026-09-07/evidence/20260907-1415-ticket-27/consumer/DerivedData-InkMarkdownMermaidConsumer/ModuleCache.noindex/_SwiftConcurrencyShims-1OS9Q3SUPH4JDUVPWZBLIZLL4.pcm

SwiftExplicitDependencyGeneratePcm arm64 /Users/shizihan/DailyUse/Github/InkMarkdown/.scratch/architecture-deepening-2026-09-07/evidence/20260907-1415-ticket-27/consumer/DerivedData-InkMarkdownMermaidConsumer/ModuleCache.noindex/_DarwinFoundation1-7YP17LJKBYEXM4KV3CTXEVT6T.pcm

SwiftExplicitDependencyGeneratePcm arm64 /Users/shizihan/DailyUse/Github/InkMarkdown/.scratch/architecture-deepening-2026-09-07/evidence/20260907-1415-ticket-27/consumer/DerivedData-InkMarkdownMermaidConsumer/ModuleCache.noindex/_Builtin_limits-EMD5D5LDAKEJQASDKDBIYGPZQ.pcm

SwiftExplicitDependencyGeneratePcm arm64 /Users/shizihan/DailyUse/Github/InkMarkdown/.scratch/architecture-deepening-2026-09-07/evidence/20260907-1415-ticket-27/consumer/DerivedData-InkMarkdownMermaidConsumer/ModuleCache.noindex/_DarwinFoundation2-1KZ6CPKHO7V2R5S5OHIGDV28.pcm

SwiftExplicitDependencyGeneratePcm arm64 /Users/shizihan/DailyUse/Github/InkMarkdown/.scratch/architecture-deepening-2026-09-07/evidence/20260907-1415-ticket-27/consumer/DerivedData-InkMarkdownMermaidConsumer/ModuleCache.noindex/_Builtin_tgmath-BTSLQYK3I2KFPE5VEAH0YDOQ2.pcm

SwiftExplicitDependencyGeneratePcm arm64 /Users/shizihan/DailyUse/Github/InkMarkdown/.scratch/architecture-deepening-2026-09-07/evidence/20260907-1415-ticket-27/consumer/DerivedData-InkMarkdownMermaidConsumer/ModuleCache.noindex/sys_types-4LVYXJCBM130ZFAFWJ81GYKW9.pcm

SwiftExplicitDependencyGeneratePcm arm64 /Users/shizihan/DailyUse/Github/InkMarkdown/.scratch/architecture-deepening-2026-09-07/evidence/20260907-1415-ticket-27/consumer/DerivedData-InkMarkdownMermaidConsumer/ModuleCache.noindex/_Builtin_stdint-HM5DFMTHS7TVGH1YBXVNSQ18.pcm

SwiftExplicitDependencyGeneratePcm arm64 /Users/shizihan/DailyUse/Github/InkMarkdown/.scratch/architecture-deepening-2026-09-07/evidence/20260907-1415-ticket-27/consumer/DerivedData-InkMarkdownMermaidConsumer/Build/Intermediates.noindex/SwiftExplicitPrecompiledModules/CAtomic-CMXGS0BMS5U84HYJDTBVJQISW.pcm

SwiftExplicitDependencyGeneratePcm arm64 /Users/shizihan/DailyUse/Github/InkMarkdown/.scratch/architecture-deepening-2026-09-07/evidence/20260907-1415-ticket-27/consumer/DerivedData-InkMarkdownMermaidConsumer/ModuleCache.noindex/_DarwinFoundation3-4F9MYW47J9G1BBXBC3ESLQPKE.pcm

SwiftExplicitDependencyGeneratePcm arm64 /Users/shizihan/DailyUse/Github/InkMarkdown/.scratch/architecture-deepening-2026-09-07/evidence/20260907-1415-ticket-27/consumer/DerivedData-InkMarkdownMermaidConsumer/ModuleCache.noindex/_Builtin_intrinsics-4XQCRFYLSG3Y82H11VLAN22DI.pcm

SwiftExplicitDependencyGeneratePcm arm64 /Users/shizihan/DailyUse/Github/InkMarkdown/.scratch/architecture-deepening-2026-09-07/evidence/20260907-1415-ticket-27/consumer/DerivedData-InkMarkdownMermaidConsumer/ModuleCache.noindex/_Builtin_stdatomic-EQWZ33ACN4RTB49SDHHC8P8UY.pcm

SwiftExplicitDependencyGeneratePcm arm64 /Users/shizihan/DailyUse/Github/InkMarkdown/.scratch/architecture-deepening-2026-09-07/evidence/20260907-1415-ticket-27/consumer/DerivedData-InkMarkdownMermaidConsumer/ModuleCache.noindex/_Builtin_inttypes-E3TGOTQCD4OZW8YXQTW7G8MKR.pcm

SwiftExplicitDependencyGeneratePcm arm64 /Users/shizihan/DailyUse/Github/InkMarkdown/.scratch/architecture-deepening-2026-09-07/evidence/20260907-1415-ticket-27/consumer/DerivedData-InkMarkdownMermaidConsumer/Build/Intermediates.noindex/SwiftExplicitPrecompiledModules/cmark_gfm-1KQ9VPE28GWKX4CXDS7L1QKQ8.pcm

SwiftExplicitDependencyGeneratePcm arm64 /Users/shizihan/DailyUse/Github/InkMarkdown/.scratch/architecture-deepening-2026-09-07/evidence/20260907-1415-ticket-27/consumer/DerivedData-InkMarkdownMermaidConsumer/ModuleCache.noindex/Darwin-5ZAM1OTV37IES56ZL5WO1ZXN3.pcm

SwiftExplicitDependencyGeneratePcm arm64 /Users/shizihan/DailyUse/Github/InkMarkdown/.scratch/architecture-deepening-2026-09-07/evidence/20260907-1415-ticket-27/consumer/DerivedData-InkMarkdownMermaidConsumer/Build/Intermediates.noindex/SwiftExplicitPrecompiledModules/cmark_gfm_extensions-ADVA5NUM98ZUI1D7QG0PW77VB.pcm

SwiftExplicitDependencyGeneratePcm arm64 /Users/shizihan/DailyUse/Github/InkMarkdown/.scratch/architecture-deepening-2026-09-07/evidence/20260907-1415-ticket-27/consumer/DerivedData-InkMarkdownMermaidConsumer/ModuleCache.noindex/simd-R33ITN611EBEAHZ8G1EC2T39.pcm

SwiftExplicitDependencyGeneratePcm arm64 /Users/shizihan/DailyUse/Github/InkMarkdown/.scratch/architecture-deepening-2026-09-07/evidence/20260907-1415-ticket-27/consumer/DerivedData-InkMarkdownMermaidConsumer/ModuleCache.noindex/MachO-AUMKG70DOMZEDSCNC8ZTMM2HP.pcm

SwiftExplicitDependencyGeneratePcm arm64 /Users/shizihan/DailyUse/Github/InkMarkdown/.scratch/architecture-deepening-2026-09-07/evidence/20260907-1415-ticket-27/consumer/DerivedData-InkMarkdownMermaidConsumer/ModuleCache.noindex/ObjectiveC-6SEREBPMZWKTZS1OB2GPBPZVD.pcm

SwiftExplicitDependencyGeneratePcm arm64 /Users/shizihan/DailyUse/Github/InkMarkdown/.scratch/architecture-deepening-2026-09-07/evidence/20260907-1415-ticket-27/consumer/DerivedData-InkMarkdownMermaidConsumer/ModuleCache.noindex/Spatial-CCE0057EXRFMBRWUQ1QP6FHCV.pcm

SwiftExplicitDependencyGeneratePcm arm64 /Users/shizihan/DailyUse/Github/InkMarkdown/.scratch/architecture-deepening-2026-09-07/evidence/20260907-1415-ticket-27/consumer/DerivedData-InkMarkdownMermaidConsumer/ModuleCache.noindex/os_object-DZRK0SUXF2LBVCAD12C00VMVR.pcm

SwiftExplicitDependencyGeneratePcm arm64 /Users/shizihan/DailyUse/Github/InkMarkdown/.scratch/architecture-deepening-2026-09-07/evidence/20260907-1415-ticket-27/consumer/DerivedData-InkMarkdownMermaidConsumer/ModuleCache.noindex/os_workgroup-A3B4YWVUWPVOTGG1XQIYK5VIZ.pcm

SwiftExplicitDependencyGeneratePcm arm64 /Users/shizihan/DailyUse/Github/InkMarkdown/.scratch/architecture-deepening-2026-09-07/evidence/20260907-1415-ticket-27/consumer/DerivedData-InkMarkdownMermaidConsumer/ModuleCache.noindex/Dispatch-558387HDKLG0HKGC6OLADFPXI.pcm

SwiftExplicitDependencyGeneratePcm arm64 /Users/shizihan/DailyUse/Github/InkMarkdown/.scratch/architecture-deepening-2026-09-07/evidence/20260907-1415-ticket-27/consumer/DerivedData-InkMarkdownMermaidConsumer/ModuleCache.noindex/XPC-28UXU1FMBTGR3ASRQT3DSICYK.pcm

SwiftExplicitDependencyGeneratePcm arm64 /Users/shizihan/DailyUse/Github/InkMarkdown/.scratch/architecture-deepening-2026-09-07/evidence/20260907-1415-ticket-27/consumer/DerivedData-InkMarkdownMermaidConsumer/ModuleCache.noindex/dnssd-7ROTJHLFAL7SB2OZR9OUBFPOO.pcm

SwiftExplicitDependencyGeneratePcm arm64 /Users/shizihan/DailyUse/Github/InkMarkdown/.scratch/architecture-deepening-2026-09-07/evidence/20260907-1415-ticket-27/consumer/DerivedData-InkMarkdownMermaidConsumer/ModuleCache.noindex/CoreFoundation-6DH9NG9WAIVGBOR2EJ8YRQAW0.pcm

SwiftExplicitDependencyGeneratePcm arm64 /Users/shizihan/DailyUse/Github/InkMarkdown/.scratch/architecture-deepening-2026-09-07/evidence/20260907-1415-ticket-27/consumer/DerivedData-InkMarkdownMermaidConsumer/ModuleCache.noindex/os-6U5GFG9ER29901Z30Y0469J4F.pcm

SwiftExplicitDependencyGeneratePcm arm64 /Users/shizihan/DailyUse/Github/InkMarkdown/.scratch/architecture-deepening-2026-09-07/evidence/20260907-1415-ticket-27/consumer/DerivedData-InkMarkdownMermaidConsumer/ModuleCache.noindex/Security-CZMSLZMEMAOCEHNMNV1NVT3WT.pcm

SwiftExplicitDependencyGeneratePcm arm64 /Users/shizihan/DailyUse/Github/InkMarkdown/.scratch/architecture-deepening-2026-09-07/evidence/20260907-1415-ticket-27/consumer/DerivedData-InkMarkdownMermaidConsumer/ModuleCache.noindex/CFNetwork-EJBBEUEMQCPEXSR04GM83MFSA.pcm

SwiftExplicitDependencyGeneratePcm arm64 /Users/shizihan/DailyUse/Github/InkMarkdown/.scratch/architecture-deepening-2026-09-07/evidence/20260907-1415-ticket-27/consumer/DerivedData-InkMarkdownMermaidConsumer/ModuleCache.noindex/CoreGraphics-N0IJOMDU1PBN4PSG5VJTM6IL.pcm

SwiftExplicitDependencyGeneratePcm arm64 /Users/shizihan/DailyUse/Github/InkMarkdown/.scratch/architecture-deepening-2026-09-07/evidence/20260907-1415-ticket-27/consumer/DerivedData-InkMarkdownMermaidConsumer/ModuleCache.noindex/Foundation-A405FCZ75MNLF7X9TG0E7JW7A.pcm

SwiftExplicitDependencyGeneratePcm arm64 /Users/shizihan/DailyUse/Github/InkMarkdown/.scratch/architecture-deepening-2026-09-07/evidence/20260907-1415-ticket-27/consumer/DerivedData-InkMarkdownMermaidConsumer/ModuleCache.noindex/CoreText-6WTGP11XQT7LXA2WWRM36IAJU.pcm

SwiftExplicitDependencyGeneratePcm arm64 /Users/shizihan/DailyUse/Github/InkMarkdown/.scratch/architecture-deepening-2026-09-07/evidence/20260907-1415-ticket-27/consumer/DerivedData-InkMarkdownMermaidConsumer/ModuleCache.noindex/ImageIO-B7LAWNOYBSZ6V6R4WJFBL1XG3.pcm

SwiftExplicitDependencyGeneratePcm arm64 /Users/shizihan/DailyUse/Github/InkMarkdown/.scratch/architecture-deepening-2026-09-07/evidence/20260907-1415-ticket-27/consumer/DerivedData-InkMarkdownMermaidConsumer/ModuleCache.noindex/Symbols-38O64ICQQXNZL69Z7BCUN85OM.pcm

SwiftExplicitDependencyGeneratePcm arm64 /Users/shizihan/DailyUse/Github/InkMarkdown/.scratch/architecture-deepening-2026-09-07/evidence/20260907-1415-ticket-27/consumer/DerivedData-InkMarkdownMermaidConsumer/ModuleCache.noindex/CoreTransferable-BS7C6E35MY4QG9SX1YBBD37W8.pcm

SwiftExplicitDependencyGeneratePcm arm64 /Users/shizihan/DailyUse/Github/InkMarkdown/.scratch/architecture-deepening-2026-09-07/evidence/20260907-1415-ticket-27/consumer/DerivedData-InkMarkdownMermaidConsumer/ModuleCache.noindex/UIUtilities-3YGA79VVJSTMSODB3WVJP5V85.pcm

SwiftExplicitDependencyGeneratePcm arm64 /Users/shizihan/DailyUse/Github/InkMarkdown/.scratch/architecture-deepening-2026-09-07/evidence/20260907-1415-ticket-27/consumer/DerivedData-InkMarkdownMermaidConsumer/ModuleCache.noindex/DataDetection-DFV4NCTQIFLJPXKDWGY39C7HK.pcm

SwiftExplicitDependencyGeneratePcm arm64 /Users/shizihan/DailyUse/Github/InkMarkdown/.scratch/architecture-deepening-2026-09-07/evidence/20260907-1415-ticket-27/consumer/DerivedData-InkMarkdownMermaidConsumer/ModuleCache.noindex/UserNotifications-13IQNZM43OLXUD8DKHFSPJ110.pcm

SwiftExplicitDependencyGeneratePcm arm64 /Users/shizihan/DailyUse/Github/InkMarkdown/.scratch/architecture-deepening-2026-09-07/evidence/20260907-1415-ticket-27/consumer/DerivedData-InkMarkdownMermaidConsumer/ModuleCache.noindex/OpenGLES-C7AK96QK7XME770O43WUI4D3E.pcm

SwiftExplicitDependencyGeneratePcm arm64 /Users/shizihan/DailyUse/Github/InkMarkdown/.scratch/architecture-deepening-2026-09-07/evidence/20260907-1415-ticket-27/consumer/DerivedData-InkMarkdownMermaidConsumer/ModuleCache.noindex/Accessibility-CUPVTDWPP5A8UA2PBRL7D9OM9.pcm

SwiftExplicitDependencyGeneratePcm arm64 /Users/shizihan/DailyUse/Github/InkMarkdown/.scratch/architecture-deepening-2026-09-07/evidence/20260907-1415-ticket-27/consumer/DerivedData-InkMarkdownMermaidConsumer/ModuleCache.noindex/LocalAuthentication-B84DCAN4YZT14PX2HXBUHR8RH.pcm

SwiftExplicitDependencyGeneratePcm arm64 /Users/shizihan/DailyUse/Github/InkMarkdown/.scratch/architecture-deepening-2026-09-07/evidence/20260907-1415-ticket-27/consumer/DerivedData-InkMarkdownMermaidConsumer/ModuleCache.noindex/OSLog-8N1N0P645CF3S4SYMMGGR2HPW.pcm

SwiftExplicitDependencyGeneratePcm arm64 /Users/shizihan/DailyUse/Github/InkMarkdown/.scratch/architecture-deepening-2026-09-07/evidence/20260907-1415-ticket-27/consumer/DerivedData-InkMarkdownMermaidConsumer/ModuleCache.noindex/IOSurface-EG4876BDCSIA627AAFWSU7XER.pcm

SwiftExplicitDependencyGeneratePcm arm64 /Users/shizihan/DailyUse/Github/InkMarkdown/.scratch/architecture-deepening-2026-09-07/evidence/20260907-1415-ticket-27/consumer/DerivedData-InkMarkdownMermaidConsumer/ModuleCache.noindex/FileProvider-ACXRYC0A52LL2HETDH0NATSHH.pcm

SwiftExplicitDependencyGeneratePcm arm64 /Users/shizihan/DailyUse/Github/InkMarkdown/.scratch/architecture-deepening-2026-09-07/evidence/20260907-1415-ticket-27/consumer/DerivedData-InkMarkdownMermaidConsumer/ModuleCache.noindex/Network-8ZWCG8TET5FMZJ6GZFY4TJLQQ.pcm

SwiftExplicitDependencyGeneratePcm arm64 /Users/shizihan/DailyUse/Github/InkMarkdown/.scratch/architecture-deepening-2026-09-07/evidence/20260907-1415-ticket-27/consumer/DerivedData-InkMarkdownMermaidConsumer/ModuleCache.noindex/UniformTypeIdentifiers-2BXMQ2E7DKFEVNCF04DAU5SGR.pcm

SwiftExplicitDependencyGeneratePcm arm64 /Users/shizihan/DailyUse/Github/InkMarkdown/.scratch/architecture-deepening-2026-09-07/evidence/20260907-1415-ticket-27/consumer/DerivedData-InkMarkdownMermaidConsumer/ModuleCache.noindex/Metal-8EIJDVUS7Y87F8G1TEP28SD36.pcm

SwiftExplicitDependencyGeneratePcm arm64 /Users/shizihan/DailyUse/Github/InkMarkdown/.scratch/architecture-deepening-2026-09-07/evidence/20260907-1415-ticket-27/consumer/DerivedData-InkMarkdownMermaidConsumer/ModuleCache.noindex/CoreVideo-DUXXH2L8QFX7RJDMVG6J2AI2B.pcm

SwiftExplicitDependencyGeneratePcm arm64 /Users/shizihan/DailyUse/Github/InkMarkdown/.scratch/architecture-deepening-2026-09-07/evidence/20260907-1415-ticket-27/consumer/DerivedData-InkMarkdownMermaidConsumer/ModuleCache.noindex/QuartzCore-3F3CI9NZJ1U1FISOHMGH1NNS7.pcm

SwiftExplicitDependencyGeneratePcm arm64 /Users/shizihan/DailyUse/Github/InkMarkdown/.scratch/architecture-deepening-2026-09-07/evidence/20260907-1415-ticket-27/consumer/DerivedData-InkMarkdownMermaidConsumer/ModuleCache.noindex/CoreImage-387846NKBFLEAPJ0T82VUYLSG.pcm

SwiftExplicitDependencyGeneratePcm arm64 /Users/shizihan/DailyUse/Github/InkMarkdown/.scratch/architecture-deepening-2026-09-07/evidence/20260907-1415-ticket-27/consumer/DerivedData-InkMarkdownMermaidConsumer/ModuleCache.noindex/SwiftUICore-EYEH6T1W24B5YSKTZANKO552G.pcm

SwiftExplicitDependencyGeneratePcm arm64 /Users/shizihan/DailyUse/Github/InkMarkdown/.scratch/architecture-deepening-2026-09-07/evidence/20260907-1415-ticket-27/consumer/DerivedData-InkMarkdownMermaidConsumer/ModuleCache.noindex/UIKit-4C41MUI9A08IINQK9AGT179JL.pcm

SwiftExplicitDependencyGeneratePcm arm64 /Users/shizihan/DailyUse/Github/InkMarkdown/.scratch/architecture-deepening-2026-09-07/evidence/20260907-1415-ticket-27/consumer/DerivedData-InkMarkdownMermaidConsumer/ModuleCache.noindex/WebKit-ZQRHX06CTK4UT9AO2LKYPBRV.pcm

SwiftEmitModule normal arm64 Emitting\ module\ for\ InkMarkdownMermaidConsumer (in target 'InkMarkdownMermaidConsumer' from project 'InkMarkdownConsumerSmoke')

SwiftCompile normal arm64 /Users/shizihan/DailyUse/Github/InkMarkdown/.github/fixtures/consumer-smoke/Sources/InkMarkdownMermaidConsumer/MermaidConsumer.swift (in target 'InkMarkdownMermaidConsumer' from project 'InkMarkdownConsumerSmoke')
    cd /Users/shizihan/DailyUse/Github/InkMarkdown/.github/fixtures/consumer-smoke/.swiftpm/xcode
    

SwiftCompile normal arm64 Compiling\ MermaidConsumer.swift /Users/shizihan/DailyUse/Github/InkMarkdown/.github/fixtures/consumer-smoke/Sources/InkMarkdownMermaidConsumer/MermaidConsumer.swift (in target 'InkMarkdownMermaidConsumer' from project 'InkMarkdownConsumerSmoke')
SwiftCompile normal arm64 /Users/shizihan/DailyUse/Github/InkMarkdown/.github/fixtures/consumer-smoke/Sources/InkMarkdownMermaidConsumer/MermaidConsumer.swift (in target 'InkMarkdownMermaidConsumer' from project 'InkMarkdownConsumerSmoke')
    cd /Users/shizihan/DailyUse/Github/InkMarkdown/.github/fixtures/consumer-smoke/.swiftpm/xcode
    

SwiftDriverJobDiscovery normal arm64 Emitting module for InkMarkdownMermaidConsumer (in target 'InkMarkdownMermaidConsumer' from project 'InkMarkdownConsumerSmoke')

SwiftDriver\ Compilation\ Requirements InkMarkdownMermaidConsumer normal arm64 com.apple.xcode.tools.swift.compiler (in target 'InkMarkdownMermaidConsumer' from project 'InkMarkdownConsumerSmoke')
    cd /Users/shizihan/DailyUse/Github/InkMarkdown/.github/fixtures/consumer-smoke/.swiftpm/xcode
    builtin-Swift-Compilation-Requirements -- /Applications/Xcode.app/Contents/Developer/Toolchains/XcodeDefault.xctoolchain/usr/bin/swiftc -module-name InkMarkdownMermaidConsumer -Onone @/Users/shizihan/DailyUse/Github/InkMarkdown/.scratch/architecture-deepening-2026-09-07/evidence/20260907-1415-ticket-27/consumer/DerivedData-InkMarkdownMermaidConsumer/Build/Intermediates.noindex/InkMarkdownConsumerSmoke.build/Debug-iphonesimulator/InkMarkdownMermaidConsumer.build/Objects-normal/arm64/InkMarkdownMermaidConsumer.SwiftFileList -DSWIFT_PACKAGE -DDEBUG -DSWIFT_MODULE_RESOURCE_BUNDLE_UNAVAILABLE -DXcode -plugin-path /Applications/Xcode.app/Contents/Developer/Toolchains/XcodeDefault.xctoolchain/usr/lib/swift/host/plugins/testing -enable-experimental-feature DebugDescriptionMacro -sdk /Applications/Xcode.app/Contents/Developer/Platforms/iPhoneSimulator.platform/Developer/SDKs/iPhoneSimulator26.5.sdk -target arm64-apple-ios15.0-simulator -g -module-cache-path /Users/shizihan/DailyUse/Github/InkMarkdown/.scratch/architecture-deepening-2026-09-07/evidence/20260907-1415-ticket-27/consumer/DerivedData-InkMarkdownMermaidConsumer/ModuleCache.noindex -Xfrontend -serialize-debugging-options -enable-testing -index-store-path /Users/shizihan/DailyUse/Github/InkMarkdown/.scratch/architecture-deepening-2026-09-07/evidence/20260907-1415-ticket-27/consumer/DerivedData-InkMarkdownMermaidConsumer/Index.noindex/DataStore -Xcc -D_LIBCPP_HARDENING_MODE\=_LIBCPP_HARDENING_MODE_DEBUG -swift-version 6 -I /Users/shizihan/DailyUse/Github/InkMarkdown/.scratch/architecture-deepening-2026-09-07/evidence/20260907-1415-ticket-27/consumer/DerivedData-InkMarkdownMermaidConsumer/Build/Products/Debug-iphonesimulator -Isystem /Applications/Xcode.app/Contents/Developer/Platforms/iPhoneSimulator.platform/Developer/usr/lib -F /Users/shizihan/DailyUse/Github/InkMarkdown/.scratch/architecture-deepening-2026-09-07/evidence/20260907-1415-ticket-27/consumer/DerivedData-InkMarkdownMermaidConsumer/Build/Products/Debug-iphonesimulator/PackageFrameworks -F /Users/shizihan/DailyUse/Github/InkMarkdown/.scratch/architecture-deepening-2026-09-07/evidence/20260907-1415-ticket-27/consumer/DerivedData-InkMarkdownMermaidConsumer/Build/Products/Debug-iphonesimulator/PackageFrameworks -F /Users/shizihan/DailyUse/Github/InkMarkdown/.scratch/architecture-deepening-2026-09-07/evidence/20260907-1415-ticket-27/consumer/DerivedData-InkMarkdownMermaidConsumer/Build/Products/Debug-iphonesimulator/PackageFrameworks -F /Users/shizihan/DailyUse/Github/InkMarkdown/.scratch/architecture-deepening-2026-09-07/evidence/20260907-1415-ticket-27/consumer/DerivedData-InkMarkdownMermaidConsumer/Build/Products/Debug-iphonesimulator/PackageFrameworks -F /Users/shizihan/DailyUse/Github/InkMarkdown/.scratch/architecture-deepening-2026-09-07/evidence/20260907-1415-ticket-27/consumer/DerivedData-InkMarkdownMermaidConsumer/Build/Products/Debug-iphonesimulator/PackageFrameworks -F /Users/shizihan/DailyUse/Github/InkMarkdown/.scratch/architecture-deepening-2026-09-07/evidence/20260907-1415-ticket-27/consumer/DerivedData-InkMarkdownMermaidConsumer/Build/Products/Debug-iphonesimulator/PackageFrameworks -F /Users/shizihan/DailyUse/Github/InkMarkdown/.scratch/architecture-deepening-2026-09-07/evidence/20260907-1415-ticket-27/consumer/DerivedData-InkMarkdownMermaidConsumer/Build/Products/Debug-iphonesimulator -F /Applications/Xcode.app/Contents/Developer/Platforms/iPhoneSimulator.platform/Developer/Library/Frameworks -F /Applications/Xcode.app/Contents/Developer/Platforms/iPhoneSimulator.platform/Developer/SDKs/iPhoneSimulator26.5.sdk/Developer/Library/Frameworks -parse-as-library -c -j10 -enable-batch-mode -incremental -Xcc -ivfsstatcache -Xcc /Users/shizihan/DailyUse/Github/InkMarkdown/.scratch/architecture-deepening-2026-09-07/evidence/20260907-1415-ticket-27/consumer/DerivedData-InkMarkdownMermaidConsumer/SDKStatCaches.noindex/iphonesimulator26.5-23F81a-6cfe768891a92b912361537c460fe42b.sdkstatcache -output-file-map /Users/shizihan/DailyUse/Github/InkMarkdown/.scratch/architecture-deepening-2026-09-07/evidence/20260907-1415-ticket-27/consumer/DerivedData-InkMarkdownMermaidConsumer/Build/Intermediates.noindex/InkMarkdownConsumerSmoke.build/Debug-iphonesimulator/InkMarkdownMermaidConsumer.build/Objects-normal/arm64/InkMarkdownMermaidConsumer-OutputFileMap.json -use-frontend-parseable-output -save-temps -no-color-diagnostics -explicit-module-build -module-cache-path /Users/shizihan/DailyUse/Github/InkMarkdown/.scratch/architecture-deepening-2026-09-07/evidence/20260907-1415-ticket-27/consumer/DerivedData-InkMarkdownMermaidConsumer/Build/Intermediates.noindex/SwiftExplicitPrecompiledModules -clang-scanner-module-cache-path /Users/shizihan/DailyUse/Github/InkMarkdown/.scratch/architecture-deepening-2026-09-07/evidence/20260907-1415-ticket-27/consumer/DerivedData-InkMarkdownMermaidConsumer/ModuleCache.noindex -sdk-module-cache-path /Users/shizihan/DailyUse/Github/InkMarkdown/.scratch/architecture-deepening-2026-09-07/evidence/20260907-1415-ticket-27/consumer/DerivedData-InkMarkdownMermaidConsumer/ModuleCache.noindex -serialize-diagnostics -emit-dependencies -emit-module -emit-module-path /Users/shizihan/DailyUse/Github/InkMarkdown/.scratch/architecture-deepening-2026-09-07/evidence/20260907-1415-ticket-27/consumer/DerivedData-InkMarkdownMermaidConsumer/Build/Intermediates.noindex/InkMarkdownConsumerSmoke.build/Debug-iphonesimulator/InkMarkdownMermaidConsumer.build/Objects-normal/arm64/InkMarkdownMermaidConsumer.swiftmodule -validate-clang-modules-once -clang-build-session-file /Users/shizihan/DailyUse/Github/InkMarkdown/.scratch/architecture-deepening-2026-09-07/evidence/20260907-1415-ticket-27/consumer/DerivedData-InkMarkdownMermaidConsumer/ModuleCache.noindex/Session.modulevalidation -package-name consumer_smoke -Xcc -I/Users/shizihan/DailyUse/Github/InkMarkdown/.scratch/architecture-deepening-2026-09-07/evidence/20260907-1415-ticket-27/consumer/DerivedData-InkMarkdownMermaidConsumer/Build/Intermediates.noindex/InkMarkdownConsumerSmoke.build/Debug-iphonesimulator/InkMarkdownMermaidConsumer.build/swift-overrides.hmap -emit-const-values -Xfrontend -const-gather-protocols-file -Xfrontend /Users/shizihan/DailyUse/Github/InkMarkdown/.scratch/architecture-deepening-2026-09-07/evidence/20260907-1415-ticket-27/consumer/DerivedData-InkMarkdownMermaidConsumer/Build/Intermediates.noindex/InkMarkdownConsumerSmoke.build/Debug-iphonesimulator/InkMarkdownMermaidConsumer.build/Objects-normal/arm64/InkMarkdownMermaidConsumer_const_extract_protocols.json -Xcc -I/Users/shizihan/DailyUse/Github/InkMarkdown/Packages/Caches/swift-cmark/src/include -Xcc -I/Users/shizihan/DailyUse/Github/InkMarkdown/Packages/Caches/swift-cmark/extensions/include -Xcc -I/Users/shizihan/DailyUse/Github/InkMarkdown/Packages/Caches/swift-markdown/Sources/CAtomic/include -Xcc -I/Users/shizihan/DailyUse/Github/InkMarkdown/.scratch/architecture-deepening-2026-09-07/evidence/20260907-1415-ticket-27/consumer/DerivedData-InkMarkdownMermaidConsumer/Build/Products/Debug-iphonesimulator/include -Xcc -I/Users/shizihan/DailyUse/Github/InkMarkdown/.scratch/architecture-deepening-2026-09-07/evidence/20260907-1415-ticket-27/consumer/DerivedData-InkMarkdownMermaidConsumer/Build/Intermediates.noindex/InkMarkdownConsumerSmoke.build/Debug-iphonesimulator/InkMarkdownMermaidConsumer.build/DerivedSources-normal/arm64 -Xcc -I/Users/shizihan/DailyUse/Github/InkMarkdown/.scratch/architecture-deepening-2026-09-07/evidence/20260907-1415-ticket-27/consumer/DerivedData-InkMarkdownMermaidConsumer/Build/Intermediates.noindex/InkMarkdownConsumerSmoke.build/Debug-iphonesimulator/InkMarkdownMermaidConsumer.build/DerivedSources/arm64 -Xcc -I/Users/shizihan/DailyUse/Github/InkMarkdown/.scratch/architecture-deepening-2026-09-07/evidence/20260907-1415-ticket-27/consumer/DerivedData-InkMarkdownMermaidConsumer/Build/Intermediates.noindex/InkMarkdownConsumerSmoke.build/Debug-iphonesimulator/InkMarkdownMermaidConsumer.build/DerivedSources -Xcc -DSWIFT_PACKAGE -Xcc -DDEBUG\=1 -emit-objc-header -emit-objc-header-path /Users/shizihan/DailyUse/Github/InkMarkdown/.scratch/architecture-deepening-2026-09-07/evidence/20260907-1415-ticket-27/consumer/DerivedData-InkMarkdownMermaidConsumer/Build/Intermediates.noindex/InkMarkdownConsumerSmoke.build/Debug-iphonesimulator/InkMarkdownMermaidConsumer.build/Objects-normal/arm64/InkMarkdownMermaidConsumer-Swift.h -working-directory /Users/shizihan/DailyUse/Github/InkMarkdown/.github/fixtures/consumer-smoke/.swiftpm/xcode -experimental-emit-module-separately -disable-cmo

SwiftMergeGeneratedHeaders /Users/shizihan/DailyUse/Github/InkMarkdown/.scratch/architecture-deepening-2026-09-07/evidence/20260907-1415-ticket-27/consumer/DerivedData-InkMarkdownMermaidConsumer/Build/Intermediates.noindex/GeneratedModuleMaps-iphonesimulator/InkMarkdownMermaidConsumer-Swift.h /Users/shizihan/DailyUse/Github/InkMarkdown/.scratch/architecture-deepening-2026-09-07/evidence/20260907-1415-ticket-27/consumer/DerivedData-InkMarkdownMermaidConsumer/Build/Intermediates.noindex/InkMarkdownConsumerSmoke.build/Debug-iphonesimulator/InkMarkdownMermaidConsumer.build/Objects-normal/arm64/InkMarkdownMermaidConsumer-Swift.h (in target 'InkMarkdownMermaidConsumer' from project 'InkMarkdownConsumerSmoke')
    cd /Users/shizihan/DailyUse/Github/InkMarkdown/.github/fixtures/consumer-smoke
    builtin-swiftHeaderTool -arch arm64 /Users/shizihan/DailyUse/Github/InkMarkdown/.scratch/architecture-deepening-2026-09-07/evidence/20260907-1415-ticket-27/consumer/DerivedData-InkMarkdownMermaidConsumer/Build/Intermediates.noindex/InkMarkdownConsumerSmoke.build/Debug-iphonesimulator/InkMarkdownMermaidConsumer.build/Objects-normal/arm64/InkMarkdownMermaidConsumer-Swift.h -o /Users/shizihan/DailyUse/Github/InkMarkdown/.scratch/architecture-deepening-2026-09-07/evidence/20260907-1415-ticket-27/consumer/DerivedData-InkMarkdownMermaidConsumer/Build/Intermediates.noindex/GeneratedModuleMaps-iphonesimulator/InkMarkdownMermaidConsumer-Swift.h

Copy /Users/shizihan/DailyUse/Github/InkMarkdown/.scratch/architecture-deepening-2026-09-07/evidence/20260907-1415-ticket-27/consumer/DerivedData-InkMarkdownMermaidConsumer/Build/Products/Debug-iphonesimulator/InkMarkdownMermaidConsumer.swiftmodule/arm64-apple-ios-simulator.abi.json /Users/shizihan/DailyUse/Github/InkMarkdown/.scratch/architecture-deepening-2026-09-07/evidence/20260907-1415-ticket-27/consumer/DerivedData-InkMarkdownMermaidConsumer/Build/Intermediates.noindex/InkMarkdownConsumerSmoke.build/Debug-iphonesimulator/InkMarkdownMermaidConsumer.build/Objects-normal/arm64/InkMarkdownMermaidConsumer.abi.json (in target 'InkMarkdownMermaidConsumer' from project 'InkMarkdownConsumerSmoke')
    cd /Users/shizihan/DailyUse/Github/InkMarkdown/.github/fixtures/consumer-smoke
    builtin-copy -exclude .DS_Store -exclude CVS -exclude .svn -exclude .git -exclude .hg -resolve-src-symlinks -rename /Users/shizihan/DailyUse/Github/InkMarkdown/.scratch/architecture-deepening-2026-09-07/evidence/20260907-1415-ticket-27/consumer/DerivedData-InkMarkdownMermaidConsumer/Build/Intermediates.noindex/InkMarkdownConsumerSmoke.build/Debug-iphonesimulator/InkMarkdownMermaidConsumer.build/Objects-normal/arm64/InkMarkdownMermaidConsumer.abi.json /Users/shizihan/DailyUse/Github/InkMarkdown/.scratch/architecture-deepening-2026-09-07/evidence/20260907-1415-ticket-27/consumer/DerivedData-InkMarkdownMermaidConsumer/Build/Products/Debug-iphonesimulator/InkMarkdownMermaidConsumer.swiftmodule/arm64-apple-ios-simulator.abi.json

Copy /Users/shizihan/DailyUse/Github/InkMarkdown/.scratch/architecture-deepening-2026-09-07/evidence/20260907-1415-ticket-27/consumer/DerivedData-InkMarkdownMermaidConsumer/Build/Products/Debug-iphonesimulator/InkMarkdownMermaidConsumer.swiftmodule/arm64-apple-ios-simulator.swiftdoc /Users/shizihan/DailyUse/Github/InkMarkdown/.scratch/architecture-deepening-2026-09-07/evidence/20260907-1415-ticket-27/consumer/DerivedData-InkMarkdownMermaidConsumer/Build/Intermediates.noindex/InkMarkdownConsumerSmoke.build/Debug-iphonesimulator/InkMarkdownMermaidConsumer.build/Objects-normal/arm64/InkMarkdownMermaidConsumer.swiftdoc (in target 'InkMarkdownMermaidConsumer' from project 'InkMarkdownConsumerSmoke')
    cd /Users/shizihan/DailyUse/Github/InkMarkdown/.github/fixtures/consumer-smoke
    builtin-copy -exclude .DS_Store -exclude CVS -exclude .svn -exclude .git -exclude .hg -resolve-src-symlinks -rename /Users/shizihan/DailyUse/Github/InkMarkdown/.scratch/architecture-deepening-2026-09-07/evidence/20260907-1415-ticket-27/consumer/DerivedData-InkMarkdownMermaidConsumer/Build/Intermediates.noindex/InkMarkdownConsumerSmoke.build/Debug-iphonesimulator/InkMarkdownMermaidConsumer.build/Objects-normal/arm64/InkMarkdownMermaidConsumer.swiftdoc /Users/shizihan/DailyUse/Github/InkMarkdown/.scratch/architecture-deepening-2026-09-07/evidence/20260907-1415-ticket-27/consumer/DerivedData-InkMarkdownMermaidConsumer/Build/Products/Debug-iphonesimulator/InkMarkdownMermaidConsumer.swiftmodule/arm64-apple-ios-simulator.swiftdoc

Copy /Users/shizihan/DailyUse/Github/InkMarkdown/.scratch/architecture-deepening-2026-09-07/evidence/20260907-1415-ticket-27/consumer/DerivedData-InkMarkdownMermaidConsumer/Build/Products/Debug-iphonesimulator/InkMarkdownMermaidConsumer.swiftmodule/arm64-apple-ios-simulator.swiftmodule /Users/shizihan/DailyUse/Github/InkMarkdown/.scratch/architecture-deepening-2026-09-07/evidence/20260907-1415-ticket-27/consumer/DerivedData-InkMarkdownMermaidConsumer/Build/Intermediates.noindex/InkMarkdownConsumerSmoke.build/Debug-iphonesimulator/InkMarkdownMermaidConsumer.build/Objects-normal/arm64/InkMarkdownMermaidConsumer.swiftmodule (in target 'InkMarkdownMermaidConsumer' from project 'InkMarkdownConsumerSmoke')
    cd /Users/shizihan/DailyUse/Github/InkMarkdown/.github/fixtures/consumer-smoke
    builtin-copy -exclude .DS_Store -exclude CVS -exclude .svn -exclude .git -exclude .hg -resolve-src-symlinks -rename /Users/shizihan/DailyUse/Github/InkMarkdown/.scratch/architecture-deepening-2026-09-07/evidence/20260907-1415-ticket-27/consumer/DerivedData-InkMarkdownMermaidConsumer/Build/Intermediates.noindex/InkMarkdownConsumerSmoke.build/Debug-iphonesimulator/InkMarkdownMermaidConsumer.build/Objects-normal/arm64/InkMarkdownMermaidConsumer.swiftmodule /Users/shizihan/DailyUse/Github/InkMarkdown/.scratch/architecture-deepening-2026-09-07/evidence/20260907-1415-ticket-27/consumer/DerivedData-InkMarkdownMermaidConsumer/Build/Products/Debug-iphonesimulator/InkMarkdownMermaidConsumer.swiftmodule/arm64-apple-ios-simulator.swiftmodule

Copy /Users/shizihan/DailyUse/Github/InkMarkdown/.scratch/architecture-deepening-2026-09-07/evidence/20260907-1415-ticket-27/consumer/DerivedData-InkMarkdownMermaidConsumer/Build/Products/Debug-iphonesimulator/InkMarkdownMermaidConsumer.swiftmodule/Project/arm64-apple-ios-simulator.swiftsourceinfo /Users/shizihan/DailyUse/Github/InkMarkdown/.scratch/architecture-deepening-2026-09-07/evidence/20260907-1415-ticket-27/consumer/DerivedData-InkMarkdownMermaidConsumer/Build/Intermediates.noindex/InkMarkdownConsumerSmoke.build/Debug-iphonesimulator/InkMarkdownMermaidConsumer.build/Objects-normal/arm64/InkMarkdownMermaidConsumer.swiftsourceinfo (in target 'InkMarkdownMermaidConsumer' from project 'InkMarkdownConsumerSmoke')
    cd /Users/shizihan/DailyUse/Github/InkMarkdown/.github/fixtures/consumer-smoke
    builtin-copy -exclude .DS_Store -exclude CVS -exclude .svn -exclude .git -exclude .hg -resolve-src-symlinks -rename /Users/shizihan/DailyUse/Github/InkMarkdown/.scratch/architecture-deepening-2026-09-07/evidence/20260907-1415-ticket-27/consumer/DerivedData-InkMarkdownMermaidConsumer/Build/Intermediates.noindex/InkMarkdownConsumerSmoke.build/Debug-iphonesimulator/InkMarkdownMermaidConsumer.build/Objects-normal/arm64/InkMarkdownMermaidConsumer.swiftsourceinfo /Users/shizihan/DailyUse/Github/InkMarkdown/.scratch/architecture-deepening-2026-09-07/evidence/20260907-1415-ticket-27/consumer/DerivedData-InkMarkdownMermaidConsumer/Build/Products/Debug-iphonesimulator/InkMarkdownMermaidConsumer.swiftmodule/Project/arm64-apple-ios-simulator.swiftsourceinfo

SwiftDriverJobDiscovery normal arm64 Compiling MermaidConsumer.swift (in target 'InkMarkdownMermaidConsumer' from project 'InkMarkdownConsumerSmoke')

SwiftDriver\ Compilation InkMarkdownMermaidConsumer normal arm64 com.apple.xcode.tools.swift.compiler (in target 'InkMarkdownMermaidConsumer' from project 'InkMarkdownConsumerSmoke')
    cd /Users/shizihan/DailyUse/Github/InkMarkdown/.github/fixtures/consumer-smoke/.swiftpm/xcode
    builtin-Swift-Compilation -- /Applications/Xcode.app/Contents/Developer/Toolchains/XcodeDefault.xctoolchain/usr/bin/swiftc -module-name InkMarkdownMermaidConsumer -Onone @/Users/shizihan/DailyUse/Github/InkMarkdown/.scratch/architecture-deepening-2026-09-07/evidence/20260907-1415-ticket-27/consumer/DerivedData-InkMarkdownMermaidConsumer/Build/Intermediates.noindex/InkMarkdownConsumerSmoke.build/Debug-iphonesimulator/InkMarkdownMermaidConsumer.build/Objects-normal/arm64/InkMarkdownMermaidConsumer.SwiftFileList -DSWIFT_PACKAGE -DDEBUG -DSWIFT_MODULE_RESOURCE_BUNDLE_UNAVAILABLE -DXcode -plugin-path /Applications/Xcode.app/Contents/Developer/Toolchains/XcodeDefault.xctoolchain/usr/lib/swift/host/plugins/testing -enable-experimental-feature DebugDescriptionMacro -sdk /Applications/Xcode.app/Contents/Developer/Platforms/iPhoneSimulator.platform/Developer/SDKs/iPhoneSimulator26.5.sdk -target arm64-apple-ios15.0-simulator -g -module-cache-path /Users/shizihan/DailyUse/Github/InkMarkdown/.scratch/architecture-deepening-2026-09-07/evidence/20260907-1415-ticket-27/consumer/DerivedData-InkMarkdownMermaidConsumer/ModuleCache.noindex -Xfrontend -serialize-debugging-options -enable-testing -index-store-path /Users/shizihan/DailyUse/Github/InkMarkdown/.scratch/architecture-deepening-2026-09-07/evidence/20260907-1415-ticket-27/consumer/DerivedData-InkMarkdownMermaidConsumer/Index.noindex/DataStore -Xcc -D_LIBCPP_HARDENING_MODE\=_LIBCPP_HARDENING_MODE_DEBUG -swift-version 6 -I /Users/shizihan/DailyUse/Github/InkMarkdown/.scratch/architecture-deepening-2026-09-07/evidence/20260907-1415-ticket-27/consumer/DerivedData-InkMarkdownMermaidConsumer/Build/Products/Debug-iphonesimulator -Isystem /Applications/Xcode.app/Contents/Developer/Platforms/iPhoneSimulator.platform/Developer/usr/lib -F /Users/shizihan/DailyUse/Github/InkMarkdown/.scratch/architecture-deepening-2026-09-07/evidence/20260907-1415-ticket-27/consumer/DerivedData-InkMarkdownMermaidConsumer/Build/Products/Debug-iphonesimulator/PackageFrameworks -F /Users/shizihan/DailyUse/Github/InkMarkdown/.scratch/architecture-deepening-2026-09-07/evidence/20260907-1415-ticket-27/consumer/DerivedData-InkMarkdownMermaidConsumer/Build/Products/Debug-iphonesimulator/PackageFrameworks -F /Users/shizihan/DailyUse/Github/InkMarkdown/.scratch/architecture-deepening-2026-09-07/evidence/20260907-1415-ticket-27/consumer/DerivedData-InkMarkdownMermaidConsumer/Build/Products/Debug-iphonesimulator/PackageFrameworks -F /Users/shizihan/DailyUse/Github/InkMarkdown/.scratch/architecture-deepening-2026-09-07/evidence/20260907-1415-ticket-27/consumer/DerivedData-InkMarkdownMermaidConsumer/Build/Products/Debug-iphonesimulator/PackageFrameworks -F /Users/shizihan/DailyUse/Github/InkMarkdown/.scratch/architecture-deepening-2026-09-07/evidence/20260907-1415-ticket-27/consumer/DerivedData-InkMarkdownMermaidConsumer/Build/Products/Debug-iphonesimulator/PackageFrameworks -F /Users/shizihan/DailyUse/Github/InkMarkdown/.scratch/architecture-deepening-2026-09-07/evidence/20260907-1415-ticket-27/consumer/DerivedData-InkMarkdownMermaidConsumer/Build/Products/Debug-iphonesimulator/PackageFrameworks -F /Users/shizihan/DailyUse/Github/InkMarkdown/.scratch/architecture-deepening-2026-09-07/evidence/20260907-1415-ticket-27/consumer/DerivedData-InkMarkdownMermaidConsumer/Build/Products/Debug-iphonesimulator -F /Applications/Xcode.app/Contents/Developer/Platforms/iPhoneSimulator.platform/Developer/Library/Frameworks -F /Applications/Xcode.app/Contents/Developer/Platforms/iPhoneSimulator.platform/Developer/SDKs/iPhoneSimulator26.5.sdk/Developer/Library/Frameworks -parse-as-library -c -j10 -enable-batch-mode -incremental -Xcc -ivfsstatcache -Xcc /Users/shizihan/DailyUse/Github/InkMarkdown/.scratch/architecture-deepening-2026-09-07/evidence/20260907-1415-ticket-27/consumer/DerivedData-InkMarkdownMermaidConsumer/SDKStatCaches.noindex/iphonesimulator26.5-23F81a-6cfe768891a92b912361537c460fe42b.sdkstatcache -output-file-map /Users/shizihan/DailyUse/Github/InkMarkdown/.scratch/architecture-deepening-2026-09-07/evidence/20260907-1415-ticket-27/consumer/DerivedData-InkMarkdownMermaidConsumer/Build/Intermediates.noindex/InkMarkdownConsumerSmoke.build/Debug-iphonesimulator/InkMarkdownMermaidConsumer.build/Objects-normal/arm64/InkMarkdownMermaidConsumer-OutputFileMap.json -use-frontend-parseable-output -save-temps -no-color-diagnostics -explicit-module-build -module-cache-path /Users/shizihan/DailyUse/Github/InkMarkdown/.scratch/architecture-deepening-2026-09-07/evidence/20260907-1415-ticket-27/consumer/DerivedData-InkMarkdownMermaidConsumer/Build/Intermediates.noindex/SwiftExplicitPrecompiledModules -clang-scanner-module-cache-path /Users/shizihan/DailyUse/Github/InkMarkdown/.scratch/architecture-deepening-2026-09-07/evidence/20260907-1415-ticket-27/consumer/DerivedData-InkMarkdownMermaidConsumer/ModuleCache.noindex -sdk-module-cache-path /Users/shizihan/DailyUse/Github/InkMarkdown/.scratch/architecture-deepening-2026-09-07/evidence/20260907-1415-ticket-27/consumer/DerivedData-InkMarkdownMermaidConsumer/ModuleCache.noindex -serialize-diagnostics -emit-dependencies -emit-module -emit-module-path /Users/shizihan/DailyUse/Github/InkMarkdown/.scratch/architecture-deepening-2026-09-07/evidence/20260907-1415-ticket-27/consumer/DerivedData-InkMarkdownMermaidConsumer/Build/Intermediates.noindex/InkMarkdownConsumerSmoke.build/Debug-iphonesimulator/InkMarkdownMermaidConsumer.build/Objects-normal/arm64/InkMarkdownMermaidConsumer.swiftmodule -validate-clang-modules-once -clang-build-session-file /Users/shizihan/DailyUse/Github/InkMarkdown/.scratch/architecture-deepening-2026-09-07/evidence/20260907-1415-ticket-27/consumer/DerivedData-InkMarkdownMermaidConsumer/ModuleCache.noindex/Session.modulevalidation -package-name consumer_smoke -Xcc -I/Users/shizihan/DailyUse/Github/InkMarkdown/.scratch/architecture-deepening-2026-09-07/evidence/20260907-1415-ticket-27/consumer/DerivedData-InkMarkdownMermaidConsumer/Build/Intermediates.noindex/InkMarkdownConsumerSmoke.build/Debug-iphonesimulator/InkMarkdownMermaidConsumer.build/swift-overrides.hmap -emit-const-values -Xfrontend -const-gather-protocols-file -Xfrontend /Users/shizihan/DailyUse/Github/InkMarkdown/.scratch/architecture-deepening-2026-09-07/evidence/20260907-1415-ticket-27/consumer/DerivedData-InkMarkdownMermaidConsumer/Build/Intermediates.noindex/InkMarkdownConsumerSmoke.build/Debug-iphonesimulator/InkMarkdownMermaidConsumer.build/Objects-normal/arm64/InkMarkdownMermaidConsumer_const_extract_protocols.json -Xcc -I/Users/shizihan/DailyUse/Github/InkMarkdown/Packages/Caches/swift-cmark/src/include -Xcc -I/Users/shizihan/DailyUse/Github/InkMarkdown/Packages/Caches/swift-cmark/extensions/include -Xcc -I/Users/shizihan/DailyUse/Github/InkMarkdown/Packages/Caches/swift-markdown/Sources/CAtomic/include -Xcc -I/Users/shizihan/DailyUse/Github/InkMarkdown/.scratch/architecture-deepening-2026-09-07/evidence/20260907-1415-ticket-27/consumer/DerivedData-InkMarkdownMermaidConsumer/Build/Products/Debug-iphonesimulator/include -Xcc -I/Users/shizihan/DailyUse/Github/InkMarkdown/.scratch/architecture-deepening-2026-09-07/evidence/20260907-1415-ticket-27/consumer/DerivedData-InkMarkdownMermaidConsumer/Build/Intermediates.noindex/InkMarkdownConsumerSmoke.build/Debug-iphonesimulator/InkMarkdownMermaidConsumer.build/DerivedSources-normal/arm64 -Xcc -I/Users/shizihan/DailyUse/Github/InkMarkdown/.scratch/architecture-deepening-2026-09-07/evidence/20260907-1415-ticket-27/consumer/DerivedData-InkMarkdownMermaidConsumer/Build/Intermediates.noindex/InkMarkdownConsumerSmoke.build/Debug-iphonesimulator/InkMarkdownMermaidConsumer.build/DerivedSources/arm64 -Xcc -I/Users/shizihan/DailyUse/Github/InkMarkdown/.scratch/architecture-deepening-2026-09-07/evidence/20260907-1415-ticket-27/consumer/DerivedData-InkMarkdownMermaidConsumer/Build/Intermediates.noindex/InkMarkdownConsumerSmoke.build/Debug-iphonesimulator/InkMarkdownMermaidConsumer.build/DerivedSources -Xcc -DSWIFT_PACKAGE -Xcc -DDEBUG\=1 -emit-objc-header -emit-objc-header-path /Users/shizihan/DailyUse/Github/InkMarkdown/.scratch/architecture-deepening-2026-09-07/evidence/20260907-1415-ticket-27/consumer/DerivedData-InkMarkdownMermaidConsumer/Build/Intermediates.noindex/InkMarkdownConsumerSmoke.build/Debug-iphonesimulator/InkMarkdownMermaidConsumer.build/Objects-normal/arm64/InkMarkdownMermaidConsumer-Swift.h -working-directory /Users/shizihan/DailyUse/Github/InkMarkdown/.github/fixtures/consumer-smoke/.swiftpm/xcode -experimental-emit-module-separately -disable-cmo

Ld /Users/shizihan/DailyUse/Github/InkMarkdown/.scratch/architecture-deepening-2026-09-07/evidence/20260907-1415-ticket-27/consumer/DerivedData-InkMarkdownMermaidConsumer/Build/Products/Debug-iphonesimulator/InkMarkdownMermaidConsumer.o normal (in target 'InkMarkdownMermaidConsumer' from project 'InkMarkdownConsumerSmoke')
    cd /Users/shizihan/DailyUse/Github/InkMarkdown/.github/fixtures/consumer-smoke
    /Applications/Xcode.app/Contents/Developer/Toolchains/XcodeDefault.xctoolchain/usr/bin/clang -Xlinker -reproducible -target arm64-apple-ios15.0-simulator -r -isysroot /Applications/Xcode.app/Contents/Developer/Platforms/iPhoneSimulator.platform/Developer/SDKs/iPhoneSimulator26.5.sdk -O0 -F/Users/shizihan/DailyUse/Github/InkMarkdown/.scratch/architecture-deepening-2026-09-07/evidence/20260907-1415-ticket-27/consumer/DerivedData-InkMarkdownMermaidConsumer/Build/Intermediates.noindex/EagerLinkingTBDs/Debug-iphonesimulator -F/Users/shizihan/DailyUse/Github/InkMarkdown/.scratch/architecture-deepening-2026-09-07/evidence/20260907-1415-ticket-27/consumer/DerivedData-InkMarkdownMermaidConsumer/Build/Products/Debug-iphonesimulator/PackageFrameworks -F/Users/shizihan/DailyUse/Github/InkMarkdown/.scratch/architecture-deepening-2026-09-07/evidence/20260907-1415-ticket-27/consumer/DerivedData-InkMarkdownMermaidConsumer/Build/Products/Debug-iphonesimulator/PackageFrameworks -F/Users/shizihan/DailyUse/Github/InkMarkdown/.scratch/architecture-deepening-2026-09-07/evidence/20260907-1415-ticket-27/consumer/DerivedData-InkMarkdownMermaidConsumer/Build/Products/Debug-iphonesimulator/PackageFrameworks -F/Users/shizihan/DailyUse/Github/InkMarkdown/.scratch/architecture-deepening-2026-09-07/evidence/20260907-1415-ticket-27/consumer/DerivedData-InkMarkdownMermaidConsumer/Build/Products/Debug-iphonesimulator/PackageFrameworks -F/Users/shizihan/DailyUse/Github/InkMarkdown/.scratch/architecture-deepening-2026-09-07/evidence/20260907-1415-ticket-27/consumer/DerivedData-InkMarkdownMermaidConsumer/Build/Products/Debug-iphonesimulator/PackageFrameworks -F/Users/shizihan/DailyUse/Github/InkMarkdown/.scratch/architecture-deepening-2026-09-07/evidence/20260907-1415-ticket-27/consumer/DerivedData-InkMarkdownMermaidConsumer/Build/Products/Debug-iphonesimulator/PackageFrameworks -F/Users/shizihan/DailyUse/Github/InkMarkdown/.scratch/architecture-deepening-2026-09-07/evidence/20260907-1415-ticket-27/consumer/DerivedData-InkMarkdownMermaidConsumer/Build/Products/Debug-iphonesimulator -iframework /Applications/Xcode.app/Contents/Developer/Platforms/iPhoneSimulator.platform/Developer/Library/Frameworks -iframework /Applications/Xcode.app/Contents/Developer/Platforms/iPhoneSimulator.platform/Developer/SDKs/iPhoneSimulator26.5.sdk/Developer/Library/Frameworks -filelist /Users/shizihan/DailyUse/Github/InkMarkdown/.scratch/architecture-deepening-2026-09-07/evidence/20260907-1415-ticket-27/consumer/DerivedData-InkMarkdownMermaidConsumer/Build/Intermediates.noindex/InkMarkdownConsumerSmoke.build/Debug-iphonesimulator/InkMarkdownMermaidConsumer.build/Objects-normal/arm64/InkMarkdownMermaidConsumer.LinkFileList -nostdlib -Xlinker -object_path_lto -Xlinker /Users/shizihan/DailyUse/Github/InkMarkdown/.scratch/architecture-deepening-2026-09-07/evidence/20260907-1415-ticket-27/consumer/DerivedData-InkMarkdownMermaidConsumer/Build/Intermediates.noindex/InkMarkdownConsumerSmoke.build/Debug-iphonesimulator/InkMarkdownMermaidConsumer.build/Objects-normal/arm64/InkMarkdownMermaidConsumer_lto.o -Xlinker -no_deduplicate -Xlinker -objc_abi_version -Xlinker 2 -Xlinker -dependency_info -Xlinker /Users/shizihan/DailyUse/Github/InkMarkdown/.scratch/architecture-deepening-2026-09-07/evidence/20260907-1415-ticket-27/consumer/DerivedData-InkMarkdownMermaidConsumer/Build/Intermediates.noindex/InkMarkdownConsumerSmoke.build/Debug-iphonesimulator/InkMarkdownMermaidConsumer.build/Objects-normal/arm64/InkMarkdownMermaidConsumer_dependency_info.dat -fobjc-link-runtime -L/Applications/Xcode.app/Contents/Developer/Toolchains/XcodeDefault.xctoolchain/usr/lib/swift/iphonesimulator -L/usr/lib/swift -Xlinker -add_ast_path -Xlinker /Users/shizihan/DailyUse/Github/InkMarkdown/.scratch/architecture-deepening-2026-09-07/evidence/20260907-1415-ticket-27/consumer/DerivedData-InkMarkdownMermaidConsumer/Build/Intermediates.noindex/InkMarkdownConsumerSmoke.build/Debug-iphonesimulator/InkMarkdownMermaidConsumer.build/Objects-normal/arm64/InkMarkdownMermaidConsumer.swiftmodule @/Users/shizihan/DailyUse/Github/InkMarkdown/.scratch/architecture-deepening-2026-09-07/evidence/20260907-1415-ticket-27/consumer/DerivedData-InkMarkdownMermaidConsumer/Build/Intermediates.noindex/InkMarkdownConsumerSmoke.build/Debug-iphonesimulator/InkMarkdownMermaidConsumer.build/Objects-normal/arm64/InkMarkdownMermaidConsumer-linker-args.resp -o /Users/shizihan/DailyUse/Github/InkMarkdown/.scratch/architecture-deepening-2026-09-07/evidence/20260907-1415-ticket-27/consumer/DerivedData-InkMarkdownMermaidConsumer/Build/Products/Debug-iphonesimulator/InkMarkdownMermaidConsumer.o

ExtractAppIntentsMetadata (in target 'InkMarkdownMermaidConsumer' from project 'InkMarkdownConsumerSmoke')
    cd /Users/shizihan/DailyUse/Github/InkMarkdown/.github/fixtures/consumer-smoke
    /Applications/Xcode.app/Contents/Developer/Toolchains/XcodeDefault.xctoolchain/usr/bin/appintentsmetadataprocessor --toolchain-dir /Applications/Xcode.app/Contents/Developer/Toolchains/XcodeDefault.xctoolchain --module-name InkMarkdownMermaidConsumer --sdk-root /Applications/Xcode.app/Contents/Developer/Platforms/iPhoneSimulator.platform/Developer/SDKs/iPhoneSimulator26.5.sdk --xcode-version 17F113 --platform-family iOS --deployment-target 15.0 --bundle-identifier consumer-smoke.InkMarkdownMermaidConsumer --output /Users/shizihan/DailyUse/Github/InkMarkdown/.scratch/architecture-deepening-2026-09-07/evidence/20260907-1415-ticket-27/consumer/DerivedData-InkMarkdownMermaidConsumer/Build/Products/Debug-iphonesimulator/InkMarkdownMermaidConsumer.appintents --target-triple arm64-apple-ios15.0-simulator --binary-file /Users/shizihan/DailyUse/Github/InkMarkdown/.scratch/architecture-deepening-2026-09-07/evidence/20260907-1415-ticket-27/consumer/DerivedData-InkMarkdownMermaidConsumer/Build/Products/Debug-iphonesimulator/InkMarkdownMermaidConsumer.o --dependency-file /Users/shizihan/DailyUse/Github/InkMarkdown/.scratch/architecture-deepening-2026-09-07/evidence/20260907-1415-ticket-27/consumer/DerivedData-InkMarkdownMermaidConsumer/Build/Intermediates.noindex/InkMarkdownConsumerSmoke.build/Debug-iphonesimulator/InkMarkdownMermaidConsumer.build/Objects-normal/arm64/InkMarkdownMermaidConsumer_dependency_info.dat --stringsdata-file /Users/shizihan/DailyUse/Github/InkMarkdown/.scratch/architecture-deepening-2026-09-07/evidence/20260907-1415-ticket-27/consumer/DerivedData-InkMarkdownMermaidConsumer/Build/Intermediates.noindex/InkMarkdownConsumerSmoke.build/Debug-iphonesimulator/InkMarkdownMermaidConsumer.build/Objects-normal/arm64/ExtractedAppShortcutsMetadata.stringsdata --source-file-list /Users/shizihan/DailyUse/Github/InkMarkdown/.scratch/architecture-deepening-2026-09-07/evidence/20260907-1415-ticket-27/consumer/DerivedData-InkMarkdownMermaidConsumer/Build/Intermediates.noindex/InkMarkdownConsumerSmoke.build/Debug-iphonesimulator/InkMarkdownMermaidConsumer.build/Objects-normal/arm64/InkMarkdownMermaidConsumer.SwiftFileList --metadata-file-list /Users/shizihan/DailyUse/Github/InkMarkdown/.scratch/architecture-deepening-2026-09-07/evidence/20260907-1415-ticket-27/consumer/DerivedData-InkMarkdownMermaidConsumer/Build/Intermediates.noindex/InkMarkdownConsumerSmoke.build/Debug-iphonesimulator/InkMarkdownMermaidConsumer.build/InkMarkdownMermaidConsumer.DependencyMetadataFileList --static-metadata-file-list /Users/shizihan/DailyUse/Github/InkMarkdown/.scratch/architecture-deepening-2026-09-07/evidence/20260907-1415-ticket-27/consumer/DerivedData-InkMarkdownMermaidConsumer/Build/Intermediates.noindex/InkMarkdownConsumerSmoke.build/Debug-iphonesimulator/InkMarkdownMermaidConsumer.build/InkMarkdownMermaidConsumer.DependencyStaticMetadataFileList --swift-const-vals-list /Users/shizihan/DailyUse/Github/InkMarkdown/.scratch/architecture-deepening-2026-09-07/evidence/20260907-1415-ticket-27/consumer/DerivedData-InkMarkdownMermaidConsumer/Build/Intermediates.noindex/InkMarkdownConsumerSmoke.build/Debug-iphonesimulator/InkMarkdownMermaidConsumer.build/Objects-normal/arm64/InkMarkdownMermaidConsumer.SwiftConstValuesFileList --force --compile-time-extraction --deployment-aware-processing --validate-assistant-intents --no-app-shortcuts-localization
2026-09-07 14:41:25.315 appintentsmetadataprocessor[89247:6073677] Starting appintentsmetadataprocessor export
2026-09-07 14:41:25.323 appintentsmetadataprocessor[89247:6073677] Extracted no relevant App Intents symbols, skipping writing output

RegisterExecutionPolicyException /Users/shizihan/DailyUse/Github/InkMarkdown/.scratch/architecture-deepening-2026-09-07/evidence/20260907-1415-ticket-27/consumer/DerivedData-InkMarkdownMermaidConsumer/Build/Products/Debug-iphonesimulator/InkMarkdownMermaidConsumer.o (in target 'InkMarkdownMermaidConsumer' from project 'InkMarkdownConsumerSmoke')
    cd /Users/shizihan/DailyUse/Github/InkMarkdown/.github/fixtures/consumer-smoke
    builtin-RegisterExecutionPolicyException /Users/shizihan/DailyUse/Github/InkMarkdown/.scratch/architecture-deepening-2026-09-07/evidence/20260907-1415-ticket-27/consumer/DerivedData-InkMarkdownMermaidConsumer/Build/Products/Debug-iphonesimulator/InkMarkdownMermaidConsumer.o

** BUILD SUCCEEDED **

