Command line invocation:
    /Applications/Xcode.app/Contents/Developer/usr/bin/xcodebuild build -scheme InkMarkdownSwiftUIConsumer -destination "platform=iOS Simulator,id=10F638E2-84FB-42AE-9BAE-0E246F463E8D" -derivedDataPath /Users/shizihan/DailyUse/Github/InkMarkdown/.scratch/architecture-deepening-2026-09-07/evidence/20260907-1415-ticket-27/consumer/DerivedData-InkMarkdownSwiftUIConsumer

Resolve Package Graph
2026-09-07 14:40:35.579 xcodebuild[87033:6067058] [MT] IDERunDestination: Supported platforms for the buildables in the current scheme is empty.


Resolved source packages:
  iosMath: /Users/shizihan/DailyUse/Github/InkMarkdown/Packages/Caches/iosMath @ local
  cmark-gfm: /Users/shizihan/DailyUse/Github/InkMarkdown/Packages/Caches/swift-cmark @ local
  InkMarkdown: /Users/shizihan/DailyUse/Github/InkMarkdown @ local
  InkMarkdownConsumerSmoke: /Users/shizihan/DailyUse/Github/InkMarkdown/.github/fixtures/consumer-smoke
  swift-markdown: /Users/shizihan/DailyUse/Github/InkMarkdown/Packages/Caches/swift-markdown @ local

--- xcodebuild: WARNING: Using the first of multiple matching destinations:
{ platform:iOS Simulator, arch:arm64, id:10F638E2-84FB-42AE-9BAE-0E246F463E8D, OS:26.5, name:iPhone 17 Pro }
{ platform:iOS Simulator, arch:x86_64, id:10F638E2-84FB-42AE-9BAE-0E246F463E8D, OS:26.5, name:iPhone 17 Pro }
ComputePackagePrebuildTargetDependencyGraph

Prepare packages

CreateBuildRequest

SendProjectDescription

CreateBuildOperation

ComputeTargetDependencyGraph
note: Building targets in dependency order
note: Target dependency graph (12 targets)
    Target 'InkMarkdownSwiftUIConsumer' in project 'InkMarkdownConsumerSmoke'
        ➜ Explicit dependency on target 'InkMarkdownSwiftUIConsumer' in project 'InkMarkdownConsumerSmoke'
        ➜ Explicit dependency on target 'InkMarkdownSwiftUI' in project 'InkMarkdown'
    Target 'InkMarkdownSwiftUIConsumer' in project 'InkMarkdownConsumerSmoke'
        ➜ Explicit dependency on target 'InkMarkdownSwiftUI' in project 'InkMarkdown'
    Target 'InkMarkdownSwiftUI' in project 'InkMarkdown'
        ➜ Explicit dependency on target 'InkMarkdownSwiftUI' in project 'InkMarkdown'
        ➜ Explicit dependency on target 'InkMarkdown' in project 'InkMarkdown'
        ➜ Explicit dependency on target 'Markdown' in project 'swift-markdown'
    Target 'InkMarkdownSwiftUI' in project 'InkMarkdown'
        ➜ Explicit dependency on target 'InkMarkdown' in project 'InkMarkdown'
        ➜ Explicit dependency on target 'Markdown' in project 'swift-markdown'
    Target 'InkMarkdown' in project 'InkMarkdown'
        ➜ Explicit dependency on target 'Markdown' in project 'swift-markdown'
    Target 'Markdown' in project 'swift-markdown'
        ➜ Explicit dependency on target 'Markdown' in project 'swift-markdown'
        ➜ Explicit dependency on target 'CAtomic' in project 'swift-markdown'
        ➜ Explicit dependency on target 'cmark-gfm' in project 'cmark-gfm'
        ➜ Explicit dependency on target 'cmark-gfm-extensions' in project 'cmark-gfm'
    Target 'Markdown' in project 'swift-markdown'
        ➜ Explicit dependency on target 'CAtomic' in project 'swift-markdown'
        ➜ Explicit dependency on target 'cmark-gfm' in project 'cmark-gfm'
        ➜ Explicit dependency on target 'cmark-gfm-extensions' in project 'cmark-gfm'
    Target 'cmark-gfm-extensions' in project 'cmark-gfm'
        ➜ Explicit dependency on target 'cmark-gfm-extensions' in project 'cmark-gfm'
        ➜ Explicit dependency on target 'cmark-gfm' in project 'cmark-gfm'
    Target 'cmark-gfm-extensions' in project 'cmark-gfm'
        ➜ Explicit dependency on target 'cmark-gfm' in project 'cmark-gfm'
    Target 'cmark-gfm' in project 'cmark-gfm'
        ➜ Explicit dependency on target 'cmark-gfm' in project 'cmark-gfm'
    Target 'cmark-gfm' in project 'cmark-gfm' (no dependencies)
    Target 'CAtomic' in project 'swift-markdown' (no dependencies)

GatherProvisioningInputs

CreateBuildDescription

ExecuteExternalTool /Applications/Xcode.app/Contents/Developer/Toolchains/XcodeDefault.xctoolchain/usr/bin/clang -v -E -dM -arch arm64 -isysroot /Applications/Xcode.app/Contents/Developer/Platforms/iPhoneSimulator.platform/Developer/SDKs/iPhoneSimulator26.5.sdk -x c -c /dev/null

ExecuteExternalTool /Applications/Xcode.app/Contents/Developer/Toolchains/XcodeDefault.xctoolchain/usr/bin/swiftc --version

ExecuteExternalTool /Applications/Xcode.app/Contents/Developer/Toolchains/XcodeDefault.xctoolchain/usr/bin/clang -v -E -dM -isysroot /Applications/Xcode.app/Contents/Developer/Platforms/iPhoneSimulator.platform/Developer/SDKs/iPhoneSimulator26.5.sdk -x c -c /dev/null

ExecuteExternalTool /Applications/Xcode.app/Contents/Developer/Toolchains/XcodeDefault.xctoolchain/usr/bin/ld -version_details

ReadFileContents /Applications/Xcode.app/Contents/Developer/Toolchains/XcodeDefault.xctoolchain/usr/share/docc/features.json

Build description signature: f162e8a05ad9cbb365ce9e0ae3f8e654
Build description path: /Users/shizihan/DailyUse/Github/InkMarkdown/.scratch/architecture-deepening-2026-09-07/evidence/20260907-1415-ticket-27/consumer/DerivedData-InkMarkdownSwiftUIConsumer/Build/Intermediates.noindex/XCBuildData/f162e8a05ad9cbb365ce9e0ae3f8e654.xcbuilddata
ClangStatCache /Applications/Xcode.app/Contents/Developer/Toolchains/XcodeDefault.xctoolchain/usr/bin/clang-stat-cache /Applications/Xcode.app/Contents/Developer/Platforms/iPhoneSimulator.platform/Developer/SDKs/iPhoneSimulator26.5.sdk /Users/shizihan/DailyUse/Github/InkMarkdown/.scratch/architecture-deepening-2026-09-07/evidence/20260907-1415-ticket-27/consumer/DerivedData-InkMarkdownSwiftUIConsumer/SDKStatCaches.noindex/iphonesimulator26.5-23F81a-6cfe768891a92b912361537c460fe42b.sdkstatcache
    cd /Users/shizihan/DailyUse/Github/InkMarkdown/.github/fixtures/consumer-smoke/.swiftpm/xcode
    /Applications/Xcode.app/Contents/Developer/Toolchains/XcodeDefault.xctoolchain/usr/bin/clang-stat-cache /Applications/Xcode.app/Contents/Developer/Platforms/iPhoneSimulator.platform/Developer/SDKs/iPhoneSimulator26.5.sdk -o /Users/shizihan/DailyUse/Github/InkMarkdown/.scratch/architecture-deepening-2026-09-07/evidence/20260907-1415-ticket-27/consumer/DerivedData-InkMarkdownSwiftUIConsumer/SDKStatCaches.noindex/iphonesimulator26.5-23F81a-6cfe768891a92b912361537c460fe42b.sdkstatcache

CreateBuildDirectory /Users/shizihan/DailyUse/Github/InkMarkdown/.scratch/architecture-deepening-2026-09-07/evidence/20260907-1415-ticket-27/consumer/DerivedData-InkMarkdownSwiftUIConsumer/Build/Products
    cd /Users/shizihan/DailyUse/Github/InkMarkdown/.github/fixtures/consumer-smoke/.swiftpm/xcode
    builtin-create-build-directory /Users/shizihan/DailyUse/Github/InkMarkdown/.scratch/architecture-deepening-2026-09-07/evidence/20260907-1415-ticket-27/consumer/DerivedData-InkMarkdownSwiftUIConsumer/Build/Products

CreateBuildDirectory /Users/shizihan/DailyUse/Github/InkMarkdown/.scratch/architecture-deepening-2026-09-07/evidence/20260907-1415-ticket-27/consumer/DerivedData-InkMarkdownSwiftUIConsumer/Build/Intermediates.noindex
    cd /Users/shizihan/DailyUse/Github/InkMarkdown/.github/fixtures/consumer-smoke/.swiftpm/xcode
    builtin-create-build-directory /Users/shizihan/DailyUse/Github/InkMarkdown/.scratch/architecture-deepening-2026-09-07/evidence/20260907-1415-ticket-27/consumer/DerivedData-InkMarkdownSwiftUIConsumer/Build/Intermediates.noindex

CreateBuildDirectory /Users/shizihan/DailyUse/Github/InkMarkdown/.scratch/architecture-deepening-2026-09-07/evidence/20260907-1415-ticket-27/consumer/DerivedData-InkMarkdownSwiftUIConsumer/Build/Products/Debug-iphonesimulator
    cd /Users/shizihan/DailyUse/Github/InkMarkdown/.github/fixtures/consumer-smoke/.swiftpm/xcode
    builtin-create-build-directory /Users/shizihan/DailyUse/Github/InkMarkdown/.scratch/architecture-deepening-2026-09-07/evidence/20260907-1415-ticket-27/consumer/DerivedData-InkMarkdownSwiftUIConsumer/Build/Products/Debug-iphonesimulator

CreateBuildDirectory /Users/shizihan/DailyUse/Github/InkMarkdown/.scratch/architecture-deepening-2026-09-07/evidence/20260907-1415-ticket-27/consumer/DerivedData-InkMarkdownSwiftUIConsumer/Build/Intermediates.noindex/SwiftExplicitPrecompiledModules
    cd /Users/shizihan/DailyUse/Github/InkMarkdown/.github/fixtures/consumer-smoke/.swiftpm/xcode
    builtin-create-build-directory /Users/shizihan/DailyUse/Github/InkMarkdown/.scratch/architecture-deepening-2026-09-07/evidence/20260907-1415-ticket-27/consumer/DerivedData-InkMarkdownSwiftUIConsumer/Build/Intermediates.noindex/SwiftExplicitPrecompiledModules

CreateBuildDirectory /Users/shizihan/DailyUse/Github/InkMarkdown/.scratch/architecture-deepening-2026-09-07/evidence/20260907-1415-ticket-27/consumer/DerivedData-InkMarkdownSwiftUIConsumer/Build/Intermediates.noindex/ExplicitPrecompiledModules
    cd /Users/shizihan/DailyUse/Github/InkMarkdown/.github/fixtures/consumer-smoke/.swiftpm/xcode
    builtin-create-build-directory /Users/shizihan/DailyUse/Github/InkMarkdown/.scratch/architecture-deepening-2026-09-07/evidence/20260907-1415-ticket-27/consumer/DerivedData-InkMarkdownSwiftUIConsumer/Build/Intermediates.noindex/ExplicitPrecompiledModules

CreateBuildDirectory /Users/shizihan/DailyUse/Github/InkMarkdown/.scratch/architecture-deepening-2026-09-07/evidence/20260907-1415-ticket-27/consumer/DerivedData-InkMarkdownSwiftUIConsumer/Build/Intermediates.noindex/EagerLinkingTBDs/Debug-iphonesimulator
    cd /Users/shizihan/DailyUse/Github/InkMarkdown/.github/fixtures/consumer-smoke/.swiftpm/xcode
    builtin-create-build-directory /Users/shizihan/DailyUse/Github/InkMarkdown/.scratch/architecture-deepening-2026-09-07/evidence/20260907-1415-ticket-27/consumer/DerivedData-InkMarkdownSwiftUIConsumer/Build/Intermediates.noindex/EagerLinkingTBDs/Debug-iphonesimulator

CreateBuildDirectory /Users/shizihan/DailyUse/Github/InkMarkdown/.scratch/architecture-deepening-2026-09-07/evidence/20260907-1415-ticket-27/consumer/DerivedData-InkMarkdownSwiftUIConsumer/Build/Products/Debug-iphonesimulator/PackageFrameworks
    cd /Users/shizihan/DailyUse/Github/InkMarkdown/.github/fixtures/consumer-smoke/.swiftpm/xcode
    builtin-create-build-directory /Users/shizihan/DailyUse/Github/InkMarkdown/.scratch/architecture-deepening-2026-09-07/evidence/20260907-1415-ticket-27/consumer/DerivedData-InkMarkdownSwiftUIConsumer/Build/Products/Debug-iphonesimulator/PackageFrameworks

WriteAuxiliaryFile /Users/shizihan/DailyUse/Github/InkMarkdown/.scratch/architecture-deepening-2026-09-07/evidence/20260907-1415-ticket-27/consumer/DerivedData-InkMarkdownSwiftUIConsumer/Build/Intermediates.noindex/cmark-gfm.build/Debug-iphonesimulator/cmark-gfm-extensions.build/cmark-gfm-extensions.DependencyMetadataFileList (in target 'cmark-gfm-extensions' from project 'cmark-gfm')
    cd /Users/shizihan/DailyUse/Github/InkMarkdown/Packages/Caches/swift-cmark
    write-file /Users/shizihan/DailyUse/Github/InkMarkdown/.scratch/architecture-deepening-2026-09-07/evidence/20260907-1415-ticket-27/consumer/DerivedData-InkMarkdownSwiftUIConsumer/Build/Intermediates.noindex/cmark-gfm.build/Debug-iphonesimulator/cmark-gfm-extensions.build/cmark-gfm-extensions.DependencyMetadataFileList

WriteAuxiliaryFile /Users/shizihan/DailyUse/Github/InkMarkdown/.scratch/architecture-deepening-2026-09-07/evidence/20260907-1415-ticket-27/consumer/DerivedData-InkMarkdownSwiftUIConsumer/Build/Intermediates.noindex/cmark-gfm.build/Debug-iphonesimulator/cmark-gfm-extensions.build/cmark-gfm-extensions.DependencyStaticMetadataFileList (in target 'cmark-gfm-extensions' from project 'cmark-gfm')
    cd /Users/shizihan/DailyUse/Github/InkMarkdown/Packages/Caches/swift-cmark
    write-file /Users/shizihan/DailyUse/Github/InkMarkdown/.scratch/architecture-deepening-2026-09-07/evidence/20260907-1415-ticket-27/consumer/DerivedData-InkMarkdownSwiftUIConsumer/Build/Intermediates.noindex/cmark-gfm.build/Debug-iphonesimulator/cmark-gfm-extensions.build/cmark-gfm-extensions.DependencyStaticMetadataFileList

WriteAuxiliaryFile /Users/shizihan/DailyUse/Github/InkMarkdown/.scratch/architecture-deepening-2026-09-07/evidence/20260907-1415-ticket-27/consumer/DerivedData-InkMarkdownSwiftUIConsumer/Build/Intermediates.noindex/cmark-gfm.build/Debug-iphonesimulator/cmark-gfm.build/cmark-gfm.DependencyStaticMetadataFileList (in target 'cmark-gfm' from project 'cmark-gfm')
    cd /Users/shizihan/DailyUse/Github/InkMarkdown/Packages/Caches/swift-cmark
    write-file /Users/shizihan/DailyUse/Github/InkMarkdown/.scratch/architecture-deepening-2026-09-07/evidence/20260907-1415-ticket-27/consumer/DerivedData-InkMarkdownSwiftUIConsumer/Build/Intermediates.noindex/cmark-gfm.build/Debug-iphonesimulator/cmark-gfm.build/cmark-gfm.DependencyStaticMetadataFileList

WriteAuxiliaryFile /Users/shizihan/DailyUse/Github/InkMarkdown/.scratch/architecture-deepening-2026-09-07/evidence/20260907-1415-ticket-27/consumer/DerivedData-InkMarkdownSwiftUIConsumer/Build/Intermediates.noindex/cmark-gfm.build/Debug-iphonesimulator/cmark-gfm.build/cmark-gfm.DependencyMetadataFileList (in target 'cmark-gfm' from project 'cmark-gfm')
    cd /Users/shizihan/DailyUse/Github/InkMarkdown/Packages/Caches/swift-cmark
    write-file /Users/shizihan/DailyUse/Github/InkMarkdown/.scratch/architecture-deepening-2026-09-07/evidence/20260907-1415-ticket-27/consumer/DerivedData-InkMarkdownSwiftUIConsumer/Build/Intermediates.noindex/cmark-gfm.build/Debug-iphonesimulator/cmark-gfm.build/cmark-gfm.DependencyMetadataFileList

WriteAuxiliaryFile /Users/shizihan/DailyUse/Github/InkMarkdown/.scratch/architecture-deepening-2026-09-07/evidence/20260907-1415-ticket-27/consumer/DerivedData-InkMarkdownSwiftUIConsumer/Build/Intermediates.noindex/cmark-gfm.build/Debug-iphonesimulator/cmark-gfm-extensions.build/Objects-normal/arm64/7187679823f38a2a940e0043cdf9d637-common-args.resp (in target 'cmark-gfm-extensions' from project 'cmark-gfm')
    cd /Users/shizihan/DailyUse/Github/InkMarkdown/Packages/Caches/swift-cmark
    write-file /Users/shizihan/DailyUse/Github/InkMarkdown/.scratch/architecture-deepening-2026-09-07/evidence/20260907-1415-ticket-27/consumer/DerivedData-InkMarkdownSwiftUIConsumer/Build/Intermediates.noindex/cmark-gfm.build/Debug-iphonesimulator/cmark-gfm-extensions.build/Objects-normal/arm64/7187679823f38a2a940e0043cdf9d637-common-args.resp
-fmodules -gmodules '-fmodules-cache-path=/Users/shizihan/DailyUse/Github/InkMarkdown/.scratch/architecture-deepening-2026-09-07/evidence/20260907-1415-ticket-27/consumer/DerivedData-InkMarkdownSwiftUIConsumer/ModuleCache.noindex' '-fmodule-name=cmark_gfm_extensions' -fpascal-strings -O0 -DSWIFT_PACKAGE '-DDEBUG=1' -g -I/Users/shizihan/DailyUse/Github/InkMarkdown/Packages/Caches/swift-cmark/src/include -I/Users/shizihan/DailyUse/Github/InkMarkdown/.scratch/architecture-deepening-2026-09-07/evidence/20260907-1415-ticket-27/consumer/DerivedData-InkMarkdownSwiftUIConsumer/Build/Products/Debug-iphonesimulator/include -I/Users/shizihan/DailyUse/Github/InkMarkdown/Packages/Caches/swift-cmark/extensions/include -I/Users/shizihan/DailyUse/Github/InkMarkdown/.scratch/architecture-deepening-2026-09-07/evidence/20260907-1415-ticket-27/consumer/DerivedData-InkMarkdownSwiftUIConsumer/Build/Intermediates.noindex/cmark-gfm.build/Debug-iphonesimulator/cmark-gfm-extensions.build/DerivedSources-normal/arm64 -I/Users/shizihan/DailyUse/Github/InkMarkdown/.scratch/architecture-deepening-2026-09-07/evidence/20260907-1415-ticket-27/consumer/DerivedData-InkMarkdownSwiftUIConsumer/Build/Intermediates.noindex/cmark-gfm.build/Debug-iphonesimulator/cmark-gfm-extensions.build/DerivedSources/arm64 -I/Users/shizihan/DailyUse/Github/InkMarkdown/.scratch/architecture-deepening-2026-09-07/evidence/20260907-1415-ticket-27/consumer/DerivedData-InkMarkdownSwiftUIConsumer/Build/Intermediates.noindex/cmark-gfm.build/Debug-iphonesimulator/cmark-gfm-extensions.build/DerivedSources -F/Users/shizihan/DailyUse/Github/InkMarkdown/.scratch/architecture-deepening-2026-09-07/evidence/20260907-1415-ticket-27/consumer/DerivedData-InkMarkdownSwiftUIConsumer/Build/Products/Debug-iphonesimulator/PackageFrameworks -F/Users/shizihan/DailyUse/Github/InkMarkdown/.scratch/architecture-deepening-2026-09-07/evidence/20260907-1415-ticket-27/consumer/DerivedData-InkMarkdownSwiftUIConsumer/Build/Products/Debug-iphonesimulator -iframework /Applications/Xcode.app/Contents/Developer/Platforms/iPhoneSimulator.platform/Developer/Library/Frameworks -iframework /Applications/Xcode.app/Contents/Developer/Platforms/iPhoneSimulator.platform/Developer/SDKs/iPhoneSimulator26.5.sdk/Developer/Library/Frameworks -DXcode

WriteAuxiliaryFile /Users/shizihan/DailyUse/Github/InkMarkdown/.scratch/architecture-deepening-2026-09-07/evidence/20260907-1415-ticket-27/consumer/DerivedData-InkMarkdownSwiftUIConsumer/Build/Intermediates.noindex/cmark-gfm.build/Debug-iphonesimulator/cmark-gfm-extensions.build/Objects-normal/arm64/cmark-gfm-extensions.LinkFileList (in target 'cmark-gfm-extensions' from project 'cmark-gfm')
    cd /Users/shizihan/DailyUse/Github/InkMarkdown/Packages/Caches/swift-cmark
    write-file /Users/shizihan/DailyUse/Github/InkMarkdown/.scratch/architecture-deepening-2026-09-07/evidence/20260907-1415-ticket-27/consumer/DerivedData-InkMarkdownSwiftUIConsumer/Build/Intermediates.noindex/cmark-gfm.build/Debug-iphonesimulator/cmark-gfm-extensions.build/Objects-normal/arm64/cmark-gfm-extensions.LinkFileList

WriteAuxiliaryFile /Users/shizihan/DailyUse/Github/InkMarkdown/.scratch/architecture-deepening-2026-09-07/evidence/20260907-1415-ticket-27/consumer/DerivedData-InkMarkdownSwiftUIConsumer/Build/Intermediates.noindex/cmark-gfm.build/Debug-iphonesimulator/cmark-gfm.build/Objects-normal/arm64/7187679823f38a2a940e0043cdf9d637-common-args.resp (in target 'cmark-gfm' from project 'cmark-gfm')
    cd /Users/shizihan/DailyUse/Github/InkMarkdown/Packages/Caches/swift-cmark
    write-file /Users/shizihan/DailyUse/Github/InkMarkdown/.scratch/architecture-deepening-2026-09-07/evidence/20260907-1415-ticket-27/consumer/DerivedData-InkMarkdownSwiftUIConsumer/Build/Intermediates.noindex/cmark-gfm.build/Debug-iphonesimulator/cmark-gfm.build/Objects-normal/arm64/7187679823f38a2a940e0043cdf9d637-common-args.resp
-fmodules -gmodules '-fmodules-cache-path=/Users/shizihan/DailyUse/Github/InkMarkdown/.scratch/architecture-deepening-2026-09-07/evidence/20260907-1415-ticket-27/consumer/DerivedData-InkMarkdownSwiftUIConsumer/ModuleCache.noindex' '-fmodule-name=cmark_gfm' -fpascal-strings -O0 -DSWIFT_PACKAGE '-DDEBUG=1' -g -I/Users/shizihan/DailyUse/Github/InkMarkdown/.scratch/architecture-deepening-2026-09-07/evidence/20260907-1415-ticket-27/consumer/DerivedData-InkMarkdownSwiftUIConsumer/Build/Products/Debug-iphonesimulator/include -I/Users/shizihan/DailyUse/Github/InkMarkdown/Packages/Caches/swift-cmark/src/include -I/Users/shizihan/DailyUse/Github/InkMarkdown/.scratch/architecture-deepening-2026-09-07/evidence/20260907-1415-ticket-27/consumer/DerivedData-InkMarkdownSwiftUIConsumer/Build/Intermediates.noindex/cmark-gfm.build/Debug-iphonesimulator/cmark-gfm.build/DerivedSources-normal/arm64 -I/Users/shizihan/DailyUse/Github/InkMarkdown/.scratch/architecture-deepening-2026-09-07/evidence/20260907-1415-ticket-27/consumer/DerivedData-InkMarkdownSwiftUIConsumer/Build/Intermediates.noindex/cmark-gfm.build/Debug-iphonesimulator/cmark-gfm.build/DerivedSources/arm64 -I/Users/shizihan/DailyUse/Github/InkMarkdown/.scratch/architecture-deepening-2026-09-07/evidence/20260907-1415-ticket-27/consumer/DerivedData-InkMarkdownSwiftUIConsumer/Build/Intermediates.noindex/cmark-gfm.build/Debug-iphonesimulator/cmark-gfm.build/DerivedSources -F/Users/shizihan/DailyUse/Github/InkMarkdown/.scratch/architecture-deepening-2026-09-07/evidence/20260907-1415-ticket-27/consumer/DerivedData-InkMarkdownSwiftUIConsumer/Build/Products/Debug-iphonesimulator -iframework /Applications/Xcode.app/Contents/Developer/Platforms/iPhoneSimulator.platform/Developer/Library/Frameworks -iframework /Applications/Xcode.app/Contents/Developer/Platforms/iPhoneSimulator.platform/Developer/SDKs/iPhoneSimulator26.5.sdk/Developer/Library/Frameworks -DXcode

WriteAuxiliaryFile /Users/shizihan/DailyUse/Github/InkMarkdown/.scratch/architecture-deepening-2026-09-07/evidence/20260907-1415-ticket-27/consumer/DerivedData-InkMarkdownSwiftUIConsumer/Build/Intermediates.noindex/cmark-gfm.build/Debug-iphonesimulator/cmark-gfm.build/Objects-normal/arm64/cmark-gfm.LinkFileList (in target 'cmark-gfm' from project 'cmark-gfm')
    cd /Users/shizihan/DailyUse/Github/InkMarkdown/Packages/Caches/swift-cmark
    write-file /Users/shizihan/DailyUse/Github/InkMarkdown/.scratch/architecture-deepening-2026-09-07/evidence/20260907-1415-ticket-27/consumer/DerivedData-InkMarkdownSwiftUIConsumer/Build/Intermediates.noindex/cmark-gfm.build/Debug-iphonesimulator/cmark-gfm.build/Objects-normal/arm64/cmark-gfm.LinkFileList

WriteAuxiliaryFile /Users/shizihan/DailyUse/Github/InkMarkdown/.scratch/architecture-deepening-2026-09-07/evidence/20260907-1415-ticket-27/consumer/DerivedData-InkMarkdownSwiftUIConsumer/Build/Intermediates.noindex/swift-markdown.build/Debug-iphonesimulator/Markdown.build/Objects-normal/arm64/Markdown_const_extract_protocols.json (in target 'Markdown' from project 'swift-markdown')
    cd /Users/shizihan/DailyUse/Github/InkMarkdown/Packages/Caches/swift-markdown
    write-file /Users/shizihan/DailyUse/Github/InkMarkdown/.scratch/architecture-deepening-2026-09-07/evidence/20260907-1415-ticket-27/consumer/DerivedData-InkMarkdownSwiftUIConsumer/Build/Intermediates.noindex/swift-markdown.build/Debug-iphonesimulator/Markdown.build/Objects-normal/arm64/Markdown_const_extract_protocols.json

WriteAuxiliaryFile /Users/shizihan/DailyUse/Github/InkMarkdown/.scratch/architecture-deepening-2026-09-07/evidence/20260907-1415-ticket-27/consumer/DerivedData-InkMarkdownSwiftUIConsumer/Build/Intermediates.noindex/swift-markdown.build/Debug-iphonesimulator/Markdown.build/Objects-normal/arm64/Markdown.SwiftFileList (in target 'Markdown' from project 'swift-markdown')
    cd /Users/shizihan/DailyUse/Github/InkMarkdown/Packages/Caches/swift-markdown
    write-file /Users/shizihan/DailyUse/Github/InkMarkdown/.scratch/architecture-deepening-2026-09-07/evidence/20260907-1415-ticket-27/consumer/DerivedData-InkMarkdownSwiftUIConsumer/Build/Intermediates.noindex/swift-markdown.build/Debug-iphonesimulator/Markdown.build/Objects-normal/arm64/Markdown.SwiftFileList

WriteAuxiliaryFile /Users/shizihan/DailyUse/Github/InkMarkdown/.scratch/architecture-deepening-2026-09-07/evidence/20260907-1415-ticket-27/consumer/DerivedData-InkMarkdownSwiftUIConsumer/Build/Intermediates.noindex/swift-markdown.build/Debug-iphonesimulator/Markdown.build/Objects-normal/arm64/Markdown.SwiftConstValuesFileList (in target 'Markdown' from project 'swift-markdown')
    cd /Users/shizihan/DailyUse/Github/InkMarkdown/Packages/Caches/swift-markdown
    write-file /Users/shizihan/DailyUse/Github/InkMarkdown/.scratch/architecture-deepening-2026-09-07/evidence/20260907-1415-ticket-27/consumer/DerivedData-InkMarkdownSwiftUIConsumer/Build/Intermediates.noindex/swift-markdown.build/Debug-iphonesimulator/Markdown.build/Objects-normal/arm64/Markdown.SwiftConstValuesFileList

WriteAuxiliaryFile /Users/shizihan/DailyUse/Github/InkMarkdown/.scratch/architecture-deepening-2026-09-07/evidence/20260907-1415-ticket-27/consumer/DerivedData-InkMarkdownSwiftUIConsumer/Build/Intermediates.noindex/swift-markdown.build/Debug-iphonesimulator/Markdown.build/Objects-normal/arm64/Markdown.LinkFileList (in target 'Markdown' from project 'swift-markdown')
    cd /Users/shizihan/DailyUse/Github/InkMarkdown/Packages/Caches/swift-markdown
    write-file /Users/shizihan/DailyUse/Github/InkMarkdown/.scratch/architecture-deepening-2026-09-07/evidence/20260907-1415-ticket-27/consumer/DerivedData-InkMarkdownSwiftUIConsumer/Build/Intermediates.noindex/swift-markdown.build/Debug-iphonesimulator/Markdown.build/Objects-normal/arm64/Markdown.LinkFileList

WriteAuxiliaryFile /Users/shizihan/DailyUse/Github/InkMarkdown/.scratch/architecture-deepening-2026-09-07/evidence/20260907-1415-ticket-27/consumer/DerivedData-InkMarkdownSwiftUIConsumer/Build/Intermediates.noindex/swift-markdown.build/Debug-iphonesimulator/Markdown.build/Objects-normal/arm64/Markdown-OutputFileMap.json (in target 'Markdown' from project 'swift-markdown')
    cd /Users/shizihan/DailyUse/Github/InkMarkdown/Packages/Caches/swift-markdown
    write-file /Users/shizihan/DailyUse/Github/InkMarkdown/.scratch/architecture-deepening-2026-09-07/evidence/20260907-1415-ticket-27/consumer/DerivedData-InkMarkdownSwiftUIConsumer/Build/Intermediates.noindex/swift-markdown.build/Debug-iphonesimulator/Markdown.build/Objects-normal/arm64/Markdown-OutputFileMap.json

WriteAuxiliaryFile /Users/shizihan/DailyUse/Github/InkMarkdown/.scratch/architecture-deepening-2026-09-07/evidence/20260907-1415-ticket-27/consumer/DerivedData-InkMarkdownSwiftUIConsumer/Build/Intermediates.noindex/swift-markdown.build/Debug-iphonesimulator/Markdown.build/Markdown.modulemap (in target 'Markdown' from project 'swift-markdown')
    cd /Users/shizihan/DailyUse/Github/InkMarkdown/Packages/Caches/swift-markdown
    write-file /Users/shizihan/DailyUse/Github/InkMarkdown/.scratch/architecture-deepening-2026-09-07/evidence/20260907-1415-ticket-27/consumer/DerivedData-InkMarkdownSwiftUIConsumer/Build/Intermediates.noindex/swift-markdown.build/Debug-iphonesimulator/Markdown.build/Markdown.modulemap

WriteAuxiliaryFile /Users/shizihan/DailyUse/Github/InkMarkdown/.scratch/architecture-deepening-2026-09-07/evidence/20260907-1415-ticket-27/consumer/DerivedData-InkMarkdownSwiftUIConsumer/Build/Intermediates.noindex/swift-markdown.build/Debug-iphonesimulator/Markdown.build/Markdown.DependencyStaticMetadataFileList (in target 'Markdown' from project 'swift-markdown')
    cd /Users/shizihan/DailyUse/Github/InkMarkdown/Packages/Caches/swift-markdown
    write-file /Users/shizihan/DailyUse/Github/InkMarkdown/.scratch/architecture-deepening-2026-09-07/evidence/20260907-1415-ticket-27/consumer/DerivedData-InkMarkdownSwiftUIConsumer/Build/Intermediates.noindex/swift-markdown.build/Debug-iphonesimulator/Markdown.build/Markdown.DependencyStaticMetadataFileList

WriteAuxiliaryFile /Users/shizihan/DailyUse/Github/InkMarkdown/.scratch/architecture-deepening-2026-09-07/evidence/20260907-1415-ticket-27/consumer/DerivedData-InkMarkdownSwiftUIConsumer/Build/Intermediates.noindex/swift-markdown.build/Debug-iphonesimulator/Markdown.build/Markdown.DependencyMetadataFileList (in target 'Markdown' from project 'swift-markdown')
    cd /Users/shizihan/DailyUse/Github/InkMarkdown/Packages/Caches/swift-markdown
    write-file /Users/shizihan/DailyUse/Github/InkMarkdown/.scratch/architecture-deepening-2026-09-07/evidence/20260907-1415-ticket-27/consumer/DerivedData-InkMarkdownSwiftUIConsumer/Build/Intermediates.noindex/swift-markdown.build/Debug-iphonesimulator/Markdown.build/Markdown.DependencyMetadataFileList

WriteAuxiliaryFile /Users/shizihan/DailyUse/Github/InkMarkdown/.scratch/architecture-deepening-2026-09-07/evidence/20260907-1415-ticket-27/consumer/DerivedData-InkMarkdownSwiftUIConsumer/Build/Intermediates.noindex/InkMarkdownConsumerSmoke.build/Debug-iphonesimulator/InkMarkdownSwiftUIConsumer.build/Objects-normal/arm64/InkMarkdownSwiftUIConsumer_const_extract_protocols.json (in target 'InkMarkdownSwiftUIConsumer' from project 'InkMarkdownConsumerSmoke')
    cd /Users/shizihan/DailyUse/Github/InkMarkdown/.github/fixtures/consumer-smoke
    write-file /Users/shizihan/DailyUse/Github/InkMarkdown/.scratch/architecture-deepening-2026-09-07/evidence/20260907-1415-ticket-27/consumer/DerivedData-InkMarkdownSwiftUIConsumer/Build/Intermediates.noindex/InkMarkdownConsumerSmoke.build/Debug-iphonesimulator/InkMarkdownSwiftUIConsumer.build/Objects-normal/arm64/InkMarkdownSwiftUIConsumer_const_extract_protocols.json

WriteAuxiliaryFile /Users/shizihan/DailyUse/Github/InkMarkdown/.scratch/architecture-deepening-2026-09-07/evidence/20260907-1415-ticket-27/consumer/DerivedData-InkMarkdownSwiftUIConsumer/Build/Intermediates.noindex/InkMarkdownConsumerSmoke.build/Debug-iphonesimulator/InkMarkdownSwiftUIConsumer.build/Objects-normal/arm64/InkMarkdownSwiftUIConsumer.SwiftFileList (in target 'InkMarkdownSwiftUIConsumer' from project 'InkMarkdownConsumerSmoke')
    cd /Users/shizihan/DailyUse/Github/InkMarkdown/.github/fixtures/consumer-smoke
    write-file /Users/shizihan/DailyUse/Github/InkMarkdown/.scratch/architecture-deepening-2026-09-07/evidence/20260907-1415-ticket-27/consumer/DerivedData-InkMarkdownSwiftUIConsumer/Build/Intermediates.noindex/InkMarkdownConsumerSmoke.build/Debug-iphonesimulator/InkMarkdownSwiftUIConsumer.build/Objects-normal/arm64/InkMarkdownSwiftUIConsumer.SwiftFileList

WriteAuxiliaryFile /Users/shizihan/DailyUse/Github/InkMarkdown/.scratch/architecture-deepening-2026-09-07/evidence/20260907-1415-ticket-27/consumer/DerivedData-InkMarkdownSwiftUIConsumer/Build/Intermediates.noindex/InkMarkdownConsumerSmoke.build/Debug-iphonesimulator/InkMarkdownSwiftUIConsumer.build/Objects-normal/arm64/InkMarkdownSwiftUIConsumer.SwiftConstValuesFileList (in target 'InkMarkdownSwiftUIConsumer' from project 'InkMarkdownConsumerSmoke')
    cd /Users/shizihan/DailyUse/Github/InkMarkdown/.github/fixtures/consumer-smoke
    write-file /Users/shizihan/DailyUse/Github/InkMarkdown/.scratch/architecture-deepening-2026-09-07/evidence/20260907-1415-ticket-27/consumer/DerivedData-InkMarkdownSwiftUIConsumer/Build/Intermediates.noindex/InkMarkdownConsumerSmoke.build/Debug-iphonesimulator/InkMarkdownSwiftUIConsumer.build/Objects-normal/arm64/InkMarkdownSwiftUIConsumer.SwiftConstValuesFileList

WriteAuxiliaryFile /Users/shizihan/DailyUse/Github/InkMarkdown/.scratch/architecture-deepening-2026-09-07/evidence/20260907-1415-ticket-27/consumer/DerivedData-InkMarkdownSwiftUIConsumer/Build/Intermediates.noindex/InkMarkdownConsumerSmoke.build/Debug-iphonesimulator/InkMarkdownSwiftUIConsumer.build/Objects-normal/arm64/InkMarkdownSwiftUIConsumer.LinkFileList (in target 'InkMarkdownSwiftUIConsumer' from project 'InkMarkdownConsumerSmoke')
    cd /Users/shizihan/DailyUse/Github/InkMarkdown/.github/fixtures/consumer-smoke
    write-file /Users/shizihan/DailyUse/Github/InkMarkdown/.scratch/architecture-deepening-2026-09-07/evidence/20260907-1415-ticket-27/consumer/DerivedData-InkMarkdownSwiftUIConsumer/Build/Intermediates.noindex/InkMarkdownConsumerSmoke.build/Debug-iphonesimulator/InkMarkdownSwiftUIConsumer.build/Objects-normal/arm64/InkMarkdownSwiftUIConsumer.LinkFileList

WriteAuxiliaryFile /Users/shizihan/DailyUse/Github/InkMarkdown/.scratch/architecture-deepening-2026-09-07/evidence/20260907-1415-ticket-27/consumer/DerivedData-InkMarkdownSwiftUIConsumer/Build/Intermediates.noindex/InkMarkdownConsumerSmoke.build/Debug-iphonesimulator/InkMarkdownSwiftUIConsumer.build/Objects-normal/arm64/InkMarkdownSwiftUIConsumer-OutputFileMap.json (in target 'InkMarkdownSwiftUIConsumer' from project 'InkMarkdownConsumerSmoke')
    cd /Users/shizihan/DailyUse/Github/InkMarkdown/.github/fixtures/consumer-smoke
    write-file /Users/shizihan/DailyUse/Github/InkMarkdown/.scratch/architecture-deepening-2026-09-07/evidence/20260907-1415-ticket-27/consumer/DerivedData-InkMarkdownSwiftUIConsumer/Build/Intermediates.noindex/InkMarkdownConsumerSmoke.build/Debug-iphonesimulator/InkMarkdownSwiftUIConsumer.build/Objects-normal/arm64/InkMarkdownSwiftUIConsumer-OutputFileMap.json

WriteAuxiliaryFile /Users/shizihan/DailyUse/Github/InkMarkdown/.scratch/architecture-deepening-2026-09-07/evidence/20260907-1415-ticket-27/consumer/DerivedData-InkMarkdownSwiftUIConsumer/Build/Intermediates.noindex/InkMarkdownConsumerSmoke.build/Debug-iphonesimulator/InkMarkdownSwiftUIConsumer.build/InkMarkdownSwiftUIConsumer.modulemap (in target 'InkMarkdownSwiftUIConsumer' from project 'InkMarkdownConsumerSmoke')
    cd /Users/shizihan/DailyUse/Github/InkMarkdown/.github/fixtures/consumer-smoke
    write-file /Users/shizihan/DailyUse/Github/InkMarkdown/.scratch/architecture-deepening-2026-09-07/evidence/20260907-1415-ticket-27/consumer/DerivedData-InkMarkdownSwiftUIConsumer/Build/Intermediates.noindex/InkMarkdownConsumerSmoke.build/Debug-iphonesimulator/InkMarkdownSwiftUIConsumer.build/InkMarkdownSwiftUIConsumer.modulemap

WriteAuxiliaryFile /Users/shizihan/DailyUse/Github/InkMarkdown/.scratch/architecture-deepening-2026-09-07/evidence/20260907-1415-ticket-27/consumer/DerivedData-InkMarkdownSwiftUIConsumer/Build/Intermediates.noindex/InkMarkdownConsumerSmoke.build/Debug-iphonesimulator/InkMarkdownSwiftUIConsumer.build/InkMarkdownSwiftUIConsumer.DependencyStaticMetadataFileList (in target 'InkMarkdownSwiftUIConsumer' from project 'InkMarkdownConsumerSmoke')
    cd /Users/shizihan/DailyUse/Github/InkMarkdown/.github/fixtures/consumer-smoke
    write-file /Users/shizihan/DailyUse/Github/InkMarkdown/.scratch/architecture-deepening-2026-09-07/evidence/20260907-1415-ticket-27/consumer/DerivedData-InkMarkdownSwiftUIConsumer/Build/Intermediates.noindex/InkMarkdownConsumerSmoke.build/Debug-iphonesimulator/InkMarkdownSwiftUIConsumer.build/InkMarkdownSwiftUIConsumer.DependencyStaticMetadataFileList

WriteAuxiliaryFile /Users/shizihan/DailyUse/Github/InkMarkdown/.scratch/architecture-deepening-2026-09-07/evidence/20260907-1415-ticket-27/consumer/DerivedData-InkMarkdownSwiftUIConsumer/Build/Intermediates.noindex/InkMarkdownConsumerSmoke.build/Debug-iphonesimulator/InkMarkdownSwiftUIConsumer.build/InkMarkdownSwiftUIConsumer.DependencyMetadataFileList (in target 'InkMarkdownSwiftUIConsumer' from project 'InkMarkdownConsumerSmoke')
    cd /Users/shizihan/DailyUse/Github/InkMarkdown/.github/fixtures/consumer-smoke
    write-file /Users/shizihan/DailyUse/Github/InkMarkdown/.scratch/architecture-deepening-2026-09-07/evidence/20260907-1415-ticket-27/consumer/DerivedData-InkMarkdownSwiftUIConsumer/Build/Intermediates.noindex/InkMarkdownConsumerSmoke.build/Debug-iphonesimulator/InkMarkdownSwiftUIConsumer.build/InkMarkdownSwiftUIConsumer.DependencyMetadataFileList

WriteAuxiliaryFile /Users/shizihan/DailyUse/Github/InkMarkdown/.scratch/architecture-deepening-2026-09-07/evidence/20260907-1415-ticket-27/consumer/DerivedData-InkMarkdownSwiftUIConsumer/Build/Intermediates.noindex/InkMarkdown.build/Debug-iphonesimulator/InkMarkdownSwiftUI.build/Objects-normal/arm64/InkMarkdownSwiftUI_const_extract_protocols.json (in target 'InkMarkdownSwiftUI' from project 'InkMarkdown')
    cd /Users/shizihan/DailyUse/Github/InkMarkdown
    write-file /Users/shizihan/DailyUse/Github/InkMarkdown/.scratch/architecture-deepening-2026-09-07/evidence/20260907-1415-ticket-27/consumer/DerivedData-InkMarkdownSwiftUIConsumer/Build/Intermediates.noindex/InkMarkdown.build/Debug-iphonesimulator/InkMarkdownSwiftUI.build/Objects-normal/arm64/InkMarkdownSwiftUI_const_extract_protocols.json

WriteAuxiliaryFile /Users/shizihan/DailyUse/Github/InkMarkdown/.scratch/architecture-deepening-2026-09-07/evidence/20260907-1415-ticket-27/consumer/DerivedData-InkMarkdownSwiftUIConsumer/Build/Intermediates.noindex/InkMarkdown.build/Debug-iphonesimulator/InkMarkdownSwiftUI.build/Objects-normal/arm64/InkMarkdownSwiftUI.SwiftFileList (in target 'InkMarkdownSwiftUI' from project 'InkMarkdown')
    cd /Users/shizihan/DailyUse/Github/InkMarkdown
    write-file /Users/shizihan/DailyUse/Github/InkMarkdown/.scratch/architecture-deepening-2026-09-07/evidence/20260907-1415-ticket-27/consumer/DerivedData-InkMarkdownSwiftUIConsumer/Build/Intermediates.noindex/InkMarkdown.build/Debug-iphonesimulator/InkMarkdownSwiftUI.build/Objects-normal/arm64/InkMarkdownSwiftUI.SwiftFileList

Copy /Users/shizihan/DailyUse/Github/InkMarkdown/.scratch/architecture-deepening-2026-09-07/evidence/20260907-1415-ticket-27/consumer/DerivedData-InkMarkdownSwiftUIConsumer/Build/Intermediates.noindex/GeneratedModuleMaps-iphonesimulator/Markdown.modulemap /Users/shizihan/DailyUse/Github/InkMarkdown/.scratch/architecture-deepening-2026-09-07/evidence/20260907-1415-ticket-27/consumer/DerivedData-InkMarkdownSwiftUIConsumer/Build/Intermediates.noindex/swift-markdown.build/Debug-iphonesimulator/Markdown.build/Markdown.modulemap (in target 'Markdown' from project 'swift-markdown')
    cd /Users/shizihan/DailyUse/Github/InkMarkdown/Packages/Caches/swift-markdown
    builtin-copy -exclude .DS_Store -exclude CVS -exclude .svn -exclude .git -exclude .hg -resolve-src-symlinks /Users/shizihan/DailyUse/Github/InkMarkdown/.scratch/architecture-deepening-2026-09-07/evidence/20260907-1415-ticket-27/consumer/DerivedData-InkMarkdownSwiftUIConsumer/Build/Intermediates.noindex/swift-markdown.build/Debug-iphonesimulator/Markdown.build/Markdown.modulemap /Users/shizihan/DailyUse/Github/InkMarkdown/.scratch/architecture-deepening-2026-09-07/evidence/20260907-1415-ticket-27/consumer/DerivedData-InkMarkdownSwiftUIConsumer/Build/Intermediates.noindex/GeneratedModuleMaps-iphonesimulator

WriteAuxiliaryFile /Users/shizihan/DailyUse/Github/InkMarkdown/.scratch/architecture-deepening-2026-09-07/evidence/20260907-1415-ticket-27/consumer/DerivedData-InkMarkdownSwiftUIConsumer/Build/Intermediates.noindex/InkMarkdown.build/Debug-iphonesimulator/InkMarkdownSwiftUI.build/Objects-normal/arm64/InkMarkdownSwiftUI.SwiftConstValuesFileList (in target 'InkMarkdownSwiftUI' from project 'InkMarkdown')
    cd /Users/shizihan/DailyUse/Github/InkMarkdown
    write-file /Users/shizihan/DailyUse/Github/InkMarkdown/.scratch/architecture-deepening-2026-09-07/evidence/20260907-1415-ticket-27/consumer/DerivedData-InkMarkdownSwiftUIConsumer/Build/Intermediates.noindex/InkMarkdown.build/Debug-iphonesimulator/InkMarkdownSwiftUI.build/Objects-normal/arm64/InkMarkdownSwiftUI.SwiftConstValuesFileList

WriteAuxiliaryFile /Users/shizihan/DailyUse/Github/InkMarkdown/.scratch/architecture-deepening-2026-09-07/evidence/20260907-1415-ticket-27/consumer/DerivedData-InkMarkdownSwiftUIConsumer/Build/Intermediates.noindex/InkMarkdown.build/Debug-iphonesimulator/InkMarkdownSwiftUI.build/Objects-normal/arm64/InkMarkdownSwiftUI-OutputFileMap.json (in target 'InkMarkdownSwiftUI' from project 'InkMarkdown')
    cd /Users/shizihan/DailyUse/Github/InkMarkdown
    write-file /Users/shizihan/DailyUse/Github/InkMarkdown/.scratch/architecture-deepening-2026-09-07/evidence/20260907-1415-ticket-27/consumer/DerivedData-InkMarkdownSwiftUIConsumer/Build/Intermediates.noindex/InkMarkdown.build/Debug-iphonesimulator/InkMarkdownSwiftUI.build/Objects-normal/arm64/InkMarkdownSwiftUI-OutputFileMap.json

WriteAuxiliaryFile /Users/shizihan/DailyUse/Github/InkMarkdown/.scratch/architecture-deepening-2026-09-07/evidence/20260907-1415-ticket-27/consumer/DerivedData-InkMarkdownSwiftUIConsumer/Build/Intermediates.noindex/InkMarkdown.build/Debug-iphonesimulator/InkMarkdownSwiftUI.build/Objects-normal/arm64/InkMarkdownSwiftUI.LinkFileList (in target 'InkMarkdownSwiftUI' from project 'InkMarkdown')
    cd /Users/shizihan/DailyUse/Github/InkMarkdown
    write-file /Users/shizihan/DailyUse/Github/InkMarkdown/.scratch/architecture-deepening-2026-09-07/evidence/20260907-1415-ticket-27/consumer/DerivedData-InkMarkdownSwiftUIConsumer/Build/Intermediates.noindex/InkMarkdown.build/Debug-iphonesimulator/InkMarkdownSwiftUI.build/Objects-normal/arm64/InkMarkdownSwiftUI.LinkFileList

WriteAuxiliaryFile /Users/shizihan/DailyUse/Github/InkMarkdown/.scratch/architecture-deepening-2026-09-07/evidence/20260907-1415-ticket-27/consumer/DerivedData-InkMarkdownSwiftUIConsumer/Build/Intermediates.noindex/InkMarkdown.build/Debug-iphonesimulator/InkMarkdownSwiftUI.build/InkMarkdownSwiftUI.modulemap (in target 'InkMarkdownSwiftUI' from project 'InkMarkdown')
    cd /Users/shizihan/DailyUse/Github/InkMarkdown
    write-file /Users/shizihan/DailyUse/Github/InkMarkdown/.scratch/architecture-deepening-2026-09-07/evidence/20260907-1415-ticket-27/consumer/DerivedData-InkMarkdownSwiftUIConsumer/Build/Intermediates.noindex/InkMarkdown.build/Debug-iphonesimulator/InkMarkdownSwiftUI.build/InkMarkdownSwiftUI.modulemap

Copy /Users/shizihan/DailyUse/Github/InkMarkdown/.scratch/architecture-deepening-2026-09-07/evidence/20260907-1415-ticket-27/consumer/DerivedData-InkMarkdownSwiftUIConsumer/Build/Intermediates.noindex/GeneratedModuleMaps-iphonesimulator/InkMarkdownSwiftUIConsumer.modulemap /Users/shizihan/DailyUse/Github/InkMarkdown/.scratch/architecture-deepening-2026-09-07/evidence/20260907-1415-ticket-27/consumer/DerivedData-InkMarkdownSwiftUIConsumer/Build/Intermediates.noindex/InkMarkdownConsumerSmoke.build/Debug-iphonesimulator/InkMarkdownSwiftUIConsumer.build/InkMarkdownSwiftUIConsumer.modulemap (in target 'InkMarkdownSwiftUIConsumer' from project 'InkMarkdownConsumerSmoke')
    cd /Users/shizihan/DailyUse/Github/InkMarkdown/.github/fixtures/consumer-smoke
    builtin-copy -exclude .DS_Store -exclude CVS -exclude .svn -exclude .git -exclude .hg -resolve-src-symlinks /Users/shizihan/DailyUse/Github/InkMarkdown/.scratch/architecture-deepening-2026-09-07/evidence/20260907-1415-ticket-27/consumer/DerivedData-InkMarkdownSwiftUIConsumer/Build/Intermediates.noindex/InkMarkdownConsumerSmoke.build/Debug-iphonesimulator/InkMarkdownSwiftUIConsumer.build/InkMarkdownSwiftUIConsumer.modulemap /Users/shizihan/DailyUse/Github/InkMarkdown/.scratch/architecture-deepening-2026-09-07/evidence/20260907-1415-ticket-27/consumer/DerivedData-InkMarkdownSwiftUIConsumer/Build/Intermediates.noindex/GeneratedModuleMaps-iphonesimulator

WriteAuxiliaryFile /Users/shizihan/DailyUse/Github/InkMarkdown/.scratch/architecture-deepening-2026-09-07/evidence/20260907-1415-ticket-27/consumer/DerivedData-InkMarkdownSwiftUIConsumer/Build/Intermediates.noindex/InkMarkdown.build/Debug-iphonesimulator/InkMarkdownSwiftUI.build/InkMarkdownSwiftUI.DependencyStaticMetadataFileList (in target 'InkMarkdownSwiftUI' from project 'InkMarkdown')
    cd /Users/shizihan/DailyUse/Github/InkMarkdown
    write-file /Users/shizihan/DailyUse/Github/InkMarkdown/.scratch/architecture-deepening-2026-09-07/evidence/20260907-1415-ticket-27/consumer/DerivedData-InkMarkdownSwiftUIConsumer/Build/Intermediates.noindex/InkMarkdown.build/Debug-iphonesimulator/InkMarkdownSwiftUI.build/InkMarkdownSwiftUI.DependencyStaticMetadataFileList

WriteAuxiliaryFile /Users/shizihan/DailyUse/Github/InkMarkdown/.scratch/architecture-deepening-2026-09-07/evidence/20260907-1415-ticket-27/consumer/DerivedData-InkMarkdownSwiftUIConsumer/Build/Intermediates.noindex/InkMarkdown.build/Debug-iphonesimulator/InkMarkdownSwiftUI.build/InkMarkdownSwiftUI.DependencyMetadataFileList (in target 'InkMarkdownSwiftUI' from project 'InkMarkdown')
    cd /Users/shizihan/DailyUse/Github/InkMarkdown
    write-file /Users/shizihan/DailyUse/Github/InkMarkdown/.scratch/architecture-deepening-2026-09-07/evidence/20260907-1415-ticket-27/consumer/DerivedData-InkMarkdownSwiftUIConsumer/Build/Intermediates.noindex/InkMarkdown.build/Debug-iphonesimulator/InkMarkdownSwiftUI.build/InkMarkdownSwiftUI.DependencyMetadataFileList

WriteAuxiliaryFile /Users/shizihan/DailyUse/Github/InkMarkdown/.scratch/architecture-deepening-2026-09-07/evidence/20260907-1415-ticket-27/consumer/DerivedData-InkMarkdownSwiftUIConsumer/Build/Intermediates.noindex/InkMarkdown.build/Debug-iphonesimulator/InkMarkdown.build/Objects-normal/arm64/InkMarkdown_const_extract_protocols.json (in target 'InkMarkdown' from project 'InkMarkdown')
    cd /Users/shizihan/DailyUse/Github/InkMarkdown
    write-file /Users/shizihan/DailyUse/Github/InkMarkdown/.scratch/architecture-deepening-2026-09-07/evidence/20260907-1415-ticket-27/consumer/DerivedData-InkMarkdownSwiftUIConsumer/Build/Intermediates.noindex/InkMarkdown.build/Debug-iphonesimulator/InkMarkdown.build/Objects-normal/arm64/InkMarkdown_const_extract_protocols.json

WriteAuxiliaryFile /Users/shizihan/DailyUse/Github/InkMarkdown/.scratch/architecture-deepening-2026-09-07/evidence/20260907-1415-ticket-27/consumer/DerivedData-InkMarkdownSwiftUIConsumer/Build/Intermediates.noindex/InkMarkdown.build/Debug-iphonesimulator/InkMarkdown.build/Objects-normal/arm64/InkMarkdown.SwiftFileList (in target 'InkMarkdown' from project 'InkMarkdown')
    cd /Users/shizihan/DailyUse/Github/InkMarkdown
    write-file /Users/shizihan/DailyUse/Github/InkMarkdown/.scratch/architecture-deepening-2026-09-07/evidence/20260907-1415-ticket-27/consumer/DerivedData-InkMarkdownSwiftUIConsumer/Build/Intermediates.noindex/InkMarkdown.build/Debug-iphonesimulator/InkMarkdown.build/Objects-normal/arm64/InkMarkdown.SwiftFileList

WriteAuxiliaryFile /Users/shizihan/DailyUse/Github/InkMarkdown/.scratch/architecture-deepening-2026-09-07/evidence/20260907-1415-ticket-27/consumer/DerivedData-InkMarkdownSwiftUIConsumer/Build/Intermediates.noindex/InkMarkdown.build/Debug-iphonesimulator/InkMarkdown.build/Objects-normal/arm64/InkMarkdown.SwiftConstValuesFileList (in target 'InkMarkdown' from project 'InkMarkdown')
    cd /Users/shizihan/DailyUse/Github/InkMarkdown
    write-file /Users/shizihan/DailyUse/Github/InkMarkdown/.scratch/architecture-deepening-2026-09-07/evidence/20260907-1415-ticket-27/consumer/DerivedData-InkMarkdownSwiftUIConsumer/Build/Intermediates.noindex/InkMarkdown.build/Debug-iphonesimulator/InkMarkdown.build/Objects-normal/arm64/InkMarkdown.SwiftConstValuesFileList

WriteAuxiliaryFile /Users/shizihan/DailyUse/Github/InkMarkdown/.scratch/architecture-deepening-2026-09-07/evidence/20260907-1415-ticket-27/consumer/DerivedData-InkMarkdownSwiftUIConsumer/Build/Intermediates.noindex/InkMarkdown.build/Debug-iphonesimulator/InkMarkdown.build/Objects-normal/arm64/InkMarkdown-OutputFileMap.json (in target 'InkMarkdown' from project 'InkMarkdown')
    cd /Users/shizihan/DailyUse/Github/InkMarkdown
    write-file /Users/shizihan/DailyUse/Github/InkMarkdown/.scratch/architecture-deepening-2026-09-07/evidence/20260907-1415-ticket-27/consumer/DerivedData-InkMarkdownSwiftUIConsumer/Build/Intermediates.noindex/InkMarkdown.build/Debug-iphonesimulator/InkMarkdown.build/Objects-normal/arm64/InkMarkdown-OutputFileMap.json

WriteAuxiliaryFile /Users/shizihan/DailyUse/Github/InkMarkdown/.scratch/architecture-deepening-2026-09-07/evidence/20260907-1415-ticket-27/consumer/DerivedData-InkMarkdownSwiftUIConsumer/Build/Intermediates.noindex/InkMarkdown.build/Debug-iphonesimulator/InkMarkdown.build/Objects-normal/arm64/InkMarkdown.LinkFileList (in target 'InkMarkdown' from project 'InkMarkdown')
    cd /Users/shizihan/DailyUse/Github/InkMarkdown
    write-file /Users/shizihan/DailyUse/Github/InkMarkdown/.scratch/architecture-deepening-2026-09-07/evidence/20260907-1415-ticket-27/consumer/DerivedData-InkMarkdownSwiftUIConsumer/Build/Intermediates.noindex/InkMarkdown.build/Debug-iphonesimulator/InkMarkdown.build/Objects-normal/arm64/InkMarkdown.LinkFileList

Copy /Users/shizihan/DailyUse/Github/InkMarkdown/.scratch/architecture-deepening-2026-09-07/evidence/20260907-1415-ticket-27/consumer/DerivedData-InkMarkdownSwiftUIConsumer/Build/Intermediates.noindex/GeneratedModuleMaps-iphonesimulator/InkMarkdownSwiftUI.modulemap /Users/shizihan/DailyUse/Github/InkMarkdown/.scratch/architecture-deepening-2026-09-07/evidence/20260907-1415-ticket-27/consumer/DerivedData-InkMarkdownSwiftUIConsumer/Build/Intermediates.noindex/InkMarkdown.build/Debug-iphonesimulator/InkMarkdownSwiftUI.build/InkMarkdownSwiftUI.modulemap (in target 'InkMarkdownSwiftUI' from project 'InkMarkdown')
    cd /Users/shizihan/DailyUse/Github/InkMarkdown
    builtin-copy -exclude .DS_Store -exclude CVS -exclude .svn -exclude .git -exclude .hg -resolve-src-symlinks /Users/shizihan/DailyUse/Github/InkMarkdown/.scratch/architecture-deepening-2026-09-07/evidence/20260907-1415-ticket-27/consumer/DerivedData-InkMarkdownSwiftUIConsumer/Build/Intermediates.noindex/InkMarkdown.build/Debug-iphonesimulator/InkMarkdownSwiftUI.build/InkMarkdownSwiftUI.modulemap /Users/shizihan/DailyUse/Github/InkMarkdown/.scratch/architecture-deepening-2026-09-07/evidence/20260907-1415-ticket-27/consumer/DerivedData-InkMarkdownSwiftUIConsumer/Build/Intermediates.noindex/GeneratedModuleMaps-iphonesimulator

WriteAuxiliaryFile /Users/shizihan/DailyUse/Github/InkMarkdown/.scratch/architecture-deepening-2026-09-07/evidence/20260907-1415-ticket-27/consumer/DerivedData-InkMarkdownSwiftUIConsumer/Build/Intermediates.noindex/InkMarkdown.build/Debug-iphonesimulator/InkMarkdown.build/InkMarkdown.modulemap (in target 'InkMarkdown' from project 'InkMarkdown')
    cd /Users/shizihan/DailyUse/Github/InkMarkdown
    write-file /Users/shizihan/DailyUse/Github/InkMarkdown/.scratch/architecture-deepening-2026-09-07/evidence/20260907-1415-ticket-27/consumer/DerivedData-InkMarkdownSwiftUIConsumer/Build/Intermediates.noindex/InkMarkdown.build/Debug-iphonesimulator/InkMarkdown.build/InkMarkdown.modulemap

WriteAuxiliaryFile /Users/shizihan/DailyUse/Github/InkMarkdown/.scratch/architecture-deepening-2026-09-07/evidence/20260907-1415-ticket-27/consumer/DerivedData-InkMarkdownSwiftUIConsumer/Build/Intermediates.noindex/InkMarkdown.build/Debug-iphonesimulator/InkMarkdown.build/InkMarkdown.DependencyStaticMetadataFileList (in target 'InkMarkdown' from project 'InkMarkdown')
    cd /Users/shizihan/DailyUse/Github/InkMarkdown
    write-file /Users/shizihan/DailyUse/Github/InkMarkdown/.scratch/architecture-deepening-2026-09-07/evidence/20260907-1415-ticket-27/consumer/DerivedData-InkMarkdownSwiftUIConsumer/Build/Intermediates.noindex/InkMarkdown.build/Debug-iphonesimulator/InkMarkdown.build/InkMarkdown.DependencyStaticMetadataFileList

WriteAuxiliaryFile /Users/shizihan/DailyUse/Github/InkMarkdown/.scratch/architecture-deepening-2026-09-07/evidence/20260907-1415-ticket-27/consumer/DerivedData-InkMarkdownSwiftUIConsumer/Build/Intermediates.noindex/InkMarkdown.build/Debug-iphonesimulator/InkMarkdown.build/InkMarkdown.DependencyMetadataFileList (in target 'InkMarkdown' from project 'InkMarkdown')
    cd /Users/shizihan/DailyUse/Github/InkMarkdown
    write-file /Users/shizihan/DailyUse/Github/InkMarkdown/.scratch/architecture-deepening-2026-09-07/evidence/20260907-1415-ticket-27/consumer/DerivedData-InkMarkdownSwiftUIConsumer/Build/Intermediates.noindex/InkMarkdown.build/Debug-iphonesimulator/InkMarkdown.build/InkMarkdown.DependencyMetadataFileList

WriteAuxiliaryFile /Users/shizihan/DailyUse/Github/InkMarkdown/.scratch/architecture-deepening-2026-09-07/evidence/20260907-1415-ticket-27/consumer/DerivedData-InkMarkdownSwiftUIConsumer/Build/Intermediates.noindex/swift-markdown.build/Debug-iphonesimulator/CAtomic.build/CAtomic.DependencyStaticMetadataFileList (in target 'CAtomic' from project 'swift-markdown')
    cd /Users/shizihan/DailyUse/Github/InkMarkdown/Packages/Caches/swift-markdown
    write-file /Users/shizihan/DailyUse/Github/InkMarkdown/.scratch/architecture-deepening-2026-09-07/evidence/20260907-1415-ticket-27/consumer/DerivedData-InkMarkdownSwiftUIConsumer/Build/Intermediates.noindex/swift-markdown.build/Debug-iphonesimulator/CAtomic.build/CAtomic.DependencyStaticMetadataFileList

WriteAuxiliaryFile /Users/shizihan/DailyUse/Github/InkMarkdown/.scratch/architecture-deepening-2026-09-07/evidence/20260907-1415-ticket-27/consumer/DerivedData-InkMarkdownSwiftUIConsumer/Build/Intermediates.noindex/swift-markdown.build/Debug-iphonesimulator/CAtomic.build/Objects-normal/arm64/7187679823f38a2a940e0043cdf9d637-common-args.resp (in target 'CAtomic' from project 'swift-markdown')
    cd /Users/shizihan/DailyUse/Github/InkMarkdown/Packages/Caches/swift-markdown
    write-file /Users/shizihan/DailyUse/Github/InkMarkdown/.scratch/architecture-deepening-2026-09-07/evidence/20260907-1415-ticket-27/consumer/DerivedData-InkMarkdownSwiftUIConsumer/Build/Intermediates.noindex/swift-markdown.build/Debug-iphonesimulator/CAtomic.build/Objects-normal/arm64/7187679823f38a2a940e0043cdf9d637-common-args.resp
-fmodules -gmodules '-fmodules-cache-path=/Users/shizihan/DailyUse/Github/InkMarkdown/.scratch/architecture-deepening-2026-09-07/evidence/20260907-1415-ticket-27/consumer/DerivedData-InkMarkdownSwiftUIConsumer/ModuleCache.noindex' '-fmodule-name=CAtomic' -fpascal-strings -O0 -DSWIFT_PACKAGE '-DDEBUG=1' -g -I/Users/shizihan/DailyUse/Github/InkMarkdown/.scratch/architecture-deepening-2026-09-07/evidence/20260907-1415-ticket-27/consumer/DerivedData-InkMarkdownSwiftUIConsumer/Build/Products/Debug-iphonesimulator/include -I/Users/shizihan/DailyUse/Github/InkMarkdown/Packages/Caches/swift-markdown/Sources/CAtomic/include -I/Users/shizihan/DailyUse/Github/InkMarkdown/.scratch/architecture-deepening-2026-09-07/evidence/20260907-1415-ticket-27/consumer/DerivedData-InkMarkdownSwiftUIConsumer/Build/Intermediates.noindex/swift-markdown.build/Debug-iphonesimulator/CAtomic.build/DerivedSources-normal/arm64 -I/Users/shizihan/DailyUse/Github/InkMarkdown/.scratch/architecture-deepening-2026-09-07/evidence/20260907-1415-ticket-27/consumer/DerivedData-InkMarkdownSwiftUIConsumer/Build/Intermediates.noindex/swift-markdown.build/Debug-iphonesimulator/CAtomic.build/DerivedSources/arm64 -I/Users/shizihan/DailyUse/Github/InkMarkdown/.scratch/architecture-deepening-2026-09-07/evidence/20260907-1415-ticket-27/consumer/DerivedData-InkMarkdownSwiftUIConsumer/Build/Intermediates.noindex/swift-markdown.build/Debug-iphonesimulator/CAtomic.build/DerivedSources -F/Users/shizihan/DailyUse/Github/InkMarkdown/.scratch/architecture-deepening-2026-09-07/evidence/20260907-1415-ticket-27/consumer/DerivedData-InkMarkdownSwiftUIConsumer/Build/Products/Debug-iphonesimulator -iframework /Applications/Xcode.app/Contents/Developer/Platforms/iPhoneSimulator.platform/Developer/Library/Frameworks -iframework /Applications/Xcode.app/Contents/Developer/Platforms/iPhoneSimulator.platform/Developer/SDKs/iPhoneSimulator26.5.sdk/Developer/Library/Frameworks -DXcode

WriteAuxiliaryFile /Users/shizihan/DailyUse/Github/InkMarkdown/.scratch/architecture-deepening-2026-09-07/evidence/20260907-1415-ticket-27/consumer/DerivedData-InkMarkdownSwiftUIConsumer/Build/Intermediates.noindex/swift-markdown.build/Debug-iphonesimulator/CAtomic.build/Objects-normal/arm64/CAtomic.LinkFileList (in target 'CAtomic' from project 'swift-markdown')
    cd /Users/shizihan/DailyUse/Github/InkMarkdown/Packages/Caches/swift-markdown
    write-file /Users/shizihan/DailyUse/Github/InkMarkdown/.scratch/architecture-deepening-2026-09-07/evidence/20260907-1415-ticket-27/consumer/DerivedData-InkMarkdownSwiftUIConsumer/Build/Intermediates.noindex/swift-markdown.build/Debug-iphonesimulator/CAtomic.build/Objects-normal/arm64/CAtomic.LinkFileList

WriteAuxiliaryFile /Users/shizihan/DailyUse/Github/InkMarkdown/.scratch/architecture-deepening-2026-09-07/evidence/20260907-1415-ticket-27/consumer/DerivedData-InkMarkdownSwiftUIConsumer/Build/Intermediates.noindex/swift-markdown.build/Debug-iphonesimulator/CAtomic.build/CAtomic.DependencyMetadataFileList (in target 'CAtomic' from project 'swift-markdown')
    cd /Users/shizihan/DailyUse/Github/InkMarkdown/Packages/Caches/swift-markdown
    write-file /Users/shizihan/DailyUse/Github/InkMarkdown/.scratch/architecture-deepening-2026-09-07/evidence/20260907-1415-ticket-27/consumer/DerivedData-InkMarkdownSwiftUIConsumer/Build/Intermediates.noindex/swift-markdown.build/Debug-iphonesimulator/CAtomic.build/CAtomic.DependencyMetadataFileList

Copy /Users/shizihan/DailyUse/Github/InkMarkdown/.scratch/architecture-deepening-2026-09-07/evidence/20260907-1415-ticket-27/consumer/DerivedData-InkMarkdownSwiftUIConsumer/Build/Intermediates.noindex/GeneratedModuleMaps-iphonesimulator/InkMarkdown.modulemap /Users/shizihan/DailyUse/Github/InkMarkdown/.scratch/architecture-deepening-2026-09-07/evidence/20260907-1415-ticket-27/consumer/DerivedData-InkMarkdownSwiftUIConsumer/Build/Intermediates.noindex/InkMarkdown.build/Debug-iphonesimulator/InkMarkdown.build/InkMarkdown.modulemap (in target 'InkMarkdown' from project 'InkMarkdown')
    cd /Users/shizihan/DailyUse/Github/InkMarkdown
    builtin-copy -exclude .DS_Store -exclude CVS -exclude .svn -exclude .git -exclude .hg -resolve-src-symlinks /Users/shizihan/DailyUse/Github/InkMarkdown/.scratch/architecture-deepening-2026-09-07/evidence/20260907-1415-ticket-27/consumer/DerivedData-InkMarkdownSwiftUIConsumer/Build/Intermediates.noindex/InkMarkdown.build/Debug-iphonesimulator/InkMarkdown.build/InkMarkdown.modulemap /Users/shizihan/DailyUse/Github/InkMarkdown/.scratch/architecture-deepening-2026-09-07/evidence/20260907-1415-ticket-27/consumer/DerivedData-InkMarkdownSwiftUIConsumer/Build/Intermediates.noindex/GeneratedModuleMaps-iphonesimulator

ScanDependencies /Users/shizihan/DailyUse/Github/InkMarkdown/.scratch/architecture-deepening-2026-09-07/evidence/20260907-1415-ticket-27/consumer/DerivedData-InkMarkdownSwiftUIConsumer/Build/Intermediates.noindex/cmark-gfm.build/Debug-iphonesimulator/cmark-gfm.build/Objects-normal/arm64/utf8.o /Users/shizihan/DailyUse/Github/InkMarkdown/Packages/Caches/swift-cmark/src/utf8.c normal arm64 c com.apple.compilers.llvm.clang.1_0.compiler (in target 'cmark-gfm' from project 'cmark-gfm')
    cd /Users/shizihan/DailyUse/Github/InkMarkdown/.github/fixtures/consumer-smoke/.swiftpm/xcode
    
    Using response file: /Users/shizihan/DailyUse/Github/InkMarkdown/.scratch/architecture-deepening-2026-09-07/evidence/20260907-1415-ticket-27/consumer/DerivedData-InkMarkdownSwiftUIConsumer/Build/Intermediates.noindex/cmark-gfm.build/Debug-iphonesimulator/cmark-gfm.build/Objects-normal/arm64/7187679823f38a2a940e0043cdf9d637-common-args.resp
    
    builtin-ScanDependencies -o /Users/shizihan/DailyUse/Github/InkMarkdown/.scratch/architecture-deepening-2026-09-07/evidence/20260907-1415-ticket-27/consumer/DerivedData-InkMarkdownSwiftUIConsumer/Build/Intermediates.noindex/cmark-gfm.build/Debug-iphonesimulator/cmark-gfm.build/Objects-normal/arm64/utf8.o.scan -- /Applications/Xcode.app/Contents/Developer/Toolchains/XcodeDefault.xctoolchain/usr/bin/clang -x c -ivfsstatcache /Users/shizihan/DailyUse/Github/InkMarkdown/.scratch/architecture-deepening-2026-09-07/evidence/20260907-1415-ticket-27/consumer/DerivedData-InkMarkdownSwiftUIConsumer/SDKStatCaches.noindex/iphonesimulator26.5-23F81a-6cfe768891a92b912361537c460fe42b.sdkstatcache -target arm64-apple-ios12.0-simulator -fmessage-length\=0 -fdiagnostics-show-note-include-stack -fmacro-backtrace-limit\=0 -fno-color-diagnostics -fmodules-prune-interval\=86400 -fmodules-prune-after\=345600 -fbuild-session-file\=/Users/shizihan/DailyUse/Github/InkMarkdown/.scratch/architecture-deepening-2026-09-07/evidence/20260907-1415-ticket-27/consumer/DerivedData-InkMarkdownSwiftUIConsumer/ModuleCache.noindex/Session.modulevalidation -fmodules-validate-once-per-build-session -Wnon-modular-include-in-framework-module -Werror\=non-modular-include-in-framework-module -Wno-trigraphs -Wno-missing-field-initializers -Wno-missing-prototypes -Wno-return-type -Wno-missing-braces -Wparentheses -Wswitch -Wno-unused-function -Wno-unused-label -Wno-unused-parameter -Wno-unused-variable -Wunused-value -Wno-empty-body -Wno-uninitialized -Wno-unknown-pragmas -w -Wno-shadow -Wno-four-char-constants -Wno-conversion -Wno-constant-conversion -Wno-int-conversion -Wno-bool-conversion -Wno-enum-conversion -Wno-float-conversion -Wno-non-literal-null-conversion -Wno-objc-literal-conversion -Wshorten-64-to-32 -Wpointer-sign -Wno-newline-eof -Wno-implicit-fallthrough -isysroot /Applications/Xcode.app/Contents/Developer/Platforms/iPhoneSimulator.platform/Developer/SDKs/iPhoneSimulator26.5.sdk -fstrict-aliasing -Wdeprecated-declarations -Wno-sign-conversion -Wno-infinite-recursion -Wno-comma -Wno-block-capture-autoreleasing -Wno-strict-prototypes -Wno-semicolon-before-method-body -index-store-path /Users/shizihan/DailyUse/Github/InkMarkdown/.scratch/architecture-deepening-2026-09-07/evidence/20260907-1415-ticket-27/consumer/DerivedData-InkMarkdownSwiftUIConsumer/Index.noindex/DataStore @/Users/shizihan/DailyUse/Github/InkMarkdown/.scratch/architecture-deepening-2026-09-07/evidence/20260907-1415-ticket-27/consumer/DerivedData-InkMarkdownSwiftUIConsumer/Build/Intermediates.noindex/cmark-gfm.build/Debug-iphonesimulator/cmark-gfm.build/Objects-normal/arm64/7187679823f38a2a940e0043cdf9d637-common-args.resp -MMD -MT dependencies -MF /Users/shizihan/DailyUse/Github/InkMarkdown/.scratch/architecture-deepening-2026-09-07/evidence/20260907-1415-ticket-27/consumer/DerivedData-InkMarkdownSwiftUIConsumer/Build/Intermediates.noindex/cmark-gfm.build/Debug-iphonesimulator/cmark-gfm.build/Objects-normal/arm64/utf8.d --serialize-diagnostics /Users/shizihan/DailyUse/Github/InkMarkdown/.scratch/architecture-deepening-2026-09-07/evidence/20260907-1415-ticket-27/consumer/DerivedData-InkMarkdownSwiftUIConsumer/Build/Intermediates.noindex/cmark-gfm.build/Debug-iphonesimulator/cmark-gfm.build/Objects-normal/arm64/utf8.dia -c /Users/shizihan/DailyUse/Github/InkMarkdown/Packages/Caches/swift-cmark/src/utf8.c -o /Users/shizihan/DailyUse/Github/InkMarkdown/.scratch/architecture-deepening-2026-09-07/evidence/20260907-1415-ticket-27/consumer/DerivedData-InkMarkdownSwiftUIConsumer/Build/Intermediates.noindex/cmark-gfm.build/Debug-iphonesimulator/cmark-gfm.build/Objects-normal/arm64/utf8.o -index-unit-output-path /cmark-gfm.build/Debug-iphonesimulator/cmark-gfm.build/Objects-normal/arm64/utf8.o

ScanDependencies /Users/shizihan/DailyUse/Github/InkMarkdown/.scratch/architecture-deepening-2026-09-07/evidence/20260907-1415-ticket-27/consumer/DerivedData-InkMarkdownSwiftUIConsumer/Build/Intermediates.noindex/cmark-gfm.build/Debug-iphonesimulator/cmark-gfm.build/Objects-normal/arm64/xml.o /Users/shizihan/DailyUse/Github/InkMarkdown/Packages/Caches/swift-cmark/src/xml.c normal arm64 c com.apple.compilers.llvm.clang.1_0.compiler (in target 'cmark-gfm' from project 'cmark-gfm')
    cd /Users/shizihan/DailyUse/Github/InkMarkdown/.github/fixtures/consumer-smoke/.swiftpm/xcode
    
    Using response file: /Users/shizihan/DailyUse/Github/InkMarkdown/.scratch/architecture-deepening-2026-09-07/evidence/20260907-1415-ticket-27/consumer/DerivedData-InkMarkdownSwiftUIConsumer/Build/Intermediates.noindex/cmark-gfm.build/Debug-iphonesimulator/cmark-gfm.build/Objects-normal/arm64/7187679823f38a2a940e0043cdf9d637-common-args.resp
    
    builtin-ScanDependencies -o /Users/shizihan/DailyUse/Github/InkMarkdown/.scratch/architecture-deepening-2026-09-07/evidence/20260907-1415-ticket-27/consumer/DerivedData-InkMarkdownSwiftUIConsumer/Build/Intermediates.noindex/cmark-gfm.build/Debug-iphonesimulator/cmark-gfm.build/Objects-normal/arm64/xml.o.scan -- /Applications/Xcode.app/Contents/Developer/Toolchains/XcodeDefault.xctoolchain/usr/bin/clang -x c -ivfsstatcache /Users/shizihan/DailyUse/Github/InkMarkdown/.scratch/architecture-deepening-2026-09-07/evidence/20260907-1415-ticket-27/consumer/DerivedData-InkMarkdownSwiftUIConsumer/SDKStatCaches.noindex/iphonesimulator26.5-23F81a-6cfe768891a92b912361537c460fe42b.sdkstatcache -target arm64-apple-ios12.0-simulator -fmessage-length\=0 -fdiagnostics-show-note-include-stack -fmacro-backtrace-limit\=0 -fno-color-diagnostics -fmodules-prune-interval\=86400 -fmodules-prune-after\=345600 -fbuild-session-file\=/Users/shizihan/DailyUse/Github/InkMarkdown/.scratch/architecture-deepening-2026-09-07/evidence/20260907-1415-ticket-27/consumer/DerivedData-InkMarkdownSwiftUIConsumer/ModuleCache.noindex/Session.modulevalidation -fmodules-validate-once-per-build-session -Wnon-modular-include-in-framework-module -Werror\=non-modular-include-in-framework-module -Wno-trigraphs -Wno-missing-field-initializers -Wno-missing-prototypes -Wno-return-type -Wno-missing-braces -Wparentheses -Wswitch -Wno-unused-function -Wno-unused-label -Wno-unused-parameter -Wno-unused-variable -Wunused-value -Wno-empty-body -Wno-uninitialized -Wno-unknown-pragmas -w -Wno-shadow -Wno-four-char-constants -Wno-conversion -Wno-constant-conversion -Wno-int-conversion -Wno-bool-conversion -Wno-enum-conversion -Wno-float-conversion -Wno-non-literal-null-conversion -Wno-objc-literal-conversion -Wshorten-64-to-32 -Wpointer-sign -Wno-newline-eof -Wno-implicit-fallthrough -isysroot /Applications/Xcode.app/Contents/Developer/Platforms/iPhoneSimulator.platform/Developer/SDKs/iPhoneSimulator26.5.sdk -fstrict-aliasing -Wdeprecated-declarations -Wno-sign-conversion -Wno-infinite-recursion -Wno-comma -Wno-block-capture-autoreleasing -Wno-strict-prototypes -Wno-semicolon-before-method-body -index-store-path /Users/shizihan/DailyUse/Github/InkMarkdown/.scratch/architecture-deepening-2026-09-07/evidence/20260907-1415-ticket-27/consumer/DerivedData-InkMarkdownSwiftUIConsumer/Index.noindex/DataStore @/Users/shizihan/DailyUse/Github/InkMarkdown/.scratch/architecture-deepening-2026-09-07/evidence/20260907-1415-ticket-27/consumer/DerivedData-InkMarkdownSwiftUIConsumer/Build/Intermediates.noindex/cmark-gfm.build/Debug-iphonesimulator/cmark-gfm.build/Objects-normal/arm64/7187679823f38a2a940e0043cdf9d637-common-args.resp -MMD -MT dependencies -MF /Users/shizihan/DailyUse/Github/InkMarkdown/.scratch/architecture-deepening-2026-09-07/evidence/20260907-1415-ticket-27/consumer/DerivedData-InkMarkdownSwiftUIConsumer/Build/Intermediates.noindex/cmark-gfm.build/Debug-iphonesimulator/cmark-gfm.build/Objects-normal/arm64/xml.d --serialize-diagnostics /Users/shizihan/DailyUse/Github/InkMarkdown/.scratch/architecture-deepening-2026-09-07/evidence/20260907-1415-ticket-27/consumer/DerivedData-InkMarkdownSwiftUIConsumer/Build/Intermediates.noindex/cmark-gfm.build/Debug-iphonesimulator/cmark-gfm.build/Objects-normal/arm64/xml.dia -c /Users/shizihan/DailyUse/Github/InkMarkdown/Packages/Caches/swift-cmark/src/xml.c -o /Users/shizihan/DailyUse/Github/InkMarkdown/.scratch/architecture-deepening-2026-09-07/evidence/20260907-1415-ticket-27/consumer/DerivedData-InkMarkdownSwiftUIConsumer/Build/Intermediates.noindex/cmark-gfm.build/Debug-iphonesimulator/cmark-gfm.build/Objects-normal/arm64/xml.o -index-unit-output-path /cmark-gfm.build/Debug-iphonesimulator/cmark-gfm.build/Objects-normal/arm64/xml.o

ScanDependencies /Users/shizihan/DailyUse/Github/InkMarkdown/.scratch/architecture-deepening-2026-09-07/evidence/20260907-1415-ticket-27/consumer/DerivedData-InkMarkdownSwiftUIConsumer/Build/Intermediates.noindex/cmark-gfm.build/Debug-iphonesimulator/cmark-gfm.build/Objects-normal/arm64/syntax_extension.o /Users/shizihan/DailyUse/Github/InkMarkdown/Packages/Caches/swift-cmark/src/syntax_extension.c normal arm64 c com.apple.compilers.llvm.clang.1_0.compiler (in target 'cmark-gfm' from project 'cmark-gfm')
    cd /Users/shizihan/DailyUse/Github/InkMarkdown/.github/fixtures/consumer-smoke/.swiftpm/xcode
    
    Using response file: /Users/shizihan/DailyUse/Github/InkMarkdown/.scratch/architecture-deepening-2026-09-07/evidence/20260907-1415-ticket-27/consumer/DerivedData-InkMarkdownSwiftUIConsumer/Build/Intermediates.noindex/cmark-gfm.build/Debug-iphonesimulator/cmark-gfm.build/Objects-normal/arm64/7187679823f38a2a940e0043cdf9d637-common-args.resp
    
    builtin-ScanDependencies -o /Users/shizihan/DailyUse/Github/InkMarkdown/.scratch/architecture-deepening-2026-09-07/evidence/20260907-1415-ticket-27/consumer/DerivedData-InkMarkdownSwiftUIConsumer/Build/Intermediates.noindex/cmark-gfm.build/Debug-iphonesimulator/cmark-gfm.build/Objects-normal/arm64/syntax_extension.o.scan -- /Applications/Xcode.app/Contents/Developer/Toolchains/XcodeDefault.xctoolchain/usr/bin/clang -x c -ivfsstatcache /Users/shizihan/DailyUse/Github/InkMarkdown/.scratch/architecture-deepening-2026-09-07/evidence/20260907-1415-ticket-27/consumer/DerivedData-InkMarkdownSwiftUIConsumer/SDKStatCaches.noindex/iphonesimulator26.5-23F81a-6cfe768891a92b912361537c460fe42b.sdkstatcache -target arm64-apple-ios12.0-simulator -fmessage-length\=0 -fdiagnostics-show-note-include-stack -fmacro-backtrace-limit\=0 -fno-color-diagnostics -fmodules-prune-interval\=86400 -fmodules-prune-after\=345600 -fbuild-session-file\=/Users/shizihan/DailyUse/Github/InkMarkdown/.scratch/architecture-deepening-2026-09-07/evidence/20260907-1415-ticket-27/consumer/DerivedData-InkMarkdownSwiftUIConsumer/ModuleCache.noindex/Session.modulevalidation -fmodules-validate-once-per-build-session -Wnon-modular-include-in-framework-module -Werror\=non-modular-include-in-framework-module -Wno-trigraphs -Wno-missing-field-initializers -Wno-missing-prototypes -Wno-return-type -Wno-missing-braces -Wparentheses -Wswitch -Wno-unused-function -Wno-unused-label -Wno-unused-parameter -Wno-unused-variable -Wunused-value -Wno-empty-body -Wno-uninitialized -Wno-unknown-pragmas -w -Wno-shadow -Wno-four-char-constants -Wno-conversion -Wno-constant-conversion -Wno-int-conversion -Wno-bool-conversion -Wno-enum-conversion -Wno-float-conversion -Wno-non-literal-null-conversion -Wno-objc-literal-conversion -Wshorten-64-to-32 -Wpointer-sign -Wno-newline-eof -Wno-implicit-fallthrough -isysroot /Applications/Xcode.app/Contents/Developer/Platforms/iPhoneSimulator.platform/Developer/SDKs/iPhoneSimulator26.5.sdk -fstrict-aliasing -Wdeprecated-declarations -Wno-sign-conversion -Wno-infinite-recursion -Wno-comma -Wno-block-capture-autoreleasing -Wno-strict-prototypes -Wno-semicolon-before-method-body -index-store-path /Users/shizihan/DailyUse/Github/InkMarkdown/.scratch/architecture-deepening-2026-09-07/evidence/20260907-1415-ticket-27/consumer/DerivedData-InkMarkdownSwiftUIConsumer/Index.noindex/DataStore @/Users/shizihan/DailyUse/Github/InkMarkdown/.scratch/architecture-deepening-2026-09-07/evidence/20260907-1415-ticket-27/consumer/DerivedData-InkMarkdownSwiftUIConsumer/Build/Intermediates.noindex/cmark-gfm.build/Debug-iphonesimulator/cmark-gfm.build/Objects-normal/arm64/7187679823f38a2a940e0043cdf9d637-common-args.resp -MMD -MT dependencies -MF /Users/shizihan/DailyUse/Github/InkMarkdown/.scratch/architecture-deepening-2026-09-07/evidence/20260907-1415-ticket-27/consumer/DerivedData-InkMarkdownSwiftUIConsumer/Build/Intermediates.noindex/cmark-gfm.build/Debug-iphonesimulator/cmark-gfm.build/Objects-normal/arm64/syntax_extension.d --serialize-diagnostics /Users/shizihan/DailyUse/Github/InkMarkdown/.scratch/architecture-deepening-2026-09-07/evidence/20260907-1415-ticket-27/consumer/DerivedData-InkMarkdownSwiftUIConsumer/Build/Intermediates.noindex/cmark-gfm.build/Debug-iphonesimulator/cmark-gfm.build/Objects-normal/arm64/syntax_extension.dia -c /Users/shizihan/DailyUse/Github/InkMarkdown/Packages/Caches/swift-cmark/src/syntax_extension.c -o /Users/shizihan/DailyUse/Github/InkMarkdown/.scratch/architecture-deepening-2026-09-07/evidence/20260907-1415-ticket-27/consumer/DerivedData-InkMarkdownSwiftUIConsumer/Build/Intermediates.noindex/cmark-gfm.build/Debug-iphonesimulator/cmark-gfm.build/Objects-normal/arm64/syntax_extension.o -index-unit-output-path /cmark-gfm.build/Debug-iphonesimulator/cmark-gfm.build/Objects-normal/arm64/syntax_extension.o

ScanDependencies /Users/shizihan/DailyUse/Github/InkMarkdown/.scratch/architecture-deepening-2026-09-07/evidence/20260907-1415-ticket-27/consumer/DerivedData-InkMarkdownSwiftUIConsumer/Build/Intermediates.noindex/cmark-gfm.build/Debug-iphonesimulator/cmark-gfm.build/Objects-normal/arm64/references.o /Users/shizihan/DailyUse/Github/InkMarkdown/Packages/Caches/swift-cmark/src/references.c normal arm64 c com.apple.compilers.llvm.clang.1_0.compiler (in target 'cmark-gfm' from project 'cmark-gfm')
    cd /Users/shizihan/DailyUse/Github/InkMarkdown/.github/fixtures/consumer-smoke/.swiftpm/xcode
    
    Using response file: /Users/shizihan/DailyUse/Github/InkMarkdown/.scratch/architecture-deepening-2026-09-07/evidence/20260907-1415-ticket-27/consumer/DerivedData-InkMarkdownSwiftUIConsumer/Build/Intermediates.noindex/cmark-gfm.build/Debug-iphonesimulator/cmark-gfm.build/Objects-normal/arm64/7187679823f38a2a940e0043cdf9d637-common-args.resp
    
    builtin-ScanDependencies -o /Users/shizihan/DailyUse/Github/InkMarkdown/.scratch/architecture-deepening-2026-09-07/evidence/20260907-1415-ticket-27/consumer/DerivedData-InkMarkdownSwiftUIConsumer/Build/Intermediates.noindex/cmark-gfm.build/Debug-iphonesimulator/cmark-gfm.build/Objects-normal/arm64/references.o.scan -- /Applications/Xcode.app/Contents/Developer/Toolchains/XcodeDefault.xctoolchain/usr/bin/clang -x c -ivfsstatcache /Users/shizihan/DailyUse/Github/InkMarkdown/.scratch/architecture-deepening-2026-09-07/evidence/20260907-1415-ticket-27/consumer/DerivedData-InkMarkdownSwiftUIConsumer/SDKStatCaches.noindex/iphonesimulator26.5-23F81a-6cfe768891a92b912361537c460fe42b.sdkstatcache -target arm64-apple-ios12.0-simulator -fmessage-length\=0 -fdiagnostics-show-note-include-stack -fmacro-backtrace-limit\=0 -fno-color-diagnostics -fmodules-prune-interval\=86400 -fmodules-prune-after\=345600 -fbuild-session-file\=/Users/shizihan/DailyUse/Github/InkMarkdown/.scratch/architecture-deepening-2026-09-07/evidence/20260907-1415-ticket-27/consumer/DerivedData-InkMarkdownSwiftUIConsumer/ModuleCache.noindex/Session.modulevalidation -fmodules-validate-once-per-build-session -Wnon-modular-include-in-framework-module -Werror\=non-modular-include-in-framework-module -Wno-trigraphs -Wno-missing-field-initializers -Wno-missing-prototypes -Wno-return-type -Wno-missing-braces -Wparentheses -Wswitch -Wno-unused-function -Wno-unused-label -Wno-unused-parameter -Wno-unused-variable -Wunused-value -Wno-empty-body -Wno-uninitialized -Wno-unknown-pragmas -w -Wno-shadow -Wno-four-char-constants -Wno-conversion -Wno-constant-conversion -Wno-int-conversion -Wno-bool-conversion -Wno-enum-conversion -Wno-float-conversion -Wno-non-literal-null-conversion -Wno-objc-literal-conversion -Wshorten-64-to-32 -Wpointer-sign -Wno-newline-eof -Wno-implicit-fallthrough -isysroot /Applications/Xcode.app/Contents/Developer/Platforms/iPhoneSimulator.platform/Developer/SDKs/iPhoneSimulator26.5.sdk -fstrict-aliasing -Wdeprecated-declarations -Wno-sign-conversion -Wno-infinite-recursion -Wno-comma -Wno-block-capture-autoreleasing -Wno-strict-prototypes -Wno-semicolon-before-method-body -index-store-path /Users/shizihan/DailyUse/Github/InkMarkdown/.scratch/architecture-deepening-2026-09-07/evidence/20260907-1415-ticket-27/consumer/DerivedData-InkMarkdownSwiftUIConsumer/Index.noindex/DataStore @/Users/shizihan/DailyUse/Github/InkMarkdown/.scratch/architecture-deepening-2026-09-07/evidence/20260907-1415-ticket-27/consumer/DerivedData-InkMarkdownSwiftUIConsumer/Build/Intermediates.noindex/cmark-gfm.build/Debug-iphonesimulator/cmark-gfm.build/Objects-normal/arm64/7187679823f38a2a940e0043cdf9d637-common-args.resp -MMD -MT dependencies -MF /Users/shizihan/DailyUse/Github/InkMarkdown/.scratch/architecture-deepening-2026-09-07/evidence/20260907-1415-ticket-27/consumer/DerivedData-InkMarkdownSwiftUIConsumer/Build/Intermediates.noindex/cmark-gfm.build/Debug-iphonesimulator/cmark-gfm.build/Objects-normal/arm64/references.d --serialize-diagnostics /Users/shizihan/DailyUse/Github/InkMarkdown/.scratch/architecture-deepening-2026-09-07/evidence/20260907-1415-ticket-27/consumer/DerivedData-InkMarkdownSwiftUIConsumer/Build/Intermediates.noindex/cmark-gfm.build/Debug-iphonesimulator/cmark-gfm.build/Objects-normal/arm64/references.dia -c /Users/shizihan/DailyUse/Github/InkMarkdown/Packages/Caches/swift-cmark/src/references.c -o /Users/shizihan/DailyUse/Github/InkMarkdown/.scratch/architecture-deepening-2026-09-07/evidence/20260907-1415-ticket-27/consumer/DerivedData-InkMarkdownSwiftUIConsumer/Build/Intermediates.noindex/cmark-gfm.build/Debug-iphonesimulator/cmark-gfm.build/Objects-normal/arm64/references.o -index-unit-output-path /cmark-gfm.build/Debug-iphonesimulator/cmark-gfm.build/Objects-normal/arm64/references.o

ScanDependencies /Users/shizihan/DailyUse/Github/InkMarkdown/.scratch/architecture-deepening-2026-09-07/evidence/20260907-1415-ticket-27/consumer/DerivedData-InkMarkdownSwiftUIConsumer/Build/Intermediates.noindex/cmark-gfm.build/Debug-iphonesimulator/cmark-gfm.build/Objects-normal/arm64/scanners.o /Users/shizihan/DailyUse/Github/InkMarkdown/Packages/Caches/swift-cmark/src/scanners.c normal arm64 c com.apple.compilers.llvm.clang.1_0.compiler (in target 'cmark-gfm' from project 'cmark-gfm')
    cd /Users/shizihan/DailyUse/Github/InkMarkdown/.github/fixtures/consumer-smoke/.swiftpm/xcode
    
    Using response file: /Users/shizihan/DailyUse/Github/InkMarkdown/.scratch/architecture-deepening-2026-09-07/evidence/20260907-1415-ticket-27/consumer/DerivedData-InkMarkdownSwiftUIConsumer/Build/Intermediates.noindex/cmark-gfm.build/Debug-iphonesimulator/cmark-gfm.build/Objects-normal/arm64/7187679823f38a2a940e0043cdf9d637-common-args.resp
    
    builtin-ScanDependencies -o /Users/shizihan/DailyUse/Github/InkMarkdown/.scratch/architecture-deepening-2026-09-07/evidence/20260907-1415-ticket-27/consumer/DerivedData-InkMarkdownSwiftUIConsumer/Build/Intermediates.noindex/cmark-gfm.build/Debug-iphonesimulator/cmark-gfm.build/Objects-normal/arm64/scanners.o.scan -- /Applications/Xcode.app/Contents/Developer/Toolchains/XcodeDefault.xctoolchain/usr/bin/clang -x c -ivfsstatcache /Users/shizihan/DailyUse/Github/InkMarkdown/.scratch/architecture-deepening-2026-09-07/evidence/20260907-1415-ticket-27/consumer/DerivedData-InkMarkdownSwiftUIConsumer/SDKStatCaches.noindex/iphonesimulator26.5-23F81a-6cfe768891a92b912361537c460fe42b.sdkstatcache -target arm64-apple-ios12.0-simulator -fmessage-length\=0 -fdiagnostics-show-note-include-stack -fmacro-backtrace-limit\=0 -fno-color-diagnostics -fmodules-prune-interval\=86400 -fmodules-prune-after\=345600 -fbuild-session-file\=/Users/shizihan/DailyUse/Github/InkMarkdown/.scratch/architecture-deepening-2026-09-07/evidence/20260907-1415-ticket-27/consumer/DerivedData-InkMarkdownSwiftUIConsumer/ModuleCache.noindex/Session.modulevalidation -fmodules-validate-once-per-build-session -Wnon-modular-include-in-framework-module -Werror\=non-modular-include-in-framework-module -Wno-trigraphs -Wno-missing-field-initializers -Wno-missing-prototypes -Wno-return-type -Wno-missing-braces -Wparentheses -Wswitch -Wno-unused-function -Wno-unused-label -Wno-unused-parameter -Wno-unused-variable -Wunused-value -Wno-empty-body -Wno-uninitialized -Wno-unknown-pragmas -w -Wno-shadow -Wno-four-char-constants -Wno-conversion -Wno-constant-conversion -Wno-int-conversion -Wno-bool-conversion -Wno-enum-conversion -Wno-float-conversion -Wno-non-literal-null-conversion -Wno-objc-literal-conversion -Wshorten-64-to-32 -Wpointer-sign -Wno-newline-eof -Wno-implicit-fallthrough -isysroot /Applications/Xcode.app/Contents/Developer/Platforms/iPhoneSimulator.platform/Developer/SDKs/iPhoneSimulator26.5.sdk -fstrict-aliasing -Wdeprecated-declarations -Wno-sign-conversion -Wno-infinite-recursion -Wno-comma -Wno-block-capture-autoreleasing -Wno-strict-prototypes -Wno-semicolon-before-method-body -index-store-path /Users/shizihan/DailyUse/Github/InkMarkdown/.scratch/architecture-deepening-2026-09-07/evidence/20260907-1415-ticket-27/consumer/DerivedData-InkMarkdownSwiftUIConsumer/Index.noindex/DataStore @/Users/shizihan/DailyUse/Github/InkMarkdown/.scratch/architecture-deepening-2026-09-07/evidence/20260907-1415-ticket-27/consumer/DerivedData-InkMarkdownSwiftUIConsumer/Build/Intermediates.noindex/cmark-gfm.build/Debug-iphonesimulator/cmark-gfm.build/Objects-normal/arm64/7187679823f38a2a940e0043cdf9d637-common-args.resp -MMD -MT dependencies -MF /Users/shizihan/DailyUse/Github/InkMarkdown/.scratch/architecture-deepening-2026-09-07/evidence/20260907-1415-ticket-27/consumer/DerivedData-InkMarkdownSwiftUIConsumer/Build/Intermediates.noindex/cmark-gfm.build/Debug-iphonesimulator/cmark-gfm.build/Objects-normal/arm64/scanners.d --serialize-diagnostics /Users/shizihan/DailyUse/Github/InkMarkdown/.scratch/architecture-deepening-2026-09-07/evidence/20260907-1415-ticket-27/consumer/DerivedData-InkMarkdownSwiftUIConsumer/Build/Intermediates.noindex/cmark-gfm.build/Debug-iphonesimulator/cmark-gfm.build/Objects-normal/arm64/scanners.dia -c /Users/shizihan/DailyUse/Github/InkMarkdown/Packages/Caches/swift-cmark/src/scanners.c -o /Users/shizihan/DailyUse/Github/InkMarkdown/.scratch/architecture-deepening-2026-09-07/evidence/20260907-1415-ticket-27/consumer/DerivedData-InkMarkdownSwiftUIConsumer/Build/Intermediates.noindex/cmark-gfm.build/Debug-iphonesimulator/cmark-gfm.build/Objects-normal/arm64/scanners.o -index-unit-output-path /cmark-gfm.build/Debug-iphonesimulator/cmark-gfm.build/Objects-normal/arm64/scanners.o

ScanDependencies /Users/shizihan/DailyUse/Github/InkMarkdown/.scratch/architecture-deepening-2026-09-07/evidence/20260907-1415-ticket-27/consumer/DerivedData-InkMarkdownSwiftUIConsumer/Build/Intermediates.noindex/cmark-gfm.build/Debug-iphonesimulator/cmark-gfm.build/Objects-normal/arm64/plugin.o /Users/shizihan/DailyUse/Github/InkMarkdown/Packages/Caches/swift-cmark/src/plugin.c normal arm64 c com.apple.compilers.llvm.clang.1_0.compiler (in target 'cmark-gfm' from project 'cmark-gfm')
    cd /Users/shizihan/DailyUse/Github/InkMarkdown/.github/fixtures/consumer-smoke/.swiftpm/xcode
    
    Using response file: /Users/shizihan/DailyUse/Github/InkMarkdown/.scratch/architecture-deepening-2026-09-07/evidence/20260907-1415-ticket-27/consumer/DerivedData-InkMarkdownSwiftUIConsumer/Build/Intermediates.noindex/cmark-gfm.build/Debug-iphonesimulator/cmark-gfm.build/Objects-normal/arm64/7187679823f38a2a940e0043cdf9d637-common-args.resp
    
    builtin-ScanDependencies -o /Users/shizihan/DailyUse/Github/InkMarkdown/.scratch/architecture-deepening-2026-09-07/evidence/20260907-1415-ticket-27/consumer/DerivedData-InkMarkdownSwiftUIConsumer/Build/Intermediates.noindex/cmark-gfm.build/Debug-iphonesimulator/cmark-gfm.build/Objects-normal/arm64/plugin.o.scan -- /Applications/Xcode.app/Contents/Developer/Toolchains/XcodeDefault.xctoolchain/usr/bin/clang -x c -ivfsstatcache /Users/shizihan/DailyUse/Github/InkMarkdown/.scratch/architecture-deepening-2026-09-07/evidence/20260907-1415-ticket-27/consumer/DerivedData-InkMarkdownSwiftUIConsumer/SDKStatCaches.noindex/iphonesimulator26.5-23F81a-6cfe768891a92b912361537c460fe42b.sdkstatcache -target arm64-apple-ios12.0-simulator -fmessage-length\=0 -fdiagnostics-show-note-include-stack -fmacro-backtrace-limit\=0 -fno-color-diagnostics -fmodules-prune-interval\=86400 -fmodules-prune-after\=345600 -fbuild-session-file\=/Users/shizihan/DailyUse/Github/InkMarkdown/.scratch/architecture-deepening-2026-09-07/evidence/20260907-1415-ticket-27/consumer/DerivedData-InkMarkdownSwiftUIConsumer/ModuleCache.noindex/Session.modulevalidation -fmodules-validate-once-per-build-session -Wnon-modular-include-in-framework-module -Werror\=non-modular-include-in-framework-module -Wno-trigraphs -Wno-missing-field-initializers -Wno-missing-prototypes -Wno-return-type -Wno-missing-braces -Wparentheses -Wswitch -Wno-unused-function -Wno-unused-label -Wno-unused-parameter -Wno-unused-variable -Wunused-value -Wno-empty-body -Wno-uninitialized -Wno-unknown-pragmas -w -Wno-shadow -Wno-four-char-constants -Wno-conversion -Wno-constant-conversion -Wno-int-conversion -Wno-bool-conversion -Wno-enum-conversion -Wno-float-conversion -Wno-non-literal-null-conversion -Wno-objc-literal-conversion -Wshorten-64-to-32 -Wpointer-sign -Wno-newline-eof -Wno-implicit-fallthrough -isysroot /Applications/Xcode.app/Contents/Developer/Platforms/iPhoneSimulator.platform/Developer/SDKs/iPhoneSimulator26.5.sdk -fstrict-aliasing -Wdeprecated-declarations -Wno-sign-conversion -Wno-infinite-recursion -Wno-comma -Wno-block-capture-autoreleasing -Wno-strict-prototypes -Wno-semicolon-before-method-body -index-store-path /Users/shizihan/DailyUse/Github/InkMarkdown/.scratch/architecture-deepening-2026-09-07/evidence/20260907-1415-ticket-27/consumer/DerivedData-InkMarkdownSwiftUIConsumer/Index.noindex/DataStore @/Users/shizihan/DailyUse/Github/InkMarkdown/.scratch/architecture-deepening-2026-09-07/evidence/20260907-1415-ticket-27/consumer/DerivedData-InkMarkdownSwiftUIConsumer/Build/Intermediates.noindex/cmark-gfm.build/Debug-iphonesimulator/cmark-gfm.build/Objects-normal/arm64/7187679823f38a2a940e0043cdf9d637-common-args.resp -MMD -MT dependencies -MF /Users/shizihan/DailyUse/Github/InkMarkdown/.scratch/architecture-deepening-2026-09-07/evidence/20260907-1415-ticket-27/consumer/DerivedData-InkMarkdownSwiftUIConsumer/Build/Intermediates.noindex/cmark-gfm.build/Debug-iphonesimulator/cmark-gfm.build/Objects-normal/arm64/plugin.d --serialize-diagnostics /Users/shizihan/DailyUse/Github/InkMarkdown/.scratch/architecture-deepening-2026-09-07/evidence/20260907-1415-ticket-27/consumer/DerivedData-InkMarkdownSwiftUIConsumer/Build/Intermediates.noindex/cmark-gfm.build/Debug-iphonesimulator/cmark-gfm.build/Objects-normal/arm64/plugin.dia -c /Users/shizihan/DailyUse/Github/InkMarkdown/Packages/Caches/swift-cmark/src/plugin.c -o /Users/shizihan/DailyUse/Github/InkMarkdown/.scratch/architecture-deepening-2026-09-07/evidence/20260907-1415-ticket-27/consumer/DerivedData-InkMarkdownSwiftUIConsumer/Build/Intermediates.noindex/cmark-gfm.build/Debug-iphonesimulator/cmark-gfm.build/Objects-normal/arm64/plugin.o -index-unit-output-path /cmark-gfm.build/Debug-iphonesimulator/cmark-gfm.build/Objects-normal/arm64/plugin.o

ScanDependencies /Users/shizihan/DailyUse/Github/InkMarkdown/.scratch/architecture-deepening-2026-09-07/evidence/20260907-1415-ticket-27/consumer/DerivedData-InkMarkdownSwiftUIConsumer/Build/Intermediates.noindex/cmark-gfm.build/Debug-iphonesimulator/cmark-gfm.build/Objects-normal/arm64/render.o /Users/shizihan/DailyUse/Github/InkMarkdown/Packages/Caches/swift-cmark/src/render.c normal arm64 c com.apple.compilers.llvm.clang.1_0.compiler (in target 'cmark-gfm' from project 'cmark-gfm')
    cd /Users/shizihan/DailyUse/Github/InkMarkdown/.github/fixtures/consumer-smoke/.swiftpm/xcode
    
    Using response file: /Users/shizihan/DailyUse/Github/InkMarkdown/.scratch/architecture-deepening-2026-09-07/evidence/20260907-1415-ticket-27/consumer/DerivedData-InkMarkdownSwiftUIConsumer/Build/Intermediates.noindex/cmark-gfm.build/Debug-iphonesimulator/cmark-gfm.build/Objects-normal/arm64/7187679823f38a2a940e0043cdf9d637-common-args.resp
    
    builtin-ScanDependencies -o /Users/shizihan/DailyUse/Github/InkMarkdown/.scratch/architecture-deepening-2026-09-07/evidence/20260907-1415-ticket-27/consumer/DerivedData-InkMarkdownSwiftUIConsumer/Build/Intermediates.noindex/cmark-gfm.build/Debug-iphonesimulator/cmark-gfm.build/Objects-normal/arm64/render.o.scan -- /Applications/Xcode.app/Contents/Developer/Toolchains/XcodeDefault.xctoolchain/usr/bin/clang -x c -ivfsstatcache /Users/shizihan/DailyUse/Github/InkMarkdown/.scratch/architecture-deepening-2026-09-07/evidence/20260907-1415-ticket-27/consumer/DerivedData-InkMarkdownSwiftUIConsumer/SDKStatCaches.noindex/iphonesimulator26.5-23F81a-6cfe768891a92b912361537c460fe42b.sdkstatcache -target arm64-apple-ios12.0-simulator -fmessage-length\=0 -fdiagnostics-show-note-include-stack -fmacro-backtrace-limit\=0 -fno-color-diagnostics -fmodules-prune-interval\=86400 -fmodules-prune-after\=345600 -fbuild-session-file\=/Users/shizihan/DailyUse/Github/InkMarkdown/.scratch/architecture-deepening-2026-09-07/evidence/20260907-1415-ticket-27/consumer/DerivedData-InkMarkdownSwiftUIConsumer/ModuleCache.noindex/Session.modulevalidation -fmodules-validate-once-per-build-session -Wnon-modular-include-in-framework-module -Werror\=non-modular-include-in-framework-module -Wno-trigraphs -Wno-missing-field-initializers -Wno-missing-prototypes -Wno-return-type -Wno-missing-braces -Wparentheses -Wswitch -Wno-unused-function -Wno-unused-label -Wno-unused-parameter -Wno-unused-variable -Wunused-value -Wno-empty-body -Wno-uninitialized -Wno-unknown-pragmas -w -Wno-shadow -Wno-four-char-constants -Wno-conversion -Wno-constant-conversion -Wno-int-conversion -Wno-bool-conversion -Wno-enum-conversion -Wno-float-conversion -Wno-non-literal-null-conversion -Wno-objc-literal-conversion -Wshorten-64-to-32 -Wpointer-sign -Wno-newline-eof -Wno-implicit-fallthrough -isysroot /Applications/Xcode.app/Contents/Developer/Platforms/iPhoneSimulator.platform/Developer/SDKs/iPhoneSimulator26.5.sdk -fstrict-aliasing -Wdeprecated-declarations -Wno-sign-conversion -Wno-infinite-recursion -Wno-comma -Wno-block-capture-autoreleasing -Wno-strict-prototypes -Wno-semicolon-before-method-body -index-store-path /Users/shizihan/DailyUse/Github/InkMarkdown/.scratch/architecture-deepening-2026-09-07/evidence/20260907-1415-ticket-27/consumer/DerivedData-InkMarkdownSwiftUIConsumer/Index.noindex/DataStore @/Users/shizihan/DailyUse/Github/InkMarkdown/.scratch/architecture-deepening-2026-09-07/evidence/20260907-1415-ticket-27/consumer/DerivedData-InkMarkdownSwiftUIConsumer/Build/Intermediates.noindex/cmark-gfm.build/Debug-iphonesimulator/cmark-gfm.build/Objects-normal/arm64/7187679823f38a2a940e0043cdf9d637-common-args.resp -MMD -MT dependencies -MF /Users/shizihan/DailyUse/Github/InkMarkdown/.scratch/architecture-deepening-2026-09-07/evidence/20260907-1415-ticket-27/consumer/DerivedData-InkMarkdownSwiftUIConsumer/Build/Intermediates.noindex/cmark-gfm.build/Debug-iphonesimulator/cmark-gfm.build/Objects-normal/arm64/render.d --serialize-diagnostics /Users/shizihan/DailyUse/Github/InkMarkdown/.scratch/architecture-deepening-2026-09-07/evidence/20260907-1415-ticket-27/consumer/DerivedData-InkMarkdownSwiftUIConsumer/Build/Intermediates.noindex/cmark-gfm.build/Debug-iphonesimulator/cmark-gfm.build/Objects-normal/arm64/render.dia -c /Users/shizihan/DailyUse/Github/InkMarkdown/Packages/Caches/swift-cmark/src/render.c -o /Users/shizihan/DailyUse/Github/InkMarkdown/.scratch/architecture-deepening-2026-09-07/evidence/20260907-1415-ticket-27/consumer/DerivedData-InkMarkdownSwiftUIConsumer/Build/Intermediates.noindex/cmark-gfm.build/Debug-iphonesimulator/cmark-gfm.build/Objects-normal/arm64/render.o -index-unit-output-path /cmark-gfm.build/Debug-iphonesimulator/cmark-gfm.build/Objects-normal/arm64/render.o

ScanDependencies /Users/shizihan/DailyUse/Github/InkMarkdown/.scratch/architecture-deepening-2026-09-07/evidence/20260907-1415-ticket-27/consumer/DerivedData-InkMarkdownSwiftUIConsumer/Build/Intermediates.noindex/cmark-gfm.build/Debug-iphonesimulator/cmark-gfm.build/Objects-normal/arm64/registry.o /Users/shizihan/DailyUse/Github/InkMarkdown/Packages/Caches/swift-cmark/src/registry.c normal arm64 c com.apple.compilers.llvm.clang.1_0.compiler (in target 'cmark-gfm' from project 'cmark-gfm')
    cd /Users/shizihan/DailyUse/Github/InkMarkdown/.github/fixtures/consumer-smoke/.swiftpm/xcode
    
    Using response file: /Users/shizihan/DailyUse/Github/InkMarkdown/.scratch/architecture-deepening-2026-09-07/evidence/20260907-1415-ticket-27/consumer/DerivedData-InkMarkdownSwiftUIConsumer/Build/Intermediates.noindex/cmark-gfm.build/Debug-iphonesimulator/cmark-gfm.build/Objects-normal/arm64/7187679823f38a2a940e0043cdf9d637-common-args.resp
    
    builtin-ScanDependencies -o /Users/shizihan/DailyUse/Github/InkMarkdown/.scratch/architecture-deepening-2026-09-07/evidence/20260907-1415-ticket-27/consumer/DerivedData-InkMarkdownSwiftUIConsumer/Build/Intermediates.noindex/cmark-gfm.build/Debug-iphonesimulator/cmark-gfm.build/Objects-normal/arm64/registry.o.scan -- /Applications/Xcode.app/Contents/Developer/Toolchains/XcodeDefault.xctoolchain/usr/bin/clang -x c -ivfsstatcache /Users/shizihan/DailyUse/Github/InkMarkdown/.scratch/architecture-deepening-2026-09-07/evidence/20260907-1415-ticket-27/consumer/DerivedData-InkMarkdownSwiftUIConsumer/SDKStatCaches.noindex/iphonesimulator26.5-23F81a-6cfe768891a92b912361537c460fe42b.sdkstatcache -target arm64-apple-ios12.0-simulator -fmessage-length\=0 -fdiagnostics-show-note-include-stack -fmacro-backtrace-limit\=0 -fno-color-diagnostics -fmodules-prune-interval\=86400 -fmodules-prune-after\=345600 -fbuild-session-file\=/Users/shizihan/DailyUse/Github/InkMarkdown/.scratch/architecture-deepening-2026-09-07/evidence/20260907-1415-ticket-27/consumer/DerivedData-InkMarkdownSwiftUIConsumer/ModuleCache.noindex/Session.modulevalidation -fmodules-validate-once-per-build-session -Wnon-modular-include-in-framework-module -Werror\=non-modular-include-in-framework-module -Wno-trigraphs -Wno-missing-field-initializers -Wno-missing-prototypes -Wno-return-type -Wno-missing-braces -Wparentheses -Wswitch -Wno-unused-function -Wno-unused-label -Wno-unused-parameter -Wno-unused-variable -Wunused-value -Wno-empty-body -Wno-uninitialized -Wno-unknown-pragmas -w -Wno-shadow -Wno-four-char-constants -Wno-conversion -Wno-constant-conversion -Wno-int-conversion -Wno-bool-conversion -Wno-enum-conversion -Wno-float-conversion -Wno-non-literal-null-conversion -Wno-objc-literal-conversion -Wshorten-64-to-32 -Wpointer-sign -Wno-newline-eof -Wno-implicit-fallthrough -isysroot /Applications/Xcode.app/Contents/Developer/Platforms/iPhoneSimulator.platform/Developer/SDKs/iPhoneSimulator26.5.sdk -fstrict-aliasing -Wdeprecated-declarations -Wno-sign-conversion -Wno-infinite-recursion -Wno-comma -Wno-block-capture-autoreleasing -Wno-strict-prototypes -Wno-semicolon-before-method-body -index-store-path /Users/shizihan/DailyUse/Github/InkMarkdown/.scratch/architecture-deepening-2026-09-07/evidence/20260907-1415-ticket-27/consumer/DerivedData-InkMarkdownSwiftUIConsumer/Index.noindex/DataStore @/Users/shizihan/DailyUse/Github/InkMarkdown/.scratch/architecture-deepening-2026-09-07/evidence/20260907-1415-ticket-27/consumer/DerivedData-InkMarkdownSwiftUIConsumer/Build/Intermediates.noindex/cmark-gfm.build/Debug-iphonesimulator/cmark-gfm.build/Objects-normal/arm64/7187679823f38a2a940e0043cdf9d637-common-args.resp -MMD -MT dependencies -MF /Users/shizihan/DailyUse/Github/InkMarkdown/.scratch/architecture-deepening-2026-09-07/evidence/20260907-1415-ticket-27/consumer/DerivedData-InkMarkdownSwiftUIConsumer/Build/Intermediates.noindex/cmark-gfm.build/Debug-iphonesimulator/cmark-gfm.build/Objects-normal/arm64/registry.d --serialize-diagnostics /Users/shizihan/DailyUse/Github/InkMarkdown/.scratch/architecture-deepening-2026-09-07/evidence/20260907-1415-ticket-27/consumer/DerivedData-InkMarkdownSwiftUIConsumer/Build/Intermediates.noindex/cmark-gfm.build/Debug-iphonesimulator/cmark-gfm.build/Objects-normal/arm64/registry.dia -c /Users/shizihan/DailyUse/Github/InkMarkdown/Packages/Caches/swift-cmark/src/registry.c -o /Users/shizihan/DailyUse/Github/InkMarkdown/.scratch/architecture-deepening-2026-09-07/evidence/20260907-1415-ticket-27/consumer/DerivedData-InkMarkdownSwiftUIConsumer/Build/Intermediates.noindex/cmark-gfm.build/Debug-iphonesimulator/cmark-gfm.build/Objects-normal/arm64/registry.o -index-unit-output-path /cmark-gfm.build/Debug-iphonesimulator/cmark-gfm.build/Objects-normal/arm64/registry.o

SwiftDriver Markdown normal arm64 com.apple.xcode.tools.swift.compiler (in target 'Markdown' from project 'swift-markdown')
    cd /Users/shizihan/DailyUse/Github/InkMarkdown/.github/fixtures/consumer-smoke/.swiftpm/xcode
    builtin-SwiftDriver -- /Applications/Xcode.app/Contents/Developer/Toolchains/XcodeDefault.xctoolchain/usr/bin/swiftc -module-name Markdown -Onone @/Users/shizihan/DailyUse/Github/InkMarkdown/.scratch/architecture-deepening-2026-09-07/evidence/20260907-1415-ticket-27/consumer/DerivedData-InkMarkdownSwiftUIConsumer/Build/Intermediates.noindex/swift-markdown.build/Debug-iphonesimulator/Markdown.build/Objects-normal/arm64/Markdown.SwiftFileList -DSWIFT_PACKAGE -DDEBUG -DSWIFT_MODULE_RESOURCE_BUNDLE_UNAVAILABLE -DXcode -plugin-path /Applications/Xcode.app/Contents/Developer/Toolchains/XcodeDefault.xctoolchain/usr/lib/swift/host/plugins/testing -enable-experimental-feature DebugDescriptionMacro -sdk /Applications/Xcode.app/Contents/Developer/Platforms/iPhoneSimulator.platform/Developer/SDKs/iPhoneSimulator26.5.sdk -target arm64-apple-ios12.0-simulator -g -module-cache-path /Users/shizihan/DailyUse/Github/InkMarkdown/.scratch/architecture-deepening-2026-09-07/evidence/20260907-1415-ticket-27/consumer/DerivedData-InkMarkdownSwiftUIConsumer/ModuleCache.noindex -Xfrontend -serialize-debugging-options -enable-testing -suppress-warnings -index-store-path /Users/shizihan/DailyUse/Github/InkMarkdown/.scratch/architecture-deepening-2026-09-07/evidence/20260907-1415-ticket-27/consumer/DerivedData-InkMarkdownSwiftUIConsumer/Index.noindex/DataStore -Xcc -D_LIBCPP_HARDENING_MODE\=_LIBCPP_HARDENING_MODE_DEBUG -swift-version 5 -I /Users/shizihan/DailyUse/Github/InkMarkdown/.scratch/architecture-deepening-2026-09-07/evidence/20260907-1415-ticket-27/consumer/DerivedData-InkMarkdownSwiftUIConsumer/Build/Products/Debug-iphonesimulator -Isystem /Applications/Xcode.app/Contents/Developer/Platforms/iPhoneSimulator.platform/Developer/usr/lib -F /Users/shizihan/DailyUse/Github/InkMarkdown/.scratch/architecture-deepening-2026-09-07/evidence/20260907-1415-ticket-27/consumer/DerivedData-InkMarkdownSwiftUIConsumer/Build/Products/Debug-iphonesimulator/PackageFrameworks -F /Users/shizihan/DailyUse/Github/InkMarkdown/.scratch/architecture-deepening-2026-09-07/evidence/20260907-1415-ticket-27/consumer/DerivedData-InkMarkdownSwiftUIConsumer/Build/Products/Debug-iphonesimulator/PackageFrameworks -F /Users/shizihan/DailyUse/Github/InkMarkdown/.scratch/architecture-deepening-2026-09-07/evidence/20260907-1415-ticket-27/consumer/DerivedData-InkMarkdownSwiftUIConsumer/Build/Products/Debug-iphonesimulator/PackageFrameworks -F /Users/shizihan/DailyUse/Github/InkMarkdown/.scratch/architecture-deepening-2026-09-07/evidence/20260907-1415-ticket-27/consumer/DerivedData-InkMarkdownSwiftUIConsumer/Build/Products/Debug-iphonesimulator -F /Applications/Xcode.app/Contents/Developer/Platforms/iPhoneSimulator.platform/Developer/Library/Frameworks -F /Applications/Xcode.app/Contents/Developer/Platforms/iPhoneSimulator.platform/Developer/SDKs/iPhoneSimulator26.5.sdk/Developer/Library/Frameworks -c -j10 -enable-batch-mode -incremental -Xcc -ivfsstatcache -Xcc /Users/shizihan/DailyUse/Github/InkMarkdown/.scratch/architecture-deepening-2026-09-07/evidence/20260907-1415-ticket-27/consumer/DerivedData-InkMarkdownSwiftUIConsumer/SDKStatCaches.noindex/iphonesimulator26.5-23F81a-6cfe768891a92b912361537c460fe42b.sdkstatcache -output-file-map /Users/shizihan/DailyUse/Github/InkMarkdown/.scratch/architecture-deepening-2026-09-07/evidence/20260907-1415-ticket-27/consumer/DerivedData-InkMarkdownSwiftUIConsumer/Build/Intermediates.noindex/swift-markdown.build/Debug-iphonesimulator/Markdown.build/Objects-normal/arm64/Markdown-OutputFileMap.json -use-frontend-parseable-output -save-temps -no-color-diagnostics -explicit-module-build -module-cache-path /Users/shizihan/DailyUse/Github/InkMarkdown/.scratch/architecture-deepening-2026-09-07/evidence/20260907-1415-ticket-27/consumer/DerivedData-InkMarkdownSwiftUIConsumer/Build/Intermediates.noindex/SwiftExplicitPrecompiledModules -clang-scanner-module-cache-path /Users/shizihan/DailyUse/Github/InkMarkdown/.scratch/architecture-deepening-2026-09-07/evidence/20260907-1415-ticket-27/consumer/DerivedData-InkMarkdownSwiftUIConsumer/ModuleCache.noindex -sdk-module-cache-path /Users/shizihan/DailyUse/Github/InkMarkdown/.scratch/architecture-deepening-2026-09-07/evidence/20260907-1415-ticket-27/consumer/DerivedData-InkMarkdownSwiftUIConsumer/ModuleCache.noindex -serialize-diagnostics -emit-dependencies -emit-module -emit-module-path /Users/shizihan/DailyUse/Github/InkMarkdown/.scratch/architecture-deepening-2026-09-07/evidence/20260907-1415-ticket-27/consumer/DerivedData-InkMarkdownSwiftUIConsumer/Build/Intermediates.noindex/swift-markdown.build/Debug-iphonesimulator/Markdown.build/Objects-normal/arm64/Markdown.swiftmodule -validate-clang-modules-once -clang-build-session-file /Users/shizihan/DailyUse/Github/InkMarkdown/.scratch/architecture-deepening-2026-09-07/evidence/20260907-1415-ticket-27/consumer/DerivedData-InkMarkdownSwiftUIConsumer/ModuleCache.noindex/Session.modulevalidation -package-name swift_markdown -Xcc -I/Users/shizihan/DailyUse/Github/InkMarkdown/.scratch/architecture-deepening-2026-09-07/evidence/20260907-1415-ticket-27/consumer/DerivedData-InkMarkdownSwiftUIConsumer/Build/Intermediates.noindex/swift-markdown.build/Debug-iphonesimulator/Markdown.build/swift-overrides.hmap -emit-const-values -Xfrontend -const-gather-protocols-file -Xfrontend /Users/shizihan/DailyUse/Github/InkMarkdown/.scratch/architecture-deepening-2026-09-07/evidence/20260907-1415-ticket-27/consumer/DerivedData-InkMarkdownSwiftUIConsumer/Build/Intermediates.noindex/swift-markdown.build/Debug-iphonesimulator/Markdown.build/Objects-normal/arm64/Markdown_const_extract_protocols.json -Xcc -I/Users/shizihan/DailyUse/Github/InkMarkdown/Packages/Caches/swift-cmark/src/include -Xcc -I/Users/shizihan/DailyUse/Github/InkMarkdown/Packages/Caches/swift-cmark/extensions/include -Xcc -I/Users/shizihan/DailyUse/Github/InkMarkdown/Packages/Caches/swift-markdown/Sources/CAtomic/include -Xcc -I/Users/shizihan/DailyUse/Github/InkMarkdown/.scratch/architecture-deepening-2026-09-07/evidence/20260907-1415-ticket-27/consumer/DerivedData-InkMarkdownSwiftUIConsumer/Build/Products/Debug-iphonesimulator/include -Xcc -I/Users/shizihan/DailyUse/Github/InkMarkdown/.scratch/architecture-deepening-2026-09-07/evidence/20260907-1415-ticket-27/consumer/DerivedData-InkMarkdownSwiftUIConsumer/Build/Intermediates.noindex/swift-markdown.build/Debug-iphonesimulator/Markdown.build/DerivedSources-normal/arm64 -Xcc -I/Users/shizihan/DailyUse/Github/InkMarkdown/.scratch/architecture-deepening-2026-09-07/evidence/20260907-1415-ticket-27/consumer/DerivedData-InkMarkdownSwiftUIConsumer/Build/Intermediates.noindex/swift-markdown.build/Debug-iphonesimulator/Markdown.build/DerivedSources/arm64 -Xcc -I/Users/shizihan/DailyUse/Github/InkMarkdown/.scratch/architecture-deepening-2026-09-07/evidence/20260907-1415-ticket-27/consumer/DerivedData-InkMarkdownSwiftUIConsumer/Build/Intermediates.noindex/swift-markdown.build/Debug-iphonesimulator/Markdown.build/DerivedSources -Xcc -DSWIFT_PACKAGE -Xcc -DDEBUG\=1 -emit-objc-header -emit-objc-header-path /Users/shizihan/DailyUse/Github/InkMarkdown/.scratch/architecture-deepening-2026-09-07/evidence/20260907-1415-ticket-27/consumer/DerivedData-InkMarkdownSwiftUIConsumer/Build/Intermediates.noindex/swift-markdown.build/Debug-iphonesimulator/Markdown.build/Objects-normal/arm64/Markdown-Swift.h -working-directory /Users/shizihan/DailyUse/Github/InkMarkdown/.github/fixtures/consumer-smoke/.swiftpm/xcode -experimental-emit-module-separately -disable-cmo

ScanDependencies /Users/shizihan/DailyUse/Github/InkMarkdown/.scratch/architecture-deepening-2026-09-07/evidence/20260907-1415-ticket-27/consumer/DerivedData-InkMarkdownSwiftUIConsumer/Build/Intermediates.noindex/cmark-gfm.build/Debug-iphonesimulator/cmark-gfm.build/Objects-normal/arm64/plaintext.o /Users/shizihan/DailyUse/Github/InkMarkdown/Packages/Caches/swift-cmark/src/plaintext.c normal arm64 c com.apple.compilers.llvm.clang.1_0.compiler (in target 'cmark-gfm' from project 'cmark-gfm')
    cd /Users/shizihan/DailyUse/Github/InkMarkdown/.github/fixtures/consumer-smoke/.swiftpm/xcode
    
    Using response file: /Users/shizihan/DailyUse/Github/InkMarkdown/.scratch/architecture-deepening-2026-09-07/evidence/20260907-1415-ticket-27/consumer/DerivedData-InkMarkdownSwiftUIConsumer/Build/Intermediates.noindex/cmark-gfm.build/Debug-iphonesimulator/cmark-gfm.build/Objects-normal/arm64/7187679823f38a2a940e0043cdf9d637-common-args.resp
    
    builtin-ScanDependencies -o /Users/shizihan/DailyUse/Github/InkMarkdown/.scratch/architecture-deepening-2026-09-07/evidence/20260907-1415-ticket-27/consumer/DerivedData-InkMarkdownSwiftUIConsumer/Build/Intermediates.noindex/cmark-gfm.build/Debug-iphonesimulator/cmark-gfm.build/Objects-normal/arm64/plaintext.o.scan -- /Applications/Xcode.app/Contents/Developer/Toolchains/XcodeDefault.xctoolchain/usr/bin/clang -x c -ivfsstatcache /Users/shizihan/DailyUse/Github/InkMarkdown/.scratch/architecture-deepening-2026-09-07/evidence/20260907-1415-ticket-27/consumer/DerivedData-InkMarkdownSwiftUIConsumer/SDKStatCaches.noindex/iphonesimulator26.5-23F81a-6cfe768891a92b912361537c460fe42b.sdkstatcache -target arm64-apple-ios12.0-simulator -fmessage-length\=0 -fdiagnostics-show-note-include-stack -fmacro-backtrace-limit\=0 -fno-color-diagnostics -fmodules-prune-interval\=86400 -fmodules-prune-after\=345600 -fbuild-session-file\=/Users/shizihan/DailyUse/Github/InkMarkdown/.scratch/architecture-deepening-2026-09-07/evidence/20260907-1415-ticket-27/consumer/DerivedData-InkMarkdownSwiftUIConsumer/ModuleCache.noindex/Session.modulevalidation -fmodules-validate-once-per-build-session -Wnon-modular-include-in-framework-module -Werror\=non-modular-include-in-framework-module -Wno-trigraphs -Wno-missing-field-initializers -Wno-missing-prototypes -Wno-return-type -Wno-missing-braces -Wparentheses -Wswitch -Wno-unused-function -Wno-unused-label -Wno-unused-parameter -Wno-unused-variable -Wunused-value -Wno-empty-body -Wno-uninitialized -Wno-unknown-pragmas -w -Wno-shadow -Wno-four-char-constants -Wno-conversion -Wno-constant-conversion -Wno-int-conversion -Wno-bool-conversion -Wno-enum-conversion -Wno-float-conversion -Wno-non-literal-null-conversion -Wno-objc-literal-conversion -Wshorten-64-to-32 -Wpointer-sign -Wno-newline-eof -Wno-implicit-fallthrough -isysroot /Applications/Xcode.app/Contents/Developer/Platforms/iPhoneSimulator.platform/Developer/SDKs/iPhoneSimulator26.5.sdk -fstrict-aliasing -Wdeprecated-declarations -Wno-sign-conversion -Wno-infinite-recursion -Wno-comma -Wno-block-capture-autoreleasing -Wno-strict-prototypes -Wno-semicolon-before-method-body -index-store-path /Users/shizihan/DailyUse/Github/InkMarkdown/.scratch/architecture-deepening-2026-09-07/evidence/20260907-1415-ticket-27/consumer/DerivedData-InkMarkdownSwiftUIConsumer/Index.noindex/DataStore @/Users/shizihan/DailyUse/Github/InkMarkdown/.scratch/architecture-deepening-2026-09-07/evidence/20260907-1415-ticket-27/consumer/DerivedData-InkMarkdownSwiftUIConsumer/Build/Intermediates.noindex/cmark-gfm.build/Debug-iphonesimulator/cmark-gfm.build/Objects-normal/arm64/7187679823f38a2a940e0043cdf9d637-common-args.resp -MMD -MT dependencies -MF /Users/shizihan/DailyUse/Github/InkMarkdown/.scratch/architecture-deepening-2026-09-07/evidence/20260907-1415-ticket-27/consumer/DerivedData-InkMarkdownSwiftUIConsumer/Build/Intermediates.noindex/cmark-gfm.build/Debug-iphonesimulator/cmark-gfm.build/Objects-normal/arm64/plaintext.d --serialize-diagnostics /Users/shizihan/DailyUse/Github/InkMarkdown/.scratch/architecture-deepening-2026-09-07/evidence/20260907-1415-ticket-27/consumer/DerivedData-InkMarkdownSwiftUIConsumer/Build/Intermediates.noindex/cmark-gfm.build/Debug-iphonesimulator/cmark-gfm.build/Objects-normal/arm64/plaintext.dia -c /Users/shizihan/DailyUse/Github/InkMarkdown/Packages/Caches/swift-cmark/src/plaintext.c -o /Users/shizihan/DailyUse/Github/InkMarkdown/.scratch/architecture-deepening-2026-09-07/evidence/20260907-1415-ticket-27/consumer/DerivedData-InkMarkdownSwiftUIConsumer/Build/Intermediates.noindex/cmark-gfm.build/Debug-iphonesimulator/cmark-gfm.build/Objects-normal/arm64/plaintext.o -index-unit-output-path /cmark-gfm.build/Debug-iphonesimulator/cmark-gfm.build/Objects-normal/arm64/plaintext.o

ScanDependencies /Users/shizihan/DailyUse/Github/InkMarkdown/.scratch/architecture-deepening-2026-09-07/evidence/20260907-1415-ticket-27/consumer/DerivedData-InkMarkdownSwiftUIConsumer/Build/Intermediates.noindex/cmark-gfm.build/Debug-iphonesimulator/cmark-gfm-extensions.build/Objects-normal/arm64/tasklist.o /Users/shizihan/DailyUse/Github/InkMarkdown/Packages/Caches/swift-cmark/extensions/tasklist.c normal arm64 c com.apple.compilers.llvm.clang.1_0.compiler (in target 'cmark-gfm-extensions' from project 'cmark-gfm')
    cd /Users/shizihan/DailyUse/Github/InkMarkdown/.github/fixtures/consumer-smoke/.swiftpm/xcode
    
    Using response file: /Users/shizihan/DailyUse/Github/InkMarkdown/.scratch/architecture-deepening-2026-09-07/evidence/20260907-1415-ticket-27/consumer/DerivedData-InkMarkdownSwiftUIConsumer/Build/Intermediates.noindex/cmark-gfm.build/Debug-iphonesimulator/cmark-gfm-extensions.build/Objects-normal/arm64/7187679823f38a2a940e0043cdf9d637-common-args.resp
    
    builtin-ScanDependencies -o /Users/shizihan/DailyUse/Github/InkMarkdown/.scratch/architecture-deepening-2026-09-07/evidence/20260907-1415-ticket-27/consumer/DerivedData-InkMarkdownSwiftUIConsumer/Build/Intermediates.noindex/cmark-gfm.build/Debug-iphonesimulator/cmark-gfm-extensions.build/Objects-normal/arm64/tasklist.o.scan -- /Applications/Xcode.app/Contents/Developer/Toolchains/XcodeDefault.xctoolchain/usr/bin/clang -x c -ivfsstatcache /Users/shizihan/DailyUse/Github/InkMarkdown/.scratch/architecture-deepening-2026-09-07/evidence/20260907-1415-ticket-27/consumer/DerivedData-InkMarkdownSwiftUIConsumer/SDKStatCaches.noindex/iphonesimulator26.5-23F81a-6cfe768891a92b912361537c460fe42b.sdkstatcache -target arm64-apple-ios12.0-simulator -fmessage-length\=0 -fdiagnostics-show-note-include-stack -fmacro-backtrace-limit\=0 -fno-color-diagnostics -fmodules-prune-interval\=86400 -fmodules-prune-after\=345600 -fbuild-session-file\=/Users/shizihan/DailyUse/Github/InkMarkdown/.scratch/architecture-deepening-2026-09-07/evidence/20260907-1415-ticket-27/consumer/DerivedData-InkMarkdownSwiftUIConsumer/ModuleCache.noindex/Session.modulevalidation -fmodules-validate-once-per-build-session -Wnon-modular-include-in-framework-module -Werror\=non-modular-include-in-framework-module -Wno-trigraphs -Wno-missing-field-initializers -Wno-missing-prototypes -Wno-return-type -Wno-missing-braces -Wparentheses -Wswitch -Wno-unused-function -Wno-unused-label -Wno-unused-parameter -Wno-unused-variable -Wunused-value -Wno-empty-body -Wno-uninitialized -Wno-unknown-pragmas -w -Wno-shadow -Wno-four-char-constants -Wno-conversion -Wno-constant-conversion -Wno-int-conversion -Wno-bool-conversion -Wno-enum-conversion -Wno-float-conversion -Wno-non-literal-null-conversion -Wno-objc-literal-conversion -Wshorten-64-to-32 -Wpointer-sign -Wno-newline-eof -Wno-implicit-fallthrough -isysroot /Applications/Xcode.app/Contents/Developer/Platforms/iPhoneSimulator.platform/Developer/SDKs/iPhoneSimulator26.5.sdk -fstrict-aliasing -Wdeprecated-declarations -Wno-sign-conversion -Wno-infinite-recursion -Wno-comma -Wno-block-capture-autoreleasing -Wno-strict-prototypes -Wno-semicolon-before-method-body -index-store-path /Users/shizihan/DailyUse/Github/InkMarkdown/.scratch/architecture-deepening-2026-09-07/evidence/20260907-1415-ticket-27/consumer/DerivedData-InkMarkdownSwiftUIConsumer/Index.noindex/DataStore @/Users/shizihan/DailyUse/Github/InkMarkdown/.scratch/architecture-deepening-2026-09-07/evidence/20260907-1415-ticket-27/consumer/DerivedData-InkMarkdownSwiftUIConsumer/Build/Intermediates.noindex/cmark-gfm.build/Debug-iphonesimulator/cmark-gfm-extensions.build/Objects-normal/arm64/7187679823f38a2a940e0043cdf9d637-common-args.resp -MMD -MT dependencies -MF /Users/shizihan/DailyUse/Github/InkMarkdown/.scratch/architecture-deepening-2026-09-07/evidence/20260907-1415-ticket-27/consumer/DerivedData-InkMarkdownSwiftUIConsumer/Build/Intermediates.noindex/cmark-gfm.build/Debug-iphonesimulator/cmark-gfm-extensions.build/Objects-normal/arm64/tasklist.d --serialize-diagnostics /Users/shizihan/DailyUse/Github/InkMarkdown/.scratch/architecture-deepening-2026-09-07/evidence/20260907-1415-ticket-27/consumer/DerivedData-InkMarkdownSwiftUIConsumer/Build/Intermediates.noindex/cmark-gfm.build/Debug-iphonesimulator/cmark-gfm-extensions.build/Objects-normal/arm64/tasklist.dia -c /Users/shizihan/DailyUse/Github/InkMarkdown/Packages/Caches/swift-cmark/extensions/tasklist.c -o /Users/shizihan/DailyUse/Github/InkMarkdown/.scratch/architecture-deepening-2026-09-07/evidence/20260907-1415-ticket-27/consumer/DerivedData-InkMarkdownSwiftUIConsumer/Build/Intermediates.noindex/cmark-gfm.build/Debug-iphonesimulator/cmark-gfm-extensions.build/Objects-normal/arm64/tasklist.o -index-unit-output-path /cmark-gfm.build/Debug-iphonesimulator/cmark-gfm-extensions.build/Objects-normal/arm64/tasklist.o

ScanDependencies /Users/shizihan/DailyUse/Github/InkMarkdown/.scratch/architecture-deepening-2026-09-07/evidence/20260907-1415-ticket-27/consumer/DerivedData-InkMarkdownSwiftUIConsumer/Build/Intermediates.noindex/cmark-gfm.build/Debug-iphonesimulator/cmark-gfm-extensions.build/Objects-normal/arm64/tagfilter.o /Users/shizihan/DailyUse/Github/InkMarkdown/Packages/Caches/swift-cmark/extensions/tagfilter.c normal arm64 c com.apple.compilers.llvm.clang.1_0.compiler (in target 'cmark-gfm-extensions' from project 'cmark-gfm')
    cd /Users/shizihan/DailyUse/Github/InkMarkdown/.github/fixtures/consumer-smoke/.swiftpm/xcode
    
    Using response file: /Users/shizihan/DailyUse/Github/InkMarkdown/.scratch/architecture-deepening-2026-09-07/evidence/20260907-1415-ticket-27/consumer/DerivedData-InkMarkdownSwiftUIConsumer/Build/Intermediates.noindex/cmark-gfm.build/Debug-iphonesimulator/cmark-gfm-extensions.build/Objects-normal/arm64/7187679823f38a2a940e0043cdf9d637-common-args.resp
    
    builtin-ScanDependencies -o /Users/shizihan/DailyUse/Github/InkMarkdown/.scratch/architecture-deepening-2026-09-07/evidence/20260907-1415-ticket-27/consumer/DerivedData-InkMarkdownSwiftUIConsumer/Build/Intermediates.noindex/cmark-gfm.build/Debug-iphonesimulator/cmark-gfm-extensions.build/Objects-normal/arm64/tagfilter.o.scan -- /Applications/Xcode.app/Contents/Developer/Toolchains/XcodeDefault.xctoolchain/usr/bin/clang -x c -ivfsstatcache /Users/shizihan/DailyUse/Github/InkMarkdown/.scratch/architecture-deepening-2026-09-07/evidence/20260907-1415-ticket-27/consumer/DerivedData-InkMarkdownSwiftUIConsumer/SDKStatCaches.noindex/iphonesimulator26.5-23F81a-6cfe768891a92b912361537c460fe42b.sdkstatcache -target arm64-apple-ios12.0-simulator -fmessage-length\=0 -fdiagnostics-show-note-include-stack -fmacro-backtrace-limit\=0 -fno-color-diagnostics -fmodules-prune-interval\=86400 -fmodules-prune-after\=345600 -fbuild-session-file\=/Users/shizihan/DailyUse/Github/InkMarkdown/.scratch/architecture-deepening-2026-09-07/evidence/20260907-1415-ticket-27/consumer/DerivedData-InkMarkdownSwiftUIConsumer/ModuleCache.noindex/Session.modulevalidation -fmodules-validate-once-per-build-session -Wnon-modular-include-in-framework-module -Werror\=non-modular-include-in-framework-module -Wno-trigraphs -Wno-missing-field-initializers -Wno-missing-prototypes -Wno-return-type -Wno-missing-braces -Wparentheses -Wswitch -Wno-unused-function -Wno-unused-label -Wno-unused-parameter -Wno-unused-variable -Wunused-value -Wno-empty-body -Wno-uninitialized -Wno-unknown-pragmas -w -Wno-shadow -Wno-four-char-constants -Wno-conversion -Wno-constant-conversion -Wno-int-conversion -Wno-bool-conversion -Wno-enum-conversion -Wno-float-conversion -Wno-non-literal-null-conversion -Wno-objc-literal-conversion -Wshorten-64-to-32 -Wpointer-sign -Wno-newline-eof -Wno-implicit-fallthrough -isysroot /Applications/Xcode.app/Contents/Developer/Platforms/iPhoneSimulator.platform/Developer/SDKs/iPhoneSimulator26.5.sdk -fstrict-aliasing -Wdeprecated-declarations -Wno-sign-conversion -Wno-infinite-recursion -Wno-comma -Wno-block-capture-autoreleasing -Wno-strict-prototypes -Wno-semicolon-before-method-body -index-store-path /Users/shizihan/DailyUse/Github/InkMarkdown/.scratch/architecture-deepening-2026-09-07/evidence/20260907-1415-ticket-27/consumer/DerivedData-InkMarkdownSwiftUIConsumer/Index.noindex/DataStore @/Users/shizihan/DailyUse/Github/InkMarkdown/.scratch/architecture-deepening-2026-09-07/evidence/20260907-1415-ticket-27/consumer/DerivedData-InkMarkdownSwiftUIConsumer/Build/Intermediates.noindex/cmark-gfm.build/Debug-iphonesimulator/cmark-gfm-extensions.build/Objects-normal/arm64/7187679823f38a2a940e0043cdf9d637-common-args.resp -MMD -MT dependencies -MF /Users/shizihan/DailyUse/Github/InkMarkdown/.scratch/architecture-deepening-2026-09-07/evidence/20260907-1415-ticket-27/consumer/DerivedData-InkMarkdownSwiftUIConsumer/Build/Intermediates.noindex/cmark-gfm.build/Debug-iphonesimulator/cmark-gfm-extensions.build/Objects-normal/arm64/tagfilter.d --serialize-diagnostics /Users/shizihan/DailyUse/Github/InkMarkdown/.scratch/architecture-deepening-2026-09-07/evidence/20260907-1415-ticket-27/consumer/DerivedData-InkMarkdownSwiftUIConsumer/Build/Intermediates.noindex/cmark-gfm.build/Debug-iphonesimulator/cmark-gfm-extensions.build/Objects-normal/arm64/tagfilter.dia -c /Users/shizihan/DailyUse/Github/InkMarkdown/Packages/Caches/swift-cmark/extensions/tagfilter.c -o /Users/shizihan/DailyUse/Github/InkMarkdown/.scratch/architecture-deepening-2026-09-07/evidence/20260907-1415-ticket-27/consumer/DerivedData-InkMarkdownSwiftUIConsumer/Build/Intermediates.noindex/cmark-gfm.build/Debug-iphonesimulator/cmark-gfm-extensions.build/Objects-normal/arm64/tagfilter.o -index-unit-output-path /cmark-gfm.build/Debug-iphonesimulator/cmark-gfm-extensions.build/Objects-normal/arm64/tagfilter.o

ScanDependencies /Users/shizihan/DailyUse/Github/InkMarkdown/.scratch/architecture-deepening-2026-09-07/evidence/20260907-1415-ticket-27/consumer/DerivedData-InkMarkdownSwiftUIConsumer/Build/Intermediates.noindex/cmark-gfm.build/Debug-iphonesimulator/cmark-gfm-extensions.build/Objects-normal/arm64/table.o /Users/shizihan/DailyUse/Github/InkMarkdown/Packages/Caches/swift-cmark/extensions/table.c normal arm64 c com.apple.compilers.llvm.clang.1_0.compiler (in target 'cmark-gfm-extensions' from project 'cmark-gfm')
    cd /Users/shizihan/DailyUse/Github/InkMarkdown/.github/fixtures/consumer-smoke/.swiftpm/xcode
    
    Using response file: /Users/shizihan/DailyUse/Github/InkMarkdown/.scratch/architecture-deepening-2026-09-07/evidence/20260907-1415-ticket-27/consumer/DerivedData-InkMarkdownSwiftUIConsumer/Build/Intermediates.noindex/cmark-gfm.build/Debug-iphonesimulator/cmark-gfm-extensions.build/Objects-normal/arm64/7187679823f38a2a940e0043cdf9d637-common-args.resp
    
    builtin-ScanDependencies -o /Users/shizihan/DailyUse/Github/InkMarkdown/.scratch/architecture-deepening-2026-09-07/evidence/20260907-1415-ticket-27/consumer/DerivedData-InkMarkdownSwiftUIConsumer/Build/Intermediates.noindex/cmark-gfm.build/Debug-iphonesimulator/cmark-gfm-extensions.build/Objects-normal/arm64/table.o.scan -- /Applications/Xcode.app/Contents/Developer/Toolchains/XcodeDefault.xctoolchain/usr/bin/clang -x c -ivfsstatcache /Users/shizihan/DailyUse/Github/InkMarkdown/.scratch/architecture-deepening-2026-09-07/evidence/20260907-1415-ticket-27/consumer/DerivedData-InkMarkdownSwiftUIConsumer/SDKStatCaches.noindex/iphonesimulator26.5-23F81a-6cfe768891a92b912361537c460fe42b.sdkstatcache -target arm64-apple-ios12.0-simulator -fmessage-length\=0 -fdiagnostics-show-note-include-stack -fmacro-backtrace-limit\=0 -fno-color-diagnostics -fmodules-prune-interval\=86400 -fmodules-prune-after\=345600 -fbuild-session-file\=/Users/shizihan/DailyUse/Github/InkMarkdown/.scratch/architecture-deepening-2026-09-07/evidence/20260907-1415-ticket-27/consumer/DerivedData-InkMarkdownSwiftUIConsumer/ModuleCache.noindex/Session.modulevalidation -fmodules-validate-once-per-build-session -Wnon-modular-include-in-framework-module -Werror\=non-modular-include-in-framework-module -Wno-trigraphs -Wno-missing-field-initializers -Wno-missing-prototypes -Wno-return-type -Wno-missing-braces -Wparentheses -Wswitch -Wno-unused-function -Wno-unused-label -Wno-unused-parameter -Wno-unused-variable -Wunused-value -Wno-empty-body -Wno-uninitialized -Wno-unknown-pragmas -w -Wno-shadow -Wno-four-char-constants -Wno-conversion -Wno-constant-conversion -Wno-int-conversion -Wno-bool-conversion -Wno-enum-conversion -Wno-float-conversion -Wno-non-literal-null-conversion -Wno-objc-literal-conversion -Wshorten-64-to-32 -Wpointer-sign -Wno-newline-eof -Wno-implicit-fallthrough -isysroot /Applications/Xcode.app/Contents/Developer/Platforms/iPhoneSimulator.platform/Developer/SDKs/iPhoneSimulator26.5.sdk -fstrict-aliasing -Wdeprecated-declarations -Wno-sign-conversion -Wno-infinite-recursion -Wno-comma -Wno-block-capture-autoreleasing -Wno-strict-prototypes -Wno-semicolon-before-method-body -index-store-path /Users/shizihan/DailyUse/Github/InkMarkdown/.scratch/architecture-deepening-2026-09-07/evidence/20260907-1415-ticket-27/consumer/DerivedData-InkMarkdownSwiftUIConsumer/Index.noindex/DataStore @/Users/shizihan/DailyUse/Github/InkMarkdown/.scratch/architecture-deepening-2026-09-07/evidence/20260907-1415-ticket-27/consumer/DerivedData-InkMarkdownSwiftUIConsumer/Build/Intermediates.noindex/cmark-gfm.build/Debug-iphonesimulator/cmark-gfm-extensions.build/Objects-normal/arm64/7187679823f38a2a940e0043cdf9d637-common-args.resp -MMD -MT dependencies -MF /Users/shizihan/DailyUse/Github/InkMarkdown/.scratch/architecture-deepening-2026-09-07/evidence/20260907-1415-ticket-27/consumer/DerivedData-InkMarkdownSwiftUIConsumer/Build/Intermediates.noindex/cmark-gfm.build/Debug-iphonesimulator/cmark-gfm-extensions.build/Objects-normal/arm64/table.d --serialize-diagnostics /Users/shizihan/DailyUse/Github/InkMarkdown/.scratch/architecture-deepening-2026-09-07/evidence/20260907-1415-ticket-27/consumer/DerivedData-InkMarkdownSwiftUIConsumer/Build/Intermediates.noindex/cmark-gfm.build/Debug-iphonesimulator/cmark-gfm-extensions.build/Objects-normal/arm64/table.dia -c /Users/shizihan/DailyUse/Github/InkMarkdown/Packages/Caches/swift-cmark/extensions/table.c -o /Users/shizihan/DailyUse/Github/InkMarkdown/.scratch/architecture-deepening-2026-09-07/evidence/20260907-1415-ticket-27/consumer/DerivedData-InkMarkdownSwiftUIConsumer/Build/Intermediates.noindex/cmark-gfm.build/Debug-iphonesimulator/cmark-gfm-extensions.build/Objects-normal/arm64/table.o -index-unit-output-path /cmark-gfm.build/Debug-iphonesimulator/cmark-gfm-extensions.build/Objects-normal/arm64/table.o

ScanDependencies /Users/shizihan/DailyUse/Github/InkMarkdown/.scratch/architecture-deepening-2026-09-07/evidence/20260907-1415-ticket-27/consumer/DerivedData-InkMarkdownSwiftUIConsumer/Build/Intermediates.noindex/cmark-gfm.build/Debug-iphonesimulator/cmark-gfm-extensions.build/Objects-normal/arm64/strikethrough.o /Users/shizihan/DailyUse/Github/InkMarkdown/Packages/Caches/swift-cmark/extensions/strikethrough.c normal arm64 c com.apple.compilers.llvm.clang.1_0.compiler (in target 'cmark-gfm-extensions' from project 'cmark-gfm')
    cd /Users/shizihan/DailyUse/Github/InkMarkdown/.github/fixtures/consumer-smoke/.swiftpm/xcode
    
    Using response file: /Users/shizihan/DailyUse/Github/InkMarkdown/.scratch/architecture-deepening-2026-09-07/evidence/20260907-1415-ticket-27/consumer/DerivedData-InkMarkdownSwiftUIConsumer/Build/Intermediates.noindex/cmark-gfm.build/Debug-iphonesimulator/cmark-gfm-extensions.build/Objects-normal/arm64/7187679823f38a2a940e0043cdf9d637-common-args.resp
    
    builtin-ScanDependencies -o /Users/shizihan/DailyUse/Github/InkMarkdown/.scratch/architecture-deepening-2026-09-07/evidence/20260907-1415-ticket-27/consumer/DerivedData-InkMarkdownSwiftUIConsumer/Build/Intermediates.noindex/cmark-gfm.build/Debug-iphonesimulator/cmark-gfm-extensions.build/Objects-normal/arm64/strikethrough.o.scan -- /Applications/Xcode.app/Contents/Developer/Toolchains/XcodeDefault.xctoolchain/usr/bin/clang -x c -ivfsstatcache /Users/shizihan/DailyUse/Github/InkMarkdown/.scratch/architecture-deepening-2026-09-07/evidence/20260907-1415-ticket-27/consumer/DerivedData-InkMarkdownSwiftUIConsumer/SDKStatCaches.noindex/iphonesimulator26.5-23F81a-6cfe768891a92b912361537c460fe42b.sdkstatcache -target arm64-apple-ios12.0-simulator -fmessage-length\=0 -fdiagnostics-show-note-include-stack -fmacro-backtrace-limit\=0 -fno-color-diagnostics -fmodules-prune-interval\=86400 -fmodules-prune-after\=345600 -fbuild-session-file\=/Users/shizihan/DailyUse/Github/InkMarkdown/.scratch/architecture-deepening-2026-09-07/evidence/20260907-1415-ticket-27/consumer/DerivedData-InkMarkdownSwiftUIConsumer/ModuleCache.noindex/Session.modulevalidation -fmodules-validate-once-per-build-session -Wnon-modular-include-in-framework-module -Werror\=non-modular-include-in-framework-module -Wno-trigraphs -Wno-missing-field-initializers -Wno-missing-prototypes -Wno-return-type -Wno-missing-braces -Wparentheses -Wswitch -Wno-unused-function -Wno-unused-label -Wno-unused-parameter -Wno-unused-variable -Wunused-value -Wno-empty-body -Wno-uninitialized -Wno-unknown-pragmas -w -Wno-shadow -Wno-four-char-constants -Wno-conversion -Wno-constant-conversion -Wno-int-conversion -Wno-bool-conversion -Wno-enum-conversion -Wno-float-conversion -Wno-non-literal-null-conversion -Wno-objc-literal-conversion -Wshorten-64-to-32 -Wpointer-sign -Wno-newline-eof -Wno-implicit-fallthrough -isysroot /Applications/Xcode.app/Contents/Developer/Platforms/iPhoneSimulator.platform/Developer/SDKs/iPhoneSimulator26.5.sdk -fstrict-aliasing -Wdeprecated-declarations -Wno-sign-conversion -Wno-infinite-recursion -Wno-comma -Wno-block-capture-autoreleasing -Wno-strict-prototypes -Wno-semicolon-before-method-body -index-store-path /Users/shizihan/DailyUse/Github/InkMarkdown/.scratch/architecture-deepening-2026-09-07/evidence/20260907-1415-ticket-27/consumer/DerivedData-InkMarkdownSwiftUIConsumer/Index.noindex/DataStore @/Users/shizihan/DailyUse/Github/InkMarkdown/.scratch/architecture-deepening-2026-09-07/evidence/20260907-1415-ticket-27/consumer/DerivedData-InkMarkdownSwiftUIConsumer/Build/Intermediates.noindex/cmark-gfm.build/Debug-iphonesimulator/cmark-gfm-extensions.build/Objects-normal/arm64/7187679823f38a2a940e0043cdf9d637-common-args.resp -MMD -MT dependencies -MF /Users/shizihan/DailyUse/Github/InkMarkdown/.scratch/architecture-deepening-2026-09-07/evidence/20260907-1415-ticket-27/consumer/DerivedData-InkMarkdownSwiftUIConsumer/Build/Intermediates.noindex/cmark-gfm.build/Debug-iphonesimulator/cmark-gfm-extensions.build/Objects-normal/arm64/strikethrough.d --serialize-diagnostics /Users/shizihan/DailyUse/Github/InkMarkdown/.scratch/architecture-deepening-2026-09-07/evidence/20260907-1415-ticket-27/consumer/DerivedData-InkMarkdownSwiftUIConsumer/Build/Intermediates.noindex/cmark-gfm.build/Debug-iphonesimulator/cmark-gfm-extensions.build/Objects-normal/arm64/strikethrough.dia -c /Users/shizihan/DailyUse/Github/InkMarkdown/Packages/Caches/swift-cmark/extensions/strikethrough.c -o /Users/shizihan/DailyUse/Github/InkMarkdown/.scratch/architecture-deepening-2026-09-07/evidence/20260907-1415-ticket-27/consumer/DerivedData-InkMarkdownSwiftUIConsumer/Build/Intermediates.noindex/cmark-gfm.build/Debug-iphonesimulator/cmark-gfm-extensions.build/Objects-normal/arm64/strikethrough.o -index-unit-output-path /cmark-gfm.build/Debug-iphonesimulator/cmark-gfm-extensions.build/Objects-normal/arm64/strikethrough.o

ScanDependencies /Users/shizihan/DailyUse/Github/InkMarkdown/.scratch/architecture-deepening-2026-09-07/evidence/20260907-1415-ticket-27/consumer/DerivedData-InkMarkdownSwiftUIConsumer/Build/Intermediates.noindex/cmark-gfm.build/Debug-iphonesimulator/cmark-gfm-extensions.build/Objects-normal/arm64/ext_scanners.o /Users/shizihan/DailyUse/Github/InkMarkdown/Packages/Caches/swift-cmark/extensions/ext_scanners.c normal arm64 c com.apple.compilers.llvm.clang.1_0.compiler (in target 'cmark-gfm-extensions' from project 'cmark-gfm')
    cd /Users/shizihan/DailyUse/Github/InkMarkdown/.github/fixtures/consumer-smoke/.swiftpm/xcode
    
    Using response file: /Users/shizihan/DailyUse/Github/InkMarkdown/.scratch/architecture-deepening-2026-09-07/evidence/20260907-1415-ticket-27/consumer/DerivedData-InkMarkdownSwiftUIConsumer/Build/Intermediates.noindex/cmark-gfm.build/Debug-iphonesimulator/cmark-gfm-extensions.build/Objects-normal/arm64/7187679823f38a2a940e0043cdf9d637-common-args.resp
    
    builtin-ScanDependencies -o /Users/shizihan/DailyUse/Github/InkMarkdown/.scratch/architecture-deepening-2026-09-07/evidence/20260907-1415-ticket-27/consumer/DerivedData-InkMarkdownSwiftUIConsumer/Build/Intermediates.noindex/cmark-gfm.build/Debug-iphonesimulator/cmark-gfm-extensions.build/Objects-normal/arm64/ext_scanners.o.scan -- /Applications/Xcode.app/Contents/Developer/Toolchains/XcodeDefault.xctoolchain/usr/bin/clang -x c -ivfsstatcache /Users/shizihan/DailyUse/Github/InkMarkdown/.scratch/architecture-deepening-2026-09-07/evidence/20260907-1415-ticket-27/consumer/DerivedData-InkMarkdownSwiftUIConsumer/SDKStatCaches.noindex/iphonesimulator26.5-23F81a-6cfe768891a92b912361537c460fe42b.sdkstatcache -target arm64-apple-ios12.0-simulator -fmessage-length\=0 -fdiagnostics-show-note-include-stack -fmacro-backtrace-limit\=0 -fno-color-diagnostics -fmodules-prune-interval\=86400 -fmodules-prune-after\=345600 -fbuild-session-file\=/Users/shizihan/DailyUse/Github/InkMarkdown/.scratch/architecture-deepening-2026-09-07/evidence/20260907-1415-ticket-27/consumer/DerivedData-InkMarkdownSwiftUIConsumer/ModuleCache.noindex/Session.modulevalidation -fmodules-validate-once-per-build-session -Wnon-modular-include-in-framework-module -Werror\=non-modular-include-in-framework-module -Wno-trigraphs -Wno-missing-field-initializers -Wno-missing-prototypes -Wno-return-type -Wno-missing-braces -Wparentheses -Wswitch -Wno-unused-function -Wno-unused-label -Wno-unused-parameter -Wno-unused-variable -Wunused-value -Wno-empty-body -Wno-uninitialized -Wno-unknown-pragmas -w -Wno-shadow -Wno-four-char-constants -Wno-conversion -Wno-constant-conversion -Wno-int-conversion -Wno-bool-conversion -Wno-enum-conversion -Wno-float-conversion -Wno-non-literal-null-conversion -Wno-objc-literal-conversion -Wshorten-64-to-32 -Wpointer-sign -Wno-newline-eof -Wno-implicit-fallthrough -isysroot /Applications/Xcode.app/Contents/Developer/Platforms/iPhoneSimulator.platform/Developer/SDKs/iPhoneSimulator26.5.sdk -fstrict-aliasing -Wdeprecated-declarations -Wno-sign-conversion -Wno-infinite-recursion -Wno-comma -Wno-block-capture-autoreleasing -Wno-strict-prototypes -Wno-semicolon-before-method-body -index-store-path /Users/shizihan/DailyUse/Github/InkMarkdown/.scratch/architecture-deepening-2026-09-07/evidence/20260907-1415-ticket-27/consumer/DerivedData-InkMarkdownSwiftUIConsumer/Index.noindex/DataStore @/Users/shizihan/DailyUse/Github/InkMarkdown/.scratch/architecture-deepening-2026-09-07/evidence/20260907-1415-ticket-27/consumer/DerivedData-InkMarkdownSwiftUIConsumer/Build/Intermediates.noindex/cmark-gfm.build/Debug-iphonesimulator/cmark-gfm-extensions.build/Objects-normal/arm64/7187679823f38a2a940e0043cdf9d637-common-args.resp -MMD -MT dependencies -MF /Users/shizihan/DailyUse/Github/InkMarkdown/.scratch/architecture-deepening-2026-09-07/evidence/20260907-1415-ticket-27/consumer/DerivedData-InkMarkdownSwiftUIConsumer/Build/Intermediates.noindex/cmark-gfm.build/Debug-iphonesimulator/cmark-gfm-extensions.build/Objects-normal/arm64/ext_scanners.d --serialize-diagnostics /Users/shizihan/DailyUse/Github/InkMarkdown/.scratch/architecture-deepening-2026-09-07/evidence/20260907-1415-ticket-27/consumer/DerivedData-InkMarkdownSwiftUIConsumer/Build/Intermediates.noindex/cmark-gfm.build/Debug-iphonesimulator/cmark-gfm-extensions.build/Objects-normal/arm64/ext_scanners.dia -c /Users/shizihan/DailyUse/Github/InkMarkdown/Packages/Caches/swift-cmark/extensions/ext_scanners.c -o /Users/shizihan/DailyUse/Github/InkMarkdown/.scratch/architecture-deepening-2026-09-07/evidence/20260907-1415-ticket-27/consumer/DerivedData-InkMarkdownSwiftUIConsumer/Build/Intermediates.noindex/cmark-gfm.build/Debug-iphonesimulator/cmark-gfm-extensions.build/Objects-normal/arm64/ext_scanners.o -index-unit-output-path /cmark-gfm.build/Debug-iphonesimulator/cmark-gfm-extensions.build/Objects-normal/arm64/ext_scanners.o

PrecompileModule /Users/shizihan/DailyUse/Github/InkMarkdown/.scratch/architecture-deepening-2026-09-07/evidence/20260907-1415-ticket-27/consumer/DerivedData-InkMarkdownSwiftUIConsumer/Build/Intermediates.noindex/ExplicitPrecompiledModules/_Builtin_stdbool-APJQ9HN99TCHK20HQ5SPYVL2K.scan
    cd /
    builtin-precompileModule /Users/shizihan/DailyUse/Github/InkMarkdown/.scratch/architecture-deepening-2026-09-07/evidence/20260907-1415-ticket-27/consumer/DerivedData-InkMarkdownSwiftUIConsumer/Build/Intermediates.noindex/ExplicitPrecompiledModules/_Builtin_stdbool-APJQ9HN99TCHK20HQ5SPYVL2K.scan

PrecompileModule /Users/shizihan/DailyUse/Github/InkMarkdown/.scratch/architecture-deepening-2026-09-07/evidence/20260907-1415-ticket-27/consumer/DerivedData-InkMarkdownSwiftUIConsumer/Build/Intermediates.noindex/ExplicitPrecompiledModules/_Builtin_stdarg-42KDYL3AGA0RUMACG2QZE7GA1.scan
    cd /
    builtin-precompileModule /Users/shizihan/DailyUse/Github/InkMarkdown/.scratch/architecture-deepening-2026-09-07/evidence/20260907-1415-ticket-27/consumer/DerivedData-InkMarkdownSwiftUIConsumer/Build/Intermediates.noindex/ExplicitPrecompiledModules/_Builtin_stdarg-42KDYL3AGA0RUMACG2QZE7GA1.scan

PrecompileModule /Users/shizihan/DailyUse/Github/InkMarkdown/.scratch/architecture-deepening-2026-09-07/evidence/20260907-1415-ticket-27/consumer/DerivedData-InkMarkdownSwiftUIConsumer/Build/Intermediates.noindex/ExplicitPrecompiledModules/ptrcheck-9PE0E5YBFAQ20DXGJXP44D41J.scan
    cd /
    builtin-precompileModule /Users/shizihan/DailyUse/Github/InkMarkdown/.scratch/architecture-deepening-2026-09-07/evidence/20260907-1415-ticket-27/consumer/DerivedData-InkMarkdownSwiftUIConsumer/Build/Intermediates.noindex/ExplicitPrecompiledModules/ptrcheck-9PE0E5YBFAQ20DXGJXP44D41J.scan

PrecompileModule /Users/shizihan/DailyUse/Github/InkMarkdown/.scratch/architecture-deepening-2026-09-07/evidence/20260907-1415-ticket-27/consumer/DerivedData-InkMarkdownSwiftUIConsumer/Build/Intermediates.noindex/ExplicitPrecompiledModules/_AvailabilityInternal-EW813EIAV2VYDUE74WMKBRUPJ.scan
    cd /
    builtin-precompileModule /Users/shizihan/DailyUse/Github/InkMarkdown/.scratch/architecture-deepening-2026-09-07/evidence/20260907-1415-ticket-27/consumer/DerivedData-InkMarkdownSwiftUIConsumer/Build/Intermediates.noindex/ExplicitPrecompiledModules/_AvailabilityInternal-EW813EIAV2VYDUE74WMKBRUPJ.scan

PrecompileModule /Users/shizihan/DailyUse/Github/InkMarkdown/.scratch/architecture-deepening-2026-09-07/evidence/20260907-1415-ticket-27/consumer/DerivedData-InkMarkdownSwiftUIConsumer/Build/Intermediates.noindex/ExplicitPrecompiledModules/_Builtin_stddef-8HI26VO3SWQV3YWD30AYBE744.scan
    cd /
    builtin-precompileModule /Users/shizihan/DailyUse/Github/InkMarkdown/.scratch/architecture-deepening-2026-09-07/evidence/20260907-1415-ticket-27/consumer/DerivedData-InkMarkdownSwiftUIConsumer/Build/Intermediates.noindex/ExplicitPrecompiledModules/_Builtin_stddef-8HI26VO3SWQV3YWD30AYBE744.scan

ScanDependencies /Users/shizihan/DailyUse/Github/InkMarkdown/.scratch/architecture-deepening-2026-09-07/evidence/20260907-1415-ticket-27/consumer/DerivedData-InkMarkdownSwiftUIConsumer/Build/Intermediates.noindex/cmark-gfm.build/Debug-iphonesimulator/cmark-gfm-extensions.build/Objects-normal/arm64/core-extensions.o /Users/shizihan/DailyUse/Github/InkMarkdown/Packages/Caches/swift-cmark/extensions/core-extensions.c normal arm64 c com.apple.compilers.llvm.clang.1_0.compiler (in target 'cmark-gfm-extensions' from project 'cmark-gfm')
    cd /Users/shizihan/DailyUse/Github/InkMarkdown/.github/fixtures/consumer-smoke/.swiftpm/xcode
    
    Using response file: /Users/shizihan/DailyUse/Github/InkMarkdown/.scratch/architecture-deepening-2026-09-07/evidence/20260907-1415-ticket-27/consumer/DerivedData-InkMarkdownSwiftUIConsumer/Build/Intermediates.noindex/cmark-gfm.build/Debug-iphonesimulator/cmark-gfm-extensions.build/Objects-normal/arm64/7187679823f38a2a940e0043cdf9d637-common-args.resp
    
    builtin-ScanDependencies -o /Users/shizihan/DailyUse/Github/InkMarkdown/.scratch/architecture-deepening-2026-09-07/evidence/20260907-1415-ticket-27/consumer/DerivedData-InkMarkdownSwiftUIConsumer/Build/Intermediates.noindex/cmark-gfm.build/Debug-iphonesimulator/cmark-gfm-extensions.build/Objects-normal/arm64/core-extensions.o.scan -- /Applications/Xcode.app/Contents/Developer/Toolchains/XcodeDefault.xctoolchain/usr/bin/clang -x c -ivfsstatcache /Users/shizihan/DailyUse/Github/InkMarkdown/.scratch/architecture-deepening-2026-09-07/evidence/20260907-1415-ticket-27/consumer/DerivedData-InkMarkdownSwiftUIConsumer/SDKStatCaches.noindex/iphonesimulator26.5-23F81a-6cfe768891a92b912361537c460fe42b.sdkstatcache -target arm64-apple-ios12.0-simulator -fmessage-length\=0 -fdiagnostics-show-note-include-stack -fmacro-backtrace-limit\=0 -fno-color-diagnostics -fmodules-prune-interval\=86400 -fmodules-prune-after\=345600 -fbuild-session-file\=/Users/shizihan/DailyUse/Github/InkMarkdown/.scratch/architecture-deepening-2026-09-07/evidence/20260907-1415-ticket-27/consumer/DerivedData-InkMarkdownSwiftUIConsumer/ModuleCache.noindex/Session.modulevalidation -fmodules-validate-once-per-build-session -Wnon-modular-include-in-framework-module -Werror\=non-modular-include-in-framework-module -Wno-trigraphs -Wno-missing-field-initializers -Wno-missing-prototypes -Wno-return-type -Wno-missing-braces -Wparentheses -Wswitch -Wno-unused-function -Wno-unused-label -Wno-unused-parameter -Wno-unused-variable -Wunused-value -Wno-empty-body -Wno-uninitialized -Wno-unknown-pragmas -w -Wno-shadow -Wno-four-char-constants -Wno-conversion -Wno-constant-conversion -Wno-int-conversion -Wno-bool-conversion -Wno-enum-conversion -Wno-float-conversion -Wno-non-literal-null-conversion -Wno-objc-literal-conversion -Wshorten-64-to-32 -Wpointer-sign -Wno-newline-eof -Wno-implicit-fallthrough -isysroot /Applications/Xcode.app/Contents/Developer/Platforms/iPhoneSimulator.platform/Developer/SDKs/iPhoneSimulator26.5.sdk -fstrict-aliasing -Wdeprecated-declarations -Wno-sign-conversion -Wno-infinite-recursion -Wno-comma -Wno-block-capture-autoreleasing -Wno-strict-prototypes -Wno-semicolon-before-method-body -index-store-path /Users/shizihan/DailyUse/Github/InkMarkdown/.scratch/architecture-deepening-2026-09-07/evidence/20260907-1415-ticket-27/consumer/DerivedData-InkMarkdownSwiftUIConsumer/Index.noindex/DataStore @/Users/shizihan/DailyUse/Github/InkMarkdown/.scratch/architecture-deepening-2026-09-07/evidence/20260907-1415-ticket-27/consumer/DerivedData-InkMarkdownSwiftUIConsumer/Build/Intermediates.noindex/cmark-gfm.build/Debug-iphonesimulator/cmark-gfm-extensions.build/Objects-normal/arm64/7187679823f38a2a940e0043cdf9d637-common-args.resp -MMD -MT dependencies -MF /Users/shizihan/DailyUse/Github/InkMarkdown/.scratch/architecture-deepening-2026-09-07/evidence/20260907-1415-ticket-27/consumer/DerivedData-InkMarkdownSwiftUIConsumer/Build/Intermediates.noindex/cmark-gfm.build/Debug-iphonesimulator/cmark-gfm-extensions.build/Objects-normal/arm64/core-extensions.d --serialize-diagnostics /Users/shizihan/DailyUse/Github/InkMarkdown/.scratch/architecture-deepening-2026-09-07/evidence/20260907-1415-ticket-27/consumer/DerivedData-InkMarkdownSwiftUIConsumer/Build/Intermediates.noindex/cmark-gfm.build/Debug-iphonesimulator/cmark-gfm-extensions.build/Objects-normal/arm64/core-extensions.dia -c /Users/shizihan/DailyUse/Github/InkMarkdown/Packages/Caches/swift-cmark/extensions/core-extensions.c -o /Users/shizihan/DailyUse/Github/InkMarkdown/.scratch/architecture-deepening-2026-09-07/evidence/20260907-1415-ticket-27/consumer/DerivedData-InkMarkdownSwiftUIConsumer/Build/Intermediates.noindex/cmark-gfm.build/Debug-iphonesimulator/cmark-gfm-extensions.build/Objects-normal/arm64/core-extensions.o -index-unit-output-path /cmark-gfm.build/Debug-iphonesimulator/cmark-gfm-extensions.build/Objects-normal/arm64/core-extensions.o

ScanDependencies /Users/shizihan/DailyUse/Github/InkMarkdown/.scratch/architecture-deepening-2026-09-07/evidence/20260907-1415-ticket-27/consumer/DerivedData-InkMarkdownSwiftUIConsumer/Build/Intermediates.noindex/cmark-gfm.build/Debug-iphonesimulator/cmark-gfm-extensions.build/Objects-normal/arm64/autolink.o /Users/shizihan/DailyUse/Github/InkMarkdown/Packages/Caches/swift-cmark/extensions/autolink.c normal arm64 c com.apple.compilers.llvm.clang.1_0.compiler (in target 'cmark-gfm-extensions' from project 'cmark-gfm')
    cd /Users/shizihan/DailyUse/Github/InkMarkdown/.github/fixtures/consumer-smoke/.swiftpm/xcode
    
    Using response file: /Users/shizihan/DailyUse/Github/InkMarkdown/.scratch/architecture-deepening-2026-09-07/evidence/20260907-1415-ticket-27/consumer/DerivedData-InkMarkdownSwiftUIConsumer/Build/Intermediates.noindex/cmark-gfm.build/Debug-iphonesimulator/cmark-gfm-extensions.build/Objects-normal/arm64/7187679823f38a2a940e0043cdf9d637-common-args.resp
    
    builtin-ScanDependencies -o /Users/shizihan/DailyUse/Github/InkMarkdown/.scratch/architecture-deepening-2026-09-07/evidence/20260907-1415-ticket-27/consumer/DerivedData-InkMarkdownSwiftUIConsumer/Build/Intermediates.noindex/cmark-gfm.build/Debug-iphonesimulator/cmark-gfm-extensions.build/Objects-normal/arm64/autolink.o.scan -- /Applications/Xcode.app/Contents/Developer/Toolchains/XcodeDefault.xctoolchain/usr/bin/clang -x c -ivfsstatcache /Users/shizihan/DailyUse/Github/InkMarkdown/.scratch/architecture-deepening-2026-09-07/evidence/20260907-1415-ticket-27/consumer/DerivedData-InkMarkdownSwiftUIConsumer/SDKStatCaches.noindex/iphonesimulator26.5-23F81a-6cfe768891a92b912361537c460fe42b.sdkstatcache -target arm64-apple-ios12.0-simulator -fmessage-length\=0 -fdiagnostics-show-note-include-stack -fmacro-backtrace-limit\=0 -fno-color-diagnostics -fmodules-prune-interval\=86400 -fmodules-prune-after\=345600 -fbuild-session-file\=/Users/shizihan/DailyUse/Github/InkMarkdown/.scratch/architecture-deepening-2026-09-07/evidence/20260907-1415-ticket-27/consumer/DerivedData-InkMarkdownSwiftUIConsumer/ModuleCache.noindex/Session.modulevalidation -fmodules-validate-once-per-build-session -Wnon-modular-include-in-framework-module -Werror\=non-modular-include-in-framework-module -Wno-trigraphs -Wno-missing-field-initializers -Wno-missing-prototypes -Wno-return-type -Wno-missing-braces -Wparentheses -Wswitch -Wno-unused-function -Wno-unused-label -Wno-unused-parameter -Wno-unused-variable -Wunused-value -Wno-empty-body -Wno-uninitialized -Wno-unknown-pragmas -w -Wno-shadow -Wno-four-char-constants -Wno-conversion -Wno-constant-conversion -Wno-int-conversion -Wno-bool-conversion -Wno-enum-conversion -Wno-float-conversion -Wno-non-literal-null-conversion -Wno-objc-literal-conversion -Wshorten-64-to-32 -Wpointer-sign -Wno-newline-eof -Wno-implicit-fallthrough -isysroot /Applications/Xcode.app/Contents/Developer/Platforms/iPhoneSimulator.platform/Developer/SDKs/iPhoneSimulator26.5.sdk -fstrict-aliasing -Wdeprecated-declarations -Wno-sign-conversion -Wno-infinite-recursion -Wno-comma -Wno-block-capture-autoreleasing -Wno-strict-prototypes -Wno-semicolon-before-method-body -index-store-path /Users/shizihan/DailyUse/Github/InkMarkdown/.scratch/architecture-deepening-2026-09-07/evidence/20260907-1415-ticket-27/consumer/DerivedData-InkMarkdownSwiftUIConsumer/Index.noindex/DataStore @/Users/shizihan/DailyUse/Github/InkMarkdown/.scratch/architecture-deepening-2026-09-07/evidence/20260907-1415-ticket-27/consumer/DerivedData-InkMarkdownSwiftUIConsumer/Build/Intermediates.noindex/cmark-gfm.build/Debug-iphonesimulator/cmark-gfm-extensions.build/Objects-normal/arm64/7187679823f38a2a940e0043cdf9d637-common-args.resp -MMD -MT dependencies -MF /Users/shizihan/DailyUse/Github/InkMarkdown/.scratch/architecture-deepening-2026-09-07/evidence/20260907-1415-ticket-27/consumer/DerivedData-InkMarkdownSwiftUIConsumer/Build/Intermediates.noindex/cmark-gfm.build/Debug-iphonesimulator/cmark-gfm-extensions.build/Objects-normal/arm64/autolink.d --serialize-diagnostics /Users/shizihan/DailyUse/Github/InkMarkdown/.scratch/architecture-deepening-2026-09-07/evidence/20260907-1415-ticket-27/consumer/DerivedData-InkMarkdownSwiftUIConsumer/Build/Intermediates.noindex/cmark-gfm.build/Debug-iphonesimulator/cmark-gfm-extensions.build/Objects-normal/arm64/autolink.dia -c /Users/shizihan/DailyUse/Github/InkMarkdown/Packages/Caches/swift-cmark/extensions/autolink.c -o /Users/shizihan/DailyUse/Github/InkMarkdown/.scratch/architecture-deepening-2026-09-07/evidence/20260907-1415-ticket-27/consumer/DerivedData-InkMarkdownSwiftUIConsumer/Build/Intermediates.noindex/cmark-gfm.build/Debug-iphonesimulator/cmark-gfm-extensions.build/Objects-normal/arm64/autolink.o -index-unit-output-path /cmark-gfm.build/Debug-iphonesimulator/cmark-gfm-extensions.build/Objects-normal/arm64/autolink.o

ScanDependencies /Users/shizihan/DailyUse/Github/InkMarkdown/.scratch/architecture-deepening-2026-09-07/evidence/20260907-1415-ticket-27/consumer/DerivedData-InkMarkdownSwiftUIConsumer/Build/Intermediates.noindex/cmark-gfm.build/Debug-iphonesimulator/cmark-gfm.build/Objects-normal/arm64/node.o /Users/shizihan/DailyUse/Github/InkMarkdown/Packages/Caches/swift-cmark/src/node.c normal arm64 c com.apple.compilers.llvm.clang.1_0.compiler (in target 'cmark-gfm' from project 'cmark-gfm')
    cd /Users/shizihan/DailyUse/Github/InkMarkdown/.github/fixtures/consumer-smoke/.swiftpm/xcode
    
    Using response file: /Users/shizihan/DailyUse/Github/InkMarkdown/.scratch/architecture-deepening-2026-09-07/evidence/20260907-1415-ticket-27/consumer/DerivedData-InkMarkdownSwiftUIConsumer/Build/Intermediates.noindex/cmark-gfm.build/Debug-iphonesimulator/cmark-gfm.build/Objects-normal/arm64/7187679823f38a2a940e0043cdf9d637-common-args.resp
    
    builtin-ScanDependencies -o /Users/shizihan/DailyUse/Github/InkMarkdown/.scratch/architecture-deepening-2026-09-07/evidence/20260907-1415-ticket-27/consumer/DerivedData-InkMarkdownSwiftUIConsumer/Build/Intermediates.noindex/cmark-gfm.build/Debug-iphonesimulator/cmark-gfm.build/Objects-normal/arm64/node.o.scan -- /Applications/Xcode.app/Contents/Developer/Toolchains/XcodeDefault.xctoolchain/usr/bin/clang -x c -ivfsstatcache /Users/shizihan/DailyUse/Github/InkMarkdown/.scratch/architecture-deepening-2026-09-07/evidence/20260907-1415-ticket-27/consumer/DerivedData-InkMarkdownSwiftUIConsumer/SDKStatCaches.noindex/iphonesimulator26.5-23F81a-6cfe768891a92b912361537c460fe42b.sdkstatcache -target arm64-apple-ios12.0-simulator -fmessage-length\=0 -fdiagnostics-show-note-include-stack -fmacro-backtrace-limit\=0 -fno-color-diagnostics -fmodules-prune-interval\=86400 -fmodules-prune-after\=345600 -fbuild-session-file\=/Users/shizihan/DailyUse/Github/InkMarkdown/.scratch/architecture-deepening-2026-09-07/evidence/20260907-1415-ticket-27/consumer/DerivedData-InkMarkdownSwiftUIConsumer/ModuleCache.noindex/Session.modulevalidation -fmodules-validate-once-per-build-session -Wnon-modular-include-in-framework-module -Werror\=non-modular-include-in-framework-module -Wno-trigraphs -Wno-missing-field-initializers -Wno-missing-prototypes -Wno-return-type -Wno-missing-braces -Wparentheses -Wswitch -Wno-unused-function -Wno-unused-label -Wno-unused-parameter -Wno-unused-variable -Wunused-value -Wno-empty-body -Wno-uninitialized -Wno-unknown-pragmas -w -Wno-shadow -Wno-four-char-constants -Wno-conversion -Wno-constant-conversion -Wno-int-conversion -Wno-bool-conversion -Wno-enum-conversion -Wno-float-conversion -Wno-non-literal-null-conversion -Wno-objc-literal-conversion -Wshorten-64-to-32 -Wpointer-sign -Wno-newline-eof -Wno-implicit-fallthrough -isysroot /Applications/Xcode.app/Contents/Developer/Platforms/iPhoneSimulator.platform/Developer/SDKs/iPhoneSimulator26.5.sdk -fstrict-aliasing -Wdeprecated-declarations -Wno-sign-conversion -Wno-infinite-recursion -Wno-comma -Wno-block-capture-autoreleasing -Wno-strict-prototypes -Wno-semicolon-before-method-body -index-store-path /Users/shizihan/DailyUse/Github/InkMarkdown/.scratch/architecture-deepening-2026-09-07/evidence/20260907-1415-ticket-27/consumer/DerivedData-InkMarkdownSwiftUIConsumer/Index.noindex/DataStore @/Users/shizihan/DailyUse/Github/InkMarkdown/.scratch/architecture-deepening-2026-09-07/evidence/20260907-1415-ticket-27/consumer/DerivedData-InkMarkdownSwiftUIConsumer/Build/Intermediates.noindex/cmark-gfm.build/Debug-iphonesimulator/cmark-gfm.build/Objects-normal/arm64/7187679823f38a2a940e0043cdf9d637-common-args.resp -MMD -MT dependencies -MF /Users/shizihan/DailyUse/Github/InkMarkdown/.scratch/architecture-deepening-2026-09-07/evidence/20260907-1415-ticket-27/consumer/DerivedData-InkMarkdownSwiftUIConsumer/Build/Intermediates.noindex/cmark-gfm.build/Debug-iphonesimulator/cmark-gfm.build/Objects-normal/arm64/node.d --serialize-diagnostics /Users/shizihan/DailyUse/Github/InkMarkdown/.scratch/architecture-deepening-2026-09-07/evidence/20260907-1415-ticket-27/consumer/DerivedData-InkMarkdownSwiftUIConsumer/Build/Intermediates.noindex/cmark-gfm.build/Debug-iphonesimulator/cmark-gfm.build/Objects-normal/arm64/node.dia -c /Users/shizihan/DailyUse/Github/InkMarkdown/Packages/Caches/swift-cmark/src/node.c -o /Users/shizihan/DailyUse/Github/InkMarkdown/.scratch/architecture-deepening-2026-09-07/evidence/20260907-1415-ticket-27/consumer/DerivedData-InkMarkdownSwiftUIConsumer/Build/Intermediates.noindex/cmark-gfm.build/Debug-iphonesimulator/cmark-gfm.build/Objects-normal/arm64/node.o -index-unit-output-path /cmark-gfm.build/Debug-iphonesimulator/cmark-gfm.build/Objects-normal/arm64/node.o

ScanDependencies /Users/shizihan/DailyUse/Github/InkMarkdown/.scratch/architecture-deepening-2026-09-07/evidence/20260907-1415-ticket-27/consumer/DerivedData-InkMarkdownSwiftUIConsumer/Build/Intermediates.noindex/cmark-gfm.build/Debug-iphonesimulator/cmark-gfm.build/Objects-normal/arm64/map.o /Users/shizihan/DailyUse/Github/InkMarkdown/Packages/Caches/swift-cmark/src/map.c normal arm64 c com.apple.compilers.llvm.clang.1_0.compiler (in target 'cmark-gfm' from project 'cmark-gfm')
    cd /Users/shizihan/DailyUse/Github/InkMarkdown/.github/fixtures/consumer-smoke/.swiftpm/xcode
    
    Using response file: /Users/shizihan/DailyUse/Github/InkMarkdown/.scratch/architecture-deepening-2026-09-07/evidence/20260907-1415-ticket-27/consumer/DerivedData-InkMarkdownSwiftUIConsumer/Build/Intermediates.noindex/cmark-gfm.build/Debug-iphonesimulator/cmark-gfm.build/Objects-normal/arm64/7187679823f38a2a940e0043cdf9d637-common-args.resp
    
    builtin-ScanDependencies -o /Users/shizihan/DailyUse/Github/InkMarkdown/.scratch/architecture-deepening-2026-09-07/evidence/20260907-1415-ticket-27/consumer/DerivedData-InkMarkdownSwiftUIConsumer/Build/Intermediates.noindex/cmark-gfm.build/Debug-iphonesimulator/cmark-gfm.build/Objects-normal/arm64/map.o.scan -- /Applications/Xcode.app/Contents/Developer/Toolchains/XcodeDefault.xctoolchain/usr/bin/clang -x c -ivfsstatcache /Users/shizihan/DailyUse/Github/InkMarkdown/.scratch/architecture-deepening-2026-09-07/evidence/20260907-1415-ticket-27/consumer/DerivedData-InkMarkdownSwiftUIConsumer/SDKStatCaches.noindex/iphonesimulator26.5-23F81a-6cfe768891a92b912361537c460fe42b.sdkstatcache -target arm64-apple-ios12.0-simulator -fmessage-length\=0 -fdiagnostics-show-note-include-stack -fmacro-backtrace-limit\=0 -fno-color-diagnostics -fmodules-prune-interval\=86400 -fmodules-prune-after\=345600 -fbuild-session-file\=/Users/shizihan/DailyUse/Github/InkMarkdown/.scratch/architecture-deepening-2026-09-07/evidence/20260907-1415-ticket-27/consumer/DerivedData-InkMarkdownSwiftUIConsumer/ModuleCache.noindex/Session.modulevalidation -fmodules-validate-once-per-build-session -Wnon-modular-include-in-framework-module -Werror\=non-modular-include-in-framework-module -Wno-trigraphs -Wno-missing-field-initializers -Wno-missing-prototypes -Wno-return-type -Wno-missing-braces -Wparentheses -Wswitch -Wno-unused-function -Wno-unused-label -Wno-unused-parameter -Wno-unused-variable -Wunused-value -Wno-empty-body -Wno-uninitialized -Wno-unknown-pragmas -w -Wno-shadow -Wno-four-char-constants -Wno-conversion -Wno-constant-conversion -Wno-int-conversion -Wno-bool-conversion -Wno-enum-conversion -Wno-float-conversion -Wno-non-literal-null-conversion -Wno-objc-literal-conversion -Wshorten-64-to-32 -Wpointer-sign -Wno-newline-eof -Wno-implicit-fallthrough -isysroot /Applications/Xcode.app/Contents/Developer/Platforms/iPhoneSimulator.platform/Developer/SDKs/iPhoneSimulator26.5.sdk -fstrict-aliasing -Wdeprecated-declarations -Wno-sign-conversion -Wno-infinite-recursion -Wno-comma -Wno-block-capture-autoreleasing -Wno-strict-prototypes -Wno-semicolon-before-method-body -index-store-path /Users/shizihan/DailyUse/Github/InkMarkdown/.scratch/architecture-deepening-2026-09-07/evidence/20260907-1415-ticket-27/consumer/DerivedData-InkMarkdownSwiftUIConsumer/Index.noindex/DataStore @/Users/shizihan/DailyUse/Github/InkMarkdown/.scratch/architecture-deepening-2026-09-07/evidence/20260907-1415-ticket-27/consumer/DerivedData-InkMarkdownSwiftUIConsumer/Build/Intermediates.noindex/cmark-gfm.build/Debug-iphonesimulator/cmark-gfm.build/Objects-normal/arm64/7187679823f38a2a940e0043cdf9d637-common-args.resp -MMD -MT dependencies -MF /Users/shizihan/DailyUse/Github/InkMarkdown/.scratch/architecture-deepening-2026-09-07/evidence/20260907-1415-ticket-27/consumer/DerivedData-InkMarkdownSwiftUIConsumer/Build/Intermediates.noindex/cmark-gfm.build/Debug-iphonesimulator/cmark-gfm.build/Objects-normal/arm64/map.d --serialize-diagnostics /Users/shizihan/DailyUse/Github/InkMarkdown/.scratch/architecture-deepening-2026-09-07/evidence/20260907-1415-ticket-27/consumer/DerivedData-InkMarkdownSwiftUIConsumer/Build/Intermediates.noindex/cmark-gfm.build/Debug-iphonesimulator/cmark-gfm.build/Objects-normal/arm64/map.dia -c /Users/shizihan/DailyUse/Github/InkMarkdown/Packages/Caches/swift-cmark/src/map.c -o /Users/shizihan/DailyUse/Github/InkMarkdown/.scratch/architecture-deepening-2026-09-07/evidence/20260907-1415-ticket-27/consumer/DerivedData-InkMarkdownSwiftUIConsumer/Build/Intermediates.noindex/cmark-gfm.build/Debug-iphonesimulator/cmark-gfm.build/Objects-normal/arm64/map.o -index-unit-output-path /cmark-gfm.build/Debug-iphonesimulator/cmark-gfm.build/Objects-normal/arm64/map.o

ScanDependencies /Users/shizihan/DailyUse/Github/InkMarkdown/.scratch/architecture-deepening-2026-09-07/evidence/20260907-1415-ticket-27/consumer/DerivedData-InkMarkdownSwiftUIConsumer/Build/Intermediates.noindex/cmark-gfm.build/Debug-iphonesimulator/cmark-gfm.build/Objects-normal/arm64/man.o /Users/shizihan/DailyUse/Github/InkMarkdown/Packages/Caches/swift-cmark/src/man.c normal arm64 c com.apple.compilers.llvm.clang.1_0.compiler (in target 'cmark-gfm' from project 'cmark-gfm')
    cd /Users/shizihan/DailyUse/Github/InkMarkdown/.github/fixtures/consumer-smoke/.swiftpm/xcode
    
    Using response file: /Users/shizihan/DailyUse/Github/InkMarkdown/.scratch/architecture-deepening-2026-09-07/evidence/20260907-1415-ticket-27/consumer/DerivedData-InkMarkdownSwiftUIConsumer/Build/Intermediates.noindex/cmark-gfm.build/Debug-iphonesimulator/cmark-gfm.build/Objects-normal/arm64/7187679823f38a2a940e0043cdf9d637-common-args.resp
    
    builtin-ScanDependencies -o /Users/shizihan/DailyUse/Github/InkMarkdown/.scratch/architecture-deepening-2026-09-07/evidence/20260907-1415-ticket-27/consumer/DerivedData-InkMarkdownSwiftUIConsumer/Build/Intermediates.noindex/cmark-gfm.build/Debug-iphonesimulator/cmark-gfm.build/Objects-normal/arm64/man.o.scan -- /Applications/Xcode.app/Contents/Developer/Toolchains/XcodeDefault.xctoolchain/usr/bin/clang -x c -ivfsstatcache /Users/shizihan/DailyUse/Github/InkMarkdown/.scratch/architecture-deepening-2026-09-07/evidence/20260907-1415-ticket-27/consumer/DerivedData-InkMarkdownSwiftUIConsumer/SDKStatCaches.noindex/iphonesimulator26.5-23F81a-6cfe768891a92b912361537c460fe42b.sdkstatcache -target arm64-apple-ios12.0-simulator -fmessage-length\=0 -fdiagnostics-show-note-include-stack -fmacro-backtrace-limit\=0 -fno-color-diagnostics -fmodules-prune-interval\=86400 -fmodules-prune-after\=345600 -fbuild-session-file\=/Users/shizihan/DailyUse/Github/InkMarkdown/.scratch/architecture-deepening-2026-09-07/evidence/20260907-1415-ticket-27/consumer/DerivedData-InkMarkdownSwiftUIConsumer/ModuleCache.noindex/Session.modulevalidation -fmodules-validate-once-per-build-session -Wnon-modular-include-in-framework-module -Werror\=non-modular-include-in-framework-module -Wno-trigraphs -Wno-missing-field-initializers -Wno-missing-prototypes -Wno-return-type -Wno-missing-braces -Wparentheses -Wswitch -Wno-unused-function -Wno-unused-label -Wno-unused-parameter -Wno-unused-variable -Wunused-value -Wno-empty-body -Wno-uninitialized -Wno-unknown-pragmas -w -Wno-shadow -Wno-four-char-constants -Wno-conversion -Wno-constant-conversion -Wno-int-conversion -Wno-bool-conversion -Wno-enum-conversion -Wno-float-conversion -Wno-non-literal-null-conversion -Wno-objc-literal-conversion -Wshorten-64-to-32 -Wpointer-sign -Wno-newline-eof -Wno-implicit-fallthrough -isysroot /Applications/Xcode.app/Contents/Developer/Platforms/iPhoneSimulator.platform/Developer/SDKs/iPhoneSimulator26.5.sdk -fstrict-aliasing -Wdeprecated-declarations -Wno-sign-conversion -Wno-infinite-recursion -Wno-comma -Wno-block-capture-autoreleasing -Wno-strict-prototypes -Wno-semicolon-before-method-body -index-store-path /Users/shizihan/DailyUse/Github/InkMarkdown/.scratch/architecture-deepening-2026-09-07/evidence/20260907-1415-ticket-27/consumer/DerivedData-InkMarkdownSwiftUIConsumer/Index.noindex/DataStore @/Users/shizihan/DailyUse/Github/InkMarkdown/.scratch/architecture-deepening-2026-09-07/evidence/20260907-1415-ticket-27/consumer/DerivedData-InkMarkdownSwiftUIConsumer/Build/Intermediates.noindex/cmark-gfm.build/Debug-iphonesimulator/cmark-gfm.build/Objects-normal/arm64/7187679823f38a2a940e0043cdf9d637-common-args.resp -MMD -MT dependencies -MF /Users/shizihan/DailyUse/Github/InkMarkdown/.scratch/architecture-deepening-2026-09-07/evidence/20260907-1415-ticket-27/consumer/DerivedData-InkMarkdownSwiftUIConsumer/Build/Intermediates.noindex/cmark-gfm.build/Debug-iphonesimulator/cmark-gfm.build/Objects-normal/arm64/man.d --serialize-diagnostics /Users/shizihan/DailyUse/Github/InkMarkdown/.scratch/architecture-deepening-2026-09-07/evidence/20260907-1415-ticket-27/consumer/DerivedData-InkMarkdownSwiftUIConsumer/Build/Intermediates.noindex/cmark-gfm.build/Debug-iphonesimulator/cmark-gfm.build/Objects-normal/arm64/man.dia -c /Users/shizihan/DailyUse/Github/InkMarkdown/Packages/Caches/swift-cmark/src/man.c -o /Users/shizihan/DailyUse/Github/InkMarkdown/.scratch/architecture-deepening-2026-09-07/evidence/20260907-1415-ticket-27/consumer/DerivedData-InkMarkdownSwiftUIConsumer/Build/Intermediates.noindex/cmark-gfm.build/Debug-iphonesimulator/cmark-gfm.build/Objects-normal/arm64/man.o -index-unit-output-path /cmark-gfm.build/Debug-iphonesimulator/cmark-gfm.build/Objects-normal/arm64/man.o

ScanDependencies /Users/shizihan/DailyUse/Github/InkMarkdown/.scratch/architecture-deepening-2026-09-07/evidence/20260907-1415-ticket-27/consumer/DerivedData-InkMarkdownSwiftUIConsumer/Build/Intermediates.noindex/cmark-gfm.build/Debug-iphonesimulator/cmark-gfm.build/Objects-normal/arm64/linked_list.o /Users/shizihan/DailyUse/Github/InkMarkdown/Packages/Caches/swift-cmark/src/linked_list.c normal arm64 c com.apple.compilers.llvm.clang.1_0.compiler (in target 'cmark-gfm' from project 'cmark-gfm')
    cd /Users/shizihan/DailyUse/Github/InkMarkdown/.github/fixtures/consumer-smoke/.swiftpm/xcode
    
    Using response file: /Users/shizihan/DailyUse/Github/InkMarkdown/.scratch/architecture-deepening-2026-09-07/evidence/20260907-1415-ticket-27/consumer/DerivedData-InkMarkdownSwiftUIConsumer/Build/Intermediates.noindex/cmark-gfm.build/Debug-iphonesimulator/cmark-gfm.build/Objects-normal/arm64/7187679823f38a2a940e0043cdf9d637-common-args.resp
    
    builtin-ScanDependencies -o /Users/shizihan/DailyUse/Github/InkMarkdown/.scratch/architecture-deepening-2026-09-07/evidence/20260907-1415-ticket-27/consumer/DerivedData-InkMarkdownSwiftUIConsumer/Build/Intermediates.noindex/cmark-gfm.build/Debug-iphonesimulator/cmark-gfm.build/Objects-normal/arm64/linked_list.o.scan -- /Applications/Xcode.app/Contents/Developer/Toolchains/XcodeDefault.xctoolchain/usr/bin/clang -x c -ivfsstatcache /Users/shizihan/DailyUse/Github/InkMarkdown/.scratch/architecture-deepening-2026-09-07/evidence/20260907-1415-ticket-27/consumer/DerivedData-InkMarkdownSwiftUIConsumer/SDKStatCaches.noindex/iphonesimulator26.5-23F81a-6cfe768891a92b912361537c460fe42b.sdkstatcache -target arm64-apple-ios12.0-simulator -fmessage-length\=0 -fdiagnostics-show-note-include-stack -fmacro-backtrace-limit\=0 -fno-color-diagnostics -fmodules-prune-interval\=86400 -fmodules-prune-after\=345600 -fbuild-session-file\=/Users/shizihan/DailyUse/Github/InkMarkdown/.scratch/architecture-deepening-2026-09-07/evidence/20260907-1415-ticket-27/consumer/DerivedData-InkMarkdownSwiftUIConsumer/ModuleCache.noindex/Session.modulevalidation -fmodules-validate-once-per-build-session -Wnon-modular-include-in-framework-module -Werror\=non-modular-include-in-framework-module -Wno-trigraphs -Wno-missing-field-initializers -Wno-missing-prototypes -Wno-return-type -Wno-missing-braces -Wparentheses -Wswitch -Wno-unused-function -Wno-unused-label -Wno-unused-parameter -Wno-unused-variable -Wunused-value -Wno-empty-body -Wno-uninitialized -Wno-unknown-pragmas -w -Wno-shadow -Wno-four-char-constants -Wno-conversion -Wno-constant-conversion -Wno-int-conversion -Wno-bool-conversion -Wno-enum-conversion -Wno-float-conversion -Wno-non-literal-null-conversion -Wno-objc-literal-conversion -Wshorten-64-to-32 -Wpointer-sign -Wno-newline-eof -Wno-implicit-fallthrough -isysroot /Applications/Xcode.app/Contents/Developer/Platforms/iPhoneSimulator.platform/Developer/SDKs/iPhoneSimulator26.5.sdk -fstrict-aliasing -Wdeprecated-declarations -Wno-sign-conversion -Wno-infinite-recursion -Wno-comma -Wno-block-capture-autoreleasing -Wno-strict-prototypes -Wno-semicolon-before-method-body -index-store-path /Users/shizihan/DailyUse/Github/InkMarkdown/.scratch/architecture-deepening-2026-09-07/evidence/20260907-1415-ticket-27/consumer/DerivedData-InkMarkdownSwiftUIConsumer/Index.noindex/DataStore @/Users/shizihan/DailyUse/Github/InkMarkdown/.scratch/architecture-deepening-2026-09-07/evidence/20260907-1415-ticket-27/consumer/DerivedData-InkMarkdownSwiftUIConsumer/Build/Intermediates.noindex/cmark-gfm.build/Debug-iphonesimulator/cmark-gfm.build/Objects-normal/arm64/7187679823f38a2a940e0043cdf9d637-common-args.resp -MMD -MT dependencies -MF /Users/shizihan/DailyUse/Github/InkMarkdown/.scratch/architecture-deepening-2026-09-07/evidence/20260907-1415-ticket-27/consumer/DerivedData-InkMarkdownSwiftUIConsumer/Build/Intermediates.noindex/cmark-gfm.build/Debug-iphonesimulator/cmark-gfm.build/Objects-normal/arm64/linked_list.d --serialize-diagnostics /Users/shizihan/DailyUse/Github/InkMarkdown/.scratch/architecture-deepening-2026-09-07/evidence/20260907-1415-ticket-27/consumer/DerivedData-InkMarkdownSwiftUIConsumer/Build/Intermediates.noindex/cmark-gfm.build/Debug-iphonesimulator/cmark-gfm.build/Objects-normal/arm64/linked_list.dia -c /Users/shizihan/DailyUse/Github/InkMarkdown/Packages/Caches/swift-cmark/src/linked_list.c -o /Users/shizihan/DailyUse/Github/InkMarkdown/.scratch/architecture-deepening-2026-09-07/evidence/20260907-1415-ticket-27/consumer/DerivedData-InkMarkdownSwiftUIConsumer/Build/Intermediates.noindex/cmark-gfm.build/Debug-iphonesimulator/cmark-gfm.build/Objects-normal/arm64/linked_list.o -index-unit-output-path /cmark-gfm.build/Debug-iphonesimulator/cmark-gfm.build/Objects-normal/arm64/linked_list.o

ScanDependencies /Users/shizihan/DailyUse/Github/InkMarkdown/.scratch/architecture-deepening-2026-09-07/evidence/20260907-1415-ticket-27/consumer/DerivedData-InkMarkdownSwiftUIConsumer/Build/Intermediates.noindex/cmark-gfm.build/Debug-iphonesimulator/cmark-gfm.build/Objects-normal/arm64/latex.o /Users/shizihan/DailyUse/Github/InkMarkdown/Packages/Caches/swift-cmark/src/latex.c normal arm64 c com.apple.compilers.llvm.clang.1_0.compiler (in target 'cmark-gfm' from project 'cmark-gfm')
    cd /Users/shizihan/DailyUse/Github/InkMarkdown/.github/fixtures/consumer-smoke/.swiftpm/xcode
    
    Using response file: /Users/shizihan/DailyUse/Github/InkMarkdown/.scratch/architecture-deepening-2026-09-07/evidence/20260907-1415-ticket-27/consumer/DerivedData-InkMarkdownSwiftUIConsumer/Build/Intermediates.noindex/cmark-gfm.build/Debug-iphonesimulator/cmark-gfm.build/Objects-normal/arm64/7187679823f38a2a940e0043cdf9d637-common-args.resp
    
    builtin-ScanDependencies -o /Users/shizihan/DailyUse/Github/InkMarkdown/.scratch/architecture-deepening-2026-09-07/evidence/20260907-1415-ticket-27/consumer/DerivedData-InkMarkdownSwiftUIConsumer/Build/Intermediates.noindex/cmark-gfm.build/Debug-iphonesimulator/cmark-gfm.build/Objects-normal/arm64/latex.o.scan -- /Applications/Xcode.app/Contents/Developer/Toolchains/XcodeDefault.xctoolchain/usr/bin/clang -x c -ivfsstatcache /Users/shizihan/DailyUse/Github/InkMarkdown/.scratch/architecture-deepening-2026-09-07/evidence/20260907-1415-ticket-27/consumer/DerivedData-InkMarkdownSwiftUIConsumer/SDKStatCaches.noindex/iphonesimulator26.5-23F81a-6cfe768891a92b912361537c460fe42b.sdkstatcache -target arm64-apple-ios12.0-simulator -fmessage-length\=0 -fdiagnostics-show-note-include-stack -fmacro-backtrace-limit\=0 -fno-color-diagnostics -fmodules-prune-interval\=86400 -fmodules-prune-after\=345600 -fbuild-session-file\=/Users/shizihan/DailyUse/Github/InkMarkdown/.scratch/architecture-deepening-2026-09-07/evidence/20260907-1415-ticket-27/consumer/DerivedData-InkMarkdownSwiftUIConsumer/ModuleCache.noindex/Session.modulevalidation -fmodules-validate-once-per-build-session -Wnon-modular-include-in-framework-module -Werror\=non-modular-include-in-framework-module -Wno-trigraphs -Wno-missing-field-initializers -Wno-missing-prototypes -Wno-return-type -Wno-missing-braces -Wparentheses -Wswitch -Wno-unused-function -Wno-unused-label -Wno-unused-parameter -Wno-unused-variable -Wunused-value -Wno-empty-body -Wno-uninitialized -Wno-unknown-pragmas -w -Wno-shadow -Wno-four-char-constants -Wno-conversion -Wno-constant-conversion -Wno-int-conversion -Wno-bool-conversion -Wno-enum-conversion -Wno-float-conversion -Wno-non-literal-null-conversion -Wno-objc-literal-conversion -Wshorten-64-to-32 -Wpointer-sign -Wno-newline-eof -Wno-implicit-fallthrough -isysroot /Applications/Xcode.app/Contents/Developer/Platforms/iPhoneSimulator.platform/Developer/SDKs/iPhoneSimulator26.5.sdk -fstrict-aliasing -Wdeprecated-declarations -Wno-sign-conversion -Wno-infinite-recursion -Wno-comma -Wno-block-capture-autoreleasing -Wno-strict-prototypes -Wno-semicolon-before-method-body -index-store-path /Users/shizihan/DailyUse/Github/InkMarkdown/.scratch/architecture-deepening-2026-09-07/evidence/20260907-1415-ticket-27/consumer/DerivedData-InkMarkdownSwiftUIConsumer/Index.noindex/DataStore @/Users/shizihan/DailyUse/Github/InkMarkdown/.scratch/architecture-deepening-2026-09-07/evidence/20260907-1415-ticket-27/consumer/DerivedData-InkMarkdownSwiftUIConsumer/Build/Intermediates.noindex/cmark-gfm.build/Debug-iphonesimulator/cmark-gfm.build/Objects-normal/arm64/7187679823f38a2a940e0043cdf9d637-common-args.resp -MMD -MT dependencies -MF /Users/shizihan/DailyUse/Github/InkMarkdown/.scratch/architecture-deepening-2026-09-07/evidence/20260907-1415-ticket-27/consumer/DerivedData-InkMarkdownSwiftUIConsumer/Build/Intermediates.noindex/cmark-gfm.build/Debug-iphonesimulator/cmark-gfm.build/Objects-normal/arm64/latex.d --serialize-diagnostics /Users/shizihan/DailyUse/Github/InkMarkdown/.scratch/architecture-deepening-2026-09-07/evidence/20260907-1415-ticket-27/consumer/DerivedData-InkMarkdownSwiftUIConsumer/Build/Intermediates.noindex/cmark-gfm.build/Debug-iphonesimulator/cmark-gfm.build/Objects-normal/arm64/latex.dia -c /Users/shizihan/DailyUse/Github/InkMarkdown/Packages/Caches/swift-cmark/src/latex.c -o /Users/shizihan/DailyUse/Github/InkMarkdown/.scratch/architecture-deepening-2026-09-07/evidence/20260907-1415-ticket-27/consumer/DerivedData-InkMarkdownSwiftUIConsumer/Build/Intermediates.noindex/cmark-gfm.build/Debug-iphonesimulator/cmark-gfm.build/Objects-normal/arm64/latex.o -index-unit-output-path /cmark-gfm.build/Debug-iphonesimulator/cmark-gfm.build/Objects-normal/arm64/latex.o

ScanDependencies /Users/shizihan/DailyUse/Github/InkMarkdown/.scratch/architecture-deepening-2026-09-07/evidence/20260907-1415-ticket-27/consumer/DerivedData-InkMarkdownSwiftUIConsumer/Build/Intermediates.noindex/cmark-gfm.build/Debug-iphonesimulator/cmark-gfm.build/Objects-normal/arm64/iterator.o /Users/shizihan/DailyUse/Github/InkMarkdown/Packages/Caches/swift-cmark/src/iterator.c normal arm64 c com.apple.compilers.llvm.clang.1_0.compiler (in target 'cmark-gfm' from project 'cmark-gfm')
    cd /Users/shizihan/DailyUse/Github/InkMarkdown/.github/fixtures/consumer-smoke/.swiftpm/xcode
    
    Using response file: /Users/shizihan/DailyUse/Github/InkMarkdown/.scratch/architecture-deepening-2026-09-07/evidence/20260907-1415-ticket-27/consumer/DerivedData-InkMarkdownSwiftUIConsumer/Build/Intermediates.noindex/cmark-gfm.build/Debug-iphonesimulator/cmark-gfm.build/Objects-normal/arm64/7187679823f38a2a940e0043cdf9d637-common-args.resp
    
    builtin-ScanDependencies -o /Users/shizihan/DailyUse/Github/InkMarkdown/.scratch/architecture-deepening-2026-09-07/evidence/20260907-1415-ticket-27/consumer/DerivedData-InkMarkdownSwiftUIConsumer/Build/Intermediates.noindex/cmark-gfm.build/Debug-iphonesimulator/cmark-gfm.build/Objects-normal/arm64/iterator.o.scan -- /Applications/Xcode.app/Contents/Developer/Toolchains/XcodeDefault.xctoolchain/usr/bin/clang -x c -ivfsstatcache /Users/shizihan/DailyUse/Github/InkMarkdown/.scratch/architecture-deepening-2026-09-07/evidence/20260907-1415-ticket-27/consumer/DerivedData-InkMarkdownSwiftUIConsumer/SDKStatCaches.noindex/iphonesimulator26.5-23F81a-6cfe768891a92b912361537c460fe42b.sdkstatcache -target arm64-apple-ios12.0-simulator -fmessage-length\=0 -fdiagnostics-show-note-include-stack -fmacro-backtrace-limit\=0 -fno-color-diagnostics -fmodules-prune-interval\=86400 -fmodules-prune-after\=345600 -fbuild-session-file\=/Users/shizihan/DailyUse/Github/InkMarkdown/.scratch/architecture-deepening-2026-09-07/evidence/20260907-1415-ticket-27/consumer/DerivedData-InkMarkdownSwiftUIConsumer/ModuleCache.noindex/Session.modulevalidation -fmodules-validate-once-per-build-session -Wnon-modular-include-in-framework-module -Werror\=non-modular-include-in-framework-module -Wno-trigraphs -Wno-missing-field-initializers -Wno-missing-prototypes -Wno-return-type -Wno-missing-braces -Wparentheses -Wswitch -Wno-unused-function -Wno-unused-label -Wno-unused-parameter -Wno-unused-variable -Wunused-value -Wno-empty-body -Wno-uninitialized -Wno-unknown-pragmas -w -Wno-shadow -Wno-four-char-constants -Wno-conversion -Wno-constant-conversion -Wno-int-conversion -Wno-bool-conversion -Wno-enum-conversion -Wno-float-conversion -Wno-non-literal-null-conversion -Wno-objc-literal-conversion -Wshorten-64-to-32 -Wpointer-sign -Wno-newline-eof -Wno-implicit-fallthrough -isysroot /Applications/Xcode.app/Contents/Developer/Platforms/iPhoneSimulator.platform/Developer/SDKs/iPhoneSimulator26.5.sdk -fstrict-aliasing -Wdeprecated-declarations -Wno-sign-conversion -Wno-infinite-recursion -Wno-comma -Wno-block-capture-autoreleasing -Wno-strict-prototypes -Wno-semicolon-before-method-body -index-store-path /Users/shizihan/DailyUse/Github/InkMarkdown/.scratch/architecture-deepening-2026-09-07/evidence/20260907-1415-ticket-27/consumer/DerivedData-InkMarkdownSwiftUIConsumer/Index.noindex/DataStore @/Users/shizihan/DailyUse/Github/InkMarkdown/.scratch/architecture-deepening-2026-09-07/evidence/20260907-1415-ticket-27/consumer/DerivedData-InkMarkdownSwiftUIConsumer/Build/Intermediates.noindex/cmark-gfm.build/Debug-iphonesimulator/cmark-gfm.build/Objects-normal/arm64/7187679823f38a2a940e0043cdf9d637-common-args.resp -MMD -MT dependencies -MF /Users/shizihan/DailyUse/Github/InkMarkdown/.scratch/architecture-deepening-2026-09-07/evidence/20260907-1415-ticket-27/consumer/DerivedData-InkMarkdownSwiftUIConsumer/Build/Intermediates.noindex/cmark-gfm.build/Debug-iphonesimulator/cmark-gfm.build/Objects-normal/arm64/iterator.d --serialize-diagnostics /Users/shizihan/DailyUse/Github/InkMarkdown/.scratch/architecture-deepening-2026-09-07/evidence/20260907-1415-ticket-27/consumer/DerivedData-InkMarkdownSwiftUIConsumer/Build/Intermediates.noindex/cmark-gfm.build/Debug-iphonesimulator/cmark-gfm.build/Objects-normal/arm64/iterator.dia -c /Users/shizihan/DailyUse/Github/InkMarkdown/Packages/Caches/swift-cmark/src/iterator.c -o /Users/shizihan/DailyUse/Github/InkMarkdown/.scratch/architecture-deepening-2026-09-07/evidence/20260907-1415-ticket-27/consumer/DerivedData-InkMarkdownSwiftUIConsumer/Build/Intermediates.noindex/cmark-gfm.build/Debug-iphonesimulator/cmark-gfm.build/Objects-normal/arm64/iterator.o -index-unit-output-path /cmark-gfm.build/Debug-iphonesimulator/cmark-gfm.build/Objects-normal/arm64/iterator.o

ScanDependencies /Users/shizihan/DailyUse/Github/InkMarkdown/.scratch/architecture-deepening-2026-09-07/evidence/20260907-1415-ticket-27/consumer/DerivedData-InkMarkdownSwiftUIConsumer/Build/Intermediates.noindex/cmark-gfm.build/Debug-iphonesimulator/cmark-gfm.build/Objects-normal/arm64/inlines.o /Users/shizihan/DailyUse/Github/InkMarkdown/Packages/Caches/swift-cmark/src/inlines.c normal arm64 c com.apple.compilers.llvm.clang.1_0.compiler (in target 'cmark-gfm' from project 'cmark-gfm')
    cd /Users/shizihan/DailyUse/Github/InkMarkdown/.github/fixtures/consumer-smoke/.swiftpm/xcode
    
    Using response file: /Users/shizihan/DailyUse/Github/InkMarkdown/.scratch/architecture-deepening-2026-09-07/evidence/20260907-1415-ticket-27/consumer/DerivedData-InkMarkdownSwiftUIConsumer/Build/Intermediates.noindex/cmark-gfm.build/Debug-iphonesimulator/cmark-gfm.build/Objects-normal/arm64/7187679823f38a2a940e0043cdf9d637-common-args.resp
    
    builtin-ScanDependencies -o /Users/shizihan/DailyUse/Github/InkMarkdown/.scratch/architecture-deepening-2026-09-07/evidence/20260907-1415-ticket-27/consumer/DerivedData-InkMarkdownSwiftUIConsumer/Build/Intermediates.noindex/cmark-gfm.build/Debug-iphonesimulator/cmark-gfm.build/Objects-normal/arm64/inlines.o.scan -- /Applications/Xcode.app/Contents/Developer/Toolchains/XcodeDefault.xctoolchain/usr/bin/clang -x c -ivfsstatcache /Users/shizihan/DailyUse/Github/InkMarkdown/.scratch/architecture-deepening-2026-09-07/evidence/20260907-1415-ticket-27/consumer/DerivedData-InkMarkdownSwiftUIConsumer/SDKStatCaches.noindex/iphonesimulator26.5-23F81a-6cfe768891a92b912361537c460fe42b.sdkstatcache -target arm64-apple-ios12.0-simulator -fmessage-length\=0 -fdiagnostics-show-note-include-stack -fmacro-backtrace-limit\=0 -fno-color-diagnostics -fmodules-prune-interval\=86400 -fmodules-prune-after\=345600 -fbuild-session-file\=/Users/shizihan/DailyUse/Github/InkMarkdown/.scratch/architecture-deepening-2026-09-07/evidence/20260907-1415-ticket-27/consumer/DerivedData-InkMarkdownSwiftUIConsumer/ModuleCache.noindex/Session.modulevalidation -fmodules-validate-once-per-build-session -Wnon-modular-include-in-framework-module -Werror\=non-modular-include-in-framework-module -Wno-trigraphs -Wno-missing-field-initializers -Wno-missing-prototypes -Wno-return-type -Wno-missing-braces -Wparentheses -Wswitch -Wno-unused-function -Wno-unused-label -Wno-unused-parameter -Wno-unused-variable -Wunused-value -Wno-empty-body -Wno-uninitialized -Wno-unknown-pragmas -w -Wno-shadow -Wno-four-char-constants -Wno-conversion -Wno-constant-conversion -Wno-int-conversion -Wno-bool-conversion -Wno-enum-conversion -Wno-float-conversion -Wno-non-literal-null-conversion -Wno-objc-literal-conversion -Wshorten-64-to-32 -Wpointer-sign -Wno-newline-eof -Wno-implicit-fallthrough -isysroot /Applications/Xcode.app/Contents/Developer/Platforms/iPhoneSimulator.platform/Developer/SDKs/iPhoneSimulator26.5.sdk -fstrict-aliasing -Wdeprecated-declarations -Wno-sign-conversion -Wno-infinite-recursion -Wno-comma -Wno-block-capture-autoreleasing -Wno-strict-prototypes -Wno-semicolon-before-method-body -index-store-path /Users/shizihan/DailyUse/Github/InkMarkdown/.scratch/architecture-deepening-2026-09-07/evidence/20260907-1415-ticket-27/consumer/DerivedData-InkMarkdownSwiftUIConsumer/Index.noindex/DataStore @/Users/shizihan/DailyUse/Github/InkMarkdown/.scratch/architecture-deepening-2026-09-07/evidence/20260907-1415-ticket-27/consumer/DerivedData-InkMarkdownSwiftUIConsumer/Build/Intermediates.noindex/cmark-gfm.build/Debug-iphonesimulator/cmark-gfm.build/Objects-normal/arm64/7187679823f38a2a940e0043cdf9d637-common-args.resp -MMD -MT dependencies -MF /Users/shizihan/DailyUse/Github/InkMarkdown/.scratch/architecture-deepening-2026-09-07/evidence/20260907-1415-ticket-27/consumer/DerivedData-InkMarkdownSwiftUIConsumer/Build/Intermediates.noindex/cmark-gfm.build/Debug-iphonesimulator/cmark-gfm.build/Objects-normal/arm64/inlines.d --serialize-diagnostics /Users/shizihan/DailyUse/Github/InkMarkdown/.scratch/architecture-deepening-2026-09-07/evidence/20260907-1415-ticket-27/consumer/DerivedData-InkMarkdownSwiftUIConsumer/Build/Intermediates.noindex/cmark-gfm.build/Debug-iphonesimulator/cmark-gfm.build/Objects-normal/arm64/inlines.dia -c /Users/shizihan/DailyUse/Github/InkMarkdown/Packages/Caches/swift-cmark/src/inlines.c -o /Users/shizihan/DailyUse/Github/InkMarkdown/.scratch/architecture-deepening-2026-09-07/evidence/20260907-1415-ticket-27/consumer/DerivedData-InkMarkdownSwiftUIConsumer/Build/Intermediates.noindex/cmark-gfm.build/Debug-iphonesimulator/cmark-gfm.build/Objects-normal/arm64/inlines.o -index-unit-output-path /cmark-gfm.build/Debug-iphonesimulator/cmark-gfm.build/Objects-normal/arm64/inlines.o

ScanDependencies /Users/shizihan/DailyUse/Github/InkMarkdown/.scratch/architecture-deepening-2026-09-07/evidence/20260907-1415-ticket-27/consumer/DerivedData-InkMarkdownSwiftUIConsumer/Build/Intermediates.noindex/cmark-gfm.build/Debug-iphonesimulator/cmark-gfm.build/Objects-normal/arm64/html.o /Users/shizihan/DailyUse/Github/InkMarkdown/Packages/Caches/swift-cmark/src/html.c normal arm64 c com.apple.compilers.llvm.clang.1_0.compiler (in target 'cmark-gfm' from project 'cmark-gfm')
    cd /Users/shizihan/DailyUse/Github/InkMarkdown/.github/fixtures/consumer-smoke/.swiftpm/xcode
    
    Using response file: /Users/shizihan/DailyUse/Github/InkMarkdown/.scratch/architecture-deepening-2026-09-07/evidence/20260907-1415-ticket-27/consumer/DerivedData-InkMarkdownSwiftUIConsumer/Build/Intermediates.noindex/cmark-gfm.build/Debug-iphonesimulator/cmark-gfm.build/Objects-normal/arm64/7187679823f38a2a940e0043cdf9d637-common-args.resp
    
    builtin-ScanDependencies -o /Users/shizihan/DailyUse/Github/InkMarkdown/.scratch/architecture-deepening-2026-09-07/evidence/20260907-1415-ticket-27/consumer/DerivedData-InkMarkdownSwiftUIConsumer/Build/Intermediates.noindex/cmark-gfm.build/Debug-iphonesimulator/cmark-gfm.build/Objects-normal/arm64/html.o.scan -- /Applications/Xcode.app/Contents/Developer/Toolchains/XcodeDefault.xctoolchain/usr/bin/clang -x c -ivfsstatcache /Users/shizihan/DailyUse/Github/InkMarkdown/.scratch/architecture-deepening-2026-09-07/evidence/20260907-1415-ticket-27/consumer/DerivedData-InkMarkdownSwiftUIConsumer/SDKStatCaches.noindex/iphonesimulator26.5-23F81a-6cfe768891a92b912361537c460fe42b.sdkstatcache -target arm64-apple-ios12.0-simulator -fmessage-length\=0 -fdiagnostics-show-note-include-stack -fmacro-backtrace-limit\=0 -fno-color-diagnostics -fmodules-prune-interval\=86400 -fmodules-prune-after\=345600 -fbuild-session-file\=/Users/shizihan/DailyUse/Github/InkMarkdown/.scratch/architecture-deepening-2026-09-07/evidence/20260907-1415-ticket-27/consumer/DerivedData-InkMarkdownSwiftUIConsumer/ModuleCache.noindex/Session.modulevalidation -fmodules-validate-once-per-build-session -Wnon-modular-include-in-framework-module -Werror\=non-modular-include-in-framework-module -Wno-trigraphs -Wno-missing-field-initializers -Wno-missing-prototypes -Wno-return-type -Wno-missing-braces -Wparentheses -Wswitch -Wno-unused-function -Wno-unused-label -Wno-unused-parameter -Wno-unused-variable -Wunused-value -Wno-empty-body -Wno-uninitialized -Wno-unknown-pragmas -w -Wno-shadow -Wno-four-char-constants -Wno-conversion -Wno-constant-conversion -Wno-int-conversion -Wno-bool-conversion -Wno-enum-conversion -Wno-float-conversion -Wno-non-literal-null-conversion -Wno-objc-literal-conversion -Wshorten-64-to-32 -Wpointer-sign -Wno-newline-eof -Wno-implicit-fallthrough -isysroot /Applications/Xcode.app/Contents/Developer/Platforms/iPhoneSimulator.platform/Developer/SDKs/iPhoneSimulator26.5.sdk -fstrict-aliasing -Wdeprecated-declarations -Wno-sign-conversion -Wno-infinite-recursion -Wno-comma -Wno-block-capture-autoreleasing -Wno-strict-prototypes -Wno-semicolon-before-method-body -index-store-path /Users/shizihan/DailyUse/Github/InkMarkdown/.scratch/architecture-deepening-2026-09-07/evidence/20260907-1415-ticket-27/consumer/DerivedData-InkMarkdownSwiftUIConsumer/Index.noindex/DataStore @/Users/shizihan/DailyUse/Github/InkMarkdown/.scratch/architecture-deepening-2026-09-07/evidence/20260907-1415-ticket-27/consumer/DerivedData-InkMarkdownSwiftUIConsumer/Build/Intermediates.noindex/cmark-gfm.build/Debug-iphonesimulator/cmark-gfm.build/Objects-normal/arm64/7187679823f38a2a940e0043cdf9d637-common-args.resp -MMD -MT dependencies -MF /Users/shizihan/DailyUse/Github/InkMarkdown/.scratch/architecture-deepening-2026-09-07/evidence/20260907-1415-ticket-27/consumer/DerivedData-InkMarkdownSwiftUIConsumer/Build/Intermediates.noindex/cmark-gfm.build/Debug-iphonesimulator/cmark-gfm.build/Objects-normal/arm64/html.d --serialize-diagnostics /Users/shizihan/DailyUse/Github/InkMarkdown/.scratch/architecture-deepening-2026-09-07/evidence/20260907-1415-ticket-27/consumer/DerivedData-InkMarkdownSwiftUIConsumer/Build/Intermediates.noindex/cmark-gfm.build/Debug-iphonesimulator/cmark-gfm.build/Objects-normal/arm64/html.dia -c /Users/shizihan/DailyUse/Github/InkMarkdown/Packages/Caches/swift-cmark/src/html.c -o /Users/shizihan/DailyUse/Github/InkMarkdown/.scratch/architecture-deepening-2026-09-07/evidence/20260907-1415-ticket-27/consumer/DerivedData-InkMarkdownSwiftUIConsumer/Build/Intermediates.noindex/cmark-gfm.build/Debug-iphonesimulator/cmark-gfm.build/Objects-normal/arm64/html.o -index-unit-output-path /cmark-gfm.build/Debug-iphonesimulator/cmark-gfm.build/Objects-normal/arm64/html.o

ScanDependencies /Users/shizihan/DailyUse/Github/InkMarkdown/.scratch/architecture-deepening-2026-09-07/evidence/20260907-1415-ticket-27/consumer/DerivedData-InkMarkdownSwiftUIConsumer/Build/Intermediates.noindex/cmark-gfm.build/Debug-iphonesimulator/cmark-gfm.build/Objects-normal/arm64/houdini_html_u.o /Users/shizihan/DailyUse/Github/InkMarkdown/Packages/Caches/swift-cmark/src/houdini_html_u.c normal arm64 c com.apple.compilers.llvm.clang.1_0.compiler (in target 'cmark-gfm' from project 'cmark-gfm')
    cd /Users/shizihan/DailyUse/Github/InkMarkdown/.github/fixtures/consumer-smoke/.swiftpm/xcode
    
    Using response file: /Users/shizihan/DailyUse/Github/InkMarkdown/.scratch/architecture-deepening-2026-09-07/evidence/20260907-1415-ticket-27/consumer/DerivedData-InkMarkdownSwiftUIConsumer/Build/Intermediates.noindex/cmark-gfm.build/Debug-iphonesimulator/cmark-gfm.build/Objects-normal/arm64/7187679823f38a2a940e0043cdf9d637-common-args.resp
    
    builtin-ScanDependencies -o /Users/shizihan/DailyUse/Github/InkMarkdown/.scratch/architecture-deepening-2026-09-07/evidence/20260907-1415-ticket-27/consumer/DerivedData-InkMarkdownSwiftUIConsumer/Build/Intermediates.noindex/cmark-gfm.build/Debug-iphonesimulator/cmark-gfm.build/Objects-normal/arm64/houdini_html_u.o.scan -- /Applications/Xcode.app/Contents/Developer/Toolchains/XcodeDefault.xctoolchain/usr/bin/clang -x c -ivfsstatcache /Users/shizihan/DailyUse/Github/InkMarkdown/.scratch/architecture-deepening-2026-09-07/evidence/20260907-1415-ticket-27/consumer/DerivedData-InkMarkdownSwiftUIConsumer/SDKStatCaches.noindex/iphonesimulator26.5-23F81a-6cfe768891a92b912361537c460fe42b.sdkstatcache -target arm64-apple-ios12.0-simulator -fmessage-length\=0 -fdiagnostics-show-note-include-stack -fmacro-backtrace-limit\=0 -fno-color-diagnostics -fmodules-prune-interval\=86400 -fmodules-prune-after\=345600 -fbuild-session-file\=/Users/shizihan/DailyUse/Github/InkMarkdown/.scratch/architecture-deepening-2026-09-07/evidence/20260907-1415-ticket-27/consumer/DerivedData-InkMarkdownSwiftUIConsumer/ModuleCache.noindex/Session.modulevalidation -fmodules-validate-once-per-build-session -Wnon-modular-include-in-framework-module -Werror\=non-modular-include-in-framework-module -Wno-trigraphs -Wno-missing-field-initializers -Wno-missing-prototypes -Wno-return-type -Wno-missing-braces -Wparentheses -Wswitch -Wno-unused-function -Wno-unused-label -Wno-unused-parameter -Wno-unused-variable -Wunused-value -Wno-empty-body -Wno-uninitialized -Wno-unknown-pragmas -w -Wno-shadow -Wno-four-char-constants -Wno-conversion -Wno-constant-conversion -Wno-int-conversion -Wno-bool-conversion -Wno-enum-conversion -Wno-float-conversion -Wno-non-literal-null-conversion -Wno-objc-literal-conversion -Wshorten-64-to-32 -Wpointer-sign -Wno-newline-eof -Wno-implicit-fallthrough -isysroot /Applications/Xcode.app/Contents/Developer/Platforms/iPhoneSimulator.platform/Developer/SDKs/iPhoneSimulator26.5.sdk -fstrict-aliasing -Wdeprecated-declarations -Wno-sign-conversion -Wno-infinite-recursion -Wno-comma -Wno-block-capture-autoreleasing -Wno-strict-prototypes -Wno-semicolon-before-method-body -index-store-path /Users/shizihan/DailyUse/Github/InkMarkdown/.scratch/architecture-deepening-2026-09-07/evidence/20260907-1415-ticket-27/consumer/DerivedData-InkMarkdownSwiftUIConsumer/Index.noindex/DataStore @/Users/shizihan/DailyUse/Github/InkMarkdown/.scratch/architecture-deepening-2026-09-07/evidence/20260907-1415-ticket-27/consumer/DerivedData-InkMarkdownSwiftUIConsumer/Build/Intermediates.noindex/cmark-gfm.build/Debug-iphonesimulator/cmark-gfm.build/Objects-normal/arm64/7187679823f38a2a940e0043cdf9d637-common-args.resp -MMD -MT dependencies -MF /Users/shizihan/DailyUse/Github/InkMarkdown/.scratch/architecture-deepening-2026-09-07/evidence/20260907-1415-ticket-27/consumer/DerivedData-InkMarkdownSwiftUIConsumer/Build/Intermediates.noindex/cmark-gfm.build/Debug-iphonesimulator/cmark-gfm.build/Objects-normal/arm64/houdini_html_u.d --serialize-diagnostics /Users/shizihan/DailyUse/Github/InkMarkdown/.scratch/architecture-deepening-2026-09-07/evidence/20260907-1415-ticket-27/consumer/DerivedData-InkMarkdownSwiftUIConsumer/Build/Intermediates.noindex/cmark-gfm.build/Debug-iphonesimulator/cmark-gfm.build/Objects-normal/arm64/houdini_html_u.dia -c /Users/shizihan/DailyUse/Github/InkMarkdown/Packages/Caches/swift-cmark/src/houdini_html_u.c -o /Users/shizihan/DailyUse/Github/InkMarkdown/.scratch/architecture-deepening-2026-09-07/evidence/20260907-1415-ticket-27/consumer/DerivedData-InkMarkdownSwiftUIConsumer/Build/Intermediates.noindex/cmark-gfm.build/Debug-iphonesimulator/cmark-gfm.build/Objects-normal/arm64/houdini_html_u.o -index-unit-output-path /cmark-gfm.build/Debug-iphonesimulator/cmark-gfm.build/Objects-normal/arm64/houdini_html_u.o

PrecompileModule /Users/shizihan/DailyUse/Github/InkMarkdown/.scratch/architecture-deepening-2026-09-07/evidence/20260907-1415-ticket-27/consumer/DerivedData-InkMarkdownSwiftUIConsumer/Build/Intermediates.noindex/ExplicitPrecompiledModules/_DarwinFoundation1-BKCJMO27KYWILADE8MB1JN6DW.scan
    cd /
    builtin-precompileModule /Users/shizihan/DailyUse/Github/InkMarkdown/.scratch/architecture-deepening-2026-09-07/evidence/20260907-1415-ticket-27/consumer/DerivedData-InkMarkdownSwiftUIConsumer/Build/Intermediates.noindex/ExplicitPrecompiledModules/_DarwinFoundation1-BKCJMO27KYWILADE8MB1JN6DW.scan

ScanDependencies /Users/shizihan/DailyUse/Github/InkMarkdown/.scratch/architecture-deepening-2026-09-07/evidence/20260907-1415-ticket-27/consumer/DerivedData-InkMarkdownSwiftUIConsumer/Build/Intermediates.noindex/cmark-gfm.build/Debug-iphonesimulator/cmark-gfm.build/Objects-normal/arm64/houdini_html_e.o /Users/shizihan/DailyUse/Github/InkMarkdown/Packages/Caches/swift-cmark/src/houdini_html_e.c normal arm64 c com.apple.compilers.llvm.clang.1_0.compiler (in target 'cmark-gfm' from project 'cmark-gfm')
    cd /Users/shizihan/DailyUse/Github/InkMarkdown/.github/fixtures/consumer-smoke/.swiftpm/xcode
    
    Using response file: /Users/shizihan/DailyUse/Github/InkMarkdown/.scratch/architecture-deepening-2026-09-07/evidence/20260907-1415-ticket-27/consumer/DerivedData-InkMarkdownSwiftUIConsumer/Build/Intermediates.noindex/cmark-gfm.build/Debug-iphonesimulator/cmark-gfm.build/Objects-normal/arm64/7187679823f38a2a940e0043cdf9d637-common-args.resp
    
    builtin-ScanDependencies -o /Users/shizihan/DailyUse/Github/InkMarkdown/.scratch/architecture-deepening-2026-09-07/evidence/20260907-1415-ticket-27/consumer/DerivedData-InkMarkdownSwiftUIConsumer/Build/Intermediates.noindex/cmark-gfm.build/Debug-iphonesimulator/cmark-gfm.build/Objects-normal/arm64/houdini_html_e.o.scan -- /Applications/Xcode.app/Contents/Developer/Toolchains/XcodeDefault.xctoolchain/usr/bin/clang -x c -ivfsstatcache /Users/shizihan/DailyUse/Github/InkMarkdown/.scratch/architecture-deepening-2026-09-07/evidence/20260907-1415-ticket-27/consumer/DerivedData-InkMarkdownSwiftUIConsumer/SDKStatCaches.noindex/iphonesimulator26.5-23F81a-6cfe768891a92b912361537c460fe42b.sdkstatcache -target arm64-apple-ios12.0-simulator -fmessage-length\=0 -fdiagnostics-show-note-include-stack -fmacro-backtrace-limit\=0 -fno-color-diagnostics -fmodules-prune-interval\=86400 -fmodules-prune-after\=345600 -fbuild-session-file\=/Users/shizihan/DailyUse/Github/InkMarkdown/.scratch/architecture-deepening-2026-09-07/evidence/20260907-1415-ticket-27/consumer/DerivedData-InkMarkdownSwiftUIConsumer/ModuleCache.noindex/Session.modulevalidation -fmodules-validate-once-per-build-session -Wnon-modular-include-in-framework-module -Werror\=non-modular-include-in-framework-module -Wno-trigraphs -Wno-missing-field-initializers -Wno-missing-prototypes -Wno-return-type -Wno-missing-braces -Wparentheses -Wswitch -Wno-unused-function -Wno-unused-label -Wno-unused-parameter -Wno-unused-variable -Wunused-value -Wno-empty-body -Wno-uninitialized -Wno-unknown-pragmas -w -Wno-shadow -Wno-four-char-constants -Wno-conversion -Wno-constant-conversion -Wno-int-conversion -Wno-bool-conversion -Wno-enum-conversion -Wno-float-conversion -Wno-non-literal-null-conversion -Wno-objc-literal-conversion -Wshorten-64-to-32 -Wpointer-sign -Wno-newline-eof -Wno-implicit-fallthrough -isysroot /Applications/Xcode.app/Contents/Developer/Platforms/iPhoneSimulator.platform/Developer/SDKs/iPhoneSimulator26.5.sdk -fstrict-aliasing -Wdeprecated-declarations -Wno-sign-conversion -Wno-infinite-recursion -Wno-comma -Wno-block-capture-autoreleasing -Wno-strict-prototypes -Wno-semicolon-before-method-body -index-store-path /Users/shizihan/DailyUse/Github/InkMarkdown/.scratch/architecture-deepening-2026-09-07/evidence/20260907-1415-ticket-27/consumer/DerivedData-InkMarkdownSwiftUIConsumer/Index.noindex/DataStore @/Users/shizihan/DailyUse/Github/InkMarkdown/.scratch/architecture-deepening-2026-09-07/evidence/20260907-1415-ticket-27/consumer/DerivedData-InkMarkdownSwiftUIConsumer/Build/Intermediates.noindex/cmark-gfm.build/Debug-iphonesimulator/cmark-gfm.build/Objects-normal/arm64/7187679823f38a2a940e0043cdf9d637-common-args.resp -MMD -MT dependencies -MF /Users/shizihan/DailyUse/Github/InkMarkdown/.scratch/architecture-deepening-2026-09-07/evidence/20260907-1415-ticket-27/consumer/DerivedData-InkMarkdownSwiftUIConsumer/Build/Intermediates.noindex/cmark-gfm.build/Debug-iphonesimulator/cmark-gfm.build/Objects-normal/arm64/houdini_html_e.d --serialize-diagnostics /Users/shizihan/DailyUse/Github/InkMarkdown/.scratch/architecture-deepening-2026-09-07/evidence/20260907-1415-ticket-27/consumer/DerivedData-InkMarkdownSwiftUIConsumer/Build/Intermediates.noindex/cmark-gfm.build/Debug-iphonesimulator/cmark-gfm.build/Objects-normal/arm64/houdini_html_e.dia -c /Users/shizihan/DailyUse/Github/InkMarkdown/Packages/Caches/swift-cmark/src/houdini_html_e.c -o /Users/shizihan/DailyUse/Github/InkMarkdown/.scratch/architecture-deepening-2026-09-07/evidence/20260907-1415-ticket-27/consumer/DerivedData-InkMarkdownSwiftUIConsumer/Build/Intermediates.noindex/cmark-gfm.build/Debug-iphonesimulator/cmark-gfm.build/Objects-normal/arm64/houdini_html_e.o -index-unit-output-path /cmark-gfm.build/Debug-iphonesimulator/cmark-gfm.build/Objects-normal/arm64/houdini_html_e.o

ScanDependencies /Users/shizihan/DailyUse/Github/InkMarkdown/.scratch/architecture-deepening-2026-09-07/evidence/20260907-1415-ticket-27/consumer/DerivedData-InkMarkdownSwiftUIConsumer/Build/Intermediates.noindex/cmark-gfm.build/Debug-iphonesimulator/cmark-gfm.build/Objects-normal/arm64/houdini_href_e.o /Users/shizihan/DailyUse/Github/InkMarkdown/Packages/Caches/swift-cmark/src/houdini_href_e.c normal arm64 c com.apple.compilers.llvm.clang.1_0.compiler (in target 'cmark-gfm' from project 'cmark-gfm')
    cd /Users/shizihan/DailyUse/Github/InkMarkdown/.github/fixtures/consumer-smoke/.swiftpm/xcode
    
    Using response file: /Users/shizihan/DailyUse/Github/InkMarkdown/.scratch/architecture-deepening-2026-09-07/evidence/20260907-1415-ticket-27/consumer/DerivedData-InkMarkdownSwiftUIConsumer/Build/Intermediates.noindex/cmark-gfm.build/Debug-iphonesimulator/cmark-gfm.build/Objects-normal/arm64/7187679823f38a2a940e0043cdf9d637-common-args.resp
    
    builtin-ScanDependencies -o /Users/shizihan/DailyUse/Github/InkMarkdown/.scratch/architecture-deepening-2026-09-07/evidence/20260907-1415-ticket-27/consumer/DerivedData-InkMarkdownSwiftUIConsumer/Build/Intermediates.noindex/cmark-gfm.build/Debug-iphonesimulator/cmark-gfm.build/Objects-normal/arm64/houdini_href_e.o.scan -- /Applications/Xcode.app/Contents/Developer/Toolchains/XcodeDefault.xctoolchain/usr/bin/clang -x c -ivfsstatcache /Users/shizihan/DailyUse/Github/InkMarkdown/.scratch/architecture-deepening-2026-09-07/evidence/20260907-1415-ticket-27/consumer/DerivedData-InkMarkdownSwiftUIConsumer/SDKStatCaches.noindex/iphonesimulator26.5-23F81a-6cfe768891a92b912361537c460fe42b.sdkstatcache -target arm64-apple-ios12.0-simulator -fmessage-length\=0 -fdiagnostics-show-note-include-stack -fmacro-backtrace-limit\=0 -fno-color-diagnostics -fmodules-prune-interval\=86400 -fmodules-prune-after\=345600 -fbuild-session-file\=/Users/shizihan/DailyUse/Github/InkMarkdown/.scratch/architecture-deepening-2026-09-07/evidence/20260907-1415-ticket-27/consumer/DerivedData-InkMarkdownSwiftUIConsumer/ModuleCache.noindex/Session.modulevalidation -fmodules-validate-once-per-build-session -Wnon-modular-include-in-framework-module -Werror\=non-modular-include-in-framework-module -Wno-trigraphs -Wno-missing-field-initializers -Wno-missing-prototypes -Wno-return-type -Wno-missing-braces -Wparentheses -Wswitch -Wno-unused-function -Wno-unused-label -Wno-unused-parameter -Wno-unused-variable -Wunused-value -Wno-empty-body -Wno-uninitialized -Wno-unknown-pragmas -w -Wno-shadow -Wno-four-char-constants -Wno-conversion -Wno-constant-conversion -Wno-int-conversion -Wno-bool-conversion -Wno-enum-conversion -Wno-float-conversion -Wno-non-literal-null-conversion -Wno-objc-literal-conversion -Wshorten-64-to-32 -Wpointer-sign -Wno-newline-eof -Wno-implicit-fallthrough -isysroot /Applications/Xcode.app/Contents/Developer/Platforms/iPhoneSimulator.platform/Developer/SDKs/iPhoneSimulator26.5.sdk -fstrict-aliasing -Wdeprecated-declarations -Wno-sign-conversion -Wno-infinite-recursion -Wno-comma -Wno-block-capture-autoreleasing -Wno-strict-prototypes -Wno-semicolon-before-method-body -index-store-path /Users/shizihan/DailyUse/Github/InkMarkdown/.scratch/architecture-deepening-2026-09-07/evidence/20260907-1415-ticket-27/consumer/DerivedData-InkMarkdownSwiftUIConsumer/Index.noindex/DataStore @/Users/shizihan/DailyUse/Github/InkMarkdown/.scratch/architecture-deepening-2026-09-07/evidence/20260907-1415-ticket-27/consumer/DerivedData-InkMarkdownSwiftUIConsumer/Build/Intermediates.noindex/cmark-gfm.build/Debug-iphonesimulator/cmark-gfm.build/Objects-normal/arm64/7187679823f38a2a940e0043cdf9d637-common-args.resp -MMD -MT dependencies -MF /Users/shizihan/DailyUse/Github/InkMarkdown/.scratch/architecture-deepening-2026-09-07/evidence/20260907-1415-ticket-27/consumer/DerivedData-InkMarkdownSwiftUIConsumer/Build/Intermediates.noindex/cmark-gfm.build/Debug-iphonesimulator/cmark-gfm.build/Objects-normal/arm64/houdini_href_e.d --serialize-diagnostics /Users/shizihan/DailyUse/Github/InkMarkdown/.scratch/architecture-deepening-2026-09-07/evidence/20260907-1415-ticket-27/consumer/DerivedData-InkMarkdownSwiftUIConsumer/Build/Intermediates.noindex/cmark-gfm.build/Debug-iphonesimulator/cmark-gfm.build/Objects-normal/arm64/houdini_href_e.dia -c /Users/shizihan/DailyUse/Github/InkMarkdown/Packages/Caches/swift-cmark/src/houdini_href_e.c -o /Users/shizihan/DailyUse/Github/InkMarkdown/.scratch/architecture-deepening-2026-09-07/evidence/20260907-1415-ticket-27/consumer/DerivedData-InkMarkdownSwiftUIConsumer/Build/Intermediates.noindex/cmark-gfm.build/Debug-iphonesimulator/cmark-gfm.build/Objects-normal/arm64/houdini_href_e.o -index-unit-output-path /cmark-gfm.build/Debug-iphonesimulator/cmark-gfm.build/Objects-normal/arm64/houdini_href_e.o

ScanDependencies /Users/shizihan/DailyUse/Github/InkMarkdown/.scratch/architecture-deepening-2026-09-07/evidence/20260907-1415-ticket-27/consumer/DerivedData-InkMarkdownSwiftUIConsumer/Build/Intermediates.noindex/cmark-gfm.build/Debug-iphonesimulator/cmark-gfm.build/Objects-normal/arm64/footnotes.o /Users/shizihan/DailyUse/Github/InkMarkdown/Packages/Caches/swift-cmark/src/footnotes.c normal arm64 c com.apple.compilers.llvm.clang.1_0.compiler (in target 'cmark-gfm' from project 'cmark-gfm')
    cd /Users/shizihan/DailyUse/Github/InkMarkdown/.github/fixtures/consumer-smoke/.swiftpm/xcode
    
    Using response file: /Users/shizihan/DailyUse/Github/InkMarkdown/.scratch/architecture-deepening-2026-09-07/evidence/20260907-1415-ticket-27/consumer/DerivedData-InkMarkdownSwiftUIConsumer/Build/Intermediates.noindex/cmark-gfm.build/Debug-iphonesimulator/cmark-gfm.build/Objects-normal/arm64/7187679823f38a2a940e0043cdf9d637-common-args.resp
    
    builtin-ScanDependencies -o /Users/shizihan/DailyUse/Github/InkMarkdown/.scratch/architecture-deepening-2026-09-07/evidence/20260907-1415-ticket-27/consumer/DerivedData-InkMarkdownSwiftUIConsumer/Build/Intermediates.noindex/cmark-gfm.build/Debug-iphonesimulator/cmark-gfm.build/Objects-normal/arm64/footnotes.o.scan -- /Applications/Xcode.app/Contents/Developer/Toolchains/XcodeDefault.xctoolchain/usr/bin/clang -x c -ivfsstatcache /Users/shizihan/DailyUse/Github/InkMarkdown/.scratch/architecture-deepening-2026-09-07/evidence/20260907-1415-ticket-27/consumer/DerivedData-InkMarkdownSwiftUIConsumer/SDKStatCaches.noindex/iphonesimulator26.5-23F81a-6cfe768891a92b912361537c460fe42b.sdkstatcache -target arm64-apple-ios12.0-simulator -fmessage-length\=0 -fdiagnostics-show-note-include-stack -fmacro-backtrace-limit\=0 -fno-color-diagnostics -fmodules-prune-interval\=86400 -fmodules-prune-after\=345600 -fbuild-session-file\=/Users/shizihan/DailyUse/Github/InkMarkdown/.scratch/architecture-deepening-2026-09-07/evidence/20260907-1415-ticket-27/consumer/DerivedData-InkMarkdownSwiftUIConsumer/ModuleCache.noindex/Session.modulevalidation -fmodules-validate-once-per-build-session -Wnon-modular-include-in-framework-module -Werror\=non-modular-include-in-framework-module -Wno-trigraphs -Wno-missing-field-initializers -Wno-missing-prototypes -Wno-return-type -Wno-missing-braces -Wparentheses -Wswitch -Wno-unused-function -Wno-unused-label -Wno-unused-parameter -Wno-unused-variable -Wunused-value -Wno-empty-body -Wno-uninitialized -Wno-unknown-pragmas -w -Wno-shadow -Wno-four-char-constants -Wno-conversion -Wno-constant-conversion -Wno-int-conversion -Wno-bool-conversion -Wno-enum-conversion -Wno-float-conversion -Wno-non-literal-null-conversion -Wno-objc-literal-conversion -Wshorten-64-to-32 -Wpointer-sign -Wno-newline-eof -Wno-implicit-fallthrough -isysroot /Applications/Xcode.app/Contents/Developer/Platforms/iPhoneSimulator.platform/Developer/SDKs/iPhoneSimulator26.5.sdk -fstrict-aliasing -Wdeprecated-declarations -Wno-sign-conversion -Wno-infinite-recursion -Wno-comma -Wno-block-capture-autoreleasing -Wno-strict-prototypes -Wno-semicolon-before-method-body -index-store-path /Users/shizihan/DailyUse/Github/InkMarkdown/.scratch/architecture-deepening-2026-09-07/evidence/20260907-1415-ticket-27/consumer/DerivedData-InkMarkdownSwiftUIConsumer/Index.noindex/DataStore @/Users/shizihan/DailyUse/Github/InkMarkdown/.scratch/architecture-deepening-2026-09-07/evidence/20260907-1415-ticket-27/consumer/DerivedData-InkMarkdownSwiftUIConsumer/Build/Intermediates.noindex/cmark-gfm.build/Debug-iphonesimulator/cmark-gfm.build/Objects-normal/arm64/7187679823f38a2a940e0043cdf9d637-common-args.resp -MMD -MT dependencies -MF /Users/shizihan/DailyUse/Github/InkMarkdown/.scratch/architecture-deepening-2026-09-07/evidence/20260907-1415-ticket-27/consumer/DerivedData-InkMarkdownSwiftUIConsumer/Build/Intermediates.noindex/cmark-gfm.build/Debug-iphonesimulator/cmark-gfm.build/Objects-normal/arm64/footnotes.d --serialize-diagnostics /Users/shizihan/DailyUse/Github/InkMarkdown/.scratch/architecture-deepening-2026-09-07/evidence/20260907-1415-ticket-27/consumer/DerivedData-InkMarkdownSwiftUIConsumer/Build/Intermediates.noindex/cmark-gfm.build/Debug-iphonesimulator/cmark-gfm.build/Objects-normal/arm64/footnotes.dia -c /Users/shizihan/DailyUse/Github/InkMarkdown/Packages/Caches/swift-cmark/src/footnotes.c -o /Users/shizihan/DailyUse/Github/InkMarkdown/.scratch/architecture-deepening-2026-09-07/evidence/20260907-1415-ticket-27/consumer/DerivedData-InkMarkdownSwiftUIConsumer/Build/Intermediates.noindex/cmark-gfm.build/Debug-iphonesimulator/cmark-gfm.build/Objects-normal/arm64/footnotes.o -index-unit-output-path /cmark-gfm.build/Debug-iphonesimulator/cmark-gfm.build/Objects-normal/arm64/footnotes.o

ScanDependencies /Users/shizihan/DailyUse/Github/InkMarkdown/.scratch/architecture-deepening-2026-09-07/evidence/20260907-1415-ticket-27/consumer/DerivedData-InkMarkdownSwiftUIConsumer/Build/Intermediates.noindex/cmark-gfm.build/Debug-iphonesimulator/cmark-gfm.build/Objects-normal/arm64/commonmark.o /Users/shizihan/DailyUse/Github/InkMarkdown/Packages/Caches/swift-cmark/src/commonmark.c normal arm64 c com.apple.compilers.llvm.clang.1_0.compiler (in target 'cmark-gfm' from project 'cmark-gfm')
    cd /Users/shizihan/DailyUse/Github/InkMarkdown/.github/fixtures/consumer-smoke/.swiftpm/xcode
    
    Using response file: /Users/shizihan/DailyUse/Github/InkMarkdown/.scratch/architecture-deepening-2026-09-07/evidence/20260907-1415-ticket-27/consumer/DerivedData-InkMarkdownSwiftUIConsumer/Build/Intermediates.noindex/cmark-gfm.build/Debug-iphonesimulator/cmark-gfm.build/Objects-normal/arm64/7187679823f38a2a940e0043cdf9d637-common-args.resp
    
    builtin-ScanDependencies -o /Users/shizihan/DailyUse/Github/InkMarkdown/.scratch/architecture-deepening-2026-09-07/evidence/20260907-1415-ticket-27/consumer/DerivedData-InkMarkdownSwiftUIConsumer/Build/Intermediates.noindex/cmark-gfm.build/Debug-iphonesimulator/cmark-gfm.build/Objects-normal/arm64/commonmark.o.scan -- /Applications/Xcode.app/Contents/Developer/Toolchains/XcodeDefault.xctoolchain/usr/bin/clang -x c -ivfsstatcache /Users/shizihan/DailyUse/Github/InkMarkdown/.scratch/architecture-deepening-2026-09-07/evidence/20260907-1415-ticket-27/consumer/DerivedData-InkMarkdownSwiftUIConsumer/SDKStatCaches.noindex/iphonesimulator26.5-23F81a-6cfe768891a92b912361537c460fe42b.sdkstatcache -target arm64-apple-ios12.0-simulator -fmessage-length\=0 -fdiagnostics-show-note-include-stack -fmacro-backtrace-limit\=0 -fno-color-diagnostics -fmodules-prune-interval\=86400 -fmodules-prune-after\=345600 -fbuild-session-file\=/Users/shizihan/DailyUse/Github/InkMarkdown/.scratch/architecture-deepening-2026-09-07/evidence/20260907-1415-ticket-27/consumer/DerivedData-InkMarkdownSwiftUIConsumer/ModuleCache.noindex/Session.modulevalidation -fmodules-validate-once-per-build-session -Wnon-modular-include-in-framework-module -Werror\=non-modular-include-in-framework-module -Wno-trigraphs -Wno-missing-field-initializers -Wno-missing-prototypes -Wno-return-type -Wno-missing-braces -Wparentheses -Wswitch -Wno-unused-function -Wno-unused-label -Wno-unused-parameter -Wno-unused-variable -Wunused-value -Wno-empty-body -Wno-uninitialized -Wno-unknown-pragmas -w -Wno-shadow -Wno-four-char-constants -Wno-conversion -Wno-constant-conversion -Wno-int-conversion -Wno-bool-conversion -Wno-enum-conversion -Wno-float-conversion -Wno-non-literal-null-conversion -Wno-objc-literal-conversion -Wshorten-64-to-32 -Wpointer-sign -Wno-newline-eof -Wno-implicit-fallthrough -isysroot /Applications/Xcode.app/Contents/Developer/Platforms/iPhoneSimulator.platform/Developer/SDKs/iPhoneSimulator26.5.sdk -fstrict-aliasing -Wdeprecated-declarations -Wno-sign-conversion -Wno-infinite-recursion -Wno-comma -Wno-block-capture-autoreleasing -Wno-strict-prototypes -Wno-semicolon-before-method-body -index-store-path /Users/shizihan/DailyUse/Github/InkMarkdown/.scratch/architecture-deepening-2026-09-07/evidence/20260907-1415-ticket-27/consumer/DerivedData-InkMarkdownSwiftUIConsumer/Index.noindex/DataStore @/Users/shizihan/DailyUse/Github/InkMarkdown/.scratch/architecture-deepening-2026-09-07/evidence/20260907-1415-ticket-27/consumer/DerivedData-InkMarkdownSwiftUIConsumer/Build/Intermediates.noindex/cmark-gfm.build/Debug-iphonesimulator/cmark-gfm.build/Objects-normal/arm64/7187679823f38a2a940e0043cdf9d637-common-args.resp -MMD -MT dependencies -MF /Users/shizihan/DailyUse/Github/InkMarkdown/.scratch/architecture-deepening-2026-09-07/evidence/20260907-1415-ticket-27/consumer/DerivedData-InkMarkdownSwiftUIConsumer/Build/Intermediates.noindex/cmark-gfm.build/Debug-iphonesimulator/cmark-gfm.build/Objects-normal/arm64/commonmark.d --serialize-diagnostics /Users/shizihan/DailyUse/Github/InkMarkdown/.scratch/architecture-deepening-2026-09-07/evidence/20260907-1415-ticket-27/consumer/DerivedData-InkMarkdownSwiftUIConsumer/Build/Intermediates.noindex/cmark-gfm.build/Debug-iphonesimulator/cmark-gfm.build/Objects-normal/arm64/commonmark.dia -c /Users/shizihan/DailyUse/Github/InkMarkdown/Packages/Caches/swift-cmark/src/commonmark.c -o /Users/shizihan/DailyUse/Github/InkMarkdown/.scratch/architecture-deepening-2026-09-07/evidence/20260907-1415-ticket-27/consumer/DerivedData-InkMarkdownSwiftUIConsumer/Build/Intermediates.noindex/cmark-gfm.build/Debug-iphonesimulator/cmark-gfm.build/Objects-normal/arm64/commonmark.o -index-unit-output-path /cmark-gfm.build/Debug-iphonesimulator/cmark-gfm.build/Objects-normal/arm64/commonmark.o

ScanDependencies /Users/shizihan/DailyUse/Github/InkMarkdown/.scratch/architecture-deepening-2026-09-07/evidence/20260907-1415-ticket-27/consumer/DerivedData-InkMarkdownSwiftUIConsumer/Build/Intermediates.noindex/cmark-gfm.build/Debug-iphonesimulator/cmark-gfm.build/Objects-normal/arm64/cmark_ctype.o /Users/shizihan/DailyUse/Github/InkMarkdown/Packages/Caches/swift-cmark/src/cmark_ctype.c normal arm64 c com.apple.compilers.llvm.clang.1_0.compiler (in target 'cmark-gfm' from project 'cmark-gfm')
    cd /Users/shizihan/DailyUse/Github/InkMarkdown/.github/fixtures/consumer-smoke/.swiftpm/xcode
    
    Using response file: /Users/shizihan/DailyUse/Github/InkMarkdown/.scratch/architecture-deepening-2026-09-07/evidence/20260907-1415-ticket-27/consumer/DerivedData-InkMarkdownSwiftUIConsumer/Build/Intermediates.noindex/cmark-gfm.build/Debug-iphonesimulator/cmark-gfm.build/Objects-normal/arm64/7187679823f38a2a940e0043cdf9d637-common-args.resp
    
    builtin-ScanDependencies -o /Users/shizihan/DailyUse/Github/InkMarkdown/.scratch/architecture-deepening-2026-09-07/evidence/20260907-1415-ticket-27/consumer/DerivedData-InkMarkdownSwiftUIConsumer/Build/Intermediates.noindex/cmark-gfm.build/Debug-iphonesimulator/cmark-gfm.build/Objects-normal/arm64/cmark_ctype.o.scan -- /Applications/Xcode.app/Contents/Developer/Toolchains/XcodeDefault.xctoolchain/usr/bin/clang -x c -ivfsstatcache /Users/shizihan/DailyUse/Github/InkMarkdown/.scratch/architecture-deepening-2026-09-07/evidence/20260907-1415-ticket-27/consumer/DerivedData-InkMarkdownSwiftUIConsumer/SDKStatCaches.noindex/iphonesimulator26.5-23F81a-6cfe768891a92b912361537c460fe42b.sdkstatcache -target arm64-apple-ios12.0-simulator -fmessage-length\=0 -fdiagnostics-show-note-include-stack -fmacro-backtrace-limit\=0 -fno-color-diagnostics -fmodules-prune-interval\=86400 -fmodules-prune-after\=345600 -fbuild-session-file\=/Users/shizihan/DailyUse/Github/InkMarkdown/.scratch/architecture-deepening-2026-09-07/evidence/20260907-1415-ticket-27/consumer/DerivedData-InkMarkdownSwiftUIConsumer/ModuleCache.noindex/Session.modulevalidation -fmodules-validate-once-per-build-session -Wnon-modular-include-in-framework-module -Werror\=non-modular-include-in-framework-module -Wno-trigraphs -Wno-missing-field-initializers -Wno-missing-prototypes -Wno-return-type -Wno-missing-braces -Wparentheses -Wswitch -Wno-unused-function -Wno-unused-label -Wno-unused-parameter -Wno-unused-variable -Wunused-value -Wno-empty-body -Wno-uninitialized -Wno-unknown-pragmas -w -Wno-shadow -Wno-four-char-constants -Wno-conversion -Wno-constant-conversion -Wno-int-conversion -Wno-bool-conversion -Wno-enum-conversion -Wno-float-conversion -Wno-non-literal-null-conversion -Wno-objc-literal-conversion -Wshorten-64-to-32 -Wpointer-sign -Wno-newline-eof -Wno-implicit-fallthrough -isysroot /Applications/Xcode.app/Contents/Developer/Platforms/iPhoneSimulator.platform/Developer/SDKs/iPhoneSimulator26.5.sdk -fstrict-aliasing -Wdeprecated-declarations -Wno-sign-conversion -Wno-infinite-recursion -Wno-comma -Wno-block-capture-autoreleasing -Wno-strict-prototypes -Wno-semicolon-before-method-body -index-store-path /Users/shizihan/DailyUse/Github/InkMarkdown/.scratch/architecture-deepening-2026-09-07/evidence/20260907-1415-ticket-27/consumer/DerivedData-InkMarkdownSwiftUIConsumer/Index.noindex/DataStore @/Users/shizihan/DailyUse/Github/InkMarkdown/.scratch/architecture-deepening-2026-09-07/evidence/20260907-1415-ticket-27/consumer/DerivedData-InkMarkdownSwiftUIConsumer/Build/Intermediates.noindex/cmark-gfm.build/Debug-iphonesimulator/cmark-gfm.build/Objects-normal/arm64/7187679823f38a2a940e0043cdf9d637-common-args.resp -MMD -MT dependencies -MF /Users/shizihan/DailyUse/Github/InkMarkdown/.scratch/architecture-deepening-2026-09-07/evidence/20260907-1415-ticket-27/consumer/DerivedData-InkMarkdownSwiftUIConsumer/Build/Intermediates.noindex/cmark-gfm.build/Debug-iphonesimulator/cmark-gfm.build/Objects-normal/arm64/cmark_ctype.d --serialize-diagnostics /Users/shizihan/DailyUse/Github/InkMarkdown/.scratch/architecture-deepening-2026-09-07/evidence/20260907-1415-ticket-27/consumer/DerivedData-InkMarkdownSwiftUIConsumer/Build/Intermediates.noindex/cmark-gfm.build/Debug-iphonesimulator/cmark-gfm.build/Objects-normal/arm64/cmark_ctype.dia -c /Users/shizihan/DailyUse/Github/InkMarkdown/Packages/Caches/swift-cmark/src/cmark_ctype.c -o /Users/shizihan/DailyUse/Github/InkMarkdown/.scratch/architecture-deepening-2026-09-07/evidence/20260907-1415-ticket-27/consumer/DerivedData-InkMarkdownSwiftUIConsumer/Build/Intermediates.noindex/cmark-gfm.build/Debug-iphonesimulator/cmark-gfm.build/Objects-normal/arm64/cmark_ctype.o -index-unit-output-path /cmark-gfm.build/Debug-iphonesimulator/cmark-gfm.build/Objects-normal/arm64/cmark_ctype.o

ScanDependencies /Users/shizihan/DailyUse/Github/InkMarkdown/.scratch/architecture-deepening-2026-09-07/evidence/20260907-1415-ticket-27/consumer/DerivedData-InkMarkdownSwiftUIConsumer/Build/Intermediates.noindex/cmark-gfm.build/Debug-iphonesimulator/cmark-gfm.build/Objects-normal/arm64/cmark.o /Users/shizihan/DailyUse/Github/InkMarkdown/Packages/Caches/swift-cmark/src/cmark.c normal arm64 c com.apple.compilers.llvm.clang.1_0.compiler (in target 'cmark-gfm' from project 'cmark-gfm')
    cd /Users/shizihan/DailyUse/Github/InkMarkdown/.github/fixtures/consumer-smoke/.swiftpm/xcode
    
    Using response file: /Users/shizihan/DailyUse/Github/InkMarkdown/.scratch/architecture-deepening-2026-09-07/evidence/20260907-1415-ticket-27/consumer/DerivedData-InkMarkdownSwiftUIConsumer/Build/Intermediates.noindex/cmark-gfm.build/Debug-iphonesimulator/cmark-gfm.build/Objects-normal/arm64/7187679823f38a2a940e0043cdf9d637-common-args.resp
    
    builtin-ScanDependencies -o /Users/shizihan/DailyUse/Github/InkMarkdown/.scratch/architecture-deepening-2026-09-07/evidence/20260907-1415-ticket-27/consumer/DerivedData-InkMarkdownSwiftUIConsumer/Build/Intermediates.noindex/cmark-gfm.build/Debug-iphonesimulator/cmark-gfm.build/Objects-normal/arm64/cmark.o.scan -- /Applications/Xcode.app/Contents/Developer/Toolchains/XcodeDefault.xctoolchain/usr/bin/clang -x c -ivfsstatcache /Users/shizihan/DailyUse/Github/InkMarkdown/.scratch/architecture-deepening-2026-09-07/evidence/20260907-1415-ticket-27/consumer/DerivedData-InkMarkdownSwiftUIConsumer/SDKStatCaches.noindex/iphonesimulator26.5-23F81a-6cfe768891a92b912361537c460fe42b.sdkstatcache -target arm64-apple-ios12.0-simulator -fmessage-length\=0 -fdiagnostics-show-note-include-stack -fmacro-backtrace-limit\=0 -fno-color-diagnostics -fmodules-prune-interval\=86400 -fmodules-prune-after\=345600 -fbuild-session-file\=/Users/shizihan/DailyUse/Github/InkMarkdown/.scratch/architecture-deepening-2026-09-07/evidence/20260907-1415-ticket-27/consumer/DerivedData-InkMarkdownSwiftUIConsumer/ModuleCache.noindex/Session.modulevalidation -fmodules-validate-once-per-build-session -Wnon-modular-include-in-framework-module -Werror\=non-modular-include-in-framework-module -Wno-trigraphs -Wno-missing-field-initializers -Wno-missing-prototypes -Wno-return-type -Wno-missing-braces -Wparentheses -Wswitch -Wno-unused-function -Wno-unused-label -Wno-unused-parameter -Wno-unused-variable -Wunused-value -Wno-empty-body -Wno-uninitialized -Wno-unknown-pragmas -w -Wno-shadow -Wno-four-char-constants -Wno-conversion -Wno-constant-conversion -Wno-int-conversion -Wno-bool-conversion -Wno-enum-conversion -Wno-float-conversion -Wno-non-literal-null-conversion -Wno-objc-literal-conversion -Wshorten-64-to-32 -Wpointer-sign -Wno-newline-eof -Wno-implicit-fallthrough -isysroot /Applications/Xcode.app/Contents/Developer/Platforms/iPhoneSimulator.platform/Developer/SDKs/iPhoneSimulator26.5.sdk -fstrict-aliasing -Wdeprecated-declarations -Wno-sign-conversion -Wno-infinite-recursion -Wno-comma -Wno-block-capture-autoreleasing -Wno-strict-prototypes -Wno-semicolon-before-method-body -index-store-path /Users/shizihan/DailyUse/Github/InkMarkdown/.scratch/architecture-deepening-2026-09-07/evidence/20260907-1415-ticket-27/consumer/DerivedData-InkMarkdownSwiftUIConsumer/Index.noindex/DataStore @/Users/shizihan/DailyUse/Github/InkMarkdown/.scratch/architecture-deepening-2026-09-07/evidence/20260907-1415-ticket-27/consumer/DerivedData-InkMarkdownSwiftUIConsumer/Build/Intermediates.noindex/cmark-gfm.build/Debug-iphonesimulator/cmark-gfm.build/Objects-normal/arm64/7187679823f38a2a940e0043cdf9d637-common-args.resp -MMD -MT dependencies -MF /Users/shizihan/DailyUse/Github/InkMarkdown/.scratch/architecture-deepening-2026-09-07/evidence/20260907-1415-ticket-27/consumer/DerivedData-InkMarkdownSwiftUIConsumer/Build/Intermediates.noindex/cmark-gfm.build/Debug-iphonesimulator/cmark-gfm.build/Objects-normal/arm64/cmark.d --serialize-diagnostics /Users/shizihan/DailyUse/Github/InkMarkdown/.scratch/architecture-deepening-2026-09-07/evidence/20260907-1415-ticket-27/consumer/DerivedData-InkMarkdownSwiftUIConsumer/Build/Intermediates.noindex/cmark-gfm.build/Debug-iphonesimulator/cmark-gfm.build/Objects-normal/arm64/cmark.dia -c /Users/shizihan/DailyUse/Github/InkMarkdown/Packages/Caches/swift-cmark/src/cmark.c -o /Users/shizihan/DailyUse/Github/InkMarkdown/.scratch/architecture-deepening-2026-09-07/evidence/20260907-1415-ticket-27/consumer/DerivedData-InkMarkdownSwiftUIConsumer/Build/Intermediates.noindex/cmark-gfm.build/Debug-iphonesimulator/cmark-gfm.build/Objects-normal/arm64/cmark.o -index-unit-output-path /cmark-gfm.build/Debug-iphonesimulator/cmark-gfm.build/Objects-normal/arm64/cmark.o

ScanDependencies /Users/shizihan/DailyUse/Github/InkMarkdown/.scratch/architecture-deepening-2026-09-07/evidence/20260907-1415-ticket-27/consumer/DerivedData-InkMarkdownSwiftUIConsumer/Build/Intermediates.noindex/cmark-gfm.build/Debug-iphonesimulator/cmark-gfm.build/Objects-normal/arm64/buffer.o /Users/shizihan/DailyUse/Github/InkMarkdown/Packages/Caches/swift-cmark/src/buffer.c normal arm64 c com.apple.compilers.llvm.clang.1_0.compiler (in target 'cmark-gfm' from project 'cmark-gfm')
    cd /Users/shizihan/DailyUse/Github/InkMarkdown/.github/fixtures/consumer-smoke/.swiftpm/xcode
    
    Using response file: /Users/shizihan/DailyUse/Github/InkMarkdown/.scratch/architecture-deepening-2026-09-07/evidence/20260907-1415-ticket-27/consumer/DerivedData-InkMarkdownSwiftUIConsumer/Build/Intermediates.noindex/cmark-gfm.build/Debug-iphonesimulator/cmark-gfm.build/Objects-normal/arm64/7187679823f38a2a940e0043cdf9d637-common-args.resp
    
    builtin-ScanDependencies -o /Users/shizihan/DailyUse/Github/InkMarkdown/.scratch/architecture-deepening-2026-09-07/evidence/20260907-1415-ticket-27/consumer/DerivedData-InkMarkdownSwiftUIConsumer/Build/Intermediates.noindex/cmark-gfm.build/Debug-iphonesimulator/cmark-gfm.build/Objects-normal/arm64/buffer.o.scan -- /Applications/Xcode.app/Contents/Developer/Toolchains/XcodeDefault.xctoolchain/usr/bin/clang -x c -ivfsstatcache /Users/shizihan/DailyUse/Github/InkMarkdown/.scratch/architecture-deepening-2026-09-07/evidence/20260907-1415-ticket-27/consumer/DerivedData-InkMarkdownSwiftUIConsumer/SDKStatCaches.noindex/iphonesimulator26.5-23F81a-6cfe768891a92b912361537c460fe42b.sdkstatcache -target arm64-apple-ios12.0-simulator -fmessage-length\=0 -fdiagnostics-show-note-include-stack -fmacro-backtrace-limit\=0 -fno-color-diagnostics -fmodules-prune-interval\=86400 -fmodules-prune-after\=345600 -fbuild-session-file\=/Users/shizihan/DailyUse/Github/InkMarkdown/.scratch/architecture-deepening-2026-09-07/evidence/20260907-1415-ticket-27/consumer/DerivedData-InkMarkdownSwiftUIConsumer/ModuleCache.noindex/Session.modulevalidation -fmodules-validate-once-per-build-session -Wnon-modular-include-in-framework-module -Werror\=non-modular-include-in-framework-module -Wno-trigraphs -Wno-missing-field-initializers -Wno-missing-prototypes -Wno-return-type -Wno-missing-braces -Wparentheses -Wswitch -Wno-unused-function -Wno-unused-label -Wno-unused-parameter -Wno-unused-variable -Wunused-value -Wno-empty-body -Wno-uninitialized -Wno-unknown-pragmas -w -Wno-shadow -Wno-four-char-constants -Wno-conversion -Wno-constant-conversion -Wno-int-conversion -Wno-bool-conversion -Wno-enum-conversion -Wno-float-conversion -Wno-non-literal-null-conversion -Wno-objc-literal-conversion -Wshorten-64-to-32 -Wpointer-sign -Wno-newline-eof -Wno-implicit-fallthrough -isysroot /Applications/Xcode.app/Contents/Developer/Platforms/iPhoneSimulator.platform/Developer/SDKs/iPhoneSimulator26.5.sdk -fstrict-aliasing -Wdeprecated-declarations -Wno-sign-conversion -Wno-infinite-recursion -Wno-comma -Wno-block-capture-autoreleasing -Wno-strict-prototypes -Wno-semicolon-before-method-body -index-store-path /Users/shizihan/DailyUse/Github/InkMarkdown/.scratch/architecture-deepening-2026-09-07/evidence/20260907-1415-ticket-27/consumer/DerivedData-InkMarkdownSwiftUIConsumer/Index.noindex/DataStore @/Users/shizihan/DailyUse/Github/InkMarkdown/.scratch/architecture-deepening-2026-09-07/evidence/20260907-1415-ticket-27/consumer/DerivedData-InkMarkdownSwiftUIConsumer/Build/Intermediates.noindex/cmark-gfm.build/Debug-iphonesimulator/cmark-gfm.build/Objects-normal/arm64/7187679823f38a2a940e0043cdf9d637-common-args.resp -MMD -MT dependencies -MF /Users/shizihan/DailyUse/Github/InkMarkdown/.scratch/architecture-deepening-2026-09-07/evidence/20260907-1415-ticket-27/consumer/DerivedData-InkMarkdownSwiftUIConsumer/Build/Intermediates.noindex/cmark-gfm.build/Debug-iphonesimulator/cmark-gfm.build/Objects-normal/arm64/buffer.d --serialize-diagnostics /Users/shizihan/DailyUse/Github/InkMarkdown/.scratch/architecture-deepening-2026-09-07/evidence/20260907-1415-ticket-27/consumer/DerivedData-InkMarkdownSwiftUIConsumer/Build/Intermediates.noindex/cmark-gfm.build/Debug-iphonesimulator/cmark-gfm.build/Objects-normal/arm64/buffer.dia -c /Users/shizihan/DailyUse/Github/InkMarkdown/Packages/Caches/swift-cmark/src/buffer.c -o /Users/shizihan/DailyUse/Github/InkMarkdown/.scratch/architecture-deepening-2026-09-07/evidence/20260907-1415-ticket-27/consumer/DerivedData-InkMarkdownSwiftUIConsumer/Build/Intermediates.noindex/cmark-gfm.build/Debug-iphonesimulator/cmark-gfm.build/Objects-normal/arm64/buffer.o -index-unit-output-path /cmark-gfm.build/Debug-iphonesimulator/cmark-gfm.build/Objects-normal/arm64/buffer.o

ScanDependencies /Users/shizihan/DailyUse/Github/InkMarkdown/.scratch/architecture-deepening-2026-09-07/evidence/20260907-1415-ticket-27/consumer/DerivedData-InkMarkdownSwiftUIConsumer/Build/Intermediates.noindex/cmark-gfm.build/Debug-iphonesimulator/cmark-gfm.build/Objects-normal/arm64/blocks.o /Users/shizihan/DailyUse/Github/InkMarkdown/Packages/Caches/swift-cmark/src/blocks.c normal arm64 c com.apple.compilers.llvm.clang.1_0.compiler (in target 'cmark-gfm' from project 'cmark-gfm')
    cd /Users/shizihan/DailyUse/Github/InkMarkdown/.github/fixtures/consumer-smoke/.swiftpm/xcode
    
    Using response file: /Users/shizihan/DailyUse/Github/InkMarkdown/.scratch/architecture-deepening-2026-09-07/evidence/20260907-1415-ticket-27/consumer/DerivedData-InkMarkdownSwiftUIConsumer/Build/Intermediates.noindex/cmark-gfm.build/Debug-iphonesimulator/cmark-gfm.build/Objects-normal/arm64/7187679823f38a2a940e0043cdf9d637-common-args.resp
    
    builtin-ScanDependencies -o /Users/shizihan/DailyUse/Github/InkMarkdown/.scratch/architecture-deepening-2026-09-07/evidence/20260907-1415-ticket-27/consumer/DerivedData-InkMarkdownSwiftUIConsumer/Build/Intermediates.noindex/cmark-gfm.build/Debug-iphonesimulator/cmark-gfm.build/Objects-normal/arm64/blocks.o.scan -- /Applications/Xcode.app/Contents/Developer/Toolchains/XcodeDefault.xctoolchain/usr/bin/clang -x c -ivfsstatcache /Users/shizihan/DailyUse/Github/InkMarkdown/.scratch/architecture-deepening-2026-09-07/evidence/20260907-1415-ticket-27/consumer/DerivedData-InkMarkdownSwiftUIConsumer/SDKStatCaches.noindex/iphonesimulator26.5-23F81a-6cfe768891a92b912361537c460fe42b.sdkstatcache -target arm64-apple-ios12.0-simulator -fmessage-length\=0 -fdiagnostics-show-note-include-stack -fmacro-backtrace-limit\=0 -fno-color-diagnostics -fmodules-prune-interval\=86400 -fmodules-prune-after\=345600 -fbuild-session-file\=/Users/shizihan/DailyUse/Github/InkMarkdown/.scratch/architecture-deepening-2026-09-07/evidence/20260907-1415-ticket-27/consumer/DerivedData-InkMarkdownSwiftUIConsumer/ModuleCache.noindex/Session.modulevalidation -fmodules-validate-once-per-build-session -Wnon-modular-include-in-framework-module -Werror\=non-modular-include-in-framework-module -Wno-trigraphs -Wno-missing-field-initializers -Wno-missing-prototypes -Wno-return-type -Wno-missing-braces -Wparentheses -Wswitch -Wno-unused-function -Wno-unused-label -Wno-unused-parameter -Wno-unused-variable -Wunused-value -Wno-empty-body -Wno-uninitialized -Wno-unknown-pragmas -w -Wno-shadow -Wno-four-char-constants -Wno-conversion -Wno-constant-conversion -Wno-int-conversion -Wno-bool-conversion -Wno-enum-conversion -Wno-float-conversion -Wno-non-literal-null-conversion -Wno-objc-literal-conversion -Wshorten-64-to-32 -Wpointer-sign -Wno-newline-eof -Wno-implicit-fallthrough -isysroot /Applications/Xcode.app/Contents/Developer/Platforms/iPhoneSimulator.platform/Developer/SDKs/iPhoneSimulator26.5.sdk -fstrict-aliasing -Wdeprecated-declarations -Wno-sign-conversion -Wno-infinite-recursion -Wno-comma -Wno-block-capture-autoreleasing -Wno-strict-prototypes -Wno-semicolon-before-method-body -index-store-path /Users/shizihan/DailyUse/Github/InkMarkdown/.scratch/architecture-deepening-2026-09-07/evidence/20260907-1415-ticket-27/consumer/DerivedData-InkMarkdownSwiftUIConsumer/Index.noindex/DataStore @/Users/shizihan/DailyUse/Github/InkMarkdown/.scratch/architecture-deepening-2026-09-07/evidence/20260907-1415-ticket-27/consumer/DerivedData-InkMarkdownSwiftUIConsumer/Build/Intermediates.noindex/cmark-gfm.build/Debug-iphonesimulator/cmark-gfm.build/Objects-normal/arm64/7187679823f38a2a940e0043cdf9d637-common-args.resp -MMD -MT dependencies -MF /Users/shizihan/DailyUse/Github/InkMarkdown/.scratch/architecture-deepening-2026-09-07/evidence/20260907-1415-ticket-27/consumer/DerivedData-InkMarkdownSwiftUIConsumer/Build/Intermediates.noindex/cmark-gfm.build/Debug-iphonesimulator/cmark-gfm.build/Objects-normal/arm64/blocks.d --serialize-diagnostics /Users/shizihan/DailyUse/Github/InkMarkdown/.scratch/architecture-deepening-2026-09-07/evidence/20260907-1415-ticket-27/consumer/DerivedData-InkMarkdownSwiftUIConsumer/Build/Intermediates.noindex/cmark-gfm.build/Debug-iphonesimulator/cmark-gfm.build/Objects-normal/arm64/blocks.dia -c /Users/shizihan/DailyUse/Github/InkMarkdown/Packages/Caches/swift-cmark/src/blocks.c -o /Users/shizihan/DailyUse/Github/InkMarkdown/.scratch/architecture-deepening-2026-09-07/evidence/20260907-1415-ticket-27/consumer/DerivedData-InkMarkdownSwiftUIConsumer/Build/Intermediates.noindex/cmark-gfm.build/Debug-iphonesimulator/cmark-gfm.build/Objects-normal/arm64/blocks.o -index-unit-output-path /cmark-gfm.build/Debug-iphonesimulator/cmark-gfm.build/Objects-normal/arm64/blocks.o

ScanDependencies /Users/shizihan/DailyUse/Github/InkMarkdown/.scratch/architecture-deepening-2026-09-07/evidence/20260907-1415-ticket-27/consumer/DerivedData-InkMarkdownSwiftUIConsumer/Build/Intermediates.noindex/cmark-gfm.build/Debug-iphonesimulator/cmark-gfm.build/Objects-normal/arm64/arena.o /Users/shizihan/DailyUse/Github/InkMarkdown/Packages/Caches/swift-cmark/src/arena.c normal arm64 c com.apple.compilers.llvm.clang.1_0.compiler (in target 'cmark-gfm' from project 'cmark-gfm')
    cd /Users/shizihan/DailyUse/Github/InkMarkdown/.github/fixtures/consumer-smoke/.swiftpm/xcode
    
    Using response file: /Users/shizihan/DailyUse/Github/InkMarkdown/.scratch/architecture-deepening-2026-09-07/evidence/20260907-1415-ticket-27/consumer/DerivedData-InkMarkdownSwiftUIConsumer/Build/Intermediates.noindex/cmark-gfm.build/Debug-iphonesimulator/cmark-gfm.build/Objects-normal/arm64/7187679823f38a2a940e0043cdf9d637-common-args.resp
    
    builtin-ScanDependencies -o /Users/shizihan/DailyUse/Github/InkMarkdown/.scratch/architecture-deepening-2026-09-07/evidence/20260907-1415-ticket-27/consumer/DerivedData-InkMarkdownSwiftUIConsumer/Build/Intermediates.noindex/cmark-gfm.build/Debug-iphonesimulator/cmark-gfm.build/Objects-normal/arm64/arena.o.scan -- /Applications/Xcode.app/Contents/Developer/Toolchains/XcodeDefault.xctoolchain/usr/bin/clang -x c -ivfsstatcache /Users/shizihan/DailyUse/Github/InkMarkdown/.scratch/architecture-deepening-2026-09-07/evidence/20260907-1415-ticket-27/consumer/DerivedData-InkMarkdownSwiftUIConsumer/SDKStatCaches.noindex/iphonesimulator26.5-23F81a-6cfe768891a92b912361537c460fe42b.sdkstatcache -target arm64-apple-ios12.0-simulator -fmessage-length\=0 -fdiagnostics-show-note-include-stack -fmacro-backtrace-limit\=0 -fno-color-diagnostics -fmodules-prune-interval\=86400 -fmodules-prune-after\=345600 -fbuild-session-file\=/Users/shizihan/DailyUse/Github/InkMarkdown/.scratch/architecture-deepening-2026-09-07/evidence/20260907-1415-ticket-27/consumer/DerivedData-InkMarkdownSwiftUIConsumer/ModuleCache.noindex/Session.modulevalidation -fmodules-validate-once-per-build-session -Wnon-modular-include-in-framework-module -Werror\=non-modular-include-in-framework-module -Wno-trigraphs -Wno-missing-field-initializers -Wno-missing-prototypes -Wno-return-type -Wno-missing-braces -Wparentheses -Wswitch -Wno-unused-function -Wno-unused-label -Wno-unused-parameter -Wno-unused-variable -Wunused-value -Wno-empty-body -Wno-uninitialized -Wno-unknown-pragmas -w -Wno-shadow -Wno-four-char-constants -Wno-conversion -Wno-constant-conversion -Wno-int-conversion -Wno-bool-conversion -Wno-enum-conversion -Wno-float-conversion -Wno-non-literal-null-conversion -Wno-objc-literal-conversion -Wshorten-64-to-32 -Wpointer-sign -Wno-newline-eof -Wno-implicit-fallthrough -isysroot /Applications/Xcode.app/Contents/Developer/Platforms/iPhoneSimulator.platform/Developer/SDKs/iPhoneSimulator26.5.sdk -fstrict-aliasing -Wdeprecated-declarations -Wno-sign-conversion -Wno-infinite-recursion -Wno-comma -Wno-block-capture-autoreleasing -Wno-strict-prototypes -Wno-semicolon-before-method-body -index-store-path /Users/shizihan/DailyUse/Github/InkMarkdown/.scratch/architecture-deepening-2026-09-07/evidence/20260907-1415-ticket-27/consumer/DerivedData-InkMarkdownSwiftUIConsumer/Index.noindex/DataStore @/Users/shizihan/DailyUse/Github/InkMarkdown/.scratch/architecture-deepening-2026-09-07/evidence/20260907-1415-ticket-27/consumer/DerivedData-InkMarkdownSwiftUIConsumer/Build/Intermediates.noindex/cmark-gfm.build/Debug-iphonesimulator/cmark-gfm.build/Objects-normal/arm64/7187679823f38a2a940e0043cdf9d637-common-args.resp -MMD -MT dependencies -MF /Users/shizihan/DailyUse/Github/InkMarkdown/.scratch/architecture-deepening-2026-09-07/evidence/20260907-1415-ticket-27/consumer/DerivedData-InkMarkdownSwiftUIConsumer/Build/Intermediates.noindex/cmark-gfm.build/Debug-iphonesimulator/cmark-gfm.build/Objects-normal/arm64/arena.d --serialize-diagnostics /Users/shizihan/DailyUse/Github/InkMarkdown/.scratch/architecture-deepening-2026-09-07/evidence/20260907-1415-ticket-27/consumer/DerivedData-InkMarkdownSwiftUIConsumer/Build/Intermediates.noindex/cmark-gfm.build/Debug-iphonesimulator/cmark-gfm.build/Objects-normal/arm64/arena.dia -c /Users/shizihan/DailyUse/Github/InkMarkdown/Packages/Caches/swift-cmark/src/arena.c -o /Users/shizihan/DailyUse/Github/InkMarkdown/.scratch/architecture-deepening-2026-09-07/evidence/20260907-1415-ticket-27/consumer/DerivedData-InkMarkdownSwiftUIConsumer/Build/Intermediates.noindex/cmark-gfm.build/Debug-iphonesimulator/cmark-gfm.build/Objects-normal/arm64/arena.o -index-unit-output-path /cmark-gfm.build/Debug-iphonesimulator/cmark-gfm.build/Objects-normal/arm64/arena.o

ScanDependencies /Users/shizihan/DailyUse/Github/InkMarkdown/.scratch/architecture-deepening-2026-09-07/evidence/20260907-1415-ticket-27/consumer/DerivedData-InkMarkdownSwiftUIConsumer/Build/Intermediates.noindex/swift-markdown.build/Debug-iphonesimulator/CAtomic.build/Objects-normal/arm64/CAtomic.o /Users/shizihan/DailyUse/Github/InkMarkdown/Packages/Caches/swift-markdown/Sources/CAtomic/CAtomic.c normal arm64 c com.apple.compilers.llvm.clang.1_0.compiler (in target 'CAtomic' from project 'swift-markdown')
    cd /Users/shizihan/DailyUse/Github/InkMarkdown/.github/fixtures/consumer-smoke/.swiftpm/xcode
    
    Using response file: /Users/shizihan/DailyUse/Github/InkMarkdown/.scratch/architecture-deepening-2026-09-07/evidence/20260907-1415-ticket-27/consumer/DerivedData-InkMarkdownSwiftUIConsumer/Build/Intermediates.noindex/swift-markdown.build/Debug-iphonesimulator/CAtomic.build/Objects-normal/arm64/7187679823f38a2a940e0043cdf9d637-common-args.resp
    
    builtin-ScanDependencies -o /Users/shizihan/DailyUse/Github/InkMarkdown/.scratch/architecture-deepening-2026-09-07/evidence/20260907-1415-ticket-27/consumer/DerivedData-InkMarkdownSwiftUIConsumer/Build/Intermediates.noindex/swift-markdown.build/Debug-iphonesimulator/CAtomic.build/Objects-normal/arm64/CAtomic.o.scan -- /Applications/Xcode.app/Contents/Developer/Toolchains/XcodeDefault.xctoolchain/usr/bin/clang -x c -ivfsstatcache /Users/shizihan/DailyUse/Github/InkMarkdown/.scratch/architecture-deepening-2026-09-07/evidence/20260907-1415-ticket-27/consumer/DerivedData-InkMarkdownSwiftUIConsumer/SDKStatCaches.noindex/iphonesimulator26.5-23F81a-6cfe768891a92b912361537c460fe42b.sdkstatcache -target arm64-apple-ios12.0-simulator -fmessage-length\=0 -fdiagnostics-show-note-include-stack -fmacro-backtrace-limit\=0 -fno-color-diagnostics -fmodules-prune-interval\=86400 -fmodules-prune-after\=345600 -fbuild-session-file\=/Users/shizihan/DailyUse/Github/InkMarkdown/.scratch/architecture-deepening-2026-09-07/evidence/20260907-1415-ticket-27/consumer/DerivedData-InkMarkdownSwiftUIConsumer/ModuleCache.noindex/Session.modulevalidation -fmodules-validate-once-per-build-session -Wnon-modular-include-in-framework-module -Werror\=non-modular-include-in-framework-module -Wno-trigraphs -Wno-missing-field-initializers -Wno-missing-prototypes -Wno-return-type -Wno-missing-braces -Wparentheses -Wswitch -Wno-unused-function -Wno-unused-label -Wno-unused-parameter -Wno-unused-variable -Wunused-value -Wno-empty-body -Wno-uninitialized -Wno-unknown-pragmas -w -Wno-shadow -Wno-four-char-constants -Wno-conversion -Wno-constant-conversion -Wno-int-conversion -Wno-bool-conversion -Wno-enum-conversion -Wno-float-conversion -Wno-non-literal-null-conversion -Wno-objc-literal-conversion -Wshorten-64-to-32 -Wpointer-sign -Wno-newline-eof -Wno-implicit-fallthrough -isysroot /Applications/Xcode.app/Contents/Developer/Platforms/iPhoneSimulator.platform/Developer/SDKs/iPhoneSimulator26.5.sdk -fstrict-aliasing -Wdeprecated-declarations -Wno-sign-conversion -Wno-infinite-recursion -Wno-comma -Wno-block-capture-autoreleasing -Wno-strict-prototypes -Wno-semicolon-before-method-body -index-store-path /Users/shizihan/DailyUse/Github/InkMarkdown/.scratch/architecture-deepening-2026-09-07/evidence/20260907-1415-ticket-27/consumer/DerivedData-InkMarkdownSwiftUIConsumer/Index.noindex/DataStore @/Users/shizihan/DailyUse/Github/InkMarkdown/.scratch/architecture-deepening-2026-09-07/evidence/20260907-1415-ticket-27/consumer/DerivedData-InkMarkdownSwiftUIConsumer/Build/Intermediates.noindex/swift-markdown.build/Debug-iphonesimulator/CAtomic.build/Objects-normal/arm64/7187679823f38a2a940e0043cdf9d637-common-args.resp -MMD -MT dependencies -MF /Users/shizihan/DailyUse/Github/InkMarkdown/.scratch/architecture-deepening-2026-09-07/evidence/20260907-1415-ticket-27/consumer/DerivedData-InkMarkdownSwiftUIConsumer/Build/Intermediates.noindex/swift-markdown.build/Debug-iphonesimulator/CAtomic.build/Objects-normal/arm64/CAtomic.d --serialize-diagnostics /Users/shizihan/DailyUse/Github/InkMarkdown/.scratch/architecture-deepening-2026-09-07/evidence/20260907-1415-ticket-27/consumer/DerivedData-InkMarkdownSwiftUIConsumer/Build/Intermediates.noindex/swift-markdown.build/Debug-iphonesimulator/CAtomic.build/Objects-normal/arm64/CAtomic.dia -c /Users/shizihan/DailyUse/Github/InkMarkdown/Packages/Caches/swift-markdown/Sources/CAtomic/CAtomic.c -o /Users/shizihan/DailyUse/Github/InkMarkdown/.scratch/architecture-deepening-2026-09-07/evidence/20260907-1415-ticket-27/consumer/DerivedData-InkMarkdownSwiftUIConsumer/Build/Intermediates.noindex/swift-markdown.build/Debug-iphonesimulator/CAtomic.build/Objects-normal/arm64/CAtomic.o -index-unit-output-path /swift-markdown.build/Debug-iphonesimulator/CAtomic.build/Objects-normal/arm64/CAtomic.o

PrecompileModule /Users/shizihan/DailyUse/Github/InkMarkdown/.scratch/architecture-deepening-2026-09-07/evidence/20260907-1415-ticket-27/consumer/DerivedData-InkMarkdownSwiftUIConsumer/Build/Intermediates.noindex/ExplicitPrecompiledModules/_Builtin_limits-9O9JC0FUGFSFJK3QZ1EVN2GO5.scan
    cd /
    builtin-precompileModule /Users/shizihan/DailyUse/Github/InkMarkdown/.scratch/architecture-deepening-2026-09-07/evidence/20260907-1415-ticket-27/consumer/DerivedData-InkMarkdownSwiftUIConsumer/Build/Intermediates.noindex/ExplicitPrecompiledModules/_Builtin_limits-9O9JC0FUGFSFJK3QZ1EVN2GO5.scan

PrecompileModule /Users/shizihan/DailyUse/Github/InkMarkdown/.scratch/architecture-deepening-2026-09-07/evidence/20260907-1415-ticket-27/consumer/DerivedData-InkMarkdownSwiftUIConsumer/Build/Intermediates.noindex/ExplicitPrecompiledModules/_DarwinFoundation2-6DSLYM8VWSM15SCSRF767DGZJ.scan
    cd /
    builtin-precompileModule /Users/shizihan/DailyUse/Github/InkMarkdown/.scratch/architecture-deepening-2026-09-07/evidence/20260907-1415-ticket-27/consumer/DerivedData-InkMarkdownSwiftUIConsumer/Build/Intermediates.noindex/ExplicitPrecompiledModules/_DarwinFoundation2-6DSLYM8VWSM15SCSRF767DGZJ.scan

PrecompileModule /Users/shizihan/DailyUse/Github/InkMarkdown/.scratch/architecture-deepening-2026-09-07/evidence/20260907-1415-ticket-27/consumer/DerivedData-InkMarkdownSwiftUIConsumer/Build/Intermediates.noindex/ExplicitPrecompiledModules/_Builtin_stdint-BGBBJNDUZWFJ2SXMWWI2B3EQ5.scan
    cd /
    builtin-precompileModule /Users/shizihan/DailyUse/Github/InkMarkdown/.scratch/architecture-deepening-2026-09-07/evidence/20260907-1415-ticket-27/consumer/DerivedData-InkMarkdownSwiftUIConsumer/Build/Intermediates.noindex/ExplicitPrecompiledModules/_Builtin_stdint-BGBBJNDUZWFJ2SXMWWI2B3EQ5.scan

CompileC /Users/shizihan/DailyUse/Github/InkMarkdown/.scratch/architecture-deepening-2026-09-07/evidence/20260907-1415-ticket-27/consumer/DerivedData-InkMarkdownSwiftUIConsumer/Build/Intermediates.noindex/cmark-gfm.build/Debug-iphonesimulator/cmark-gfm.build/Objects-normal/arm64/houdini_html_u.o /Users/shizihan/DailyUse/Github/InkMarkdown/Packages/Caches/swift-cmark/src/houdini_html_u.c normal arm64 c com.apple.compilers.llvm.clang.1_0.compiler (in target 'cmark-gfm' from project 'cmark-gfm')
    cd /Users/shizihan/DailyUse/Github/InkMarkdown/.github/fixtures/consumer-smoke/.swiftpm/xcode
    
    Using response file: /Users/shizihan/DailyUse/Github/InkMarkdown/.scratch/architecture-deepening-2026-09-07/evidence/20260907-1415-ticket-27/consumer/DerivedData-InkMarkdownSwiftUIConsumer/Build/Intermediates.noindex/cmark-gfm.build/Debug-iphonesimulator/cmark-gfm.build/Objects-normal/arm64/7187679823f38a2a940e0043cdf9d637-common-args.resp
    
    /Applications/Xcode.app/Contents/Developer/Toolchains/XcodeDefault.xctoolchain/usr/bin/clang -x c -ivfsstatcache /Users/shizihan/DailyUse/Github/InkMarkdown/.scratch/architecture-deepening-2026-09-07/evidence/20260907-1415-ticket-27/consumer/DerivedData-InkMarkdownSwiftUIConsumer/SDKStatCaches.noindex/iphonesimulator26.5-23F81a-6cfe768891a92b912361537c460fe42b.sdkstatcache -target arm64-apple-ios12.0-simulator -fmessage-length\=0 -fdiagnostics-show-note-include-stack -fmacro-backtrace-limit\=0 -fno-color-diagnostics -fmodules-prune-interval\=86400 -fmodules-prune-after\=345600 -fbuild-session-file\=/Users/shizihan/DailyUse/Github/InkMarkdown/.scratch/architecture-deepening-2026-09-07/evidence/20260907-1415-ticket-27/consumer/DerivedData-InkMarkdownSwiftUIConsumer/ModuleCache.noindex/Session.modulevalidation -fmodules-validate-once-per-build-session -Wnon-modular-include-in-framework-module -Werror\=non-modular-include-in-framework-module -Wno-trigraphs -Wno-missing-field-initializers -Wno-missing-prototypes -Wno-return-type -Wno-missing-braces -Wparentheses -Wswitch -Wno-unused-function -Wno-unused-label -Wno-unused-parameter -Wno-unused-variable -Wunused-value -Wno-empty-body -Wno-uninitialized -Wno-unknown-pragmas -w -Wno-shadow -Wno-four-char-constants -Wno-conversion -Wno-constant-conversion -Wno-int-conversion -Wno-bool-conversion -Wno-enum-conversion -Wno-float-conversion -Wno-non-literal-null-conversion -Wno-objc-literal-conversion -Wshorten-64-to-32 -Wpointer-sign -Wno-newline-eof -Wno-implicit-fallthrough -isysroot /Applications/Xcode.app/Contents/Developer/Platforms/iPhoneSimulator.platform/Developer/SDKs/iPhoneSimulator26.5.sdk -fstrict-aliasing -Wdeprecated-declarations -Wno-sign-conversion -Wno-infinite-recursion -Wno-comma -Wno-block-capture-autoreleasing -Wno-strict-prototypes -Wno-semicolon-before-method-body -index-store-path /Users/shizihan/DailyUse/Github/InkMarkdown/.scratch/architecture-deepening-2026-09-07/evidence/20260907-1415-ticket-27/consumer/DerivedData-InkMarkdownSwiftUIConsumer/Index.noindex/DataStore @/Users/shizihan/DailyUse/Github/InkMarkdown/.scratch/architecture-deepening-2026-09-07/evidence/20260907-1415-ticket-27/consumer/DerivedData-InkMarkdownSwiftUIConsumer/Build/Intermediates.noindex/cmark-gfm.build/Debug-iphonesimulator/cmark-gfm.build/Objects-normal/arm64/7187679823f38a2a940e0043cdf9d637-common-args.resp -MMD -MT dependencies -MF /Users/shizihan/DailyUse/Github/InkMarkdown/.scratch/architecture-deepening-2026-09-07/evidence/20260907-1415-ticket-27/consumer/DerivedData-InkMarkdownSwiftUIConsumer/Build/Intermediates.noindex/cmark-gfm.build/Debug-iphonesimulator/cmark-gfm.build/Objects-normal/arm64/houdini_html_u.d --serialize-diagnostics /Users/shizihan/DailyUse/Github/InkMarkdown/.scratch/architecture-deepening-2026-09-07/evidence/20260907-1415-ticket-27/consumer/DerivedData-InkMarkdownSwiftUIConsumer/Build/Intermediates.noindex/cmark-gfm.build/Debug-iphonesimulator/cmark-gfm.build/Objects-normal/arm64/houdini_html_u.dia -c /Users/shizihan/DailyUse/Github/InkMarkdown/Packages/Caches/swift-cmark/src/houdini_html_u.c -o /Users/shizihan/DailyUse/Github/InkMarkdown/.scratch/architecture-deepening-2026-09-07/evidence/20260907-1415-ticket-27/consumer/DerivedData-InkMarkdownSwiftUIConsumer/Build/Intermediates.noindex/cmark-gfm.build/Debug-iphonesimulator/cmark-gfm.build/Objects-normal/arm64/houdini_html_u.o -index-unit-output-path /cmark-gfm.build/Debug-iphonesimulator/cmark-gfm.build/Objects-normal/arm64/houdini_html_u.o

CompileC /Users/shizihan/DailyUse/Github/InkMarkdown/.scratch/architecture-deepening-2026-09-07/evidence/20260907-1415-ticket-27/consumer/DerivedData-InkMarkdownSwiftUIConsumer/Build/Intermediates.noindex/cmark-gfm.build/Debug-iphonesimulator/cmark-gfm.build/Objects-normal/arm64/houdini_href_e.o /Users/shizihan/DailyUse/Github/InkMarkdown/Packages/Caches/swift-cmark/src/houdini_href_e.c normal arm64 c com.apple.compilers.llvm.clang.1_0.compiler (in target 'cmark-gfm' from project 'cmark-gfm')
    cd /Users/shizihan/DailyUse/Github/InkMarkdown/.github/fixtures/consumer-smoke/.swiftpm/xcode
    
    Using response file: /Users/shizihan/DailyUse/Github/InkMarkdown/.scratch/architecture-deepening-2026-09-07/evidence/20260907-1415-ticket-27/consumer/DerivedData-InkMarkdownSwiftUIConsumer/Build/Intermediates.noindex/cmark-gfm.build/Debug-iphonesimulator/cmark-gfm.build/Objects-normal/arm64/7187679823f38a2a940e0043cdf9d637-common-args.resp
    
    /Applications/Xcode.app/Contents/Developer/Toolchains/XcodeDefault.xctoolchain/usr/bin/clang -x c -ivfsstatcache /Users/shizihan/DailyUse/Github/InkMarkdown/.scratch/architecture-deepening-2026-09-07/evidence/20260907-1415-ticket-27/consumer/DerivedData-InkMarkdownSwiftUIConsumer/SDKStatCaches.noindex/iphonesimulator26.5-23F81a-6cfe768891a92b912361537c460fe42b.sdkstatcache -target arm64-apple-ios12.0-simulator -fmessage-length\=0 -fdiagnostics-show-note-include-stack -fmacro-backtrace-limit\=0 -fno-color-diagnostics -fmodules-prune-interval\=86400 -fmodules-prune-after\=345600 -fbuild-session-file\=/Users/shizihan/DailyUse/Github/InkMarkdown/.scratch/architecture-deepening-2026-09-07/evidence/20260907-1415-ticket-27/consumer/DerivedData-InkMarkdownSwiftUIConsumer/ModuleCache.noindex/Session.modulevalidation -fmodules-validate-once-per-build-session -Wnon-modular-include-in-framework-module -Werror\=non-modular-include-in-framework-module -Wno-trigraphs -Wno-missing-field-initializers -Wno-missing-prototypes -Wno-return-type -Wno-missing-braces -Wparentheses -Wswitch -Wno-unused-function -Wno-unused-label -Wno-unused-parameter -Wno-unused-variable -Wunused-value -Wno-empty-body -Wno-uninitialized -Wno-unknown-pragmas -w -Wno-shadow -Wno-four-char-constants -Wno-conversion -Wno-constant-conversion -Wno-int-conversion -Wno-bool-conversion -Wno-enum-conversion -Wno-float-conversion -Wno-non-literal-null-conversion -Wno-objc-literal-conversion -Wshorten-64-to-32 -Wpointer-sign -Wno-newline-eof -Wno-implicit-fallthrough -isysroot /Applications/Xcode.app/Contents/Developer/Platforms/iPhoneSimulator.platform/Developer/SDKs/iPhoneSimulator26.5.sdk -fstrict-aliasing -Wdeprecated-declarations -Wno-sign-conversion -Wno-infinite-recursion -Wno-comma -Wno-block-capture-autoreleasing -Wno-strict-prototypes -Wno-semicolon-before-method-body -index-store-path /Users/shizihan/DailyUse/Github/InkMarkdown/.scratch/architecture-deepening-2026-09-07/evidence/20260907-1415-ticket-27/consumer/DerivedData-InkMarkdownSwiftUIConsumer/Index.noindex/DataStore @/Users/shizihan/DailyUse/Github/InkMarkdown/.scratch/architecture-deepening-2026-09-07/evidence/20260907-1415-ticket-27/consumer/DerivedData-InkMarkdownSwiftUIConsumer/Build/Intermediates.noindex/cmark-gfm.build/Debug-iphonesimulator/cmark-gfm.build/Objects-normal/arm64/7187679823f38a2a940e0043cdf9d637-common-args.resp -MMD -MT dependencies -MF /Users/shizihan/DailyUse/Github/InkMarkdown/.scratch/architecture-deepening-2026-09-07/evidence/20260907-1415-ticket-27/consumer/DerivedData-InkMarkdownSwiftUIConsumer/Build/Intermediates.noindex/cmark-gfm.build/Debug-iphonesimulator/cmark-gfm.build/Objects-normal/arm64/houdini_href_e.d --serialize-diagnostics /Users/shizihan/DailyUse/Github/InkMarkdown/.scratch/architecture-deepening-2026-09-07/evidence/20260907-1415-ticket-27/consumer/DerivedData-InkMarkdownSwiftUIConsumer/Build/Intermediates.noindex/cmark-gfm.build/Debug-iphonesimulator/cmark-gfm.build/Objects-normal/arm64/houdini_href_e.dia -c /Users/shizihan/DailyUse/Github/InkMarkdown/Packages/Caches/swift-cmark/src/houdini_href_e.c -o /Users/shizihan/DailyUse/Github/InkMarkdown/.scratch/architecture-deepening-2026-09-07/evidence/20260907-1415-ticket-27/consumer/DerivedData-InkMarkdownSwiftUIConsumer/Build/Intermediates.noindex/cmark-gfm.build/Debug-iphonesimulator/cmark-gfm.build/Objects-normal/arm64/houdini_href_e.o -index-unit-output-path /cmark-gfm.build/Debug-iphonesimulator/cmark-gfm.build/Objects-normal/arm64/houdini_href_e.o

CompileC /Users/shizihan/DailyUse/Github/InkMarkdown/.scratch/architecture-deepening-2026-09-07/evidence/20260907-1415-ticket-27/consumer/DerivedData-InkMarkdownSwiftUIConsumer/Build/Intermediates.noindex/cmark-gfm.build/Debug-iphonesimulator/cmark-gfm.build/Objects-normal/arm64/houdini_html_e.o /Users/shizihan/DailyUse/Github/InkMarkdown/Packages/Caches/swift-cmark/src/houdini_html_e.c normal arm64 c com.apple.compilers.llvm.clang.1_0.compiler (in target 'cmark-gfm' from project 'cmark-gfm')
    cd /Users/shizihan/DailyUse/Github/InkMarkdown/.github/fixtures/consumer-smoke/.swiftpm/xcode
    
    Using response file: /Users/shizihan/DailyUse/Github/InkMarkdown/.scratch/architecture-deepening-2026-09-07/evidence/20260907-1415-ticket-27/consumer/DerivedData-InkMarkdownSwiftUIConsumer/Build/Intermediates.noindex/cmark-gfm.build/Debug-iphonesimulator/cmark-gfm.build/Objects-normal/arm64/7187679823f38a2a940e0043cdf9d637-common-args.resp
    
    /Applications/Xcode.app/Contents/Developer/Toolchains/XcodeDefault.xctoolchain/usr/bin/clang -x c -ivfsstatcache /Users/shizihan/DailyUse/Github/InkMarkdown/.scratch/architecture-deepening-2026-09-07/evidence/20260907-1415-ticket-27/consumer/DerivedData-InkMarkdownSwiftUIConsumer/SDKStatCaches.noindex/iphonesimulator26.5-23F81a-6cfe768891a92b912361537c460fe42b.sdkstatcache -target arm64-apple-ios12.0-simulator -fmessage-length\=0 -fdiagnostics-show-note-include-stack -fmacro-backtrace-limit\=0 -fno-color-diagnostics -fmodules-prune-interval\=86400 -fmodules-prune-after\=345600 -fbuild-session-file\=/Users/shizihan/DailyUse/Github/InkMarkdown/.scratch/architecture-deepening-2026-09-07/evidence/20260907-1415-ticket-27/consumer/DerivedData-InkMarkdownSwiftUIConsumer/ModuleCache.noindex/Session.modulevalidation -fmodules-validate-once-per-build-session -Wnon-modular-include-in-framework-module -Werror\=non-modular-include-in-framework-module -Wno-trigraphs -Wno-missing-field-initializers -Wno-missing-prototypes -Wno-return-type -Wno-missing-braces -Wparentheses -Wswitch -Wno-unused-function -Wno-unused-label -Wno-unused-parameter -Wno-unused-variable -Wunused-value -Wno-empty-body -Wno-uninitialized -Wno-unknown-pragmas -w -Wno-shadow -Wno-four-char-constants -Wno-conversion -Wno-constant-conversion -Wno-int-conversion -Wno-bool-conversion -Wno-enum-conversion -Wno-float-conversion -Wno-non-literal-null-conversion -Wno-objc-literal-conversion -Wshorten-64-to-32 -Wpointer-sign -Wno-newline-eof -Wno-implicit-fallthrough -isysroot /Applications/Xcode.app/Contents/Developer/Platforms/iPhoneSimulator.platform/Developer/SDKs/iPhoneSimulator26.5.sdk -fstrict-aliasing -Wdeprecated-declarations -Wno-sign-conversion -Wno-infinite-recursion -Wno-comma -Wno-block-capture-autoreleasing -Wno-strict-prototypes -Wno-semicolon-before-method-body -index-store-path /Users/shizihan/DailyUse/Github/InkMarkdown/.scratch/architecture-deepening-2026-09-07/evidence/20260907-1415-ticket-27/consumer/DerivedData-InkMarkdownSwiftUIConsumer/Index.noindex/DataStore @/Users/shizihan/DailyUse/Github/InkMarkdown/.scratch/architecture-deepening-2026-09-07/evidence/20260907-1415-ticket-27/consumer/DerivedData-InkMarkdownSwiftUIConsumer/Build/Intermediates.noindex/cmark-gfm.build/Debug-iphonesimulator/cmark-gfm.build/Objects-normal/arm64/7187679823f38a2a940e0043cdf9d637-common-args.resp -MMD -MT dependencies -MF /Users/shizihan/DailyUse/Github/InkMarkdown/.scratch/architecture-deepening-2026-09-07/evidence/20260907-1415-ticket-27/consumer/DerivedData-InkMarkdownSwiftUIConsumer/Build/Intermediates.noindex/cmark-gfm.build/Debug-iphonesimulator/cmark-gfm.build/Objects-normal/arm64/houdini_html_e.d --serialize-diagnostics /Users/shizihan/DailyUse/Github/InkMarkdown/.scratch/architecture-deepening-2026-09-07/evidence/20260907-1415-ticket-27/consumer/DerivedData-InkMarkdownSwiftUIConsumer/Build/Intermediates.noindex/cmark-gfm.build/Debug-iphonesimulator/cmark-gfm.build/Objects-normal/arm64/houdini_html_e.dia -c /Users/shizihan/DailyUse/Github/InkMarkdown/Packages/Caches/swift-cmark/src/houdini_html_e.c -o /Users/shizihan/DailyUse/Github/InkMarkdown/.scratch/architecture-deepening-2026-09-07/evidence/20260907-1415-ticket-27/consumer/DerivedData-InkMarkdownSwiftUIConsumer/Build/Intermediates.noindex/cmark-gfm.build/Debug-iphonesimulator/cmark-gfm.build/Objects-normal/arm64/houdini_html_e.o -index-unit-output-path /cmark-gfm.build/Debug-iphonesimulator/cmark-gfm.build/Objects-normal/arm64/houdini_html_e.o

CompileC /Users/shizihan/DailyUse/Github/InkMarkdown/.scratch/architecture-deepening-2026-09-07/evidence/20260907-1415-ticket-27/consumer/DerivedData-InkMarkdownSwiftUIConsumer/Build/Intermediates.noindex/cmark-gfm.build/Debug-iphonesimulator/cmark-gfm.build/Objects-normal/arm64/cmark_ctype.o /Users/shizihan/DailyUse/Github/InkMarkdown/Packages/Caches/swift-cmark/src/cmark_ctype.c normal arm64 c com.apple.compilers.llvm.clang.1_0.compiler (in target 'cmark-gfm' from project 'cmark-gfm')
    cd /Users/shizihan/DailyUse/Github/InkMarkdown/.github/fixtures/consumer-smoke/.swiftpm/xcode
    
    Using response file: /Users/shizihan/DailyUse/Github/InkMarkdown/.scratch/architecture-deepening-2026-09-07/evidence/20260907-1415-ticket-27/consumer/DerivedData-InkMarkdownSwiftUIConsumer/Build/Intermediates.noindex/cmark-gfm.build/Debug-iphonesimulator/cmark-gfm.build/Objects-normal/arm64/7187679823f38a2a940e0043cdf9d637-common-args.resp
    
    /Applications/Xcode.app/Contents/Developer/Toolchains/XcodeDefault.xctoolchain/usr/bin/clang -x c -ivfsstatcache /Users/shizihan/DailyUse/Github/InkMarkdown/.scratch/architecture-deepening-2026-09-07/evidence/20260907-1415-ticket-27/consumer/DerivedData-InkMarkdownSwiftUIConsumer/SDKStatCaches.noindex/iphonesimulator26.5-23F81a-6cfe768891a92b912361537c460fe42b.sdkstatcache -target arm64-apple-ios12.0-simulator -fmessage-length\=0 -fdiagnostics-show-note-include-stack -fmacro-backtrace-limit\=0 -fno-color-diagnostics -fmodules-prune-interval\=86400 -fmodules-prune-after\=345600 -fbuild-session-file\=/Users/shizihan/DailyUse/Github/InkMarkdown/.scratch/architecture-deepening-2026-09-07/evidence/20260907-1415-ticket-27/consumer/DerivedData-InkMarkdownSwiftUIConsumer/ModuleCache.noindex/Session.modulevalidation -fmodules-validate-once-per-build-session -Wnon-modular-include-in-framework-module -Werror\=non-modular-include-in-framework-module -Wno-trigraphs -Wno-missing-field-initializers -Wno-missing-prototypes -Wno-return-type -Wno-missing-braces -Wparentheses -Wswitch -Wno-unused-function -Wno-unused-label -Wno-unused-parameter -Wno-unused-variable -Wunused-value -Wno-empty-body -Wno-uninitialized -Wno-unknown-pragmas -w -Wno-shadow -Wno-four-char-constants -Wno-conversion -Wno-constant-conversion -Wno-int-conversion -Wno-bool-conversion -Wno-enum-conversion -Wno-float-conversion -Wno-non-literal-null-conversion -Wno-objc-literal-conversion -Wshorten-64-to-32 -Wpointer-sign -Wno-newline-eof -Wno-implicit-fallthrough -isysroot /Applications/Xcode.app/Contents/Developer/Platforms/iPhoneSimulator.platform/Developer/SDKs/iPhoneSimulator26.5.sdk -fstrict-aliasing -Wdeprecated-declarations -Wno-sign-conversion -Wno-infinite-recursion -Wno-comma -Wno-block-capture-autoreleasing -Wno-strict-prototypes -Wno-semicolon-before-method-body -index-store-path /Users/shizihan/DailyUse/Github/InkMarkdown/.scratch/architecture-deepening-2026-09-07/evidence/20260907-1415-ticket-27/consumer/DerivedData-InkMarkdownSwiftUIConsumer/Index.noindex/DataStore @/Users/shizihan/DailyUse/Github/InkMarkdown/.scratch/architecture-deepening-2026-09-07/evidence/20260907-1415-ticket-27/consumer/DerivedData-InkMarkdownSwiftUIConsumer/Build/Intermediates.noindex/cmark-gfm.build/Debug-iphonesimulator/cmark-gfm.build/Objects-normal/arm64/7187679823f38a2a940e0043cdf9d637-common-args.resp -MMD -MT dependencies -MF /Users/shizihan/DailyUse/Github/InkMarkdown/.scratch/architecture-deepening-2026-09-07/evidence/20260907-1415-ticket-27/consumer/DerivedData-InkMarkdownSwiftUIConsumer/Build/Intermediates.noindex/cmark-gfm.build/Debug-iphonesimulator/cmark-gfm.build/Objects-normal/arm64/cmark_ctype.d --serialize-diagnostics /Users/shizihan/DailyUse/Github/InkMarkdown/.scratch/architecture-deepening-2026-09-07/evidence/20260907-1415-ticket-27/consumer/DerivedData-InkMarkdownSwiftUIConsumer/Build/Intermediates.noindex/cmark-gfm.build/Debug-iphonesimulator/cmark-gfm.build/Objects-normal/arm64/cmark_ctype.dia -c /Users/shizihan/DailyUse/Github/InkMarkdown/Packages/Caches/swift-cmark/src/cmark_ctype.c -o /Users/shizihan/DailyUse/Github/InkMarkdown/.scratch/architecture-deepening-2026-09-07/evidence/20260907-1415-ticket-27/consumer/DerivedData-InkMarkdownSwiftUIConsumer/Build/Intermediates.noindex/cmark-gfm.build/Debug-iphonesimulator/cmark-gfm.build/Objects-normal/arm64/cmark_ctype.o -index-unit-output-path /cmark-gfm.build/Debug-iphonesimulator/cmark-gfm.build/Objects-normal/arm64/cmark_ctype.o

CompileC /Users/shizihan/DailyUse/Github/InkMarkdown/.scratch/architecture-deepening-2026-09-07/evidence/20260907-1415-ticket-27/consumer/DerivedData-InkMarkdownSwiftUIConsumer/Build/Intermediates.noindex/swift-markdown.build/Debug-iphonesimulator/CAtomic.build/Objects-normal/arm64/CAtomic.o /Users/shizihan/DailyUse/Github/InkMarkdown/Packages/Caches/swift-markdown/Sources/CAtomic/CAtomic.c normal arm64 c com.apple.compilers.llvm.clang.1_0.compiler (in target 'CAtomic' from project 'swift-markdown')
    cd /Users/shizihan/DailyUse/Github/InkMarkdown/.github/fixtures/consumer-smoke/.swiftpm/xcode
    
    Using response file: /Users/shizihan/DailyUse/Github/InkMarkdown/.scratch/architecture-deepening-2026-09-07/evidence/20260907-1415-ticket-27/consumer/DerivedData-InkMarkdownSwiftUIConsumer/Build/Intermediates.noindex/swift-markdown.build/Debug-iphonesimulator/CAtomic.build/Objects-normal/arm64/7187679823f38a2a940e0043cdf9d637-common-args.resp
    
    /Applications/Xcode.app/Contents/Developer/Toolchains/XcodeDefault.xctoolchain/usr/bin/clang -x c -ivfsstatcache /Users/shizihan/DailyUse/Github/InkMarkdown/.scratch/architecture-deepening-2026-09-07/evidence/20260907-1415-ticket-27/consumer/DerivedData-InkMarkdownSwiftUIConsumer/SDKStatCaches.noindex/iphonesimulator26.5-23F81a-6cfe768891a92b912361537c460fe42b.sdkstatcache -target arm64-apple-ios12.0-simulator -fmessage-length\=0 -fdiagnostics-show-note-include-stack -fmacro-backtrace-limit\=0 -fno-color-diagnostics -fmodules-prune-interval\=86400 -fmodules-prune-after\=345600 -fbuild-session-file\=/Users/shizihan/DailyUse/Github/InkMarkdown/.scratch/architecture-deepening-2026-09-07/evidence/20260907-1415-ticket-27/consumer/DerivedData-InkMarkdownSwiftUIConsumer/ModuleCache.noindex/Session.modulevalidation -fmodules-validate-once-per-build-session -Wnon-modular-include-in-framework-module -Werror\=non-modular-include-in-framework-module -Wno-trigraphs -Wno-missing-field-initializers -Wno-missing-prototypes -Wno-return-type -Wno-missing-braces -Wparentheses -Wswitch -Wno-unused-function -Wno-unused-label -Wno-unused-parameter -Wno-unused-variable -Wunused-value -Wno-empty-body -Wno-uninitialized -Wno-unknown-pragmas -w -Wno-shadow -Wno-four-char-constants -Wno-conversion -Wno-constant-conversion -Wno-int-conversion -Wno-bool-conversion -Wno-enum-conversion -Wno-float-conversion -Wno-non-literal-null-conversion -Wno-objc-literal-conversion -Wshorten-64-to-32 -Wpointer-sign -Wno-newline-eof -Wno-implicit-fallthrough -isysroot /Applications/Xcode.app/Contents/Developer/Platforms/iPhoneSimulator.platform/Developer/SDKs/iPhoneSimulator26.5.sdk -fstrict-aliasing -Wdeprecated-declarations -Wno-sign-conversion -Wno-infinite-recursion -Wno-comma -Wno-block-capture-autoreleasing -Wno-strict-prototypes -Wno-semicolon-before-method-body -index-store-path /Users/shizihan/DailyUse/Github/InkMarkdown/.scratch/architecture-deepening-2026-09-07/evidence/20260907-1415-ticket-27/consumer/DerivedData-InkMarkdownSwiftUIConsumer/Index.noindex/DataStore @/Users/shizihan/DailyUse/Github/InkMarkdown/.scratch/architecture-deepening-2026-09-07/evidence/20260907-1415-ticket-27/consumer/DerivedData-InkMarkdownSwiftUIConsumer/Build/Intermediates.noindex/swift-markdown.build/Debug-iphonesimulator/CAtomic.build/Objects-normal/arm64/7187679823f38a2a940e0043cdf9d637-common-args.resp -MMD -MT dependencies -MF /Users/shizihan/DailyUse/Github/InkMarkdown/.scratch/architecture-deepening-2026-09-07/evidence/20260907-1415-ticket-27/consumer/DerivedData-InkMarkdownSwiftUIConsumer/Build/Intermediates.noindex/swift-markdown.build/Debug-iphonesimulator/CAtomic.build/Objects-normal/arm64/CAtomic.d --serialize-diagnostics /Users/shizihan/DailyUse/Github/InkMarkdown/.scratch/architecture-deepening-2026-09-07/evidence/20260907-1415-ticket-27/consumer/DerivedData-InkMarkdownSwiftUIConsumer/Build/Intermediates.noindex/swift-markdown.build/Debug-iphonesimulator/CAtomic.build/Objects-normal/arm64/CAtomic.dia -c /Users/shizihan/DailyUse/Github/InkMarkdown/Packages/Caches/swift-markdown/Sources/CAtomic/CAtomic.c -o /Users/shizihan/DailyUse/Github/InkMarkdown/.scratch/architecture-deepening-2026-09-07/evidence/20260907-1415-ticket-27/consumer/DerivedData-InkMarkdownSwiftUIConsumer/Build/Intermediates.noindex/swift-markdown.build/Debug-iphonesimulator/CAtomic.build/Objects-normal/arm64/CAtomic.o -index-unit-output-path /swift-markdown.build/Debug-iphonesimulator/CAtomic.build/Objects-normal/arm64/CAtomic.o

PrecompileModule /Users/shizihan/DailyUse/Github/InkMarkdown/.scratch/architecture-deepening-2026-09-07/evidence/20260907-1415-ticket-27/consumer/DerivedData-InkMarkdownSwiftUIConsumer/Build/Intermediates.noindex/ExplicitPrecompiledModules/_DarwinFoundation3-2MUJ60HUOZLC6G5Q67NXJ8P3H.scan
    cd /
    builtin-precompileModule /Users/shizihan/DailyUse/Github/InkMarkdown/.scratch/architecture-deepening-2026-09-07/evidence/20260907-1415-ticket-27/consumer/DerivedData-InkMarkdownSwiftUIConsumer/Build/Intermediates.noindex/ExplicitPrecompiledModules/_DarwinFoundation3-2MUJ60HUOZLC6G5Q67NXJ8P3H.scan

SwiftExplicitDependencyGeneratePcm arm64 /Users/shizihan/DailyUse/Github/InkMarkdown/.scratch/architecture-deepening-2026-09-07/evidence/20260907-1415-ticket-27/consumer/DerivedData-InkMarkdownSwiftUIConsumer/ModuleCache.noindex/_AvailabilityInternal-EOV9PCZ0WK6C030DD2G4R5QR3.pcm

SwiftExplicitDependencyGeneratePcm arm64 /Users/shizihan/DailyUse/Github/InkMarkdown/.scratch/architecture-deepening-2026-09-07/evidence/20260907-1415-ticket-27/consumer/DerivedData-InkMarkdownSwiftUIConsumer/ModuleCache.noindex/ptrcheck-DPM7NCALJ6LYVWWZUEEJ3U9Y5.pcm

SwiftExplicitDependencyGeneratePcm arm64 /Users/shizihan/DailyUse/Github/InkMarkdown/.scratch/architecture-deepening-2026-09-07/evidence/20260907-1415-ticket-27/consumer/DerivedData-InkMarkdownSwiftUIConsumer/ModuleCache.noindex/ptrauth-CR17G001WDFXEMAURHFMPAK6W.pcm

SwiftExplicitDependencyGeneratePcm arm64 /Users/shizihan/DailyUse/Github/InkMarkdown/.scratch/architecture-deepening-2026-09-07/evidence/20260907-1415-ticket-27/consumer/DerivedData-InkMarkdownSwiftUIConsumer/ModuleCache.noindex/_SwiftConcurrencyShims-482XJVC82QNFWLJ1EU3DWIIOQ.pcm

SwiftExplicitDependencyGeneratePcm arm64 /Users/shizihan/DailyUse/Github/InkMarkdown/.scratch/architecture-deepening-2026-09-07/evidence/20260907-1415-ticket-27/consumer/DerivedData-InkMarkdownSwiftUIConsumer/ModuleCache.noindex/_Builtin_stdbool-E5COK377TEGENAG3VBI2MYWVQ.pcm

Ld /Users/shizihan/DailyUse/Github/InkMarkdown/.scratch/architecture-deepening-2026-09-07/evidence/20260907-1415-ticket-27/consumer/DerivedData-InkMarkdownSwiftUIConsumer/Build/Products/Debug-iphonesimulator/CAtomic.o normal (in target 'CAtomic' from project 'swift-markdown')
    cd /Users/shizihan/DailyUse/Github/InkMarkdown/Packages/Caches/swift-markdown
    /Applications/Xcode.app/Contents/Developer/Toolchains/XcodeDefault.xctoolchain/usr/bin/clang -Xlinker -reproducible -target arm64-apple-ios12.0-simulator -r -isysroot /Applications/Xcode.app/Contents/Developer/Platforms/iPhoneSimulator.platform/Developer/SDKs/iPhoneSimulator26.5.sdk -O0 -w -F/Users/shizihan/DailyUse/Github/InkMarkdown/.scratch/architecture-deepening-2026-09-07/evidence/20260907-1415-ticket-27/consumer/DerivedData-InkMarkdownSwiftUIConsumer/Build/Intermediates.noindex/EagerLinkingTBDs/Debug-iphonesimulator -F/Users/shizihan/DailyUse/Github/InkMarkdown/.scratch/architecture-deepening-2026-09-07/evidence/20260907-1415-ticket-27/consumer/DerivedData-InkMarkdownSwiftUIConsumer/Build/Products/Debug-iphonesimulator -iframework /Applications/Xcode.app/Contents/Developer/Platforms/iPhoneSimulator.platform/Developer/Library/Frameworks -iframework /Applications/Xcode.app/Contents/Developer/Platforms/iPhoneSimulator.platform/Developer/SDKs/iPhoneSimulator26.5.sdk/Developer/Library/Frameworks -filelist /Users/shizihan/DailyUse/Github/InkMarkdown/.scratch/architecture-deepening-2026-09-07/evidence/20260907-1415-ticket-27/consumer/DerivedData-InkMarkdownSwiftUIConsumer/Build/Intermediates.noindex/swift-markdown.build/Debug-iphonesimulator/CAtomic.build/Objects-normal/arm64/CAtomic.LinkFileList -nostdlib -Xlinker -object_path_lto -Xlinker /Users/shizihan/DailyUse/Github/InkMarkdown/.scratch/architecture-deepening-2026-09-07/evidence/20260907-1415-ticket-27/consumer/DerivedData-InkMarkdownSwiftUIConsumer/Build/Intermediates.noindex/swift-markdown.build/Debug-iphonesimulator/CAtomic.build/Objects-normal/arm64/CAtomic_lto.o -Xlinker -no_deduplicate -Xlinker -objc_abi_version -Xlinker 2 -Xlinker -dependency_info -Xlinker /Users/shizihan/DailyUse/Github/InkMarkdown/.scratch/architecture-deepening-2026-09-07/evidence/20260907-1415-ticket-27/consumer/DerivedData-InkMarkdownSwiftUIConsumer/Build/Intermediates.noindex/swift-markdown.build/Debug-iphonesimulator/CAtomic.build/Objects-normal/arm64/CAtomic_dependency_info.dat -o /Users/shizihan/DailyUse/Github/InkMarkdown/.scratch/architecture-deepening-2026-09-07/evidence/20260907-1415-ticket-27/consumer/DerivedData-InkMarkdownSwiftUIConsumer/Build/Products/Debug-iphonesimulator/CAtomic.o

SwiftExplicitDependencyGeneratePcm arm64 /Users/shizihan/DailyUse/Github/InkMarkdown/.scratch/architecture-deepening-2026-09-07/evidence/20260907-1415-ticket-27/consumer/DerivedData-InkMarkdownSwiftUIConsumer/ModuleCache.noindex/_Builtin_stdarg-1G14WCCJWK2CX0Y2X7MLHCSPI.pcm

SwiftExplicitDependencyGeneratePcm arm64 /Users/shizihan/DailyUse/Github/InkMarkdown/.scratch/architecture-deepening-2026-09-07/evidence/20260907-1415-ticket-27/consumer/DerivedData-InkMarkdownSwiftUIConsumer/ModuleCache.noindex/SwiftShims-DTX7DME3I88GKZ5XBQXLLDEFY.pcm

SwiftExplicitDependencyGeneratePcm arm64 /Users/shizihan/DailyUse/Github/InkMarkdown/.scratch/architecture-deepening-2026-09-07/evidence/20260907-1415-ticket-27/consumer/DerivedData-InkMarkdownSwiftUIConsumer/ModuleCache.noindex/_Builtin_stddef-743CDD38VIXQ71FZFNSHUCHS1.pcm

SwiftExplicitDependencyGeneratePcm arm64 /Users/shizihan/DailyUse/Github/InkMarkdown/.scratch/architecture-deepening-2026-09-07/evidence/20260907-1415-ticket-27/consumer/DerivedData-InkMarkdownSwiftUIConsumer/ModuleCache.noindex/_Builtin_float-4XLIASG6F2CTJIQN4IIDN84U5.pcm

CompileC /Users/shizihan/DailyUse/Github/InkMarkdown/.scratch/architecture-deepening-2026-09-07/evidence/20260907-1415-ticket-27/consumer/DerivedData-InkMarkdownSwiftUIConsumer/Build/Intermediates.noindex/cmark-gfm.build/Debug-iphonesimulator/cmark-gfm.build/Objects-normal/arm64/xml.o /Users/shizihan/DailyUse/Github/InkMarkdown/Packages/Caches/swift-cmark/src/xml.c normal arm64 c com.apple.compilers.llvm.clang.1_0.compiler (in target 'cmark-gfm' from project 'cmark-gfm')
    cd /Users/shizihan/DailyUse/Github/InkMarkdown/.github/fixtures/consumer-smoke/.swiftpm/xcode
    
    Using response file: /Users/shizihan/DailyUse/Github/InkMarkdown/.scratch/architecture-deepening-2026-09-07/evidence/20260907-1415-ticket-27/consumer/DerivedData-InkMarkdownSwiftUIConsumer/Build/Intermediates.noindex/cmark-gfm.build/Debug-iphonesimulator/cmark-gfm.build/Objects-normal/arm64/7187679823f38a2a940e0043cdf9d637-common-args.resp
    
    /Applications/Xcode.app/Contents/Developer/Toolchains/XcodeDefault.xctoolchain/usr/bin/clang -x c -ivfsstatcache /Users/shizihan/DailyUse/Github/InkMarkdown/.scratch/architecture-deepening-2026-09-07/evidence/20260907-1415-ticket-27/consumer/DerivedData-InkMarkdownSwiftUIConsumer/SDKStatCaches.noindex/iphonesimulator26.5-23F81a-6cfe768891a92b912361537c460fe42b.sdkstatcache -target arm64-apple-ios12.0-simulator -fmessage-length\=0 -fdiagnostics-show-note-include-stack -fmacro-backtrace-limit\=0 -fno-color-diagnostics -fmodules-prune-interval\=86400 -fmodules-prune-after\=345600 -fbuild-session-file\=/Users/shizihan/DailyUse/Github/InkMarkdown/.scratch/architecture-deepening-2026-09-07/evidence/20260907-1415-ticket-27/consumer/DerivedData-InkMarkdownSwiftUIConsumer/ModuleCache.noindex/Session.modulevalidation -fmodules-validate-once-per-build-session -Wnon-modular-include-in-framework-module -Werror\=non-modular-include-in-framework-module -Wno-trigraphs -Wno-missing-field-initializers -Wno-missing-prototypes -Wno-return-type -Wno-missing-braces -Wparentheses -Wswitch -Wno-unused-function -Wno-unused-label -Wno-unused-parameter -Wno-unused-variable -Wunused-value -Wno-empty-body -Wno-uninitialized -Wno-unknown-pragmas -w -Wno-shadow -Wno-four-char-constants -Wno-conversion -Wno-constant-conversion -Wno-int-conversion -Wno-bool-conversion -Wno-enum-conversion -Wno-float-conversion -Wno-non-literal-null-conversion -Wno-objc-literal-conversion -Wshorten-64-to-32 -Wpointer-sign -Wno-newline-eof -Wno-implicit-fallthrough -isysroot /Applications/Xcode.app/Contents/Developer/Platforms/iPhoneSimulator.platform/Developer/SDKs/iPhoneSimulator26.5.sdk -fstrict-aliasing -Wdeprecated-declarations -Wno-sign-conversion -Wno-infinite-recursion -Wno-comma -Wno-block-capture-autoreleasing -Wno-strict-prototypes -Wno-semicolon-before-method-body -index-store-path /Users/shizihan/DailyUse/Github/InkMarkdown/.scratch/architecture-deepening-2026-09-07/evidence/20260907-1415-ticket-27/consumer/DerivedData-InkMarkdownSwiftUIConsumer/Index.noindex/DataStore @/Users/shizihan/DailyUse/Github/InkMarkdown/.scratch/architecture-deepening-2026-09-07/evidence/20260907-1415-ticket-27/consumer/DerivedData-InkMarkdownSwiftUIConsumer/Build/Intermediates.noindex/cmark-gfm.build/Debug-iphonesimulator/cmark-gfm.build/Objects-normal/arm64/7187679823f38a2a940e0043cdf9d637-common-args.resp -MMD -MT dependencies -MF /Users/shizihan/DailyUse/Github/InkMarkdown/.scratch/architecture-deepening-2026-09-07/evidence/20260907-1415-ticket-27/consumer/DerivedData-InkMarkdownSwiftUIConsumer/Build/Intermediates.noindex/cmark-gfm.build/Debug-iphonesimulator/cmark-gfm.build/Objects-normal/arm64/xml.d --serialize-diagnostics /Users/shizihan/DailyUse/Github/InkMarkdown/.scratch/architecture-deepening-2026-09-07/evidence/20260907-1415-ticket-27/consumer/DerivedData-InkMarkdownSwiftUIConsumer/Build/Intermediates.noindex/cmark-gfm.build/Debug-iphonesimulator/cmark-gfm.build/Objects-normal/arm64/xml.dia -c /Users/shizihan/DailyUse/Github/InkMarkdown/Packages/Caches/swift-cmark/src/xml.c -o /Users/shizihan/DailyUse/Github/InkMarkdown/.scratch/architecture-deepening-2026-09-07/evidence/20260907-1415-ticket-27/consumer/DerivedData-InkMarkdownSwiftUIConsumer/Build/Intermediates.noindex/cmark-gfm.build/Debug-iphonesimulator/cmark-gfm.build/Objects-normal/arm64/xml.o -index-unit-output-path /cmark-gfm.build/Debug-iphonesimulator/cmark-gfm.build/Objects-normal/arm64/xml.o

CompileC /Users/shizihan/DailyUse/Github/InkMarkdown/.scratch/architecture-deepening-2026-09-07/evidence/20260907-1415-ticket-27/consumer/DerivedData-InkMarkdownSwiftUIConsumer/Build/Intermediates.noindex/cmark-gfm.build/Debug-iphonesimulator/cmark-gfm.build/Objects-normal/arm64/utf8.o /Users/shizihan/DailyUse/Github/InkMarkdown/Packages/Caches/swift-cmark/src/utf8.c normal arm64 c com.apple.compilers.llvm.clang.1_0.compiler (in target 'cmark-gfm' from project 'cmark-gfm')
    cd /Users/shizihan/DailyUse/Github/InkMarkdown/.github/fixtures/consumer-smoke/.swiftpm/xcode
    
    Using response file: /Users/shizihan/DailyUse/Github/InkMarkdown/.scratch/architecture-deepening-2026-09-07/evidence/20260907-1415-ticket-27/consumer/DerivedData-InkMarkdownSwiftUIConsumer/Build/Intermediates.noindex/cmark-gfm.build/Debug-iphonesimulator/cmark-gfm.build/Objects-normal/arm64/7187679823f38a2a940e0043cdf9d637-common-args.resp
    
    /Applications/Xcode.app/Contents/Developer/Toolchains/XcodeDefault.xctoolchain/usr/bin/clang -x c -ivfsstatcache /Users/shizihan/DailyUse/Github/InkMarkdown/.scratch/architecture-deepening-2026-09-07/evidence/20260907-1415-ticket-27/consumer/DerivedData-InkMarkdownSwiftUIConsumer/SDKStatCaches.noindex/iphonesimulator26.5-23F81a-6cfe768891a92b912361537c460fe42b.sdkstatcache -target arm64-apple-ios12.0-simulator -fmessage-length\=0 -fdiagnostics-show-note-include-stack -fmacro-backtrace-limit\=0 -fno-color-diagnostics -fmodules-prune-interval\=86400 -fmodules-prune-after\=345600 -fbuild-session-file\=/Users/shizihan/DailyUse/Github/InkMarkdown/.scratch/architecture-deepening-2026-09-07/evidence/20260907-1415-ticket-27/consumer/DerivedData-InkMarkdownSwiftUIConsumer/ModuleCache.noindex/Session.modulevalidation -fmodules-validate-once-per-build-session -Wnon-modular-include-in-framework-module -Werror\=non-modular-include-in-framework-module -Wno-trigraphs -Wno-missing-field-initializers -Wno-missing-prototypes -Wno-return-type -Wno-missing-braces -Wparentheses -Wswitch -Wno-unused-function -Wno-unused-label -Wno-unused-parameter -Wno-unused-variable -Wunused-value -Wno-empty-body -Wno-uninitialized -Wno-unknown-pragmas -w -Wno-shadow -Wno-four-char-constants -Wno-conversion -Wno-constant-conversion -Wno-int-conversion -Wno-bool-conversion -Wno-enum-conversion -Wno-float-conversion -Wno-non-literal-null-conversion -Wno-objc-literal-conversion -Wshorten-64-to-32 -Wpointer-sign -Wno-newline-eof -Wno-implicit-fallthrough -isysroot /Applications/Xcode.app/Contents/Developer/Platforms/iPhoneSimulator.platform/Developer/SDKs/iPhoneSimulator26.5.sdk -fstrict-aliasing -Wdeprecated-declarations -Wno-sign-conversion -Wno-infinite-recursion -Wno-comma -Wno-block-capture-autoreleasing -Wno-strict-prototypes -Wno-semicolon-before-method-body -index-store-path /Users/shizihan/DailyUse/Github/InkMarkdown/.scratch/architecture-deepening-2026-09-07/evidence/20260907-1415-ticket-27/consumer/DerivedData-InkMarkdownSwiftUIConsumer/Index.noindex/DataStore @/Users/shizihan/DailyUse/Github/InkMarkdown/.scratch/architecture-deepening-2026-09-07/evidence/20260907-1415-ticket-27/consumer/DerivedData-InkMarkdownSwiftUIConsumer/Build/Intermediates.noindex/cmark-gfm.build/Debug-iphonesimulator/cmark-gfm.build/Objects-normal/arm64/7187679823f38a2a940e0043cdf9d637-common-args.resp -MMD -MT dependencies -MF /Users/shizihan/DailyUse/Github/InkMarkdown/.scratch/architecture-deepening-2026-09-07/evidence/20260907-1415-ticket-27/consumer/DerivedData-InkMarkdownSwiftUIConsumer/Build/Intermediates.noindex/cmark-gfm.build/Debug-iphonesimulator/cmark-gfm.build/Objects-normal/arm64/utf8.d --serialize-diagnostics /Users/shizihan/DailyUse/Github/InkMarkdown/.scratch/architecture-deepening-2026-09-07/evidence/20260907-1415-ticket-27/consumer/DerivedData-InkMarkdownSwiftUIConsumer/Build/Intermediates.noindex/cmark-gfm.build/Debug-iphonesimulator/cmark-gfm.build/Objects-normal/arm64/utf8.dia -c /Users/shizihan/DailyUse/Github/InkMarkdown/Packages/Caches/swift-cmark/src/utf8.c -o /Users/shizihan/DailyUse/Github/InkMarkdown/.scratch/architecture-deepening-2026-09-07/evidence/20260907-1415-ticket-27/consumer/DerivedData-InkMarkdownSwiftUIConsumer/Build/Intermediates.noindex/cmark-gfm.build/Debug-iphonesimulator/cmark-gfm.build/Objects-normal/arm64/utf8.o -index-unit-output-path /cmark-gfm.build/Debug-iphonesimulator/cmark-gfm.build/Objects-normal/arm64/utf8.o

CompileC /Users/shizihan/DailyUse/Github/InkMarkdown/.scratch/architecture-deepening-2026-09-07/evidence/20260907-1415-ticket-27/consumer/DerivedData-InkMarkdownSwiftUIConsumer/Build/Intermediates.noindex/cmark-gfm.build/Debug-iphonesimulator/cmark-gfm.build/Objects-normal/arm64/syntax_extension.o /Users/shizihan/DailyUse/Github/InkMarkdown/Packages/Caches/swift-cmark/src/syntax_extension.c normal arm64 c com.apple.compilers.llvm.clang.1_0.compiler (in target 'cmark-gfm' from project 'cmark-gfm')
    cd /Users/shizihan/DailyUse/Github/InkMarkdown/.github/fixtures/consumer-smoke/.swiftpm/xcode
    
    Using response file: /Users/shizihan/DailyUse/Github/InkMarkdown/.scratch/architecture-deepening-2026-09-07/evidence/20260907-1415-ticket-27/consumer/DerivedData-InkMarkdownSwiftUIConsumer/Build/Intermediates.noindex/cmark-gfm.build/Debug-iphonesimulator/cmark-gfm.build/Objects-normal/arm64/7187679823f38a2a940e0043cdf9d637-common-args.resp
    
    /Applications/Xcode.app/Contents/Developer/Toolchains/XcodeDefault.xctoolchain/usr/bin/clang -x c -ivfsstatcache /Users/shizihan/DailyUse/Github/InkMarkdown/.scratch/architecture-deepening-2026-09-07/evidence/20260907-1415-ticket-27/consumer/DerivedData-InkMarkdownSwiftUIConsumer/SDKStatCaches.noindex/iphonesimulator26.5-23F81a-6cfe768891a92b912361537c460fe42b.sdkstatcache -target arm64-apple-ios12.0-simulator -fmessage-length\=0 -fdiagnostics-show-note-include-stack -fmacro-backtrace-limit\=0 -fno-color-diagnostics -fmodules-prune-interval\=86400 -fmodules-prune-after\=345600 -fbuild-session-file\=/Users/shizihan/DailyUse/Github/InkMarkdown/.scratch/architecture-deepening-2026-09-07/evidence/20260907-1415-ticket-27/consumer/DerivedData-InkMarkdownSwiftUIConsumer/ModuleCache.noindex/Session.modulevalidation -fmodules-validate-once-per-build-session -Wnon-modular-include-in-framework-module -Werror\=non-modular-include-in-framework-module -Wno-trigraphs -Wno-missing-field-initializers -Wno-missing-prototypes -Wno-return-type -Wno-missing-braces -Wparentheses -Wswitch -Wno-unused-function -Wno-unused-label -Wno-unused-parameter -Wno-unused-variable -Wunused-value -Wno-empty-body -Wno-uninitialized -Wno-unknown-pragmas -w -Wno-shadow -Wno-four-char-constants -Wno-conversion -Wno-constant-conversion -Wno-int-conversion -Wno-bool-conversion -Wno-enum-conversion -Wno-float-conversion -Wno-non-literal-null-conversion -Wno-objc-literal-conversion -Wshorten-64-to-32 -Wpointer-sign -Wno-newline-eof -Wno-implicit-fallthrough -isysroot /Applications/Xcode.app/Contents/Developer/Platforms/iPhoneSimulator.platform/Developer/SDKs/iPhoneSimulator26.5.sdk -fstrict-aliasing -Wdeprecated-declarations -Wno-sign-conversion -Wno-infinite-recursion -Wno-comma -Wno-block-capture-autoreleasing -Wno-strict-prototypes -Wno-semicolon-before-method-body -index-store-path /Users/shizihan/DailyUse/Github/InkMarkdown/.scratch/architecture-deepening-2026-09-07/evidence/20260907-1415-ticket-27/consumer/DerivedData-InkMarkdownSwiftUIConsumer/Index.noindex/DataStore @/Users/shizihan/DailyUse/Github/InkMarkdown/.scratch/architecture-deepening-2026-09-07/evidence/20260907-1415-ticket-27/consumer/DerivedData-InkMarkdownSwiftUIConsumer/Build/Intermediates.noindex/cmark-gfm.build/Debug-iphonesimulator/cmark-gfm.build/Objects-normal/arm64/7187679823f38a2a940e0043cdf9d637-common-args.resp -MMD -MT dependencies -MF /Users/shizihan/DailyUse/Github/InkMarkdown/.scratch/architecture-deepening-2026-09-07/evidence/20260907-1415-ticket-27/consumer/DerivedData-InkMarkdownSwiftUIConsumer/Build/Intermediates.noindex/cmark-gfm.build/Debug-iphonesimulator/cmark-gfm.build/Objects-normal/arm64/syntax_extension.d --serialize-diagnostics /Users/shizihan/DailyUse/Github/InkMarkdown/.scratch/architecture-deepening-2026-09-07/evidence/20260907-1415-ticket-27/consumer/DerivedData-InkMarkdownSwiftUIConsumer/Build/Intermediates.noindex/cmark-gfm.build/Debug-iphonesimulator/cmark-gfm.build/Objects-normal/arm64/syntax_extension.dia -c /Users/shizihan/DailyUse/Github/InkMarkdown/Packages/Caches/swift-cmark/src/syntax_extension.c -o /Users/shizihan/DailyUse/Github/InkMarkdown/.scratch/architecture-deepening-2026-09-07/evidence/20260907-1415-ticket-27/consumer/DerivedData-InkMarkdownSwiftUIConsumer/Build/Intermediates.noindex/cmark-gfm.build/Debug-iphonesimulator/cmark-gfm.build/Objects-normal/arm64/syntax_extension.o -index-unit-output-path /cmark-gfm.build/Debug-iphonesimulator/cmark-gfm.build/Objects-normal/arm64/syntax_extension.o

CompileC /Users/shizihan/DailyUse/Github/InkMarkdown/.scratch/architecture-deepening-2026-09-07/evidence/20260907-1415-ticket-27/consumer/DerivedData-InkMarkdownSwiftUIConsumer/Build/Intermediates.noindex/cmark-gfm.build/Debug-iphonesimulator/cmark-gfm.build/Objects-normal/arm64/scanners.o /Users/shizihan/DailyUse/Github/InkMarkdown/Packages/Caches/swift-cmark/src/scanners.c normal arm64 c com.apple.compilers.llvm.clang.1_0.compiler (in target 'cmark-gfm' from project 'cmark-gfm')
    cd /Users/shizihan/DailyUse/Github/InkMarkdown/.github/fixtures/consumer-smoke/.swiftpm/xcode
    
    Using response file: /Users/shizihan/DailyUse/Github/InkMarkdown/.scratch/architecture-deepening-2026-09-07/evidence/20260907-1415-ticket-27/consumer/DerivedData-InkMarkdownSwiftUIConsumer/Build/Intermediates.noindex/cmark-gfm.build/Debug-iphonesimulator/cmark-gfm.build/Objects-normal/arm64/7187679823f38a2a940e0043cdf9d637-common-args.resp
    
    /Applications/Xcode.app/Contents/Developer/Toolchains/XcodeDefault.xctoolchain/usr/bin/clang -x c -ivfsstatcache /Users/shizihan/DailyUse/Github/InkMarkdown/.scratch/architecture-deepening-2026-09-07/evidence/20260907-1415-ticket-27/consumer/DerivedData-InkMarkdownSwiftUIConsumer/SDKStatCaches.noindex/iphonesimulator26.5-23F81a-6cfe768891a92b912361537c460fe42b.sdkstatcache -target arm64-apple-ios12.0-simulator -fmessage-length\=0 -fdiagnostics-show-note-include-stack -fmacro-backtrace-limit\=0 -fno-color-diagnostics -fmodules-prune-interval\=86400 -fmodules-prune-after\=345600 -fbuild-session-file\=/Users/shizihan/DailyUse/Github/InkMarkdown/.scratch/architecture-deepening-2026-09-07/evidence/20260907-1415-ticket-27/consumer/DerivedData-InkMarkdownSwiftUIConsumer/ModuleCache.noindex/Session.modulevalidation -fmodules-validate-once-per-build-session -Wnon-modular-include-in-framework-module -Werror\=non-modular-include-in-framework-module -Wno-trigraphs -Wno-missing-field-initializers -Wno-missing-prototypes -Wno-return-type -Wno-missing-braces -Wparentheses -Wswitch -Wno-unused-function -Wno-unused-label -Wno-unused-parameter -Wno-unused-variable -Wunused-value -Wno-empty-body -Wno-uninitialized -Wno-unknown-pragmas -w -Wno-shadow -Wno-four-char-constants -Wno-conversion -Wno-constant-conversion -Wno-int-conversion -Wno-bool-conversion -Wno-enum-conversion -Wno-float-conversion -Wno-non-literal-null-conversion -Wno-objc-literal-conversion -Wshorten-64-to-32 -Wpointer-sign -Wno-newline-eof -Wno-implicit-fallthrough -isysroot /Applications/Xcode.app/Contents/Developer/Platforms/iPhoneSimulator.platform/Developer/SDKs/iPhoneSimulator26.5.sdk -fstrict-aliasing -Wdeprecated-declarations -Wno-sign-conversion -Wno-infinite-recursion -Wno-comma -Wno-block-capture-autoreleasing -Wno-strict-prototypes -Wno-semicolon-before-method-body -index-store-path /Users/shizihan/DailyUse/Github/InkMarkdown/.scratch/architecture-deepening-2026-09-07/evidence/20260907-1415-ticket-27/consumer/DerivedData-InkMarkdownSwiftUIConsumer/Index.noindex/DataStore @/Users/shizihan/DailyUse/Github/InkMarkdown/.scratch/architecture-deepening-2026-09-07/evidence/20260907-1415-ticket-27/consumer/DerivedData-InkMarkdownSwiftUIConsumer/Build/Intermediates.noindex/cmark-gfm.build/Debug-iphonesimulator/cmark-gfm.build/Objects-normal/arm64/7187679823f38a2a940e0043cdf9d637-common-args.resp -MMD -MT dependencies -MF /Users/shizihan/DailyUse/Github/InkMarkdown/.scratch/architecture-deepening-2026-09-07/evidence/20260907-1415-ticket-27/consumer/DerivedData-InkMarkdownSwiftUIConsumer/Build/Intermediates.noindex/cmark-gfm.build/Debug-iphonesimulator/cmark-gfm.build/Objects-normal/arm64/scanners.d --serialize-diagnostics /Users/shizihan/DailyUse/Github/InkMarkdown/.scratch/architecture-deepening-2026-09-07/evidence/20260907-1415-ticket-27/consumer/DerivedData-InkMarkdownSwiftUIConsumer/Build/Intermediates.noindex/cmark-gfm.build/Debug-iphonesimulator/cmark-gfm.build/Objects-normal/arm64/scanners.dia -c /Users/shizihan/DailyUse/Github/InkMarkdown/Packages/Caches/swift-cmark/src/scanners.c -o /Users/shizihan/DailyUse/Github/InkMarkdown/.scratch/architecture-deepening-2026-09-07/evidence/20260907-1415-ticket-27/consumer/DerivedData-InkMarkdownSwiftUIConsumer/Build/Intermediates.noindex/cmark-gfm.build/Debug-iphonesimulator/cmark-gfm.build/Objects-normal/arm64/scanners.o -index-unit-output-path /cmark-gfm.build/Debug-iphonesimulator/cmark-gfm.build/Objects-normal/arm64/scanners.o

CompileC /Users/shizihan/DailyUse/Github/InkMarkdown/.scratch/architecture-deepening-2026-09-07/evidence/20260907-1415-ticket-27/consumer/DerivedData-InkMarkdownSwiftUIConsumer/Build/Intermediates.noindex/cmark-gfm.build/Debug-iphonesimulator/cmark-gfm.build/Objects-normal/arm64/render.o /Users/shizihan/DailyUse/Github/InkMarkdown/Packages/Caches/swift-cmark/src/render.c normal arm64 c com.apple.compilers.llvm.clang.1_0.compiler (in target 'cmark-gfm' from project 'cmark-gfm')
    cd /Users/shizihan/DailyUse/Github/InkMarkdown/.github/fixtures/consumer-smoke/.swiftpm/xcode
    
    Using response file: /Users/shizihan/DailyUse/Github/InkMarkdown/.scratch/architecture-deepening-2026-09-07/evidence/20260907-1415-ticket-27/consumer/DerivedData-InkMarkdownSwiftUIConsumer/Build/Intermediates.noindex/cmark-gfm.build/Debug-iphonesimulator/cmark-gfm.build/Objects-normal/arm64/7187679823f38a2a940e0043cdf9d637-common-args.resp
    
    /Applications/Xcode.app/Contents/Developer/Toolchains/XcodeDefault.xctoolchain/usr/bin/clang -x c -ivfsstatcache /Users/shizihan/DailyUse/Github/InkMarkdown/.scratch/architecture-deepening-2026-09-07/evidence/20260907-1415-ticket-27/consumer/DerivedData-InkMarkdownSwiftUIConsumer/SDKStatCaches.noindex/iphonesimulator26.5-23F81a-6cfe768891a92b912361537c460fe42b.sdkstatcache -target arm64-apple-ios12.0-simulator -fmessage-length\=0 -fdiagnostics-show-note-include-stack -fmacro-backtrace-limit\=0 -fno-color-diagnostics -fmodules-prune-interval\=86400 -fmodules-prune-after\=345600 -fbuild-session-file\=/Users/shizihan/DailyUse/Github/InkMarkdown/.scratch/architecture-deepening-2026-09-07/evidence/20260907-1415-ticket-27/consumer/DerivedData-InkMarkdownSwiftUIConsumer/ModuleCache.noindex/Session.modulevalidation -fmodules-validate-once-per-build-session -Wnon-modular-include-in-framework-module -Werror\=non-modular-include-in-framework-module -Wno-trigraphs -Wno-missing-field-initializers -Wno-missing-prototypes -Wno-return-type -Wno-missing-braces -Wparentheses -Wswitch -Wno-unused-function -Wno-unused-label -Wno-unused-parameter -Wno-unused-variable -Wunused-value -Wno-empty-body -Wno-uninitialized -Wno-unknown-pragmas -w -Wno-shadow -Wno-four-char-constants -Wno-conversion -Wno-constant-conversion -Wno-int-conversion -Wno-bool-conversion -Wno-enum-conversion -Wno-float-conversion -Wno-non-literal-null-conversion -Wno-objc-literal-conversion -Wshorten-64-to-32 -Wpointer-sign -Wno-newline-eof -Wno-implicit-fallthrough -isysroot /Applications/Xcode.app/Contents/Developer/Platforms/iPhoneSimulator.platform/Developer/SDKs/iPhoneSimulator26.5.sdk -fstrict-aliasing -Wdeprecated-declarations -Wno-sign-conversion -Wno-infinite-recursion -Wno-comma -Wno-block-capture-autoreleasing -Wno-strict-prototypes -Wno-semicolon-before-method-body -index-store-path /Users/shizihan/DailyUse/Github/InkMarkdown/.scratch/architecture-deepening-2026-09-07/evidence/20260907-1415-ticket-27/consumer/DerivedData-InkMarkdownSwiftUIConsumer/Index.noindex/DataStore @/Users/shizihan/DailyUse/Github/InkMarkdown/.scratch/architecture-deepening-2026-09-07/evidence/20260907-1415-ticket-27/consumer/DerivedData-InkMarkdownSwiftUIConsumer/Build/Intermediates.noindex/cmark-gfm.build/Debug-iphonesimulator/cmark-gfm.build/Objects-normal/arm64/7187679823f38a2a940e0043cdf9d637-common-args.resp -MMD -MT dependencies -MF /Users/shizihan/DailyUse/Github/InkMarkdown/.scratch/architecture-deepening-2026-09-07/evidence/20260907-1415-ticket-27/consumer/DerivedData-InkMarkdownSwiftUIConsumer/Build/Intermediates.noindex/cmark-gfm.build/Debug-iphonesimulator/cmark-gfm.build/Objects-normal/arm64/render.d --serialize-diagnostics /Users/shizihan/DailyUse/Github/InkMarkdown/.scratch/architecture-deepening-2026-09-07/evidence/20260907-1415-ticket-27/consumer/DerivedData-InkMarkdownSwiftUIConsumer/Build/Intermediates.noindex/cmark-gfm.build/Debug-iphonesimulator/cmark-gfm.build/Objects-normal/arm64/render.dia -c /Users/shizihan/DailyUse/Github/InkMarkdown/Packages/Caches/swift-cmark/src/render.c -o /Users/shizihan/DailyUse/Github/InkMarkdown/.scratch/architecture-deepening-2026-09-07/evidence/20260907-1415-ticket-27/consumer/DerivedData-InkMarkdownSwiftUIConsumer/Build/Intermediates.noindex/cmark-gfm.build/Debug-iphonesimulator/cmark-gfm.build/Objects-normal/arm64/render.o -index-unit-output-path /cmark-gfm.build/Debug-iphonesimulator/cmark-gfm.build/Objects-normal/arm64/render.o

CompileC /Users/shizihan/DailyUse/Github/InkMarkdown/.scratch/architecture-deepening-2026-09-07/evidence/20260907-1415-ticket-27/consumer/DerivedData-InkMarkdownSwiftUIConsumer/Build/Intermediates.noindex/cmark-gfm.build/Debug-iphonesimulator/cmark-gfm.build/Objects-normal/arm64/registry.o /Users/shizihan/DailyUse/Github/InkMarkdown/Packages/Caches/swift-cmark/src/registry.c normal arm64 c com.apple.compilers.llvm.clang.1_0.compiler (in target 'cmark-gfm' from project 'cmark-gfm')
    cd /Users/shizihan/DailyUse/Github/InkMarkdown/.github/fixtures/consumer-smoke/.swiftpm/xcode
    
    Using response file: /Users/shizihan/DailyUse/Github/InkMarkdown/.scratch/architecture-deepening-2026-09-07/evidence/20260907-1415-ticket-27/consumer/DerivedData-InkMarkdownSwiftUIConsumer/Build/Intermediates.noindex/cmark-gfm.build/Debug-iphonesimulator/cmark-gfm.build/Objects-normal/arm64/7187679823f38a2a940e0043cdf9d637-common-args.resp
    
    /Applications/Xcode.app/Contents/Developer/Toolchains/XcodeDefault.xctoolchain/usr/bin/clang -x c -ivfsstatcache /Users/shizihan/DailyUse/Github/InkMarkdown/.scratch/architecture-deepening-2026-09-07/evidence/20260907-1415-ticket-27/consumer/DerivedData-InkMarkdownSwiftUIConsumer/SDKStatCaches.noindex/iphonesimulator26.5-23F81a-6cfe768891a92b912361537c460fe42b.sdkstatcache -target arm64-apple-ios12.0-simulator -fmessage-length\=0 -fdiagnostics-show-note-include-stack -fmacro-backtrace-limit\=0 -fno-color-diagnostics -fmodules-prune-interval\=86400 -fmodules-prune-after\=345600 -fbuild-session-file\=/Users/shizihan/DailyUse/Github/InkMarkdown/.scratch/architecture-deepening-2026-09-07/evidence/20260907-1415-ticket-27/consumer/DerivedData-InkMarkdownSwiftUIConsumer/ModuleCache.noindex/Session.modulevalidation -fmodules-validate-once-per-build-session -Wnon-modular-include-in-framework-module -Werror\=non-modular-include-in-framework-module -Wno-trigraphs -Wno-missing-field-initializers -Wno-missing-prototypes -Wno-return-type -Wno-missing-braces -Wparentheses -Wswitch -Wno-unused-function -Wno-unused-label -Wno-unused-parameter -Wno-unused-variable -Wunused-value -Wno-empty-body -Wno-uninitialized -Wno-unknown-pragmas -w -Wno-shadow -Wno-four-char-constants -Wno-conversion -Wno-constant-conversion -Wno-int-conversion -Wno-bool-conversion -Wno-enum-conversion -Wno-float-conversion -Wno-non-literal-null-conversion -Wno-objc-literal-conversion -Wshorten-64-to-32 -Wpointer-sign -Wno-newline-eof -Wno-implicit-fallthrough -isysroot /Applications/Xcode.app/Contents/Developer/Platforms/iPhoneSimulator.platform/Developer/SDKs/iPhoneSimulator26.5.sdk -fstrict-aliasing -Wdeprecated-declarations -Wno-sign-conversion -Wno-infinite-recursion -Wno-comma -Wno-block-capture-autoreleasing -Wno-strict-prototypes -Wno-semicolon-before-method-body -index-store-path /Users/shizihan/DailyUse/Github/InkMarkdown/.scratch/architecture-deepening-2026-09-07/evidence/20260907-1415-ticket-27/consumer/DerivedData-InkMarkdownSwiftUIConsumer/Index.noindex/DataStore @/Users/shizihan/DailyUse/Github/InkMarkdown/.scratch/architecture-deepening-2026-09-07/evidence/20260907-1415-ticket-27/consumer/DerivedData-InkMarkdownSwiftUIConsumer/Build/Intermediates.noindex/cmark-gfm.build/Debug-iphonesimulator/cmark-gfm.build/Objects-normal/arm64/7187679823f38a2a940e0043cdf9d637-common-args.resp -MMD -MT dependencies -MF /Users/shizihan/DailyUse/Github/InkMarkdown/.scratch/architecture-deepening-2026-09-07/evidence/20260907-1415-ticket-27/consumer/DerivedData-InkMarkdownSwiftUIConsumer/Build/Intermediates.noindex/cmark-gfm.build/Debug-iphonesimulator/cmark-gfm.build/Objects-normal/arm64/registry.d --serialize-diagnostics /Users/shizihan/DailyUse/Github/InkMarkdown/.scratch/architecture-deepening-2026-09-07/evidence/20260907-1415-ticket-27/consumer/DerivedData-InkMarkdownSwiftUIConsumer/Build/Intermediates.noindex/cmark-gfm.build/Debug-iphonesimulator/cmark-gfm.build/Objects-normal/arm64/registry.dia -c /Users/shizihan/DailyUse/Github/InkMarkdown/Packages/Caches/swift-cmark/src/registry.c -o /Users/shizihan/DailyUse/Github/InkMarkdown/.scratch/architecture-deepening-2026-09-07/evidence/20260907-1415-ticket-27/consumer/DerivedData-InkMarkdownSwiftUIConsumer/Build/Intermediates.noindex/cmark-gfm.build/Debug-iphonesimulator/cmark-gfm.build/Objects-normal/arm64/registry.o -index-unit-output-path /cmark-gfm.build/Debug-iphonesimulator/cmark-gfm.build/Objects-normal/arm64/registry.o

CompileC /Users/shizihan/DailyUse/Github/InkMarkdown/.scratch/architecture-deepening-2026-09-07/evidence/20260907-1415-ticket-27/consumer/DerivedData-InkMarkdownSwiftUIConsumer/Build/Intermediates.noindex/cmark-gfm.build/Debug-iphonesimulator/cmark-gfm.build/Objects-normal/arm64/references.o /Users/shizihan/DailyUse/Github/InkMarkdown/Packages/Caches/swift-cmark/src/references.c normal arm64 c com.apple.compilers.llvm.clang.1_0.compiler (in target 'cmark-gfm' from project 'cmark-gfm')
    cd /Users/shizihan/DailyUse/Github/InkMarkdown/.github/fixtures/consumer-smoke/.swiftpm/xcode
    
    Using response file: /Users/shizihan/DailyUse/Github/InkMarkdown/.scratch/architecture-deepening-2026-09-07/evidence/20260907-1415-ticket-27/consumer/DerivedData-InkMarkdownSwiftUIConsumer/Build/Intermediates.noindex/cmark-gfm.build/Debug-iphonesimulator/cmark-gfm.build/Objects-normal/arm64/7187679823f38a2a940e0043cdf9d637-common-args.resp
    
    /Applications/Xcode.app/Contents/Developer/Toolchains/XcodeDefault.xctoolchain/usr/bin/clang -x c -ivfsstatcache /Users/shizihan/DailyUse/Github/InkMarkdown/.scratch/architecture-deepening-2026-09-07/evidence/20260907-1415-ticket-27/consumer/DerivedData-InkMarkdownSwiftUIConsumer/SDKStatCaches.noindex/iphonesimulator26.5-23F81a-6cfe768891a92b912361537c460fe42b.sdkstatcache -target arm64-apple-ios12.0-simulator -fmessage-length\=0 -fdiagnostics-show-note-include-stack -fmacro-backtrace-limit\=0 -fno-color-diagnostics -fmodules-prune-interval\=86400 -fmodules-prune-after\=345600 -fbuild-session-file\=/Users/shizihan/DailyUse/Github/InkMarkdown/.scratch/architecture-deepening-2026-09-07/evidence/20260907-1415-ticket-27/consumer/DerivedData-InkMarkdownSwiftUIConsumer/ModuleCache.noindex/Session.modulevalidation -fmodules-validate-once-per-build-session -Wnon-modular-include-in-framework-module -Werror\=non-modular-include-in-framework-module -Wno-trigraphs -Wno-missing-field-initializers -Wno-missing-prototypes -Wno-return-type -Wno-missing-braces -Wparentheses -Wswitch -Wno-unused-function -Wno-unused-label -Wno-unused-parameter -Wno-unused-variable -Wunused-value -Wno-empty-body -Wno-uninitialized -Wno-unknown-pragmas -w -Wno-shadow -Wno-four-char-constants -Wno-conversion -Wno-constant-conversion -Wno-int-conversion -Wno-bool-conversion -Wno-enum-conversion -Wno-float-conversion -Wno-non-literal-null-conversion -Wno-objc-literal-conversion -Wshorten-64-to-32 -Wpointer-sign -Wno-newline-eof -Wno-implicit-fallthrough -isysroot /Applications/Xcode.app/Contents/Developer/Platforms/iPhoneSimulator.platform/Developer/SDKs/iPhoneSimulator26.5.sdk -fstrict-aliasing -Wdeprecated-declarations -Wno-sign-conversion -Wno-infinite-recursion -Wno-comma -Wno-block-capture-autoreleasing -Wno-strict-prototypes -Wno-semicolon-before-method-body -index-store-path /Users/shizihan/DailyUse/Github/InkMarkdown/.scratch/architecture-deepening-2026-09-07/evidence/20260907-1415-ticket-27/consumer/DerivedData-InkMarkdownSwiftUIConsumer/Index.noindex/DataStore @/Users/shizihan/DailyUse/Github/InkMarkdown/.scratch/architecture-deepening-2026-09-07/evidence/20260907-1415-ticket-27/consumer/DerivedData-InkMarkdownSwiftUIConsumer/Build/Intermediates.noindex/cmark-gfm.build/Debug-iphonesimulator/cmark-gfm.build/Objects-normal/arm64/7187679823f38a2a940e0043cdf9d637-common-args.resp -MMD -MT dependencies -MF /Users/shizihan/DailyUse/Github/InkMarkdown/.scratch/architecture-deepening-2026-09-07/evidence/20260907-1415-ticket-27/consumer/DerivedData-InkMarkdownSwiftUIConsumer/Build/Intermediates.noindex/cmark-gfm.build/Debug-iphonesimulator/cmark-gfm.build/Objects-normal/arm64/references.d --serialize-diagnostics /Users/shizihan/DailyUse/Github/InkMarkdown/.scratch/architecture-deepening-2026-09-07/evidence/20260907-1415-ticket-27/consumer/DerivedData-InkMarkdownSwiftUIConsumer/Build/Intermediates.noindex/cmark-gfm.build/Debug-iphonesimulator/cmark-gfm.build/Objects-normal/arm64/references.dia -c /Users/shizihan/DailyUse/Github/InkMarkdown/Packages/Caches/swift-cmark/src/references.c -o /Users/shizihan/DailyUse/Github/InkMarkdown/.scratch/architecture-deepening-2026-09-07/evidence/20260907-1415-ticket-27/consumer/DerivedData-InkMarkdownSwiftUIConsumer/Build/Intermediates.noindex/cmark-gfm.build/Debug-iphonesimulator/cmark-gfm.build/Objects-normal/arm64/references.o -index-unit-output-path /cmark-gfm.build/Debug-iphonesimulator/cmark-gfm.build/Objects-normal/arm64/references.o

SwiftExplicitDependencyGeneratePcm arm64 /Users/shizihan/DailyUse/Github/InkMarkdown/.scratch/architecture-deepening-2026-09-07/evidence/20260907-1415-ticket-27/consumer/DerivedData-InkMarkdownSwiftUIConsumer/ModuleCache.noindex/_DarwinFoundation1-5GJ0NG08J9LQR3G9EU7CFUBEY.pcm

CompileC /Users/shizihan/DailyUse/Github/InkMarkdown/.scratch/architecture-deepening-2026-09-07/evidence/20260907-1415-ticket-27/consumer/DerivedData-InkMarkdownSwiftUIConsumer/Build/Intermediates.noindex/cmark-gfm.build/Debug-iphonesimulator/cmark-gfm.build/Objects-normal/arm64/plaintext.o /Users/shizihan/DailyUse/Github/InkMarkdown/Packages/Caches/swift-cmark/src/plaintext.c normal arm64 c com.apple.compilers.llvm.clang.1_0.compiler (in target 'cmark-gfm' from project 'cmark-gfm')
    cd /Users/shizihan/DailyUse/Github/InkMarkdown/.github/fixtures/consumer-smoke/.swiftpm/xcode
    
    Using response file: /Users/shizihan/DailyUse/Github/InkMarkdown/.scratch/architecture-deepening-2026-09-07/evidence/20260907-1415-ticket-27/consumer/DerivedData-InkMarkdownSwiftUIConsumer/Build/Intermediates.noindex/cmark-gfm.build/Debug-iphonesimulator/cmark-gfm.build/Objects-normal/arm64/7187679823f38a2a940e0043cdf9d637-common-args.resp
    
    /Applications/Xcode.app/Contents/Developer/Toolchains/XcodeDefault.xctoolchain/usr/bin/clang -x c -ivfsstatcache /Users/shizihan/DailyUse/Github/InkMarkdown/.scratch/architecture-deepening-2026-09-07/evidence/20260907-1415-ticket-27/consumer/DerivedData-InkMarkdownSwiftUIConsumer/SDKStatCaches.noindex/iphonesimulator26.5-23F81a-6cfe768891a92b912361537c460fe42b.sdkstatcache -target arm64-apple-ios12.0-simulator -fmessage-length\=0 -fdiagnostics-show-note-include-stack -fmacro-backtrace-limit\=0 -fno-color-diagnostics -fmodules-prune-interval\=86400 -fmodules-prune-after\=345600 -fbuild-session-file\=/Users/shizihan/DailyUse/Github/InkMarkdown/.scratch/architecture-deepening-2026-09-07/evidence/20260907-1415-ticket-27/consumer/DerivedData-InkMarkdownSwiftUIConsumer/ModuleCache.noindex/Session.modulevalidation -fmodules-validate-once-per-build-session -Wnon-modular-include-in-framework-module -Werror\=non-modular-include-in-framework-module -Wno-trigraphs -Wno-missing-field-initializers -Wno-missing-prototypes -Wno-return-type -Wno-missing-braces -Wparentheses -Wswitch -Wno-unused-function -Wno-unused-label -Wno-unused-parameter -Wno-unused-variable -Wunused-value -Wno-empty-body -Wno-uninitialized -Wno-unknown-pragmas -w -Wno-shadow -Wno-four-char-constants -Wno-conversion -Wno-constant-conversion -Wno-int-conversion -Wno-bool-conversion -Wno-enum-conversion -Wno-float-conversion -Wno-non-literal-null-conversion -Wno-objc-literal-conversion -Wshorten-64-to-32 -Wpointer-sign -Wno-newline-eof -Wno-implicit-fallthrough -isysroot /Applications/Xcode.app/Contents/Developer/Platforms/iPhoneSimulator.platform/Developer/SDKs/iPhoneSimulator26.5.sdk -fstrict-aliasing -Wdeprecated-declarations -Wno-sign-conversion -Wno-infinite-recursion -Wno-comma -Wno-block-capture-autoreleasing -Wno-strict-prototypes -Wno-semicolon-before-method-body -index-store-path /Users/shizihan/DailyUse/Github/InkMarkdown/.scratch/architecture-deepening-2026-09-07/evidence/20260907-1415-ticket-27/consumer/DerivedData-InkMarkdownSwiftUIConsumer/Index.noindex/DataStore @/Users/shizihan/DailyUse/Github/InkMarkdown/.scratch/architecture-deepening-2026-09-07/evidence/20260907-1415-ticket-27/consumer/DerivedData-InkMarkdownSwiftUIConsumer/Build/Intermediates.noindex/cmark-gfm.build/Debug-iphonesimulator/cmark-gfm.build/Objects-normal/arm64/7187679823f38a2a940e0043cdf9d637-common-args.resp -MMD -MT dependencies -MF /Users/shizihan/DailyUse/Github/InkMarkdown/.scratch/architecture-deepening-2026-09-07/evidence/20260907-1415-ticket-27/consumer/DerivedData-InkMarkdownSwiftUIConsumer/Build/Intermediates.noindex/cmark-gfm.build/Debug-iphonesimulator/cmark-gfm.build/Objects-normal/arm64/plaintext.d --serialize-diagnostics /Users/shizihan/DailyUse/Github/InkMarkdown/.scratch/architecture-deepening-2026-09-07/evidence/20260907-1415-ticket-27/consumer/DerivedData-InkMarkdownSwiftUIConsumer/Build/Intermediates.noindex/cmark-gfm.build/Debug-iphonesimulator/cmark-gfm.build/Objects-normal/arm64/plaintext.dia -c /Users/shizihan/DailyUse/Github/InkMarkdown/Packages/Caches/swift-cmark/src/plaintext.c -o /Users/shizihan/DailyUse/Github/InkMarkdown/.scratch/architecture-deepening-2026-09-07/evidence/20260907-1415-ticket-27/consumer/DerivedData-InkMarkdownSwiftUIConsumer/Build/Intermediates.noindex/cmark-gfm.build/Debug-iphonesimulator/cmark-gfm.build/Objects-normal/arm64/plaintext.o -index-unit-output-path /cmark-gfm.build/Debug-iphonesimulator/cmark-gfm.build/Objects-normal/arm64/plaintext.o

CompileC /Users/shizihan/DailyUse/Github/InkMarkdown/.scratch/architecture-deepening-2026-09-07/evidence/20260907-1415-ticket-27/consumer/DerivedData-InkMarkdownSwiftUIConsumer/Build/Intermediates.noindex/cmark-gfm.build/Debug-iphonesimulator/cmark-gfm.build/Objects-normal/arm64/plugin.o /Users/shizihan/DailyUse/Github/InkMarkdown/Packages/Caches/swift-cmark/src/plugin.c normal arm64 c com.apple.compilers.llvm.clang.1_0.compiler (in target 'cmark-gfm' from project 'cmark-gfm')
    cd /Users/shizihan/DailyUse/Github/InkMarkdown/.github/fixtures/consumer-smoke/.swiftpm/xcode
    
    Using response file: /Users/shizihan/DailyUse/Github/InkMarkdown/.scratch/architecture-deepening-2026-09-07/evidence/20260907-1415-ticket-27/consumer/DerivedData-InkMarkdownSwiftUIConsumer/Build/Intermediates.noindex/cmark-gfm.build/Debug-iphonesimulator/cmark-gfm.build/Objects-normal/arm64/7187679823f38a2a940e0043cdf9d637-common-args.resp
    
    /Applications/Xcode.app/Contents/Developer/Toolchains/XcodeDefault.xctoolchain/usr/bin/clang -x c -ivfsstatcache /Users/shizihan/DailyUse/Github/InkMarkdown/.scratch/architecture-deepening-2026-09-07/evidence/20260907-1415-ticket-27/consumer/DerivedData-InkMarkdownSwiftUIConsumer/SDKStatCaches.noindex/iphonesimulator26.5-23F81a-6cfe768891a92b912361537c460fe42b.sdkstatcache -target arm64-apple-ios12.0-simulator -fmessage-length\=0 -fdiagnostics-show-note-include-stack -fmacro-backtrace-limit\=0 -fno-color-diagnostics -fmodules-prune-interval\=86400 -fmodules-prune-after\=345600 -fbuild-session-file\=/Users/shizihan/DailyUse/Github/InkMarkdown/.scratch/architecture-deepening-2026-09-07/evidence/20260907-1415-ticket-27/consumer/DerivedData-InkMarkdownSwiftUIConsumer/ModuleCache.noindex/Session.modulevalidation -fmodules-validate-once-per-build-session -Wnon-modular-include-in-framework-module -Werror\=non-modular-include-in-framework-module -Wno-trigraphs -Wno-missing-field-initializers -Wno-missing-prototypes -Wno-return-type -Wno-missing-braces -Wparentheses -Wswitch -Wno-unused-function -Wno-unused-label -Wno-unused-parameter -Wno-unused-variable -Wunused-value -Wno-empty-body -Wno-uninitialized -Wno-unknown-pragmas -w -Wno-shadow -Wno-four-char-constants -Wno-conversion -Wno-constant-conversion -Wno-int-conversion -Wno-bool-conversion -Wno-enum-conversion -Wno-float-conversion -Wno-non-literal-null-conversion -Wno-objc-literal-conversion -Wshorten-64-to-32 -Wpointer-sign -Wno-newline-eof -Wno-implicit-fallthrough -isysroot /Applications/Xcode.app/Contents/Developer/Platforms/iPhoneSimulator.platform/Developer/SDKs/iPhoneSimulator26.5.sdk -fstrict-aliasing -Wdeprecated-declarations -Wno-sign-conversion -Wno-infinite-recursion -Wno-comma -Wno-block-capture-autoreleasing -Wno-strict-prototypes -Wno-semicolon-before-method-body -index-store-path /Users/shizihan/DailyUse/Github/InkMarkdown/.scratch/architecture-deepening-2026-09-07/evidence/20260907-1415-ticket-27/consumer/DerivedData-InkMarkdownSwiftUIConsumer/Index.noindex/DataStore @/Users/shizihan/DailyUse/Github/InkMarkdown/.scratch/architecture-deepening-2026-09-07/evidence/20260907-1415-ticket-27/consumer/DerivedData-InkMarkdownSwiftUIConsumer/Build/Intermediates.noindex/cmark-gfm.build/Debug-iphonesimulator/cmark-gfm.build/Objects-normal/arm64/7187679823f38a2a940e0043cdf9d637-common-args.resp -MMD -MT dependencies -MF /Users/shizihan/DailyUse/Github/InkMarkdown/.scratch/architecture-deepening-2026-09-07/evidence/20260907-1415-ticket-27/consumer/DerivedData-InkMarkdownSwiftUIConsumer/Build/Intermediates.noindex/cmark-gfm.build/Debug-iphonesimulator/cmark-gfm.build/Objects-normal/arm64/plugin.d --serialize-diagnostics /Users/shizihan/DailyUse/Github/InkMarkdown/.scratch/architecture-deepening-2026-09-07/evidence/20260907-1415-ticket-27/consumer/DerivedData-InkMarkdownSwiftUIConsumer/Build/Intermediates.noindex/cmark-gfm.build/Debug-iphonesimulator/cmark-gfm.build/Objects-normal/arm64/plugin.dia -c /Users/shizihan/DailyUse/Github/InkMarkdown/Packages/Caches/swift-cmark/src/plugin.c -o /Users/shizihan/DailyUse/Github/InkMarkdown/.scratch/architecture-deepening-2026-09-07/evidence/20260907-1415-ticket-27/consumer/DerivedData-InkMarkdownSwiftUIConsumer/Build/Intermediates.noindex/cmark-gfm.build/Debug-iphonesimulator/cmark-gfm.build/Objects-normal/arm64/plugin.o -index-unit-output-path /cmark-gfm.build/Debug-iphonesimulator/cmark-gfm.build/Objects-normal/arm64/plugin.o

CompileC /Users/shizihan/DailyUse/Github/InkMarkdown/.scratch/architecture-deepening-2026-09-07/evidence/20260907-1415-ticket-27/consumer/DerivedData-InkMarkdownSwiftUIConsumer/Build/Intermediates.noindex/cmark-gfm.build/Debug-iphonesimulator/cmark-gfm.build/Objects-normal/arm64/node.o /Users/shizihan/DailyUse/Github/InkMarkdown/Packages/Caches/swift-cmark/src/node.c normal arm64 c com.apple.compilers.llvm.clang.1_0.compiler (in target 'cmark-gfm' from project 'cmark-gfm')
    cd /Users/shizihan/DailyUse/Github/InkMarkdown/.github/fixtures/consumer-smoke/.swiftpm/xcode
    
    Using response file: /Users/shizihan/DailyUse/Github/InkMarkdown/.scratch/architecture-deepening-2026-09-07/evidence/20260907-1415-ticket-27/consumer/DerivedData-InkMarkdownSwiftUIConsumer/Build/Intermediates.noindex/cmark-gfm.build/Debug-iphonesimulator/cmark-gfm.build/Objects-normal/arm64/7187679823f38a2a940e0043cdf9d637-common-args.resp
    
    /Applications/Xcode.app/Contents/Developer/Toolchains/XcodeDefault.xctoolchain/usr/bin/clang -x c -ivfsstatcache /Users/shizihan/DailyUse/Github/InkMarkdown/.scratch/architecture-deepening-2026-09-07/evidence/20260907-1415-ticket-27/consumer/DerivedData-InkMarkdownSwiftUIConsumer/SDKStatCaches.noindex/iphonesimulator26.5-23F81a-6cfe768891a92b912361537c460fe42b.sdkstatcache -target arm64-apple-ios12.0-simulator -fmessage-length\=0 -fdiagnostics-show-note-include-stack -fmacro-backtrace-limit\=0 -fno-color-diagnostics -fmodules-prune-interval\=86400 -fmodules-prune-after\=345600 -fbuild-session-file\=/Users/shizihan/DailyUse/Github/InkMarkdown/.scratch/architecture-deepening-2026-09-07/evidence/20260907-1415-ticket-27/consumer/DerivedData-InkMarkdownSwiftUIConsumer/ModuleCache.noindex/Session.modulevalidation -fmodules-validate-once-per-build-session -Wnon-modular-include-in-framework-module -Werror\=non-modular-include-in-framework-module -Wno-trigraphs -Wno-missing-field-initializers -Wno-missing-prototypes -Wno-return-type -Wno-missing-braces -Wparentheses -Wswitch -Wno-unused-function -Wno-unused-label -Wno-unused-parameter -Wno-unused-variable -Wunused-value -Wno-empty-body -Wno-uninitialized -Wno-unknown-pragmas -w -Wno-shadow -Wno-four-char-constants -Wno-conversion -Wno-constant-conversion -Wno-int-conversion -Wno-bool-conversion -Wno-enum-conversion -Wno-float-conversion -Wno-non-literal-null-conversion -Wno-objc-literal-conversion -Wshorten-64-to-32 -Wpointer-sign -Wno-newline-eof -Wno-implicit-fallthrough -isysroot /Applications/Xcode.app/Contents/Developer/Platforms/iPhoneSimulator.platform/Developer/SDKs/iPhoneSimulator26.5.sdk -fstrict-aliasing -Wdeprecated-declarations -Wno-sign-conversion -Wno-infinite-recursion -Wno-comma -Wno-block-capture-autoreleasing -Wno-strict-prototypes -Wno-semicolon-before-method-body -index-store-path /Users/shizihan/DailyUse/Github/InkMarkdown/.scratch/architecture-deepening-2026-09-07/evidence/20260907-1415-ticket-27/consumer/DerivedData-InkMarkdownSwiftUIConsumer/Index.noindex/DataStore @/Users/shizihan/DailyUse/Github/InkMarkdown/.scratch/architecture-deepening-2026-09-07/evidence/20260907-1415-ticket-27/consumer/DerivedData-InkMarkdownSwiftUIConsumer/Build/Intermediates.noindex/cmark-gfm.build/Debug-iphonesimulator/cmark-gfm.build/Objects-normal/arm64/7187679823f38a2a940e0043cdf9d637-common-args.resp -MMD -MT dependencies -MF /Users/shizihan/DailyUse/Github/InkMarkdown/.scratch/architecture-deepening-2026-09-07/evidence/20260907-1415-ticket-27/consumer/DerivedData-InkMarkdownSwiftUIConsumer/Build/Intermediates.noindex/cmark-gfm.build/Debug-iphonesimulator/cmark-gfm.build/Objects-normal/arm64/node.d --serialize-diagnostics /Users/shizihan/DailyUse/Github/InkMarkdown/.scratch/architecture-deepening-2026-09-07/evidence/20260907-1415-ticket-27/consumer/DerivedData-InkMarkdownSwiftUIConsumer/Build/Intermediates.noindex/cmark-gfm.build/Debug-iphonesimulator/cmark-gfm.build/Objects-normal/arm64/node.dia -c /Users/shizihan/DailyUse/Github/InkMarkdown/Packages/Caches/swift-cmark/src/node.c -o /Users/shizihan/DailyUse/Github/InkMarkdown/.scratch/architecture-deepening-2026-09-07/evidence/20260907-1415-ticket-27/consumer/DerivedData-InkMarkdownSwiftUIConsumer/Build/Intermediates.noindex/cmark-gfm.build/Debug-iphonesimulator/cmark-gfm.build/Objects-normal/arm64/node.o -index-unit-output-path /cmark-gfm.build/Debug-iphonesimulator/cmark-gfm.build/Objects-normal/arm64/node.o

CompileC /Users/shizihan/DailyUse/Github/InkMarkdown/.scratch/architecture-deepening-2026-09-07/evidence/20260907-1415-ticket-27/consumer/DerivedData-InkMarkdownSwiftUIConsumer/Build/Intermediates.noindex/cmark-gfm.build/Debug-iphonesimulator/cmark-gfm.build/Objects-normal/arm64/map.o /Users/shizihan/DailyUse/Github/InkMarkdown/Packages/Caches/swift-cmark/src/map.c normal arm64 c com.apple.compilers.llvm.clang.1_0.compiler (in target 'cmark-gfm' from project 'cmark-gfm')
    cd /Users/shizihan/DailyUse/Github/InkMarkdown/.github/fixtures/consumer-smoke/.swiftpm/xcode
    
    Using response file: /Users/shizihan/DailyUse/Github/InkMarkdown/.scratch/architecture-deepening-2026-09-07/evidence/20260907-1415-ticket-27/consumer/DerivedData-InkMarkdownSwiftUIConsumer/Build/Intermediates.noindex/cmark-gfm.build/Debug-iphonesimulator/cmark-gfm.build/Objects-normal/arm64/7187679823f38a2a940e0043cdf9d637-common-args.resp
    
    /Applications/Xcode.app/Contents/Developer/Toolchains/XcodeDefault.xctoolchain/usr/bin/clang -x c -ivfsstatcache /Users/shizihan/DailyUse/Github/InkMarkdown/.scratch/architecture-deepening-2026-09-07/evidence/20260907-1415-ticket-27/consumer/DerivedData-InkMarkdownSwiftUIConsumer/SDKStatCaches.noindex/iphonesimulator26.5-23F81a-6cfe768891a92b912361537c460fe42b.sdkstatcache -target arm64-apple-ios12.0-simulator -fmessage-length\=0 -fdiagnostics-show-note-include-stack -fmacro-backtrace-limit\=0 -fno-color-diagnostics -fmodules-prune-interval\=86400 -fmodules-prune-after\=345600 -fbuild-session-file\=/Users/shizihan/DailyUse/Github/InkMarkdown/.scratch/architecture-deepening-2026-09-07/evidence/20260907-1415-ticket-27/consumer/DerivedData-InkMarkdownSwiftUIConsumer/ModuleCache.noindex/Session.modulevalidation -fmodules-validate-once-per-build-session -Wnon-modular-include-in-framework-module -Werror\=non-modular-include-in-framework-module -Wno-trigraphs -Wno-missing-field-initializers -Wno-missing-prototypes -Wno-return-type -Wno-missing-braces -Wparentheses -Wswitch -Wno-unused-function -Wno-unused-label -Wno-unused-parameter -Wno-unused-variable -Wunused-value -Wno-empty-body -Wno-uninitialized -Wno-unknown-pragmas -w -Wno-shadow -Wno-four-char-constants -Wno-conversion -Wno-constant-conversion -Wno-int-conversion -Wno-bool-conversion -Wno-enum-conversion -Wno-float-conversion -Wno-non-literal-null-conversion -Wno-objc-literal-conversion -Wshorten-64-to-32 -Wpointer-sign -Wno-newline-eof -Wno-implicit-fallthrough -isysroot /Applications/Xcode.app/Contents/Developer/Platforms/iPhoneSimulator.platform/Developer/SDKs/iPhoneSimulator26.5.sdk -fstrict-aliasing -Wdeprecated-declarations -Wno-sign-conversion -Wno-infinite-recursion -Wno-comma -Wno-block-capture-autoreleasing -Wno-strict-prototypes -Wno-semicolon-before-method-body -index-store-path /Users/shizihan/DailyUse/Github/InkMarkdown/.scratch/architecture-deepening-2026-09-07/evidence/20260907-1415-ticket-27/consumer/DerivedData-InkMarkdownSwiftUIConsumer/Index.noindex/DataStore @/Users/shizihan/DailyUse/Github/InkMarkdown/.scratch/architecture-deepening-2026-09-07/evidence/20260907-1415-ticket-27/consumer/DerivedData-InkMarkdownSwiftUIConsumer/Build/Intermediates.noindex/cmark-gfm.build/Debug-iphonesimulator/cmark-gfm.build/Objects-normal/arm64/7187679823f38a2a940e0043cdf9d637-common-args.resp -MMD -MT dependencies -MF /Users/shizihan/DailyUse/Github/InkMarkdown/.scratch/architecture-deepening-2026-09-07/evidence/20260907-1415-ticket-27/consumer/DerivedData-InkMarkdownSwiftUIConsumer/Build/Intermediates.noindex/cmark-gfm.build/Debug-iphonesimulator/cmark-gfm.build/Objects-normal/arm64/map.d --serialize-diagnostics /Users/shizihan/DailyUse/Github/InkMarkdown/.scratch/architecture-deepening-2026-09-07/evidence/20260907-1415-ticket-27/consumer/DerivedData-InkMarkdownSwiftUIConsumer/Build/Intermediates.noindex/cmark-gfm.build/Debug-iphonesimulator/cmark-gfm.build/Objects-normal/arm64/map.dia -c /Users/shizihan/DailyUse/Github/InkMarkdown/Packages/Caches/swift-cmark/src/map.c -o /Users/shizihan/DailyUse/Github/InkMarkdown/.scratch/architecture-deepening-2026-09-07/evidence/20260907-1415-ticket-27/consumer/DerivedData-InkMarkdownSwiftUIConsumer/Build/Intermediates.noindex/cmark-gfm.build/Debug-iphonesimulator/cmark-gfm.build/Objects-normal/arm64/map.o -index-unit-output-path /cmark-gfm.build/Debug-iphonesimulator/cmark-gfm.build/Objects-normal/arm64/map.o

CompileC /Users/shizihan/DailyUse/Github/InkMarkdown/.scratch/architecture-deepening-2026-09-07/evidence/20260907-1415-ticket-27/consumer/DerivedData-InkMarkdownSwiftUIConsumer/Build/Intermediates.noindex/cmark-gfm.build/Debug-iphonesimulator/cmark-gfm.build/Objects-normal/arm64/man.o /Users/shizihan/DailyUse/Github/InkMarkdown/Packages/Caches/swift-cmark/src/man.c normal arm64 c com.apple.compilers.llvm.clang.1_0.compiler (in target 'cmark-gfm' from project 'cmark-gfm')
    cd /Users/shizihan/DailyUse/Github/InkMarkdown/.github/fixtures/consumer-smoke/.swiftpm/xcode
    
    Using response file: /Users/shizihan/DailyUse/Github/InkMarkdown/.scratch/architecture-deepening-2026-09-07/evidence/20260907-1415-ticket-27/consumer/DerivedData-InkMarkdownSwiftUIConsumer/Build/Intermediates.noindex/cmark-gfm.build/Debug-iphonesimulator/cmark-gfm.build/Objects-normal/arm64/7187679823f38a2a940e0043cdf9d637-common-args.resp
    
    /Applications/Xcode.app/Contents/Developer/Toolchains/XcodeDefault.xctoolchain/usr/bin/clang -x c -ivfsstatcache /Users/shizihan/DailyUse/Github/InkMarkdown/.scratch/architecture-deepening-2026-09-07/evidence/20260907-1415-ticket-27/consumer/DerivedData-InkMarkdownSwiftUIConsumer/SDKStatCaches.noindex/iphonesimulator26.5-23F81a-6cfe768891a92b912361537c460fe42b.sdkstatcache -target arm64-apple-ios12.0-simulator -fmessage-length\=0 -fdiagnostics-show-note-include-stack -fmacro-backtrace-limit\=0 -fno-color-diagnostics -fmodules-prune-interval\=86400 -fmodules-prune-after\=345600 -fbuild-session-file\=/Users/shizihan/DailyUse/Github/InkMarkdown/.scratch/architecture-deepening-2026-09-07/evidence/20260907-1415-ticket-27/consumer/DerivedData-InkMarkdownSwiftUIConsumer/ModuleCache.noindex/Session.modulevalidation -fmodules-validate-once-per-build-session -Wnon-modular-include-in-framework-module -Werror\=non-modular-include-in-framework-module -Wno-trigraphs -Wno-missing-field-initializers -Wno-missing-prototypes -Wno-return-type -Wno-missing-braces -Wparentheses -Wswitch -Wno-unused-function -Wno-unused-label -Wno-unused-parameter -Wno-unused-variable -Wunused-value -Wno-empty-body -Wno-uninitialized -Wno-unknown-pragmas -w -Wno-shadow -Wno-four-char-constants -Wno-conversion -Wno-constant-conversion -Wno-int-conversion -Wno-bool-conversion -Wno-enum-conversion -Wno-float-conversion -Wno-non-literal-null-conversion -Wno-objc-literal-conversion -Wshorten-64-to-32 -Wpointer-sign -Wno-newline-eof -Wno-implicit-fallthrough -isysroot /Applications/Xcode.app/Contents/Developer/Platforms/iPhoneSimulator.platform/Developer/SDKs/iPhoneSimulator26.5.sdk -fstrict-aliasing -Wdeprecated-declarations -Wno-sign-conversion -Wno-infinite-recursion -Wno-comma -Wno-block-capture-autoreleasing -Wno-strict-prototypes -Wno-semicolon-before-method-body -index-store-path /Users/shizihan/DailyUse/Github/InkMarkdown/.scratch/architecture-deepening-2026-09-07/evidence/20260907-1415-ticket-27/consumer/DerivedData-InkMarkdownSwiftUIConsumer/Index.noindex/DataStore @/Users/shizihan/DailyUse/Github/InkMarkdown/.scratch/architecture-deepening-2026-09-07/evidence/20260907-1415-ticket-27/consumer/DerivedData-InkMarkdownSwiftUIConsumer/Build/Intermediates.noindex/cmark-gfm.build/Debug-iphonesimulator/cmark-gfm.build/Objects-normal/arm64/7187679823f38a2a940e0043cdf9d637-common-args.resp -MMD -MT dependencies -MF /Users/shizihan/DailyUse/Github/InkMarkdown/.scratch/architecture-deepening-2026-09-07/evidence/20260907-1415-ticket-27/consumer/DerivedData-InkMarkdownSwiftUIConsumer/Build/Intermediates.noindex/cmark-gfm.build/Debug-iphonesimulator/cmark-gfm.build/Objects-normal/arm64/man.d --serialize-diagnostics /Users/shizihan/DailyUse/Github/InkMarkdown/.scratch/architecture-deepening-2026-09-07/evidence/20260907-1415-ticket-27/consumer/DerivedData-InkMarkdownSwiftUIConsumer/Build/Intermediates.noindex/cmark-gfm.build/Debug-iphonesimulator/cmark-gfm.build/Objects-normal/arm64/man.dia -c /Users/shizihan/DailyUse/Github/InkMarkdown/Packages/Caches/swift-cmark/src/man.c -o /Users/shizihan/DailyUse/Github/InkMarkdown/.scratch/architecture-deepening-2026-09-07/evidence/20260907-1415-ticket-27/consumer/DerivedData-InkMarkdownSwiftUIConsumer/Build/Intermediates.noindex/cmark-gfm.build/Debug-iphonesimulator/cmark-gfm.build/Objects-normal/arm64/man.o -index-unit-output-path /cmark-gfm.build/Debug-iphonesimulator/cmark-gfm.build/Objects-normal/arm64/man.o

CompileC /Users/shizihan/DailyUse/Github/InkMarkdown/.scratch/architecture-deepening-2026-09-07/evidence/20260907-1415-ticket-27/consumer/DerivedData-InkMarkdownSwiftUIConsumer/Build/Intermediates.noindex/cmark-gfm.build/Debug-iphonesimulator/cmark-gfm.build/Objects-normal/arm64/linked_list.o /Users/shizihan/DailyUse/Github/InkMarkdown/Packages/Caches/swift-cmark/src/linked_list.c normal arm64 c com.apple.compilers.llvm.clang.1_0.compiler (in target 'cmark-gfm' from project 'cmark-gfm')
    cd /Users/shizihan/DailyUse/Github/InkMarkdown/.github/fixtures/consumer-smoke/.swiftpm/xcode
    
    Using response file: /Users/shizihan/DailyUse/Github/InkMarkdown/.scratch/architecture-deepening-2026-09-07/evidence/20260907-1415-ticket-27/consumer/DerivedData-InkMarkdownSwiftUIConsumer/Build/Intermediates.noindex/cmark-gfm.build/Debug-iphonesimulator/cmark-gfm.build/Objects-normal/arm64/7187679823f38a2a940e0043cdf9d637-common-args.resp
    
    /Applications/Xcode.app/Contents/Developer/Toolchains/XcodeDefault.xctoolchain/usr/bin/clang -x c -ivfsstatcache /Users/shizihan/DailyUse/Github/InkMarkdown/.scratch/architecture-deepening-2026-09-07/evidence/20260907-1415-ticket-27/consumer/DerivedData-InkMarkdownSwiftUIConsumer/SDKStatCaches.noindex/iphonesimulator26.5-23F81a-6cfe768891a92b912361537c460fe42b.sdkstatcache -target arm64-apple-ios12.0-simulator -fmessage-length\=0 -fdiagnostics-show-note-include-stack -fmacro-backtrace-limit\=0 -fno-color-diagnostics -fmodules-prune-interval\=86400 -fmodules-prune-after\=345600 -fbuild-session-file\=/Users/shizihan/DailyUse/Github/InkMarkdown/.scratch/architecture-deepening-2026-09-07/evidence/20260907-1415-ticket-27/consumer/DerivedData-InkMarkdownSwiftUIConsumer/ModuleCache.noindex/Session.modulevalidation -fmodules-validate-once-per-build-session -Wnon-modular-include-in-framework-module -Werror\=non-modular-include-in-framework-module -Wno-trigraphs -Wno-missing-field-initializers -Wno-missing-prototypes -Wno-return-type -Wno-missing-braces -Wparentheses -Wswitch -Wno-unused-function -Wno-unused-label -Wno-unused-parameter -Wno-unused-variable -Wunused-value -Wno-empty-body -Wno-uninitialized -Wno-unknown-pragmas -w -Wno-shadow -Wno-four-char-constants -Wno-conversion -Wno-constant-conversion -Wno-int-conversion -Wno-bool-conversion -Wno-enum-conversion -Wno-float-conversion -Wno-non-literal-null-conversion -Wno-objc-literal-conversion -Wshorten-64-to-32 -Wpointer-sign -Wno-newline-eof -Wno-implicit-fallthrough -isysroot /Applications/Xcode.app/Contents/Developer/Platforms/iPhoneSimulator.platform/Developer/SDKs/iPhoneSimulator26.5.sdk -fstrict-aliasing -Wdeprecated-declarations -Wno-sign-conversion -Wno-infinite-recursion -Wno-comma -Wno-block-capture-autoreleasing -Wno-strict-prototypes -Wno-semicolon-before-method-body -index-store-path /Users/shizihan/DailyUse/Github/InkMarkdown/.scratch/architecture-deepening-2026-09-07/evidence/20260907-1415-ticket-27/consumer/DerivedData-InkMarkdownSwiftUIConsumer/Index.noindex/DataStore @/Users/shizihan/DailyUse/Github/InkMarkdown/.scratch/architecture-deepening-2026-09-07/evidence/20260907-1415-ticket-27/consumer/DerivedData-InkMarkdownSwiftUIConsumer/Build/Intermediates.noindex/cmark-gfm.build/Debug-iphonesimulator/cmark-gfm.build/Objects-normal/arm64/7187679823f38a2a940e0043cdf9d637-common-args.resp -MMD -MT dependencies -MF /Users/shizihan/DailyUse/Github/InkMarkdown/.scratch/architecture-deepening-2026-09-07/evidence/20260907-1415-ticket-27/consumer/DerivedData-InkMarkdownSwiftUIConsumer/Build/Intermediates.noindex/cmark-gfm.build/Debug-iphonesimulator/cmark-gfm.build/Objects-normal/arm64/linked_list.d --serialize-diagnostics /Users/shizihan/DailyUse/Github/InkMarkdown/.scratch/architecture-deepening-2026-09-07/evidence/20260907-1415-ticket-27/consumer/DerivedData-InkMarkdownSwiftUIConsumer/Build/Intermediates.noindex/cmark-gfm.build/Debug-iphonesimulator/cmark-gfm.build/Objects-normal/arm64/linked_list.dia -c /Users/shizihan/DailyUse/Github/InkMarkdown/Packages/Caches/swift-cmark/src/linked_list.c -o /Users/shizihan/DailyUse/Github/InkMarkdown/.scratch/architecture-deepening-2026-09-07/evidence/20260907-1415-ticket-27/consumer/DerivedData-InkMarkdownSwiftUIConsumer/Build/Intermediates.noindex/cmark-gfm.build/Debug-iphonesimulator/cmark-gfm.build/Objects-normal/arm64/linked_list.o -index-unit-output-path /cmark-gfm.build/Debug-iphonesimulator/cmark-gfm.build/Objects-normal/arm64/linked_list.o

CompileC /Users/shizihan/DailyUse/Github/InkMarkdown/.scratch/architecture-deepening-2026-09-07/evidence/20260907-1415-ticket-27/consumer/DerivedData-InkMarkdownSwiftUIConsumer/Build/Intermediates.noindex/cmark-gfm.build/Debug-iphonesimulator/cmark-gfm.build/Objects-normal/arm64/latex.o /Users/shizihan/DailyUse/Github/InkMarkdown/Packages/Caches/swift-cmark/src/latex.c normal arm64 c com.apple.compilers.llvm.clang.1_0.compiler (in target 'cmark-gfm' from project 'cmark-gfm')
    cd /Users/shizihan/DailyUse/Github/InkMarkdown/.github/fixtures/consumer-smoke/.swiftpm/xcode
    
    Using response file: /Users/shizihan/DailyUse/Github/InkMarkdown/.scratch/architecture-deepening-2026-09-07/evidence/20260907-1415-ticket-27/consumer/DerivedData-InkMarkdownSwiftUIConsumer/Build/Intermediates.noindex/cmark-gfm.build/Debug-iphonesimulator/cmark-gfm.build/Objects-normal/arm64/7187679823f38a2a940e0043cdf9d637-common-args.resp
    
    /Applications/Xcode.app/Contents/Developer/Toolchains/XcodeDefault.xctoolchain/usr/bin/clang -x c -ivfsstatcache /Users/shizihan/DailyUse/Github/InkMarkdown/.scratch/architecture-deepening-2026-09-07/evidence/20260907-1415-ticket-27/consumer/DerivedData-InkMarkdownSwiftUIConsumer/SDKStatCaches.noindex/iphonesimulator26.5-23F81a-6cfe768891a92b912361537c460fe42b.sdkstatcache -target arm64-apple-ios12.0-simulator -fmessage-length\=0 -fdiagnostics-show-note-include-stack -fmacro-backtrace-limit\=0 -fno-color-diagnostics -fmodules-prune-interval\=86400 -fmodules-prune-after\=345600 -fbuild-session-file\=/Users/shizihan/DailyUse/Github/InkMarkdown/.scratch/architecture-deepening-2026-09-07/evidence/20260907-1415-ticket-27/consumer/DerivedData-InkMarkdownSwiftUIConsumer/ModuleCache.noindex/Session.modulevalidation -fmodules-validate-once-per-build-session -Wnon-modular-include-in-framework-module -Werror\=non-modular-include-in-framework-module -Wno-trigraphs -Wno-missing-field-initializers -Wno-missing-prototypes -Wno-return-type -Wno-missing-braces -Wparentheses -Wswitch -Wno-unused-function -Wno-unused-label -Wno-unused-parameter -Wno-unused-variable -Wunused-value -Wno-empty-body -Wno-uninitialized -Wno-unknown-pragmas -w -Wno-shadow -Wno-four-char-constants -Wno-conversion -Wno-constant-conversion -Wno-int-conversion -Wno-bool-conversion -Wno-enum-conversion -Wno-float-conversion -Wno-non-literal-null-conversion -Wno-objc-literal-conversion -Wshorten-64-to-32 -Wpointer-sign -Wno-newline-eof -Wno-implicit-fallthrough -isysroot /Applications/Xcode.app/Contents/Developer/Platforms/iPhoneSimulator.platform/Developer/SDKs/iPhoneSimulator26.5.sdk -fstrict-aliasing -Wdeprecated-declarations -Wno-sign-conversion -Wno-infinite-recursion -Wno-comma -Wno-block-capture-autoreleasing -Wno-strict-prototypes -Wno-semicolon-before-method-body -index-store-path /Users/shizihan/DailyUse/Github/InkMarkdown/.scratch/architecture-deepening-2026-09-07/evidence/20260907-1415-ticket-27/consumer/DerivedData-InkMarkdownSwiftUIConsumer/Index.noindex/DataStore @/Users/shizihan/DailyUse/Github/InkMarkdown/.scratch/architecture-deepening-2026-09-07/evidence/20260907-1415-ticket-27/consumer/DerivedData-InkMarkdownSwiftUIConsumer/Build/Intermediates.noindex/cmark-gfm.build/Debug-iphonesimulator/cmark-gfm.build/Objects-normal/arm64/7187679823f38a2a940e0043cdf9d637-common-args.resp -MMD -MT dependencies -MF /Users/shizihan/DailyUse/Github/InkMarkdown/.scratch/architecture-deepening-2026-09-07/evidence/20260907-1415-ticket-27/consumer/DerivedData-InkMarkdownSwiftUIConsumer/Build/Intermediates.noindex/cmark-gfm.build/Debug-iphonesimulator/cmark-gfm.build/Objects-normal/arm64/latex.d --serialize-diagnostics /Users/shizihan/DailyUse/Github/InkMarkdown/.scratch/architecture-deepening-2026-09-07/evidence/20260907-1415-ticket-27/consumer/DerivedData-InkMarkdownSwiftUIConsumer/Build/Intermediates.noindex/cmark-gfm.build/Debug-iphonesimulator/cmark-gfm.build/Objects-normal/arm64/latex.dia -c /Users/shizihan/DailyUse/Github/InkMarkdown/Packages/Caches/swift-cmark/src/latex.c -o /Users/shizihan/DailyUse/Github/InkMarkdown/.scratch/architecture-deepening-2026-09-07/evidence/20260907-1415-ticket-27/consumer/DerivedData-InkMarkdownSwiftUIConsumer/Build/Intermediates.noindex/cmark-gfm.build/Debug-iphonesimulator/cmark-gfm.build/Objects-normal/arm64/latex.o -index-unit-output-path /cmark-gfm.build/Debug-iphonesimulator/cmark-gfm.build/Objects-normal/arm64/latex.o

CompileC /Users/shizihan/DailyUse/Github/InkMarkdown/.scratch/architecture-deepening-2026-09-07/evidence/20260907-1415-ticket-27/consumer/DerivedData-InkMarkdownSwiftUIConsumer/Build/Intermediates.noindex/cmark-gfm.build/Debug-iphonesimulator/cmark-gfm.build/Objects-normal/arm64/iterator.o /Users/shizihan/DailyUse/Github/InkMarkdown/Packages/Caches/swift-cmark/src/iterator.c normal arm64 c com.apple.compilers.llvm.clang.1_0.compiler (in target 'cmark-gfm' from project 'cmark-gfm')
    cd /Users/shizihan/DailyUse/Github/InkMarkdown/.github/fixtures/consumer-smoke/.swiftpm/xcode
    
    Using response file: /Users/shizihan/DailyUse/Github/InkMarkdown/.scratch/architecture-deepening-2026-09-07/evidence/20260907-1415-ticket-27/consumer/DerivedData-InkMarkdownSwiftUIConsumer/Build/Intermediates.noindex/cmark-gfm.build/Debug-iphonesimulator/cmark-gfm.build/Objects-normal/arm64/7187679823f38a2a940e0043cdf9d637-common-args.resp
    
    /Applications/Xcode.app/Contents/Developer/Toolchains/XcodeDefault.xctoolchain/usr/bin/clang -x c -ivfsstatcache /Users/shizihan/DailyUse/Github/InkMarkdown/.scratch/architecture-deepening-2026-09-07/evidence/20260907-1415-ticket-27/consumer/DerivedData-InkMarkdownSwiftUIConsumer/SDKStatCaches.noindex/iphonesimulator26.5-23F81a-6cfe768891a92b912361537c460fe42b.sdkstatcache -target arm64-apple-ios12.0-simulator -fmessage-length\=0 -fdiagnostics-show-note-include-stack -fmacro-backtrace-limit\=0 -fno-color-diagnostics -fmodules-prune-interval\=86400 -fmodules-prune-after\=345600 -fbuild-session-file\=/Users/shizihan/DailyUse/Github/InkMarkdown/.scratch/architecture-deepening-2026-09-07/evidence/20260907-1415-ticket-27/consumer/DerivedData-InkMarkdownSwiftUIConsumer/ModuleCache.noindex/Session.modulevalidation -fmodules-validate-once-per-build-session -Wnon-modular-include-in-framework-module -Werror\=non-modular-include-in-framework-module -Wno-trigraphs -Wno-missing-field-initializers -Wno-missing-prototypes -Wno-return-type -Wno-missing-braces -Wparentheses -Wswitch -Wno-unused-function -Wno-unused-label -Wno-unused-parameter -Wno-unused-variable -Wunused-value -Wno-empty-body -Wno-uninitialized -Wno-unknown-pragmas -w -Wno-shadow -Wno-four-char-constants -Wno-conversion -Wno-constant-conversion -Wno-int-conversion -Wno-bool-conversion -Wno-enum-conversion -Wno-float-conversion -Wno-non-literal-null-conversion -Wno-objc-literal-conversion -Wshorten-64-to-32 -Wpointer-sign -Wno-newline-eof -Wno-implicit-fallthrough -isysroot /Applications/Xcode.app/Contents/Developer/Platforms/iPhoneSimulator.platform/Developer/SDKs/iPhoneSimulator26.5.sdk -fstrict-aliasing -Wdeprecated-declarations -Wno-sign-conversion -Wno-infinite-recursion -Wno-comma -Wno-block-capture-autoreleasing -Wno-strict-prototypes -Wno-semicolon-before-method-body -index-store-path /Users/shizihan/DailyUse/Github/InkMarkdown/.scratch/architecture-deepening-2026-09-07/evidence/20260907-1415-ticket-27/consumer/DerivedData-InkMarkdownSwiftUIConsumer/Index.noindex/DataStore @/Users/shizihan/DailyUse/Github/InkMarkdown/.scratch/architecture-deepening-2026-09-07/evidence/20260907-1415-ticket-27/consumer/DerivedData-InkMarkdownSwiftUIConsumer/Build/Intermediates.noindex/cmark-gfm.build/Debug-iphonesimulator/cmark-gfm.build/Objects-normal/arm64/7187679823f38a2a940e0043cdf9d637-common-args.resp -MMD -MT dependencies -MF /Users/shizihan/DailyUse/Github/InkMarkdown/.scratch/architecture-deepening-2026-09-07/evidence/20260907-1415-ticket-27/consumer/DerivedData-InkMarkdownSwiftUIConsumer/Build/Intermediates.noindex/cmark-gfm.build/Debug-iphonesimulator/cmark-gfm.build/Objects-normal/arm64/iterator.d --serialize-diagnostics /Users/shizihan/DailyUse/Github/InkMarkdown/.scratch/architecture-deepening-2026-09-07/evidence/20260907-1415-ticket-27/consumer/DerivedData-InkMarkdownSwiftUIConsumer/Build/Intermediates.noindex/cmark-gfm.build/Debug-iphonesimulator/cmark-gfm.build/Objects-normal/arm64/iterator.dia -c /Users/shizihan/DailyUse/Github/InkMarkdown/Packages/Caches/swift-cmark/src/iterator.c -o /Users/shizihan/DailyUse/Github/InkMarkdown/.scratch/architecture-deepening-2026-09-07/evidence/20260907-1415-ticket-27/consumer/DerivedData-InkMarkdownSwiftUIConsumer/Build/Intermediates.noindex/cmark-gfm.build/Debug-iphonesimulator/cmark-gfm.build/Objects-normal/arm64/iterator.o -index-unit-output-path /cmark-gfm.build/Debug-iphonesimulator/cmark-gfm.build/Objects-normal/arm64/iterator.o

CompileC /Users/shizihan/DailyUse/Github/InkMarkdown/.scratch/architecture-deepening-2026-09-07/evidence/20260907-1415-ticket-27/consumer/DerivedData-InkMarkdownSwiftUIConsumer/Build/Intermediates.noindex/cmark-gfm.build/Debug-iphonesimulator/cmark-gfm.build/Objects-normal/arm64/inlines.o /Users/shizihan/DailyUse/Github/InkMarkdown/Packages/Caches/swift-cmark/src/inlines.c normal arm64 c com.apple.compilers.llvm.clang.1_0.compiler (in target 'cmark-gfm' from project 'cmark-gfm')
    cd /Users/shizihan/DailyUse/Github/InkMarkdown/.github/fixtures/consumer-smoke/.swiftpm/xcode
    
    Using response file: /Users/shizihan/DailyUse/Github/InkMarkdown/.scratch/architecture-deepening-2026-09-07/evidence/20260907-1415-ticket-27/consumer/DerivedData-InkMarkdownSwiftUIConsumer/Build/Intermediates.noindex/cmark-gfm.build/Debug-iphonesimulator/cmark-gfm.build/Objects-normal/arm64/7187679823f38a2a940e0043cdf9d637-common-args.resp
    
    /Applications/Xcode.app/Contents/Developer/Toolchains/XcodeDefault.xctoolchain/usr/bin/clang -x c -ivfsstatcache /Users/shizihan/DailyUse/Github/InkMarkdown/.scratch/architecture-deepening-2026-09-07/evidence/20260907-1415-ticket-27/consumer/DerivedData-InkMarkdownSwiftUIConsumer/SDKStatCaches.noindex/iphonesimulator26.5-23F81a-6cfe768891a92b912361537c460fe42b.sdkstatcache -target arm64-apple-ios12.0-simulator -fmessage-length\=0 -fdiagnostics-show-note-include-stack -fmacro-backtrace-limit\=0 -fno-color-diagnostics -fmodules-prune-interval\=86400 -fmodules-prune-after\=345600 -fbuild-session-file\=/Users/shizihan/DailyUse/Github/InkMarkdown/.scratch/architecture-deepening-2026-09-07/evidence/20260907-1415-ticket-27/consumer/DerivedData-InkMarkdownSwiftUIConsumer/ModuleCache.noindex/Session.modulevalidation -fmodules-validate-once-per-build-session -Wnon-modular-include-in-framework-module -Werror\=non-modular-include-in-framework-module -Wno-trigraphs -Wno-missing-field-initializers -Wno-missing-prototypes -Wno-return-type -Wno-missing-braces -Wparentheses -Wswitch -Wno-unused-function -Wno-unused-label -Wno-unused-parameter -Wno-unused-variable -Wunused-value -Wno-empty-body -Wno-uninitialized -Wno-unknown-pragmas -w -Wno-shadow -Wno-four-char-constants -Wno-conversion -Wno-constant-conversion -Wno-int-conversion -Wno-bool-conversion -Wno-enum-conversion -Wno-float-conversion -Wno-non-literal-null-conversion -Wno-objc-literal-conversion -Wshorten-64-to-32 -Wpointer-sign -Wno-newline-eof -Wno-implicit-fallthrough -isysroot /Applications/Xcode.app/Contents/Developer/Platforms/iPhoneSimulator.platform/Developer/SDKs/iPhoneSimulator26.5.sdk -fstrict-aliasing -Wdeprecated-declarations -Wno-sign-conversion -Wno-infinite-recursion -Wno-comma -Wno-block-capture-autoreleasing -Wno-strict-prototypes -Wno-semicolon-before-method-body -index-store-path /Users/shizihan/DailyUse/Github/InkMarkdown/.scratch/architecture-deepening-2026-09-07/evidence/20260907-1415-ticket-27/consumer/DerivedData-InkMarkdownSwiftUIConsumer/Index.noindex/DataStore @/Users/shizihan/DailyUse/Github/InkMarkdown/.scratch/architecture-deepening-2026-09-07/evidence/20260907-1415-ticket-27/consumer/DerivedData-InkMarkdownSwiftUIConsumer/Build/Intermediates.noindex/cmark-gfm.build/Debug-iphonesimulator/cmark-gfm.build/Objects-normal/arm64/7187679823f38a2a940e0043cdf9d637-common-args.resp -MMD -MT dependencies -MF /Users/shizihan/DailyUse/Github/InkMarkdown/.scratch/architecture-deepening-2026-09-07/evidence/20260907-1415-ticket-27/consumer/DerivedData-InkMarkdownSwiftUIConsumer/Build/Intermediates.noindex/cmark-gfm.build/Debug-iphonesimulator/cmark-gfm.build/Objects-normal/arm64/inlines.d --serialize-diagnostics /Users/shizihan/DailyUse/Github/InkMarkdown/.scratch/architecture-deepening-2026-09-07/evidence/20260907-1415-ticket-27/consumer/DerivedData-InkMarkdownSwiftUIConsumer/Build/Intermediates.noindex/cmark-gfm.build/Debug-iphonesimulator/cmark-gfm.build/Objects-normal/arm64/inlines.dia -c /Users/shizihan/DailyUse/Github/InkMarkdown/Packages/Caches/swift-cmark/src/inlines.c -o /Users/shizihan/DailyUse/Github/InkMarkdown/.scratch/architecture-deepening-2026-09-07/evidence/20260907-1415-ticket-27/consumer/DerivedData-InkMarkdownSwiftUIConsumer/Build/Intermediates.noindex/cmark-gfm.build/Debug-iphonesimulator/cmark-gfm.build/Objects-normal/arm64/inlines.o -index-unit-output-path /cmark-gfm.build/Debug-iphonesimulator/cmark-gfm.build/Objects-normal/arm64/inlines.o

CompileC /Users/shizihan/DailyUse/Github/InkMarkdown/.scratch/architecture-deepening-2026-09-07/evidence/20260907-1415-ticket-27/consumer/DerivedData-InkMarkdownSwiftUIConsumer/Build/Intermediates.noindex/cmark-gfm.build/Debug-iphonesimulator/cmark-gfm.build/Objects-normal/arm64/html.o /Users/shizihan/DailyUse/Github/InkMarkdown/Packages/Caches/swift-cmark/src/html.c normal arm64 c com.apple.compilers.llvm.clang.1_0.compiler (in target 'cmark-gfm' from project 'cmark-gfm')
    cd /Users/shizihan/DailyUse/Github/InkMarkdown/.github/fixtures/consumer-smoke/.swiftpm/xcode
    
    Using response file: /Users/shizihan/DailyUse/Github/InkMarkdown/.scratch/architecture-deepening-2026-09-07/evidence/20260907-1415-ticket-27/consumer/DerivedData-InkMarkdownSwiftUIConsumer/Build/Intermediates.noindex/cmark-gfm.build/Debug-iphonesimulator/cmark-gfm.build/Objects-normal/arm64/7187679823f38a2a940e0043cdf9d637-common-args.resp
    
    /Applications/Xcode.app/Contents/Developer/Toolchains/XcodeDefault.xctoolchain/usr/bin/clang -x c -ivfsstatcache /Users/shizihan/DailyUse/Github/InkMarkdown/.scratch/architecture-deepening-2026-09-07/evidence/20260907-1415-ticket-27/consumer/DerivedData-InkMarkdownSwiftUIConsumer/SDKStatCaches.noindex/iphonesimulator26.5-23F81a-6cfe768891a92b912361537c460fe42b.sdkstatcache -target arm64-apple-ios12.0-simulator -fmessage-length\=0 -fdiagnostics-show-note-include-stack -fmacro-backtrace-limit\=0 -fno-color-diagnostics -fmodules-prune-interval\=86400 -fmodules-prune-after\=345600 -fbuild-session-file\=/Users/shizihan/DailyUse/Github/InkMarkdown/.scratch/architecture-deepening-2026-09-07/evidence/20260907-1415-ticket-27/consumer/DerivedData-InkMarkdownSwiftUIConsumer/ModuleCache.noindex/Session.modulevalidation -fmodules-validate-once-per-build-session -Wnon-modular-include-in-framework-module -Werror\=non-modular-include-in-framework-module -Wno-trigraphs -Wno-missing-field-initializers -Wno-missing-prototypes -Wno-return-type -Wno-missing-braces -Wparentheses -Wswitch -Wno-unused-function -Wno-unused-label -Wno-unused-parameter -Wno-unused-variable -Wunused-value -Wno-empty-body -Wno-uninitialized -Wno-unknown-pragmas -w -Wno-shadow -Wno-four-char-constants -Wno-conversion -Wno-constant-conversion -Wno-int-conversion -Wno-bool-conversion -Wno-enum-conversion -Wno-float-conversion -Wno-non-literal-null-conversion -Wno-objc-literal-conversion -Wshorten-64-to-32 -Wpointer-sign -Wno-newline-eof -Wno-implicit-fallthrough -isysroot /Applications/Xcode.app/Contents/Developer/Platforms/iPhoneSimulator.platform/Developer/SDKs/iPhoneSimulator26.5.sdk -fstrict-aliasing -Wdeprecated-declarations -Wno-sign-conversion -Wno-infinite-recursion -Wno-comma -Wno-block-capture-autoreleasing -Wno-strict-prototypes -Wno-semicolon-before-method-body -index-store-path /Users/shizihan/DailyUse/Github/InkMarkdown/.scratch/architecture-deepening-2026-09-07/evidence/20260907-1415-ticket-27/consumer/DerivedData-InkMarkdownSwiftUIConsumer/Index.noindex/DataStore @/Users/shizihan/DailyUse/Github/InkMarkdown/.scratch/architecture-deepening-2026-09-07/evidence/20260907-1415-ticket-27/consumer/DerivedData-InkMarkdownSwiftUIConsumer/Build/Intermediates.noindex/cmark-gfm.build/Debug-iphonesimulator/cmark-gfm.build/Objects-normal/arm64/7187679823f38a2a940e0043cdf9d637-common-args.resp -MMD -MT dependencies -MF /Users/shizihan/DailyUse/Github/InkMarkdown/.scratch/architecture-deepening-2026-09-07/evidence/20260907-1415-ticket-27/consumer/DerivedData-InkMarkdownSwiftUIConsumer/Build/Intermediates.noindex/cmark-gfm.build/Debug-iphonesimulator/cmark-gfm.build/Objects-normal/arm64/html.d --serialize-diagnostics /Users/shizihan/DailyUse/Github/InkMarkdown/.scratch/architecture-deepening-2026-09-07/evidence/20260907-1415-ticket-27/consumer/DerivedData-InkMarkdownSwiftUIConsumer/Build/Intermediates.noindex/cmark-gfm.build/Debug-iphonesimulator/cmark-gfm.build/Objects-normal/arm64/html.dia -c /Users/shizihan/DailyUse/Github/InkMarkdown/Packages/Caches/swift-cmark/src/html.c -o /Users/shizihan/DailyUse/Github/InkMarkdown/.scratch/architecture-deepening-2026-09-07/evidence/20260907-1415-ticket-27/consumer/DerivedData-InkMarkdownSwiftUIConsumer/Build/Intermediates.noindex/cmark-gfm.build/Debug-iphonesimulator/cmark-gfm.build/Objects-normal/arm64/html.o -index-unit-output-path /cmark-gfm.build/Debug-iphonesimulator/cmark-gfm.build/Objects-normal/arm64/html.o

CompileC /Users/shizihan/DailyUse/Github/InkMarkdown/.scratch/architecture-deepening-2026-09-07/evidence/20260907-1415-ticket-27/consumer/DerivedData-InkMarkdownSwiftUIConsumer/Build/Intermediates.noindex/cmark-gfm.build/Debug-iphonesimulator/cmark-gfm.build/Objects-normal/arm64/footnotes.o /Users/shizihan/DailyUse/Github/InkMarkdown/Packages/Caches/swift-cmark/src/footnotes.c normal arm64 c com.apple.compilers.llvm.clang.1_0.compiler (in target 'cmark-gfm' from project 'cmark-gfm')
    cd /Users/shizihan/DailyUse/Github/InkMarkdown/.github/fixtures/consumer-smoke/.swiftpm/xcode
    
    Using response file: /Users/shizihan/DailyUse/Github/InkMarkdown/.scratch/architecture-deepening-2026-09-07/evidence/20260907-1415-ticket-27/consumer/DerivedData-InkMarkdownSwiftUIConsumer/Build/Intermediates.noindex/cmark-gfm.build/Debug-iphonesimulator/cmark-gfm.build/Objects-normal/arm64/7187679823f38a2a940e0043cdf9d637-common-args.resp
    
    /Applications/Xcode.app/Contents/Developer/Toolchains/XcodeDefault.xctoolchain/usr/bin/clang -x c -ivfsstatcache /Users/shizihan/DailyUse/Github/InkMarkdown/.scratch/architecture-deepening-2026-09-07/evidence/20260907-1415-ticket-27/consumer/DerivedData-InkMarkdownSwiftUIConsumer/SDKStatCaches.noindex/iphonesimulator26.5-23F81a-6cfe768891a92b912361537c460fe42b.sdkstatcache -target arm64-apple-ios12.0-simulator -fmessage-length\=0 -fdiagnostics-show-note-include-stack -fmacro-backtrace-limit\=0 -fno-color-diagnostics -fmodules-prune-interval\=86400 -fmodules-prune-after\=345600 -fbuild-session-file\=/Users/shizihan/DailyUse/Github/InkMarkdown/.scratch/architecture-deepening-2026-09-07/evidence/20260907-1415-ticket-27/consumer/DerivedData-InkMarkdownSwiftUIConsumer/ModuleCache.noindex/Session.modulevalidation -fmodules-validate-once-per-build-session -Wnon-modular-include-in-framework-module -Werror\=non-modular-include-in-framework-module -Wno-trigraphs -Wno-missing-field-initializers -Wno-missing-prototypes -Wno-return-type -Wno-missing-braces -Wparentheses -Wswitch -Wno-unused-function -Wno-unused-label -Wno-unused-parameter -Wno-unused-variable -Wunused-value -Wno-empty-body -Wno-uninitialized -Wno-unknown-pragmas -w -Wno-shadow -Wno-four-char-constants -Wno-conversion -Wno-constant-conversion -Wno-int-conversion -Wno-bool-conversion -Wno-enum-conversion -Wno-float-conversion -Wno-non-literal-null-conversion -Wno-objc-literal-conversion -Wshorten-64-to-32 -Wpointer-sign -Wno-newline-eof -Wno-implicit-fallthrough -isysroot /Applications/Xcode.app/Contents/Developer/Platforms/iPhoneSimulator.platform/Developer/SDKs/iPhoneSimulator26.5.sdk -fstrict-aliasing -Wdeprecated-declarations -Wno-sign-conversion -Wno-infinite-recursion -Wno-comma -Wno-block-capture-autoreleasing -Wno-strict-prototypes -Wno-semicolon-before-method-body -index-store-path /Users/shizihan/DailyUse/Github/InkMarkdown/.scratch/architecture-deepening-2026-09-07/evidence/20260907-1415-ticket-27/consumer/DerivedData-InkMarkdownSwiftUIConsumer/Index.noindex/DataStore @/Users/shizihan/DailyUse/Github/InkMarkdown/.scratch/architecture-deepening-2026-09-07/evidence/20260907-1415-ticket-27/consumer/DerivedData-InkMarkdownSwiftUIConsumer/Build/Intermediates.noindex/cmark-gfm.build/Debug-iphonesimulator/cmark-gfm.build/Objects-normal/arm64/7187679823f38a2a940e0043cdf9d637-common-args.resp -MMD -MT dependencies -MF /Users/shizihan/DailyUse/Github/InkMarkdown/.scratch/architecture-deepening-2026-09-07/evidence/20260907-1415-ticket-27/consumer/DerivedData-InkMarkdownSwiftUIConsumer/Build/Intermediates.noindex/cmark-gfm.build/Debug-iphonesimulator/cmark-gfm.build/Objects-normal/arm64/footnotes.d --serialize-diagnostics /Users/shizihan/DailyUse/Github/InkMarkdown/.scratch/architecture-deepening-2026-09-07/evidence/20260907-1415-ticket-27/consumer/DerivedData-InkMarkdownSwiftUIConsumer/Build/Intermediates.noindex/cmark-gfm.build/Debug-iphonesimulator/cmark-gfm.build/Objects-normal/arm64/footnotes.dia -c /Users/shizihan/DailyUse/Github/InkMarkdown/Packages/Caches/swift-cmark/src/footnotes.c -o /Users/shizihan/DailyUse/Github/InkMarkdown/.scratch/architecture-deepening-2026-09-07/evidence/20260907-1415-ticket-27/consumer/DerivedData-InkMarkdownSwiftUIConsumer/Build/Intermediates.noindex/cmark-gfm.build/Debug-iphonesimulator/cmark-gfm.build/Objects-normal/arm64/footnotes.o -index-unit-output-path /cmark-gfm.build/Debug-iphonesimulator/cmark-gfm.build/Objects-normal/arm64/footnotes.o

CompileC /Users/shizihan/DailyUse/Github/InkMarkdown/.scratch/architecture-deepening-2026-09-07/evidence/20260907-1415-ticket-27/consumer/DerivedData-InkMarkdownSwiftUIConsumer/Build/Intermediates.noindex/cmark-gfm.build/Debug-iphonesimulator/cmark-gfm.build/Objects-normal/arm64/commonmark.o /Users/shizihan/DailyUse/Github/InkMarkdown/Packages/Caches/swift-cmark/src/commonmark.c normal arm64 c com.apple.compilers.llvm.clang.1_0.compiler (in target 'cmark-gfm' from project 'cmark-gfm')
    cd /Users/shizihan/DailyUse/Github/InkMarkdown/.github/fixtures/consumer-smoke/.swiftpm/xcode
    
    Using response file: /Users/shizihan/DailyUse/Github/InkMarkdown/.scratch/architecture-deepening-2026-09-07/evidence/20260907-1415-ticket-27/consumer/DerivedData-InkMarkdownSwiftUIConsumer/Build/Intermediates.noindex/cmark-gfm.build/Debug-iphonesimulator/cmark-gfm.build/Objects-normal/arm64/7187679823f38a2a940e0043cdf9d637-common-args.resp
    
    /Applications/Xcode.app/Contents/Developer/Toolchains/XcodeDefault.xctoolchain/usr/bin/clang -x c -ivfsstatcache /Users/shizihan/DailyUse/Github/InkMarkdown/.scratch/architecture-deepening-2026-09-07/evidence/20260907-1415-ticket-27/consumer/DerivedData-InkMarkdownSwiftUIConsumer/SDKStatCaches.noindex/iphonesimulator26.5-23F81a-6cfe768891a92b912361537c460fe42b.sdkstatcache -target arm64-apple-ios12.0-simulator -fmessage-length\=0 -fdiagnostics-show-note-include-stack -fmacro-backtrace-limit\=0 -fno-color-diagnostics -fmodules-prune-interval\=86400 -fmodules-prune-after\=345600 -fbuild-session-file\=/Users/shizihan/DailyUse/Github/InkMarkdown/.scratch/architecture-deepening-2026-09-07/evidence/20260907-1415-ticket-27/consumer/DerivedData-InkMarkdownSwiftUIConsumer/ModuleCache.noindex/Session.modulevalidation -fmodules-validate-once-per-build-session -Wnon-modular-include-in-framework-module -Werror\=non-modular-include-in-framework-module -Wno-trigraphs -Wno-missing-field-initializers -Wno-missing-prototypes -Wno-return-type -Wno-missing-braces -Wparentheses -Wswitch -Wno-unused-function -Wno-unused-label -Wno-unused-parameter -Wno-unused-variable -Wunused-value -Wno-empty-body -Wno-uninitialized -Wno-unknown-pragmas -w -Wno-shadow -Wno-four-char-constants -Wno-conversion -Wno-constant-conversion -Wno-int-conversion -Wno-bool-conversion -Wno-enum-conversion -Wno-float-conversion -Wno-non-literal-null-conversion -Wno-objc-literal-conversion -Wshorten-64-to-32 -Wpointer-sign -Wno-newline-eof -Wno-implicit-fallthrough -isysroot /Applications/Xcode.app/Contents/Developer/Platforms/iPhoneSimulator.platform/Developer/SDKs/iPhoneSimulator26.5.sdk -fstrict-aliasing -Wdeprecated-declarations -Wno-sign-conversion -Wno-infinite-recursion -Wno-comma -Wno-block-capture-autoreleasing -Wno-strict-prototypes -Wno-semicolon-before-method-body -index-store-path /Users/shizihan/DailyUse/Github/InkMarkdown/.scratch/architecture-deepening-2026-09-07/evidence/20260907-1415-ticket-27/consumer/DerivedData-InkMarkdownSwiftUIConsumer/Index.noindex/DataStore @/Users/shizihan/DailyUse/Github/InkMarkdown/.scratch/architecture-deepening-2026-09-07/evidence/20260907-1415-ticket-27/consumer/DerivedData-InkMarkdownSwiftUIConsumer/Build/Intermediates.noindex/cmark-gfm.build/Debug-iphonesimulator/cmark-gfm.build/Objects-normal/arm64/7187679823f38a2a940e0043cdf9d637-common-args.resp -MMD -MT dependencies -MF /Users/shizihan/DailyUse/Github/InkMarkdown/.scratch/architecture-deepening-2026-09-07/evidence/20260907-1415-ticket-27/consumer/DerivedData-InkMarkdownSwiftUIConsumer/Build/Intermediates.noindex/cmark-gfm.build/Debug-iphonesimulator/cmark-gfm.build/Objects-normal/arm64/commonmark.d --serialize-diagnostics /Users/shizihan/DailyUse/Github/InkMarkdown/.scratch/architecture-deepening-2026-09-07/evidence/20260907-1415-ticket-27/consumer/DerivedData-InkMarkdownSwiftUIConsumer/Build/Intermediates.noindex/cmark-gfm.build/Debug-iphonesimulator/cmark-gfm.build/Objects-normal/arm64/commonmark.dia -c /Users/shizihan/DailyUse/Github/InkMarkdown/Packages/Caches/swift-cmark/src/commonmark.c -o /Users/shizihan/DailyUse/Github/InkMarkdown/.scratch/architecture-deepening-2026-09-07/evidence/20260907-1415-ticket-27/consumer/DerivedData-InkMarkdownSwiftUIConsumer/Build/Intermediates.noindex/cmark-gfm.build/Debug-iphonesimulator/cmark-gfm.build/Objects-normal/arm64/commonmark.o -index-unit-output-path /cmark-gfm.build/Debug-iphonesimulator/cmark-gfm.build/Objects-normal/arm64/commonmark.o

CompileC /Users/shizihan/DailyUse/Github/InkMarkdown/.scratch/architecture-deepening-2026-09-07/evidence/20260907-1415-ticket-27/consumer/DerivedData-InkMarkdownSwiftUIConsumer/Build/Intermediates.noindex/cmark-gfm.build/Debug-iphonesimulator/cmark-gfm.build/Objects-normal/arm64/cmark.o /Users/shizihan/DailyUse/Github/InkMarkdown/Packages/Caches/swift-cmark/src/cmark.c normal arm64 c com.apple.compilers.llvm.clang.1_0.compiler (in target 'cmark-gfm' from project 'cmark-gfm')
    cd /Users/shizihan/DailyUse/Github/InkMarkdown/.github/fixtures/consumer-smoke/.swiftpm/xcode
    
    Using response file: /Users/shizihan/DailyUse/Github/InkMarkdown/.scratch/architecture-deepening-2026-09-07/evidence/20260907-1415-ticket-27/consumer/DerivedData-InkMarkdownSwiftUIConsumer/Build/Intermediates.noindex/cmark-gfm.build/Debug-iphonesimulator/cmark-gfm.build/Objects-normal/arm64/7187679823f38a2a940e0043cdf9d637-common-args.resp
    
    /Applications/Xcode.app/Contents/Developer/Toolchains/XcodeDefault.xctoolchain/usr/bin/clang -x c -ivfsstatcache /Users/shizihan/DailyUse/Github/InkMarkdown/.scratch/architecture-deepening-2026-09-07/evidence/20260907-1415-ticket-27/consumer/DerivedData-InkMarkdownSwiftUIConsumer/SDKStatCaches.noindex/iphonesimulator26.5-23F81a-6cfe768891a92b912361537c460fe42b.sdkstatcache -target arm64-apple-ios12.0-simulator -fmessage-length\=0 -fdiagnostics-show-note-include-stack -fmacro-backtrace-limit\=0 -fno-color-diagnostics -fmodules-prune-interval\=86400 -fmodules-prune-after\=345600 -fbuild-session-file\=/Users/shizihan/DailyUse/Github/InkMarkdown/.scratch/architecture-deepening-2026-09-07/evidence/20260907-1415-ticket-27/consumer/DerivedData-InkMarkdownSwiftUIConsumer/ModuleCache.noindex/Session.modulevalidation -fmodules-validate-once-per-build-session -Wnon-modular-include-in-framework-module -Werror\=non-modular-include-in-framework-module -Wno-trigraphs -Wno-missing-field-initializers -Wno-missing-prototypes -Wno-return-type -Wno-missing-braces -Wparentheses -Wswitch -Wno-unused-function -Wno-unused-label -Wno-unused-parameter -Wno-unused-variable -Wunused-value -Wno-empty-body -Wno-uninitialized -Wno-unknown-pragmas -w -Wno-shadow -Wno-four-char-constants -Wno-conversion -Wno-constant-conversion -Wno-int-conversion -Wno-bool-conversion -Wno-enum-conversion -Wno-float-conversion -Wno-non-literal-null-conversion -Wno-objc-literal-conversion -Wshorten-64-to-32 -Wpointer-sign -Wno-newline-eof -Wno-implicit-fallthrough -isysroot /Applications/Xcode.app/Contents/Developer/Platforms/iPhoneSimulator.platform/Developer/SDKs/iPhoneSimulator26.5.sdk -fstrict-aliasing -Wdeprecated-declarations -Wno-sign-conversion -Wno-infinite-recursion -Wno-comma -Wno-block-capture-autoreleasing -Wno-strict-prototypes -Wno-semicolon-before-method-body -index-store-path /Users/shizihan/DailyUse/Github/InkMarkdown/.scratch/architecture-deepening-2026-09-07/evidence/20260907-1415-ticket-27/consumer/DerivedData-InkMarkdownSwiftUIConsumer/Index.noindex/DataStore @/Users/shizihan/DailyUse/Github/InkMarkdown/.scratch/architecture-deepening-2026-09-07/evidence/20260907-1415-ticket-27/consumer/DerivedData-InkMarkdownSwiftUIConsumer/Build/Intermediates.noindex/cmark-gfm.build/Debug-iphonesimulator/cmark-gfm.build/Objects-normal/arm64/7187679823f38a2a940e0043cdf9d637-common-args.resp -MMD -MT dependencies -MF /Users/shizihan/DailyUse/Github/InkMarkdown/.scratch/architecture-deepening-2026-09-07/evidence/20260907-1415-ticket-27/consumer/DerivedData-InkMarkdownSwiftUIConsumer/Build/Intermediates.noindex/cmark-gfm.build/Debug-iphonesimulator/cmark-gfm.build/Objects-normal/arm64/cmark.d --serialize-diagnostics /Users/shizihan/DailyUse/Github/InkMarkdown/.scratch/architecture-deepening-2026-09-07/evidence/20260907-1415-ticket-27/consumer/DerivedData-InkMarkdownSwiftUIConsumer/Build/Intermediates.noindex/cmark-gfm.build/Debug-iphonesimulator/cmark-gfm.build/Objects-normal/arm64/cmark.dia -c /Users/shizihan/DailyUse/Github/InkMarkdown/Packages/Caches/swift-cmark/src/cmark.c -o /Users/shizihan/DailyUse/Github/InkMarkdown/.scratch/architecture-deepening-2026-09-07/evidence/20260907-1415-ticket-27/consumer/DerivedData-InkMarkdownSwiftUIConsumer/Build/Intermediates.noindex/cmark-gfm.build/Debug-iphonesimulator/cmark-gfm.build/Objects-normal/arm64/cmark.o -index-unit-output-path /cmark-gfm.build/Debug-iphonesimulator/cmark-gfm.build/Objects-normal/arm64/cmark.o

CompileC /Users/shizihan/DailyUse/Github/InkMarkdown/.scratch/architecture-deepening-2026-09-07/evidence/20260907-1415-ticket-27/consumer/DerivedData-InkMarkdownSwiftUIConsumer/Build/Intermediates.noindex/cmark-gfm.build/Debug-iphonesimulator/cmark-gfm.build/Objects-normal/arm64/buffer.o /Users/shizihan/DailyUse/Github/InkMarkdown/Packages/Caches/swift-cmark/src/buffer.c normal arm64 c com.apple.compilers.llvm.clang.1_0.compiler (in target 'cmark-gfm' from project 'cmark-gfm')
    cd /Users/shizihan/DailyUse/Github/InkMarkdown/.github/fixtures/consumer-smoke/.swiftpm/xcode
    
    Using response file: /Users/shizihan/DailyUse/Github/InkMarkdown/.scratch/architecture-deepening-2026-09-07/evidence/20260907-1415-ticket-27/consumer/DerivedData-InkMarkdownSwiftUIConsumer/Build/Intermediates.noindex/cmark-gfm.build/Debug-iphonesimulator/cmark-gfm.build/Objects-normal/arm64/7187679823f38a2a940e0043cdf9d637-common-args.resp
    
    /Applications/Xcode.app/Contents/Developer/Toolchains/XcodeDefault.xctoolchain/usr/bin/clang -x c -ivfsstatcache /Users/shizihan/DailyUse/Github/InkMarkdown/.scratch/architecture-deepening-2026-09-07/evidence/20260907-1415-ticket-27/consumer/DerivedData-InkMarkdownSwiftUIConsumer/SDKStatCaches.noindex/iphonesimulator26.5-23F81a-6cfe768891a92b912361537c460fe42b.sdkstatcache -target arm64-apple-ios12.0-simulator -fmessage-length\=0 -fdiagnostics-show-note-include-stack -fmacro-backtrace-limit\=0 -fno-color-diagnostics -fmodules-prune-interval\=86400 -fmodules-prune-after\=345600 -fbuild-session-file\=/Users/shizihan/DailyUse/Github/InkMarkdown/.scratch/architecture-deepening-2026-09-07/evidence/20260907-1415-ticket-27/consumer/DerivedData-InkMarkdownSwiftUIConsumer/ModuleCache.noindex/Session.modulevalidation -fmodules-validate-once-per-build-session -Wnon-modular-include-in-framework-module -Werror\=non-modular-include-in-framework-module -Wno-trigraphs -Wno-missing-field-initializers -Wno-missing-prototypes -Wno-return-type -Wno-missing-braces -Wparentheses -Wswitch -Wno-unused-function -Wno-unused-label -Wno-unused-parameter -Wno-unused-variable -Wunused-value -Wno-empty-body -Wno-uninitialized -Wno-unknown-pragmas -w -Wno-shadow -Wno-four-char-constants -Wno-conversion -Wno-constant-conversion -Wno-int-conversion -Wno-bool-conversion -Wno-enum-conversion -Wno-float-conversion -Wno-non-literal-null-conversion -Wno-objc-literal-conversion -Wshorten-64-to-32 -Wpointer-sign -Wno-newline-eof -Wno-implicit-fallthrough -isysroot /Applications/Xcode.app/Contents/Developer/Platforms/iPhoneSimulator.platform/Developer/SDKs/iPhoneSimulator26.5.sdk -fstrict-aliasing -Wdeprecated-declarations -Wno-sign-conversion -Wno-infinite-recursion -Wno-comma -Wno-block-capture-autoreleasing -Wno-strict-prototypes -Wno-semicolon-before-method-body -index-store-path /Users/shizihan/DailyUse/Github/InkMarkdown/.scratch/architecture-deepening-2026-09-07/evidence/20260907-1415-ticket-27/consumer/DerivedData-InkMarkdownSwiftUIConsumer/Index.noindex/DataStore @/Users/shizihan/DailyUse/Github/InkMarkdown/.scratch/architecture-deepening-2026-09-07/evidence/20260907-1415-ticket-27/consumer/DerivedData-InkMarkdownSwiftUIConsumer/Build/Intermediates.noindex/cmark-gfm.build/Debug-iphonesimulator/cmark-gfm.build/Objects-normal/arm64/7187679823f38a2a940e0043cdf9d637-common-args.resp -MMD -MT dependencies -MF /Users/shizihan/DailyUse/Github/InkMarkdown/.scratch/architecture-deepening-2026-09-07/evidence/20260907-1415-ticket-27/consumer/DerivedData-InkMarkdownSwiftUIConsumer/Build/Intermediates.noindex/cmark-gfm.build/Debug-iphonesimulator/cmark-gfm.build/Objects-normal/arm64/buffer.d --serialize-diagnostics /Users/shizihan/DailyUse/Github/InkMarkdown/.scratch/architecture-deepening-2026-09-07/evidence/20260907-1415-ticket-27/consumer/DerivedData-InkMarkdownSwiftUIConsumer/Build/Intermediates.noindex/cmark-gfm.build/Debug-iphonesimulator/cmark-gfm.build/Objects-normal/arm64/buffer.dia -c /Users/shizihan/DailyUse/Github/InkMarkdown/Packages/Caches/swift-cmark/src/buffer.c -o /Users/shizihan/DailyUse/Github/InkMarkdown/.scratch/architecture-deepening-2026-09-07/evidence/20260907-1415-ticket-27/consumer/DerivedData-InkMarkdownSwiftUIConsumer/Build/Intermediates.noindex/cmark-gfm.build/Debug-iphonesimulator/cmark-gfm.build/Objects-normal/arm64/buffer.o -index-unit-output-path /cmark-gfm.build/Debug-iphonesimulator/cmark-gfm.build/Objects-normal/arm64/buffer.o

CompileC /Users/shizihan/DailyUse/Github/InkMarkdown/.scratch/architecture-deepening-2026-09-07/evidence/20260907-1415-ticket-27/consumer/DerivedData-InkMarkdownSwiftUIConsumer/Build/Intermediates.noindex/cmark-gfm.build/Debug-iphonesimulator/cmark-gfm.build/Objects-normal/arm64/blocks.o /Users/shizihan/DailyUse/Github/InkMarkdown/Packages/Caches/swift-cmark/src/blocks.c normal arm64 c com.apple.compilers.llvm.clang.1_0.compiler (in target 'cmark-gfm' from project 'cmark-gfm')
    cd /Users/shizihan/DailyUse/Github/InkMarkdown/.github/fixtures/consumer-smoke/.swiftpm/xcode
    
    Using response file: /Users/shizihan/DailyUse/Github/InkMarkdown/.scratch/architecture-deepening-2026-09-07/evidence/20260907-1415-ticket-27/consumer/DerivedData-InkMarkdownSwiftUIConsumer/Build/Intermediates.noindex/cmark-gfm.build/Debug-iphonesimulator/cmark-gfm.build/Objects-normal/arm64/7187679823f38a2a940e0043cdf9d637-common-args.resp
    
    /Applications/Xcode.app/Contents/Developer/Toolchains/XcodeDefault.xctoolchain/usr/bin/clang -x c -ivfsstatcache /Users/shizihan/DailyUse/Github/InkMarkdown/.scratch/architecture-deepening-2026-09-07/evidence/20260907-1415-ticket-27/consumer/DerivedData-InkMarkdownSwiftUIConsumer/SDKStatCaches.noindex/iphonesimulator26.5-23F81a-6cfe768891a92b912361537c460fe42b.sdkstatcache -target arm64-apple-ios12.0-simulator -fmessage-length\=0 -fdiagnostics-show-note-include-stack -fmacro-backtrace-limit\=0 -fno-color-diagnostics -fmodules-prune-interval\=86400 -fmodules-prune-after\=345600 -fbuild-session-file\=/Users/shizihan/DailyUse/Github/InkMarkdown/.scratch/architecture-deepening-2026-09-07/evidence/20260907-1415-ticket-27/consumer/DerivedData-InkMarkdownSwiftUIConsumer/ModuleCache.noindex/Session.modulevalidation -fmodules-validate-once-per-build-session -Wnon-modular-include-in-framework-module -Werror\=non-modular-include-in-framework-module -Wno-trigraphs -Wno-missing-field-initializers -Wno-missing-prototypes -Wno-return-type -Wno-missing-braces -Wparentheses -Wswitch -Wno-unused-function -Wno-unused-label -Wno-unused-parameter -Wno-unused-variable -Wunused-value -Wno-empty-body -Wno-uninitialized -Wno-unknown-pragmas -w -Wno-shadow -Wno-four-char-constants -Wno-conversion -Wno-constant-conversion -Wno-int-conversion -Wno-bool-conversion -Wno-enum-conversion -Wno-float-conversion -Wno-non-literal-null-conversion -Wno-objc-literal-conversion -Wshorten-64-to-32 -Wpointer-sign -Wno-newline-eof -Wno-implicit-fallthrough -isysroot /Applications/Xcode.app/Contents/Developer/Platforms/iPhoneSimulator.platform/Developer/SDKs/iPhoneSimulator26.5.sdk -fstrict-aliasing -Wdeprecated-declarations -Wno-sign-conversion -Wno-infinite-recursion -Wno-comma -Wno-block-capture-autoreleasing -Wno-strict-prototypes -Wno-semicolon-before-method-body -index-store-path /Users/shizihan/DailyUse/Github/InkMarkdown/.scratch/architecture-deepening-2026-09-07/evidence/20260907-1415-ticket-27/consumer/DerivedData-InkMarkdownSwiftUIConsumer/Index.noindex/DataStore @/Users/shizihan/DailyUse/Github/InkMarkdown/.scratch/architecture-deepening-2026-09-07/evidence/20260907-1415-ticket-27/consumer/DerivedData-InkMarkdownSwiftUIConsumer/Build/Intermediates.noindex/cmark-gfm.build/Debug-iphonesimulator/cmark-gfm.build/Objects-normal/arm64/7187679823f38a2a940e0043cdf9d637-common-args.resp -MMD -MT dependencies -MF /Users/shizihan/DailyUse/Github/InkMarkdown/.scratch/architecture-deepening-2026-09-07/evidence/20260907-1415-ticket-27/consumer/DerivedData-InkMarkdownSwiftUIConsumer/Build/Intermediates.noindex/cmark-gfm.build/Debug-iphonesimulator/cmark-gfm.build/Objects-normal/arm64/blocks.d --serialize-diagnostics /Users/shizihan/DailyUse/Github/InkMarkdown/.scratch/architecture-deepening-2026-09-07/evidence/20260907-1415-ticket-27/consumer/DerivedData-InkMarkdownSwiftUIConsumer/Build/Intermediates.noindex/cmark-gfm.build/Debug-iphonesimulator/cmark-gfm.build/Objects-normal/arm64/blocks.dia -c /Users/shizihan/DailyUse/Github/InkMarkdown/Packages/Caches/swift-cmark/src/blocks.c -o /Users/shizihan/DailyUse/Github/InkMarkdown/.scratch/architecture-deepening-2026-09-07/evidence/20260907-1415-ticket-27/consumer/DerivedData-InkMarkdownSwiftUIConsumer/Build/Intermediates.noindex/cmark-gfm.build/Debug-iphonesimulator/cmark-gfm.build/Objects-normal/arm64/blocks.o -index-unit-output-path /cmark-gfm.build/Debug-iphonesimulator/cmark-gfm.build/Objects-normal/arm64/blocks.o

CompileC /Users/shizihan/DailyUse/Github/InkMarkdown/.scratch/architecture-deepening-2026-09-07/evidence/20260907-1415-ticket-27/consumer/DerivedData-InkMarkdownSwiftUIConsumer/Build/Intermediates.noindex/cmark-gfm.build/Debug-iphonesimulator/cmark-gfm.build/Objects-normal/arm64/arena.o /Users/shizihan/DailyUse/Github/InkMarkdown/Packages/Caches/swift-cmark/src/arena.c normal arm64 c com.apple.compilers.llvm.clang.1_0.compiler (in target 'cmark-gfm' from project 'cmark-gfm')
    cd /Users/shizihan/DailyUse/Github/InkMarkdown/.github/fixtures/consumer-smoke/.swiftpm/xcode
    
    Using response file: /Users/shizihan/DailyUse/Github/InkMarkdown/.scratch/architecture-deepening-2026-09-07/evidence/20260907-1415-ticket-27/consumer/DerivedData-InkMarkdownSwiftUIConsumer/Build/Intermediates.noindex/cmark-gfm.build/Debug-iphonesimulator/cmark-gfm.build/Objects-normal/arm64/7187679823f38a2a940e0043cdf9d637-common-args.resp
    
    /Applications/Xcode.app/Contents/Developer/Toolchains/XcodeDefault.xctoolchain/usr/bin/clang -x c -ivfsstatcache /Users/shizihan/DailyUse/Github/InkMarkdown/.scratch/architecture-deepening-2026-09-07/evidence/20260907-1415-ticket-27/consumer/DerivedData-InkMarkdownSwiftUIConsumer/SDKStatCaches.noindex/iphonesimulator26.5-23F81a-6cfe768891a92b912361537c460fe42b.sdkstatcache -target arm64-apple-ios12.0-simulator -fmessage-length\=0 -fdiagnostics-show-note-include-stack -fmacro-backtrace-limit\=0 -fno-color-diagnostics -fmodules-prune-interval\=86400 -fmodules-prune-after\=345600 -fbuild-session-file\=/Users/shizihan/DailyUse/Github/InkMarkdown/.scratch/architecture-deepening-2026-09-07/evidence/20260907-1415-ticket-27/consumer/DerivedData-InkMarkdownSwiftUIConsumer/ModuleCache.noindex/Session.modulevalidation -fmodules-validate-once-per-build-session -Wnon-modular-include-in-framework-module -Werror\=non-modular-include-in-framework-module -Wno-trigraphs -Wno-missing-field-initializers -Wno-missing-prototypes -Wno-return-type -Wno-missing-braces -Wparentheses -Wswitch -Wno-unused-function -Wno-unused-label -Wno-unused-parameter -Wno-unused-variable -Wunused-value -Wno-empty-body -Wno-uninitialized -Wno-unknown-pragmas -w -Wno-shadow -Wno-four-char-constants -Wno-conversion -Wno-constant-conversion -Wno-int-conversion -Wno-bool-conversion -Wno-enum-conversion -Wno-float-conversion -Wno-non-literal-null-conversion -Wno-objc-literal-conversion -Wshorten-64-to-32 -Wpointer-sign -Wno-newline-eof -Wno-implicit-fallthrough -isysroot /Applications/Xcode.app/Contents/Developer/Platforms/iPhoneSimulator.platform/Developer/SDKs/iPhoneSimulator26.5.sdk -fstrict-aliasing -Wdeprecated-declarations -Wno-sign-conversion -Wno-infinite-recursion -Wno-comma -Wno-block-capture-autoreleasing -Wno-strict-prototypes -Wno-semicolon-before-method-body -index-store-path /Users/shizihan/DailyUse/Github/InkMarkdown/.scratch/architecture-deepening-2026-09-07/evidence/20260907-1415-ticket-27/consumer/DerivedData-InkMarkdownSwiftUIConsumer/Index.noindex/DataStore @/Users/shizihan/DailyUse/Github/InkMarkdown/.scratch/architecture-deepening-2026-09-07/evidence/20260907-1415-ticket-27/consumer/DerivedData-InkMarkdownSwiftUIConsumer/Build/Intermediates.noindex/cmark-gfm.build/Debug-iphonesimulator/cmark-gfm.build/Objects-normal/arm64/7187679823f38a2a940e0043cdf9d637-common-args.resp -MMD -MT dependencies -MF /Users/shizihan/DailyUse/Github/InkMarkdown/.scratch/architecture-deepening-2026-09-07/evidence/20260907-1415-ticket-27/consumer/DerivedData-InkMarkdownSwiftUIConsumer/Build/Intermediates.noindex/cmark-gfm.build/Debug-iphonesimulator/cmark-gfm.build/Objects-normal/arm64/arena.d --serialize-diagnostics /Users/shizihan/DailyUse/Github/InkMarkdown/.scratch/architecture-deepening-2026-09-07/evidence/20260907-1415-ticket-27/consumer/DerivedData-InkMarkdownSwiftUIConsumer/Build/Intermediates.noindex/cmark-gfm.build/Debug-iphonesimulator/cmark-gfm.build/Objects-normal/arm64/arena.dia -c /Users/shizihan/DailyUse/Github/InkMarkdown/Packages/Caches/swift-cmark/src/arena.c -o /Users/shizihan/DailyUse/Github/InkMarkdown/.scratch/architecture-deepening-2026-09-07/evidence/20260907-1415-ticket-27/consumer/DerivedData-InkMarkdownSwiftUIConsumer/Build/Intermediates.noindex/cmark-gfm.build/Debug-iphonesimulator/cmark-gfm.build/Objects-normal/arm64/arena.o -index-unit-output-path /cmark-gfm.build/Debug-iphonesimulator/cmark-gfm.build/Objects-normal/arm64/arena.o

PrecompileModule /Users/shizihan/DailyUse/Github/InkMarkdown/.scratch/architecture-deepening-2026-09-07/evidence/20260907-1415-ticket-27/consumer/DerivedData-InkMarkdownSwiftUIConsumer/Build/Intermediates.noindex/ExplicitPrecompiledModules/_Builtin_inttypes-5LVVTABEIDPGA4OXGZBLMX2CQ.scan
    cd /
    builtin-precompileModule /Users/shizihan/DailyUse/Github/InkMarkdown/.scratch/architecture-deepening-2026-09-07/evidence/20260907-1415-ticket-27/consumer/DerivedData-InkMarkdownSwiftUIConsumer/Build/Intermediates.noindex/ExplicitPrecompiledModules/_Builtin_inttypes-5LVVTABEIDPGA4OXGZBLMX2CQ.scan

PrecompileModule /Users/shizihan/DailyUse/Github/InkMarkdown/.scratch/architecture-deepening-2026-09-07/evidence/20260907-1415-ticket-27/consumer/DerivedData-InkMarkdownSwiftUIConsumer/Build/Intermediates.noindex/ExplicitPrecompiledModules/cmark_gfm-76NIHLIJ2EICDPTLERCN818I2.scan
    cd /
    builtin-precompileModule /Users/shizihan/DailyUse/Github/InkMarkdown/.scratch/architecture-deepening-2026-09-07/evidence/20260907-1415-ticket-27/consumer/DerivedData-InkMarkdownSwiftUIConsumer/Build/Intermediates.noindex/ExplicitPrecompiledModules/cmark_gfm-76NIHLIJ2EICDPTLERCN818I2.scan

PrecompileModule /Users/shizihan/DailyUse/Github/InkMarkdown/.scratch/architecture-deepening-2026-09-07/evidence/20260907-1415-ticket-27/consumer/DerivedData-InkMarkdownSwiftUIConsumer/Build/Intermediates.noindex/ExplicitPrecompiledModules/Darwin-1942564PDM8XQAK25RXHKTQX4.scan
    cd /
    builtin-precompileModule /Users/shizihan/DailyUse/Github/InkMarkdown/.scratch/architecture-deepening-2026-09-07/evidence/20260907-1415-ticket-27/consumer/DerivedData-InkMarkdownSwiftUIConsumer/Build/Intermediates.noindex/ExplicitPrecompiledModules/Darwin-1942564PDM8XQAK25RXHKTQX4.scan

RegisterExecutionPolicyException /Users/shizihan/DailyUse/Github/InkMarkdown/.scratch/architecture-deepening-2026-09-07/evidence/20260907-1415-ticket-27/consumer/DerivedData-InkMarkdownSwiftUIConsumer/Build/Products/Debug-iphonesimulator/CAtomic.o (in target 'CAtomic' from project 'swift-markdown')
    cd /Users/shizihan/DailyUse/Github/InkMarkdown/Packages/Caches/swift-markdown
    builtin-RegisterExecutionPolicyException /Users/shizihan/DailyUse/Github/InkMarkdown/.scratch/architecture-deepening-2026-09-07/evidence/20260907-1415-ticket-27/consumer/DerivedData-InkMarkdownSwiftUIConsumer/Build/Products/Debug-iphonesimulator/CAtomic.o

SwiftExplicitDependencyGeneratePcm arm64 /Users/shizihan/DailyUse/Github/InkMarkdown/.scratch/architecture-deepening-2026-09-07/evidence/20260907-1415-ticket-27/consumer/DerivedData-InkMarkdownSwiftUIConsumer/ModuleCache.noindex/_DarwinFoundation2-73YSPY09OHJ870J4Z9391VE6M.pcm

SwiftExplicitDependencyGeneratePcm arm64 /Users/shizihan/DailyUse/Github/InkMarkdown/.scratch/architecture-deepening-2026-09-07/evidence/20260907-1415-ticket-27/consumer/DerivedData-InkMarkdownSwiftUIConsumer/ModuleCache.noindex/_Builtin_limits-2YZWKC0COD4T9UGWGPQ4FJH29.pcm

CompileC /Users/shizihan/DailyUse/Github/InkMarkdown/.scratch/architecture-deepening-2026-09-07/evidence/20260907-1415-ticket-27/consumer/DerivedData-InkMarkdownSwiftUIConsumer/Build/Intermediates.noindex/cmark-gfm.build/Debug-iphonesimulator/cmark-gfm-extensions.build/Objects-normal/arm64/tasklist.o /Users/shizihan/DailyUse/Github/InkMarkdown/Packages/Caches/swift-cmark/extensions/tasklist.c normal arm64 c com.apple.compilers.llvm.clang.1_0.compiler (in target 'cmark-gfm-extensions' from project 'cmark-gfm')
    cd /Users/shizihan/DailyUse/Github/InkMarkdown/.github/fixtures/consumer-smoke/.swiftpm/xcode
    
    Using response file: /Users/shizihan/DailyUse/Github/InkMarkdown/.scratch/architecture-deepening-2026-09-07/evidence/20260907-1415-ticket-27/consumer/DerivedData-InkMarkdownSwiftUIConsumer/Build/Intermediates.noindex/cmark-gfm.build/Debug-iphonesimulator/cmark-gfm-extensions.build/Objects-normal/arm64/7187679823f38a2a940e0043cdf9d637-common-args.resp
    
    /Applications/Xcode.app/Contents/Developer/Toolchains/XcodeDefault.xctoolchain/usr/bin/clang -x c -ivfsstatcache /Users/shizihan/DailyUse/Github/InkMarkdown/.scratch/architecture-deepening-2026-09-07/evidence/20260907-1415-ticket-27/consumer/DerivedData-InkMarkdownSwiftUIConsumer/SDKStatCaches.noindex/iphonesimulator26.5-23F81a-6cfe768891a92b912361537c460fe42b.sdkstatcache -target arm64-apple-ios12.0-simulator -fmessage-length\=0 -fdiagnostics-show-note-include-stack -fmacro-backtrace-limit\=0 -fno-color-diagnostics -fmodules-prune-interval\=86400 -fmodules-prune-after\=345600 -fbuild-session-file\=/Users/shizihan/DailyUse/Github/InkMarkdown/.scratch/architecture-deepening-2026-09-07/evidence/20260907-1415-ticket-27/consumer/DerivedData-InkMarkdownSwiftUIConsumer/ModuleCache.noindex/Session.modulevalidation -fmodules-validate-once-per-build-session -Wnon-modular-include-in-framework-module -Werror\=non-modular-include-in-framework-module -Wno-trigraphs -Wno-missing-field-initializers -Wno-missing-prototypes -Wno-return-type -Wno-missing-braces -Wparentheses -Wswitch -Wno-unused-function -Wno-unused-label -Wno-unused-parameter -Wno-unused-variable -Wunused-value -Wno-empty-body -Wno-uninitialized -Wno-unknown-pragmas -w -Wno-shadow -Wno-four-char-constants -Wno-conversion -Wno-constant-conversion -Wno-int-conversion -Wno-bool-conversion -Wno-enum-conversion -Wno-float-conversion -Wno-non-literal-null-conversion -Wno-objc-literal-conversion -Wshorten-64-to-32 -Wpointer-sign -Wno-newline-eof -Wno-implicit-fallthrough -isysroot /Applications/Xcode.app/Contents/Developer/Platforms/iPhoneSimulator.platform/Developer/SDKs/iPhoneSimulator26.5.sdk -fstrict-aliasing -Wdeprecated-declarations -Wno-sign-conversion -Wno-infinite-recursion -Wno-comma -Wno-block-capture-autoreleasing -Wno-strict-prototypes -Wno-semicolon-before-method-body -index-store-path /Users/shizihan/DailyUse/Github/InkMarkdown/.scratch/architecture-deepening-2026-09-07/evidence/20260907-1415-ticket-27/consumer/DerivedData-InkMarkdownSwiftUIConsumer/Index.noindex/DataStore @/Users/shizihan/DailyUse/Github/InkMarkdown/.scratch/architecture-deepening-2026-09-07/evidence/20260907-1415-ticket-27/consumer/DerivedData-InkMarkdownSwiftUIConsumer/Build/Intermediates.noindex/cmark-gfm.build/Debug-iphonesimulator/cmark-gfm-extensions.build/Objects-normal/arm64/7187679823f38a2a940e0043cdf9d637-common-args.resp -MMD -MT dependencies -MF /Users/shizihan/DailyUse/Github/InkMarkdown/.scratch/architecture-deepening-2026-09-07/evidence/20260907-1415-ticket-27/consumer/DerivedData-InkMarkdownSwiftUIConsumer/Build/Intermediates.noindex/cmark-gfm.build/Debug-iphonesimulator/cmark-gfm-extensions.build/Objects-normal/arm64/tasklist.d --serialize-diagnostics /Users/shizihan/DailyUse/Github/InkMarkdown/.scratch/architecture-deepening-2026-09-07/evidence/20260907-1415-ticket-27/consumer/DerivedData-InkMarkdownSwiftUIConsumer/Build/Intermediates.noindex/cmark-gfm.build/Debug-iphonesimulator/cmark-gfm-extensions.build/Objects-normal/arm64/tasklist.dia -c /Users/shizihan/DailyUse/Github/InkMarkdown/Packages/Caches/swift-cmark/extensions/tasklist.c -o /Users/shizihan/DailyUse/Github/InkMarkdown/.scratch/architecture-deepening-2026-09-07/evidence/20260907-1415-ticket-27/consumer/DerivedData-InkMarkdownSwiftUIConsumer/Build/Intermediates.noindex/cmark-gfm.build/Debug-iphonesimulator/cmark-gfm-extensions.build/Objects-normal/arm64/tasklist.o -index-unit-output-path /cmark-gfm.build/Debug-iphonesimulator/cmark-gfm-extensions.build/Objects-normal/arm64/tasklist.o

CompileC /Users/shizihan/DailyUse/Github/InkMarkdown/.scratch/architecture-deepening-2026-09-07/evidence/20260907-1415-ticket-27/consumer/DerivedData-InkMarkdownSwiftUIConsumer/Build/Intermediates.noindex/cmark-gfm.build/Debug-iphonesimulator/cmark-gfm-extensions.build/Objects-normal/arm64/tagfilter.o /Users/shizihan/DailyUse/Github/InkMarkdown/Packages/Caches/swift-cmark/extensions/tagfilter.c normal arm64 c com.apple.compilers.llvm.clang.1_0.compiler (in target 'cmark-gfm-extensions' from project 'cmark-gfm')
    cd /Users/shizihan/DailyUse/Github/InkMarkdown/.github/fixtures/consumer-smoke/.swiftpm/xcode
    
    Using response file: /Users/shizihan/DailyUse/Github/InkMarkdown/.scratch/architecture-deepening-2026-09-07/evidence/20260907-1415-ticket-27/consumer/DerivedData-InkMarkdownSwiftUIConsumer/Build/Intermediates.noindex/cmark-gfm.build/Debug-iphonesimulator/cmark-gfm-extensions.build/Objects-normal/arm64/7187679823f38a2a940e0043cdf9d637-common-args.resp
    
    /Applications/Xcode.app/Contents/Developer/Toolchains/XcodeDefault.xctoolchain/usr/bin/clang -x c -ivfsstatcache /Users/shizihan/DailyUse/Github/InkMarkdown/.scratch/architecture-deepening-2026-09-07/evidence/20260907-1415-ticket-27/consumer/DerivedData-InkMarkdownSwiftUIConsumer/SDKStatCaches.noindex/iphonesimulator26.5-23F81a-6cfe768891a92b912361537c460fe42b.sdkstatcache -target arm64-apple-ios12.0-simulator -fmessage-length\=0 -fdiagnostics-show-note-include-stack -fmacro-backtrace-limit\=0 -fno-color-diagnostics -fmodules-prune-interval\=86400 -fmodules-prune-after\=345600 -fbuild-session-file\=/Users/shizihan/DailyUse/Github/InkMarkdown/.scratch/architecture-deepening-2026-09-07/evidence/20260907-1415-ticket-27/consumer/DerivedData-InkMarkdownSwiftUIConsumer/ModuleCache.noindex/Session.modulevalidation -fmodules-validate-once-per-build-session -Wnon-modular-include-in-framework-module -Werror\=non-modular-include-in-framework-module -Wno-trigraphs -Wno-missing-field-initializers -Wno-missing-prototypes -Wno-return-type -Wno-missing-braces -Wparentheses -Wswitch -Wno-unused-function -Wno-unused-label -Wno-unused-parameter -Wno-unused-variable -Wunused-value -Wno-empty-body -Wno-uninitialized -Wno-unknown-pragmas -w -Wno-shadow -Wno-four-char-constants -Wno-conversion -Wno-constant-conversion -Wno-int-conversion -Wno-bool-conversion -Wno-enum-conversion -Wno-float-conversion -Wno-non-literal-null-conversion -Wno-objc-literal-conversion -Wshorten-64-to-32 -Wpointer-sign -Wno-newline-eof -Wno-implicit-fallthrough -isysroot /Applications/Xcode.app/Contents/Developer/Platforms/iPhoneSimulator.platform/Developer/SDKs/iPhoneSimulator26.5.sdk -fstrict-aliasing -Wdeprecated-declarations -Wno-sign-conversion -Wno-infinite-recursion -Wno-comma -Wno-block-capture-autoreleasing -Wno-strict-prototypes -Wno-semicolon-before-method-body -index-store-path /Users/shizihan/DailyUse/Github/InkMarkdown/.scratch/architecture-deepening-2026-09-07/evidence/20260907-1415-ticket-27/consumer/DerivedData-InkMarkdownSwiftUIConsumer/Index.noindex/DataStore @/Users/shizihan/DailyUse/Github/InkMarkdown/.scratch/architecture-deepening-2026-09-07/evidence/20260907-1415-ticket-27/consumer/DerivedData-InkMarkdownSwiftUIConsumer/Build/Intermediates.noindex/cmark-gfm.build/Debug-iphonesimulator/cmark-gfm-extensions.build/Objects-normal/arm64/7187679823f38a2a940e0043cdf9d637-common-args.resp -MMD -MT dependencies -MF /Users/shizihan/DailyUse/Github/InkMarkdown/.scratch/architecture-deepening-2026-09-07/evidence/20260907-1415-ticket-27/consumer/DerivedData-InkMarkdownSwiftUIConsumer/Build/Intermediates.noindex/cmark-gfm.build/Debug-iphonesimulator/cmark-gfm-extensions.build/Objects-normal/arm64/tagfilter.d --serialize-diagnostics /Users/shizihan/DailyUse/Github/InkMarkdown/.scratch/architecture-deepening-2026-09-07/evidence/20260907-1415-ticket-27/consumer/DerivedData-InkMarkdownSwiftUIConsumer/Build/Intermediates.noindex/cmark-gfm.build/Debug-iphonesimulator/cmark-gfm-extensions.build/Objects-normal/arm64/tagfilter.dia -c /Users/shizihan/DailyUse/Github/InkMarkdown/Packages/Caches/swift-cmark/extensions/tagfilter.c -o /Users/shizihan/DailyUse/Github/InkMarkdown/.scratch/architecture-deepening-2026-09-07/evidence/20260907-1415-ticket-27/consumer/DerivedData-InkMarkdownSwiftUIConsumer/Build/Intermediates.noindex/cmark-gfm.build/Debug-iphonesimulator/cmark-gfm-extensions.build/Objects-normal/arm64/tagfilter.o -index-unit-output-path /cmark-gfm.build/Debug-iphonesimulator/cmark-gfm-extensions.build/Objects-normal/arm64/tagfilter.o

CompileC /Users/shizihan/DailyUse/Github/InkMarkdown/.scratch/architecture-deepening-2026-09-07/evidence/20260907-1415-ticket-27/consumer/DerivedData-InkMarkdownSwiftUIConsumer/Build/Intermediates.noindex/cmark-gfm.build/Debug-iphonesimulator/cmark-gfm-extensions.build/Objects-normal/arm64/table.o /Users/shizihan/DailyUse/Github/InkMarkdown/Packages/Caches/swift-cmark/extensions/table.c normal arm64 c com.apple.compilers.llvm.clang.1_0.compiler (in target 'cmark-gfm-extensions' from project 'cmark-gfm')
    cd /Users/shizihan/DailyUse/Github/InkMarkdown/.github/fixtures/consumer-smoke/.swiftpm/xcode
    
    Using response file: /Users/shizihan/DailyUse/Github/InkMarkdown/.scratch/architecture-deepening-2026-09-07/evidence/20260907-1415-ticket-27/consumer/DerivedData-InkMarkdownSwiftUIConsumer/Build/Intermediates.noindex/cmark-gfm.build/Debug-iphonesimulator/cmark-gfm-extensions.build/Objects-normal/arm64/7187679823f38a2a940e0043cdf9d637-common-args.resp
    
    /Applications/Xcode.app/Contents/Developer/Toolchains/XcodeDefault.xctoolchain/usr/bin/clang -x c -ivfsstatcache /Users/shizihan/DailyUse/Github/InkMarkdown/.scratch/architecture-deepening-2026-09-07/evidence/20260907-1415-ticket-27/consumer/DerivedData-InkMarkdownSwiftUIConsumer/SDKStatCaches.noindex/iphonesimulator26.5-23F81a-6cfe768891a92b912361537c460fe42b.sdkstatcache -target arm64-apple-ios12.0-simulator -fmessage-length\=0 -fdiagnostics-show-note-include-stack -fmacro-backtrace-limit\=0 -fno-color-diagnostics -fmodules-prune-interval\=86400 -fmodules-prune-after\=345600 -fbuild-session-file\=/Users/shizihan/DailyUse/Github/InkMarkdown/.scratch/architecture-deepening-2026-09-07/evidence/20260907-1415-ticket-27/consumer/DerivedData-InkMarkdownSwiftUIConsumer/ModuleCache.noindex/Session.modulevalidation -fmodules-validate-once-per-build-session -Wnon-modular-include-in-framework-module -Werror\=non-modular-include-in-framework-module -Wno-trigraphs -Wno-missing-field-initializers -Wno-missing-prototypes -Wno-return-type -Wno-missing-braces -Wparentheses -Wswitch -Wno-unused-function -Wno-unused-label -Wno-unused-parameter -Wno-unused-variable -Wunused-value -Wno-empty-body -Wno-uninitialized -Wno-unknown-pragmas -w -Wno-shadow -Wno-four-char-constants -Wno-conversion -Wno-constant-conversion -Wno-int-conversion -Wno-bool-conversion -Wno-enum-conversion -Wno-float-conversion -Wno-non-literal-null-conversion -Wno-objc-literal-conversion -Wshorten-64-to-32 -Wpointer-sign -Wno-newline-eof -Wno-implicit-fallthrough -isysroot /Applications/Xcode.app/Contents/Developer/Platforms/iPhoneSimulator.platform/Developer/SDKs/iPhoneSimulator26.5.sdk -fstrict-aliasing -Wdeprecated-declarations -Wno-sign-conversion -Wno-infinite-recursion -Wno-comma -Wno-block-capture-autoreleasing -Wno-strict-prototypes -Wno-semicolon-before-method-body -index-store-path /Users/shizihan/DailyUse/Github/InkMarkdown/.scratch/architecture-deepening-2026-09-07/evidence/20260907-1415-ticket-27/consumer/DerivedData-InkMarkdownSwiftUIConsumer/Index.noindex/DataStore @/Users/shizihan/DailyUse/Github/InkMarkdown/.scratch/architecture-deepening-2026-09-07/evidence/20260907-1415-ticket-27/consumer/DerivedData-InkMarkdownSwiftUIConsumer/Build/Intermediates.noindex/cmark-gfm.build/Debug-iphonesimulator/cmark-gfm-extensions.build/Objects-normal/arm64/7187679823f38a2a940e0043cdf9d637-common-args.resp -MMD -MT dependencies -MF /Users/shizihan/DailyUse/Github/InkMarkdown/.scratch/architecture-deepening-2026-09-07/evidence/20260907-1415-ticket-27/consumer/DerivedData-InkMarkdownSwiftUIConsumer/Build/Intermediates.noindex/cmark-gfm.build/Debug-iphonesimulator/cmark-gfm-extensions.build/Objects-normal/arm64/table.d --serialize-diagnostics /Users/shizihan/DailyUse/Github/InkMarkdown/.scratch/architecture-deepening-2026-09-07/evidence/20260907-1415-ticket-27/consumer/DerivedData-InkMarkdownSwiftUIConsumer/Build/Intermediates.noindex/cmark-gfm.build/Debug-iphonesimulator/cmark-gfm-extensions.build/Objects-normal/arm64/table.dia -c /Users/shizihan/DailyUse/Github/InkMarkdown/Packages/Caches/swift-cmark/extensions/table.c -o /Users/shizihan/DailyUse/Github/InkMarkdown/.scratch/architecture-deepening-2026-09-07/evidence/20260907-1415-ticket-27/consumer/DerivedData-InkMarkdownSwiftUIConsumer/Build/Intermediates.noindex/cmark-gfm.build/Debug-iphonesimulator/cmark-gfm-extensions.build/Objects-normal/arm64/table.o -index-unit-output-path /cmark-gfm.build/Debug-iphonesimulator/cmark-gfm-extensions.build/Objects-normal/arm64/table.o

CompileC /Users/shizihan/DailyUse/Github/InkMarkdown/.scratch/architecture-deepening-2026-09-07/evidence/20260907-1415-ticket-27/consumer/DerivedData-InkMarkdownSwiftUIConsumer/Build/Intermediates.noindex/cmark-gfm.build/Debug-iphonesimulator/cmark-gfm-extensions.build/Objects-normal/arm64/strikethrough.o /Users/shizihan/DailyUse/Github/InkMarkdown/Packages/Caches/swift-cmark/extensions/strikethrough.c normal arm64 c com.apple.compilers.llvm.clang.1_0.compiler (in target 'cmark-gfm-extensions' from project 'cmark-gfm')
    cd /Users/shizihan/DailyUse/Github/InkMarkdown/.github/fixtures/consumer-smoke/.swiftpm/xcode
    
    Using response file: /Users/shizihan/DailyUse/Github/InkMarkdown/.scratch/architecture-deepening-2026-09-07/evidence/20260907-1415-ticket-27/consumer/DerivedData-InkMarkdownSwiftUIConsumer/Build/Intermediates.noindex/cmark-gfm.build/Debug-iphonesimulator/cmark-gfm-extensions.build/Objects-normal/arm64/7187679823f38a2a940e0043cdf9d637-common-args.resp
    
    /Applications/Xcode.app/Contents/Developer/Toolchains/XcodeDefault.xctoolchain/usr/bin/clang -x c -ivfsstatcache /Users/shizihan/DailyUse/Github/InkMarkdown/.scratch/architecture-deepening-2026-09-07/evidence/20260907-1415-ticket-27/consumer/DerivedData-InkMarkdownSwiftUIConsumer/SDKStatCaches.noindex/iphonesimulator26.5-23F81a-6cfe768891a92b912361537c460fe42b.sdkstatcache -target arm64-apple-ios12.0-simulator -fmessage-length\=0 -fdiagnostics-show-note-include-stack -fmacro-backtrace-limit\=0 -fno-color-diagnostics -fmodules-prune-interval\=86400 -fmodules-prune-after\=345600 -fbuild-session-file\=/Users/shizihan/DailyUse/Github/InkMarkdown/.scratch/architecture-deepening-2026-09-07/evidence/20260907-1415-ticket-27/consumer/DerivedData-InkMarkdownSwiftUIConsumer/ModuleCache.noindex/Session.modulevalidation -fmodules-validate-once-per-build-session -Wnon-modular-include-in-framework-module -Werror\=non-modular-include-in-framework-module -Wno-trigraphs -Wno-missing-field-initializers -Wno-missing-prototypes -Wno-return-type -Wno-missing-braces -Wparentheses -Wswitch -Wno-unused-function -Wno-unused-label -Wno-unused-parameter -Wno-unused-variable -Wunused-value -Wno-empty-body -Wno-uninitialized -Wno-unknown-pragmas -w -Wno-shadow -Wno-four-char-constants -Wno-conversion -Wno-constant-conversion -Wno-int-conversion -Wno-bool-conversion -Wno-enum-conversion -Wno-float-conversion -Wno-non-literal-null-conversion -Wno-objc-literal-conversion -Wshorten-64-to-32 -Wpointer-sign -Wno-newline-eof -Wno-implicit-fallthrough -isysroot /Applications/Xcode.app/Contents/Developer/Platforms/iPhoneSimulator.platform/Developer/SDKs/iPhoneSimulator26.5.sdk -fstrict-aliasing -Wdeprecated-declarations -Wno-sign-conversion -Wno-infinite-recursion -Wno-comma -Wno-block-capture-autoreleasing -Wno-strict-prototypes -Wno-semicolon-before-method-body -index-store-path /Users/shizihan/DailyUse/Github/InkMarkdown/.scratch/architecture-deepening-2026-09-07/evidence/20260907-1415-ticket-27/consumer/DerivedData-InkMarkdownSwiftUIConsumer/Index.noindex/DataStore @/Users/shizihan/DailyUse/Github/InkMarkdown/.scratch/architecture-deepening-2026-09-07/evidence/20260907-1415-ticket-27/consumer/DerivedData-InkMarkdownSwiftUIConsumer/Build/Intermediates.noindex/cmark-gfm.build/Debug-iphonesimulator/cmark-gfm-extensions.build/Objects-normal/arm64/7187679823f38a2a940e0043cdf9d637-common-args.resp -MMD -MT dependencies -MF /Users/shizihan/DailyUse/Github/InkMarkdown/.scratch/architecture-deepening-2026-09-07/evidence/20260907-1415-ticket-27/consumer/DerivedData-InkMarkdownSwiftUIConsumer/Build/Intermediates.noindex/cmark-gfm.build/Debug-iphonesimulator/cmark-gfm-extensions.build/Objects-normal/arm64/strikethrough.d --serialize-diagnostics /Users/shizihan/DailyUse/Github/InkMarkdown/.scratch/architecture-deepening-2026-09-07/evidence/20260907-1415-ticket-27/consumer/DerivedData-InkMarkdownSwiftUIConsumer/Build/Intermediates.noindex/cmark-gfm.build/Debug-iphonesimulator/cmark-gfm-extensions.build/Objects-normal/arm64/strikethrough.dia -c /Users/shizihan/DailyUse/Github/InkMarkdown/Packages/Caches/swift-cmark/extensions/strikethrough.c -o /Users/shizihan/DailyUse/Github/InkMarkdown/.scratch/architecture-deepening-2026-09-07/evidence/20260907-1415-ticket-27/consumer/DerivedData-InkMarkdownSwiftUIConsumer/Build/Intermediates.noindex/cmark-gfm.build/Debug-iphonesimulator/cmark-gfm-extensions.build/Objects-normal/arm64/strikethrough.o -index-unit-output-path /cmark-gfm.build/Debug-iphonesimulator/cmark-gfm-extensions.build/Objects-normal/arm64/strikethrough.o

CompileC /Users/shizihan/DailyUse/Github/InkMarkdown/.scratch/architecture-deepening-2026-09-07/evidence/20260907-1415-ticket-27/consumer/DerivedData-InkMarkdownSwiftUIConsumer/Build/Intermediates.noindex/cmark-gfm.build/Debug-iphonesimulator/cmark-gfm-extensions.build/Objects-normal/arm64/ext_scanners.o /Users/shizihan/DailyUse/Github/InkMarkdown/Packages/Caches/swift-cmark/extensions/ext_scanners.c normal arm64 c com.apple.compilers.llvm.clang.1_0.compiler (in target 'cmark-gfm-extensions' from project 'cmark-gfm')
    cd /Users/shizihan/DailyUse/Github/InkMarkdown/.github/fixtures/consumer-smoke/.swiftpm/xcode
    
    Using response file: /Users/shizihan/DailyUse/Github/InkMarkdown/.scratch/architecture-deepening-2026-09-07/evidence/20260907-1415-ticket-27/consumer/DerivedData-InkMarkdownSwiftUIConsumer/Build/Intermediates.noindex/cmark-gfm.build/Debug-iphonesimulator/cmark-gfm-extensions.build/Objects-normal/arm64/7187679823f38a2a940e0043cdf9d637-common-args.resp
    
    /Applications/Xcode.app/Contents/Developer/Toolchains/XcodeDefault.xctoolchain/usr/bin/clang -x c -ivfsstatcache /Users/shizihan/DailyUse/Github/InkMarkdown/.scratch/architecture-deepening-2026-09-07/evidence/20260907-1415-ticket-27/consumer/DerivedData-InkMarkdownSwiftUIConsumer/SDKStatCaches.noindex/iphonesimulator26.5-23F81a-6cfe768891a92b912361537c460fe42b.sdkstatcache -target arm64-apple-ios12.0-simulator -fmessage-length\=0 -fdiagnostics-show-note-include-stack -fmacro-backtrace-limit\=0 -fno-color-diagnostics -fmodules-prune-interval\=86400 -fmodules-prune-after\=345600 -fbuild-session-file\=/Users/shizihan/DailyUse/Github/InkMarkdown/.scratch/architecture-deepening-2026-09-07/evidence/20260907-1415-ticket-27/consumer/DerivedData-InkMarkdownSwiftUIConsumer/ModuleCache.noindex/Session.modulevalidation -fmodules-validate-once-per-build-session -Wnon-modular-include-in-framework-module -Werror\=non-modular-include-in-framework-module -Wno-trigraphs -Wno-missing-field-initializers -Wno-missing-prototypes -Wno-return-type -Wno-missing-braces -Wparentheses -Wswitch -Wno-unused-function -Wno-unused-label -Wno-unused-parameter -Wno-unused-variable -Wunused-value -Wno-empty-body -Wno-uninitialized -Wno-unknown-pragmas -w -Wno-shadow -Wno-four-char-constants -Wno-conversion -Wno-constant-conversion -Wno-int-conversion -Wno-bool-conversion -Wno-enum-conversion -Wno-float-conversion -Wno-non-literal-null-conversion -Wno-objc-literal-conversion -Wshorten-64-to-32 -Wpointer-sign -Wno-newline-eof -Wno-implicit-fallthrough -isysroot /Applications/Xcode.app/Contents/Developer/Platforms/iPhoneSimulator.platform/Developer/SDKs/iPhoneSimulator26.5.sdk -fstrict-aliasing -Wdeprecated-declarations -Wno-sign-conversion -Wno-infinite-recursion -Wno-comma -Wno-block-capture-autoreleasing -Wno-strict-prototypes -Wno-semicolon-before-method-body -index-store-path /Users/shizihan/DailyUse/Github/InkMarkdown/.scratch/architecture-deepening-2026-09-07/evidence/20260907-1415-ticket-27/consumer/DerivedData-InkMarkdownSwiftUIConsumer/Index.noindex/DataStore @/Users/shizihan/DailyUse/Github/InkMarkdown/.scratch/architecture-deepening-2026-09-07/evidence/20260907-1415-ticket-27/consumer/DerivedData-InkMarkdownSwiftUIConsumer/Build/Intermediates.noindex/cmark-gfm.build/Debug-iphonesimulator/cmark-gfm-extensions.build/Objects-normal/arm64/7187679823f38a2a940e0043cdf9d637-common-args.resp -MMD -MT dependencies -MF /Users/shizihan/DailyUse/Github/InkMarkdown/.scratch/architecture-deepening-2026-09-07/evidence/20260907-1415-ticket-27/consumer/DerivedData-InkMarkdownSwiftUIConsumer/Build/Intermediates.noindex/cmark-gfm.build/Debug-iphonesimulator/cmark-gfm-extensions.build/Objects-normal/arm64/ext_scanners.d --serialize-diagnostics /Users/shizihan/DailyUse/Github/InkMarkdown/.scratch/architecture-deepening-2026-09-07/evidence/20260907-1415-ticket-27/consumer/DerivedData-InkMarkdownSwiftUIConsumer/Build/Intermediates.noindex/cmark-gfm.build/Debug-iphonesimulator/cmark-gfm-extensions.build/Objects-normal/arm64/ext_scanners.dia -c /Users/shizihan/DailyUse/Github/InkMarkdown/Packages/Caches/swift-cmark/extensions/ext_scanners.c -o /Users/shizihan/DailyUse/Github/InkMarkdown/.scratch/architecture-deepening-2026-09-07/evidence/20260907-1415-ticket-27/consumer/DerivedData-InkMarkdownSwiftUIConsumer/Build/Intermediates.noindex/cmark-gfm.build/Debug-iphonesimulator/cmark-gfm-extensions.build/Objects-normal/arm64/ext_scanners.o -index-unit-output-path /cmark-gfm.build/Debug-iphonesimulator/cmark-gfm-extensions.build/Objects-normal/arm64/ext_scanners.o

CompileC /Users/shizihan/DailyUse/Github/InkMarkdown/.scratch/architecture-deepening-2026-09-07/evidence/20260907-1415-ticket-27/consumer/DerivedData-InkMarkdownSwiftUIConsumer/Build/Intermediates.noindex/cmark-gfm.build/Debug-iphonesimulator/cmark-gfm-extensions.build/Objects-normal/arm64/core-extensions.o /Users/shizihan/DailyUse/Github/InkMarkdown/Packages/Caches/swift-cmark/extensions/core-extensions.c normal arm64 c com.apple.compilers.llvm.clang.1_0.compiler (in target 'cmark-gfm-extensions' from project 'cmark-gfm')
    cd /Users/shizihan/DailyUse/Github/InkMarkdown/.github/fixtures/consumer-smoke/.swiftpm/xcode
    
    Using response file: /Users/shizihan/DailyUse/Github/InkMarkdown/.scratch/architecture-deepening-2026-09-07/evidence/20260907-1415-ticket-27/consumer/DerivedData-InkMarkdownSwiftUIConsumer/Build/Intermediates.noindex/cmark-gfm.build/Debug-iphonesimulator/cmark-gfm-extensions.build/Objects-normal/arm64/7187679823f38a2a940e0043cdf9d637-common-args.resp
    
    /Applications/Xcode.app/Contents/Developer/Toolchains/XcodeDefault.xctoolchain/usr/bin/clang -x c -ivfsstatcache /Users/shizihan/DailyUse/Github/InkMarkdown/.scratch/architecture-deepening-2026-09-07/evidence/20260907-1415-ticket-27/consumer/DerivedData-InkMarkdownSwiftUIConsumer/SDKStatCaches.noindex/iphonesimulator26.5-23F81a-6cfe768891a92b912361537c460fe42b.sdkstatcache -target arm64-apple-ios12.0-simulator -fmessage-length\=0 -fdiagnostics-show-note-include-stack -fmacro-backtrace-limit\=0 -fno-color-diagnostics -fmodules-prune-interval\=86400 -fmodules-prune-after\=345600 -fbuild-session-file\=/Users/shizihan/DailyUse/Github/InkMarkdown/.scratch/architecture-deepening-2026-09-07/evidence/20260907-1415-ticket-27/consumer/DerivedData-InkMarkdownSwiftUIConsumer/ModuleCache.noindex/Session.modulevalidation -fmodules-validate-once-per-build-session -Wnon-modular-include-in-framework-module -Werror\=non-modular-include-in-framework-module -Wno-trigraphs -Wno-missing-field-initializers -Wno-missing-prototypes -Wno-return-type -Wno-missing-braces -Wparentheses -Wswitch -Wno-unused-function -Wno-unused-label -Wno-unused-parameter -Wno-unused-variable -Wunused-value -Wno-empty-body -Wno-uninitialized -Wno-unknown-pragmas -w -Wno-shadow -Wno-four-char-constants -Wno-conversion -Wno-constant-conversion -Wno-int-conversion -Wno-bool-conversion -Wno-enum-conversion -Wno-float-conversion -Wno-non-literal-null-conversion -Wno-objc-literal-conversion -Wshorten-64-to-32 -Wpointer-sign -Wno-newline-eof -Wno-implicit-fallthrough -isysroot /Applications/Xcode.app/Contents/Developer/Platforms/iPhoneSimulator.platform/Developer/SDKs/iPhoneSimulator26.5.sdk -fstrict-aliasing -Wdeprecated-declarations -Wno-sign-conversion -Wno-infinite-recursion -Wno-comma -Wno-block-capture-autoreleasing -Wno-strict-prototypes -Wno-semicolon-before-method-body -index-store-path /Users/shizihan/DailyUse/Github/InkMarkdown/.scratch/architecture-deepening-2026-09-07/evidence/20260907-1415-ticket-27/consumer/DerivedData-InkMarkdownSwiftUIConsumer/Index.noindex/DataStore @/Users/shizihan/DailyUse/Github/InkMarkdown/.scratch/architecture-deepening-2026-09-07/evidence/20260907-1415-ticket-27/consumer/DerivedData-InkMarkdownSwiftUIConsumer/Build/Intermediates.noindex/cmark-gfm.build/Debug-iphonesimulator/cmark-gfm-extensions.build/Objects-normal/arm64/7187679823f38a2a940e0043cdf9d637-common-args.resp -MMD -MT dependencies -MF /Users/shizihan/DailyUse/Github/InkMarkdown/.scratch/architecture-deepening-2026-09-07/evidence/20260907-1415-ticket-27/consumer/DerivedData-InkMarkdownSwiftUIConsumer/Build/Intermediates.noindex/cmark-gfm.build/Debug-iphonesimulator/cmark-gfm-extensions.build/Objects-normal/arm64/core-extensions.d --serialize-diagnostics /Users/shizihan/DailyUse/Github/InkMarkdown/.scratch/architecture-deepening-2026-09-07/evidence/20260907-1415-ticket-27/consumer/DerivedData-InkMarkdownSwiftUIConsumer/Build/Intermediates.noindex/cmark-gfm.build/Debug-iphonesimulator/cmark-gfm-extensions.build/Objects-normal/arm64/core-extensions.dia -c /Users/shizihan/DailyUse/Github/InkMarkdown/Packages/Caches/swift-cmark/extensions/core-extensions.c -o /Users/shizihan/DailyUse/Github/InkMarkdown/.scratch/architecture-deepening-2026-09-07/evidence/20260907-1415-ticket-27/consumer/DerivedData-InkMarkdownSwiftUIConsumer/Build/Intermediates.noindex/cmark-gfm.build/Debug-iphonesimulator/cmark-gfm-extensions.build/Objects-normal/arm64/core-extensions.o -index-unit-output-path /cmark-gfm.build/Debug-iphonesimulator/cmark-gfm-extensions.build/Objects-normal/arm64/core-extensions.o

SwiftExplicitDependencyGeneratePcm arm64 /Users/shizihan/DailyUse/Github/InkMarkdown/.scratch/architecture-deepening-2026-09-07/evidence/20260907-1415-ticket-27/consumer/DerivedData-InkMarkdownSwiftUIConsumer/ModuleCache.noindex/_Builtin_stdint-2EOPDH3UCOZHMW1KDFXDGDHBN.pcm

SwiftExplicitDependencyGeneratePcm arm64 /Users/shizihan/DailyUse/Github/InkMarkdown/.scratch/architecture-deepening-2026-09-07/evidence/20260907-1415-ticket-27/consumer/DerivedData-InkMarkdownSwiftUIConsumer/ModuleCache.noindex/sys_types-44KIYW0CWU7LFZEWDVYBZQ1WP.pcm

Ld /Users/shizihan/DailyUse/Github/InkMarkdown/.scratch/architecture-deepening-2026-09-07/evidence/20260907-1415-ticket-27/consumer/DerivedData-InkMarkdownSwiftUIConsumer/Build/Products/Debug-iphonesimulator/cmark-gfm.o normal (in target 'cmark-gfm' from project 'cmark-gfm')
    cd /Users/shizihan/DailyUse/Github/InkMarkdown/Packages/Caches/swift-cmark
    /Applications/Xcode.app/Contents/Developer/Toolchains/XcodeDefault.xctoolchain/usr/bin/clang -Xlinker -reproducible -target arm64-apple-ios12.0-simulator -r -isysroot /Applications/Xcode.app/Contents/Developer/Platforms/iPhoneSimulator.platform/Developer/SDKs/iPhoneSimulator26.5.sdk -O0 -w -F/Users/shizihan/DailyUse/Github/InkMarkdown/.scratch/architecture-deepening-2026-09-07/evidence/20260907-1415-ticket-27/consumer/DerivedData-InkMarkdownSwiftUIConsumer/Build/Intermediates.noindex/EagerLinkingTBDs/Debug-iphonesimulator -F/Users/shizihan/DailyUse/Github/InkMarkdown/.scratch/architecture-deepening-2026-09-07/evidence/20260907-1415-ticket-27/consumer/DerivedData-InkMarkdownSwiftUIConsumer/Build/Products/Debug-iphonesimulator -iframework /Applications/Xcode.app/Contents/Developer/Platforms/iPhoneSimulator.platform/Developer/Library/Frameworks -iframework /Applications/Xcode.app/Contents/Developer/Platforms/iPhoneSimulator.platform/Developer/SDKs/iPhoneSimulator26.5.sdk/Developer/Library/Frameworks -filelist /Users/shizihan/DailyUse/Github/InkMarkdown/.scratch/architecture-deepening-2026-09-07/evidence/20260907-1415-ticket-27/consumer/DerivedData-InkMarkdownSwiftUIConsumer/Build/Intermediates.noindex/cmark-gfm.build/Debug-iphonesimulator/cmark-gfm.build/Objects-normal/arm64/cmark-gfm.LinkFileList -nostdlib -Xlinker -object_path_lto -Xlinker /Users/shizihan/DailyUse/Github/InkMarkdown/.scratch/architecture-deepening-2026-09-07/evidence/20260907-1415-ticket-27/consumer/DerivedData-InkMarkdownSwiftUIConsumer/Build/Intermediates.noindex/cmark-gfm.build/Debug-iphonesimulator/cmark-gfm.build/Objects-normal/arm64/cmark-gfm_lto.o -Xlinker -no_deduplicate -Xlinker -objc_abi_version -Xlinker 2 -Xlinker -dependency_info -Xlinker /Users/shizihan/DailyUse/Github/InkMarkdown/.scratch/architecture-deepening-2026-09-07/evidence/20260907-1415-ticket-27/consumer/DerivedData-InkMarkdownSwiftUIConsumer/Build/Intermediates.noindex/cmark-gfm.build/Debug-iphonesimulator/cmark-gfm.build/Objects-normal/arm64/cmark-gfm_dependency_info.dat -o /Users/shizihan/DailyUse/Github/InkMarkdown/.scratch/architecture-deepening-2026-09-07/evidence/20260907-1415-ticket-27/consumer/DerivedData-InkMarkdownSwiftUIConsumer/Build/Products/Debug-iphonesimulator/cmark-gfm.o

RegisterExecutionPolicyException /Users/shizihan/DailyUse/Github/InkMarkdown/.scratch/architecture-deepening-2026-09-07/evidence/20260907-1415-ticket-27/consumer/DerivedData-InkMarkdownSwiftUIConsumer/Build/Products/Debug-iphonesimulator/cmark-gfm.o (in target 'cmark-gfm' from project 'cmark-gfm')
    cd /Users/shizihan/DailyUse/Github/InkMarkdown/Packages/Caches/swift-cmark
    builtin-RegisterExecutionPolicyException /Users/shizihan/DailyUse/Github/InkMarkdown/.scratch/architecture-deepening-2026-09-07/evidence/20260907-1415-ticket-27/consumer/DerivedData-InkMarkdownSwiftUIConsumer/Build/Products/Debug-iphonesimulator/cmark-gfm.o

SwiftExplicitDependencyGeneratePcm arm64 /Users/shizihan/DailyUse/Github/InkMarkdown/.scratch/architecture-deepening-2026-09-07/evidence/20260907-1415-ticket-27/consumer/DerivedData-InkMarkdownSwiftUIConsumer/ModuleCache.noindex/_DarwinFoundation3-2MAD0TYVZDZF6WN314WKRQR0O.pcm

SwiftExplicitDependencyGeneratePcm arm64 /Users/shizihan/DailyUse/Github/InkMarkdown/.scratch/architecture-deepening-2026-09-07/evidence/20260907-1415-ticket-27/consumer/DerivedData-InkMarkdownSwiftUIConsumer/Build/Intermediates.noindex/SwiftExplicitPrecompiledModules/CAtomic-4V20UH9BVLVCKDEI42NLTC5NZ.pcm

SwiftExplicitDependencyGeneratePcm arm64 /Users/shizihan/DailyUse/Github/InkMarkdown/.scratch/architecture-deepening-2026-09-07/evidence/20260907-1415-ticket-27/consumer/DerivedData-InkMarkdownSwiftUIConsumer/ModuleCache.noindex/_Builtin_inttypes-12JLS67S2LL4JFI8UGS2NTBOM.pcm

SwiftExplicitDependencyGeneratePcm arm64 /Users/shizihan/DailyUse/Github/InkMarkdown/.scratch/architecture-deepening-2026-09-07/evidence/20260907-1415-ticket-27/consumer/DerivedData-InkMarkdownSwiftUIConsumer/Build/Intermediates.noindex/SwiftExplicitPrecompiledModules/cmark_gfm-8GJMZ8VT3Q14EGNDXFMY8396X.pcm

SwiftExplicitDependencyGeneratePcm arm64 /Users/shizihan/DailyUse/Github/InkMarkdown/.scratch/architecture-deepening-2026-09-07/evidence/20260907-1415-ticket-27/consumer/DerivedData-InkMarkdownSwiftUIConsumer/ModuleCache.noindex/Darwin-3M1D1DBHEI6YBEN0QW133N519.pcm

SwiftExplicitDependencyGeneratePcm arm64 /Users/shizihan/DailyUse/Github/InkMarkdown/.scratch/architecture-deepening-2026-09-07/evidence/20260907-1415-ticket-27/consumer/DerivedData-InkMarkdownSwiftUIConsumer/Build/Intermediates.noindex/SwiftExplicitPrecompiledModules/cmark_gfm_extensions-DW80L95E0ISJRTCHGLUMDVPJA.pcm

CompileC /Users/shizihan/DailyUse/Github/InkMarkdown/.scratch/architecture-deepening-2026-09-07/evidence/20260907-1415-ticket-27/consumer/DerivedData-InkMarkdownSwiftUIConsumer/Build/Intermediates.noindex/cmark-gfm.build/Debug-iphonesimulator/cmark-gfm-extensions.build/Objects-normal/arm64/autolink.o /Users/shizihan/DailyUse/Github/InkMarkdown/Packages/Caches/swift-cmark/extensions/autolink.c normal arm64 c com.apple.compilers.llvm.clang.1_0.compiler (in target 'cmark-gfm-extensions' from project 'cmark-gfm')
    cd /Users/shizihan/DailyUse/Github/InkMarkdown/.github/fixtures/consumer-smoke/.swiftpm/xcode
    
    Using response file: /Users/shizihan/DailyUse/Github/InkMarkdown/.scratch/architecture-deepening-2026-09-07/evidence/20260907-1415-ticket-27/consumer/DerivedData-InkMarkdownSwiftUIConsumer/Build/Intermediates.noindex/cmark-gfm.build/Debug-iphonesimulator/cmark-gfm-extensions.build/Objects-normal/arm64/7187679823f38a2a940e0043cdf9d637-common-args.resp
    
    /Applications/Xcode.app/Contents/Developer/Toolchains/XcodeDefault.xctoolchain/usr/bin/clang -x c -ivfsstatcache /Users/shizihan/DailyUse/Github/InkMarkdown/.scratch/architecture-deepening-2026-09-07/evidence/20260907-1415-ticket-27/consumer/DerivedData-InkMarkdownSwiftUIConsumer/SDKStatCaches.noindex/iphonesimulator26.5-23F81a-6cfe768891a92b912361537c460fe42b.sdkstatcache -target arm64-apple-ios12.0-simulator -fmessage-length\=0 -fdiagnostics-show-note-include-stack -fmacro-backtrace-limit\=0 -fno-color-diagnostics -fmodules-prune-interval\=86400 -fmodules-prune-after\=345600 -fbuild-session-file\=/Users/shizihan/DailyUse/Github/InkMarkdown/.scratch/architecture-deepening-2026-09-07/evidence/20260907-1415-ticket-27/consumer/DerivedData-InkMarkdownSwiftUIConsumer/ModuleCache.noindex/Session.modulevalidation -fmodules-validate-once-per-build-session -Wnon-modular-include-in-framework-module -Werror\=non-modular-include-in-framework-module -Wno-trigraphs -Wno-missing-field-initializers -Wno-missing-prototypes -Wno-return-type -Wno-missing-braces -Wparentheses -Wswitch -Wno-unused-function -Wno-unused-label -Wno-unused-parameter -Wno-unused-variable -Wunused-value -Wno-empty-body -Wno-uninitialized -Wno-unknown-pragmas -w -Wno-shadow -Wno-four-char-constants -Wno-conversion -Wno-constant-conversion -Wno-int-conversion -Wno-bool-conversion -Wno-enum-conversion -Wno-float-conversion -Wno-non-literal-null-conversion -Wno-objc-literal-conversion -Wshorten-64-to-32 -Wpointer-sign -Wno-newline-eof -Wno-implicit-fallthrough -isysroot /Applications/Xcode.app/Contents/Developer/Platforms/iPhoneSimulator.platform/Developer/SDKs/iPhoneSimulator26.5.sdk -fstrict-aliasing -Wdeprecated-declarations -Wno-sign-conversion -Wno-infinite-recursion -Wno-comma -Wno-block-capture-autoreleasing -Wno-strict-prototypes -Wno-semicolon-before-method-body -index-store-path /Users/shizihan/DailyUse/Github/InkMarkdown/.scratch/architecture-deepening-2026-09-07/evidence/20260907-1415-ticket-27/consumer/DerivedData-InkMarkdownSwiftUIConsumer/Index.noindex/DataStore @/Users/shizihan/DailyUse/Github/InkMarkdown/.scratch/architecture-deepening-2026-09-07/evidence/20260907-1415-ticket-27/consumer/DerivedData-InkMarkdownSwiftUIConsumer/Build/Intermediates.noindex/cmark-gfm.build/Debug-iphonesimulator/cmark-gfm-extensions.build/Objects-normal/arm64/7187679823f38a2a940e0043cdf9d637-common-args.resp -MMD -MT dependencies -MF /Users/shizihan/DailyUse/Github/InkMarkdown/.scratch/architecture-deepening-2026-09-07/evidence/20260907-1415-ticket-27/consumer/DerivedData-InkMarkdownSwiftUIConsumer/Build/Intermediates.noindex/cmark-gfm.build/Debug-iphonesimulator/cmark-gfm-extensions.build/Objects-normal/arm64/autolink.d --serialize-diagnostics /Users/shizihan/DailyUse/Github/InkMarkdown/.scratch/architecture-deepening-2026-09-07/evidence/20260907-1415-ticket-27/consumer/DerivedData-InkMarkdownSwiftUIConsumer/Build/Intermediates.noindex/cmark-gfm.build/Debug-iphonesimulator/cmark-gfm-extensions.build/Objects-normal/arm64/autolink.dia -c /Users/shizihan/DailyUse/Github/InkMarkdown/Packages/Caches/swift-cmark/extensions/autolink.c -o /Users/shizihan/DailyUse/Github/InkMarkdown/.scratch/architecture-deepening-2026-09-07/evidence/20260907-1415-ticket-27/consumer/DerivedData-InkMarkdownSwiftUIConsumer/Build/Intermediates.noindex/cmark-gfm.build/Debug-iphonesimulator/cmark-gfm-extensions.build/Objects-normal/arm64/autolink.o -index-unit-output-path /cmark-gfm.build/Debug-iphonesimulator/cmark-gfm-extensions.build/Objects-normal/arm64/autolink.o

Ld /Users/shizihan/DailyUse/Github/InkMarkdown/.scratch/architecture-deepening-2026-09-07/evidence/20260907-1415-ticket-27/consumer/DerivedData-InkMarkdownSwiftUIConsumer/Build/Products/Debug-iphonesimulator/cmark-gfm-extensions.o normal (in target 'cmark-gfm-extensions' from project 'cmark-gfm')
    cd /Users/shizihan/DailyUse/Github/InkMarkdown/Packages/Caches/swift-cmark
    /Applications/Xcode.app/Contents/Developer/Toolchains/XcodeDefault.xctoolchain/usr/bin/clang -Xlinker -reproducible -target arm64-apple-ios12.0-simulator -r -isysroot /Applications/Xcode.app/Contents/Developer/Platforms/iPhoneSimulator.platform/Developer/SDKs/iPhoneSimulator26.5.sdk -O0 -w -F/Users/shizihan/DailyUse/Github/InkMarkdown/.scratch/architecture-deepening-2026-09-07/evidence/20260907-1415-ticket-27/consumer/DerivedData-InkMarkdownSwiftUIConsumer/Build/Intermediates.noindex/EagerLinkingTBDs/Debug-iphonesimulator -F/Users/shizihan/DailyUse/Github/InkMarkdown/.scratch/architecture-deepening-2026-09-07/evidence/20260907-1415-ticket-27/consumer/DerivedData-InkMarkdownSwiftUIConsumer/Build/Products/Debug-iphonesimulator/PackageFrameworks -F/Users/shizihan/DailyUse/Github/InkMarkdown/.scratch/architecture-deepening-2026-09-07/evidence/20260907-1415-ticket-27/consumer/DerivedData-InkMarkdownSwiftUIConsumer/Build/Products/Debug-iphonesimulator -iframework /Applications/Xcode.app/Contents/Developer/Platforms/iPhoneSimulator.platform/Developer/Library/Frameworks -iframework /Applications/Xcode.app/Contents/Developer/Platforms/iPhoneSimulator.platform/Developer/SDKs/iPhoneSimulator26.5.sdk/Developer/Library/Frameworks -filelist /Users/shizihan/DailyUse/Github/InkMarkdown/.scratch/architecture-deepening-2026-09-07/evidence/20260907-1415-ticket-27/consumer/DerivedData-InkMarkdownSwiftUIConsumer/Build/Intermediates.noindex/cmark-gfm.build/Debug-iphonesimulator/cmark-gfm-extensions.build/Objects-normal/arm64/cmark-gfm-extensions.LinkFileList -nostdlib -Xlinker -object_path_lto -Xlinker /Users/shizihan/DailyUse/Github/InkMarkdown/.scratch/architecture-deepening-2026-09-07/evidence/20260907-1415-ticket-27/consumer/DerivedData-InkMarkdownSwiftUIConsumer/Build/Intermediates.noindex/cmark-gfm.build/Debug-iphonesimulator/cmark-gfm-extensions.build/Objects-normal/arm64/cmark-gfm-extensions_lto.o -Xlinker -no_deduplicate -Xlinker -objc_abi_version -Xlinker 2 -Xlinker -dependency_info -Xlinker /Users/shizihan/DailyUse/Github/InkMarkdown/.scratch/architecture-deepening-2026-09-07/evidence/20260907-1415-ticket-27/consumer/DerivedData-InkMarkdownSwiftUIConsumer/Build/Intermediates.noindex/cmark-gfm.build/Debug-iphonesimulator/cmark-gfm-extensions.build/Objects-normal/arm64/cmark-gfm-extensions_dependency_info.dat -o /Users/shizihan/DailyUse/Github/InkMarkdown/.scratch/architecture-deepening-2026-09-07/evidence/20260907-1415-ticket-27/consumer/DerivedData-InkMarkdownSwiftUIConsumer/Build/Products/Debug-iphonesimulator/cmark-gfm-extensions.o

RegisterExecutionPolicyException /Users/shizihan/DailyUse/Github/InkMarkdown/.scratch/architecture-deepening-2026-09-07/evidence/20260907-1415-ticket-27/consumer/DerivedData-InkMarkdownSwiftUIConsumer/Build/Products/Debug-iphonesimulator/cmark-gfm-extensions.o (in target 'cmark-gfm-extensions' from project 'cmark-gfm')
    cd /Users/shizihan/DailyUse/Github/InkMarkdown/Packages/Caches/swift-cmark
    builtin-RegisterExecutionPolicyException /Users/shizihan/DailyUse/Github/InkMarkdown/.scratch/architecture-deepening-2026-09-07/evidence/20260907-1415-ticket-27/consumer/DerivedData-InkMarkdownSwiftUIConsumer/Build/Products/Debug-iphonesimulator/cmark-gfm-extensions.o

SwiftExplicitDependencyGeneratePcm arm64 /Users/shizihan/DailyUse/Github/InkMarkdown/.scratch/architecture-deepening-2026-09-07/evidence/20260907-1415-ticket-27/consumer/DerivedData-InkMarkdownSwiftUIConsumer/ModuleCache.noindex/ObjectiveC-9J76BRQ4JGHUPR1T7SBUYKRVB.pcm

SwiftExplicitDependencyGeneratePcm arm64 /Users/shizihan/DailyUse/Github/InkMarkdown/.scratch/architecture-deepening-2026-09-07/evidence/20260907-1415-ticket-27/consumer/DerivedData-InkMarkdownSwiftUIConsumer/ModuleCache.noindex/os_object-7VK1YL9ZRFQZZLBJWRVD5021G.pcm

SwiftExplicitDependencyGeneratePcm arm64 /Users/shizihan/DailyUse/Github/InkMarkdown/.scratch/architecture-deepening-2026-09-07/evidence/20260907-1415-ticket-27/consumer/DerivedData-InkMarkdownSwiftUIConsumer/ModuleCache.noindex/os_workgroup-98RFNWDRGYH1HBW9IGAPRPTL1.pcm

SwiftExplicitDependencyGeneratePcm arm64 /Users/shizihan/DailyUse/Github/InkMarkdown/.scratch/architecture-deepening-2026-09-07/evidence/20260907-1415-ticket-27/consumer/DerivedData-InkMarkdownSwiftUIConsumer/ModuleCache.noindex/Dispatch-2ULKXOAQ5IBHC9F98TIE64LHI.pcm

SwiftExplicitDependencyGeneratePcm arm64 /Users/shizihan/DailyUse/Github/InkMarkdown/.scratch/architecture-deepening-2026-09-07/evidence/20260907-1415-ticket-27/consumer/DerivedData-InkMarkdownSwiftUIConsumer/ModuleCache.noindex/CoreFoundation-DO0IQLH8YYSI8HXIP96LUE31F.pcm

SwiftExplicitDependencyGeneratePcm arm64 /Users/shizihan/DailyUse/Github/InkMarkdown/.scratch/architecture-deepening-2026-09-07/evidence/20260907-1415-ticket-27/consumer/DerivedData-InkMarkdownSwiftUIConsumer/ModuleCache.noindex/XPC-Y3DC91ZM7S7N2I1R089C4N06.pcm

SwiftExplicitDependencyGeneratePcm arm64 /Users/shizihan/DailyUse/Github/InkMarkdown/.scratch/architecture-deepening-2026-09-07/evidence/20260907-1415-ticket-27/consumer/DerivedData-InkMarkdownSwiftUIConsumer/ModuleCache.noindex/Security-8SIQWGGD06WE218W703J3TXXV.pcm

SwiftExplicitDependencyGeneratePcm arm64 /Users/shizihan/DailyUse/Github/InkMarkdown/.scratch/architecture-deepening-2026-09-07/evidence/20260907-1415-ticket-27/consumer/DerivedData-InkMarkdownSwiftUIConsumer/ModuleCache.noindex/CFNetwork-BDH3Y2U9YHGCXGT7GX017FVXV.pcm

SwiftExplicitDependencyGeneratePcm arm64 /Users/shizihan/DailyUse/Github/InkMarkdown/.scratch/architecture-deepening-2026-09-07/evidence/20260907-1415-ticket-27/consumer/DerivedData-InkMarkdownSwiftUIConsumer/ModuleCache.noindex/Foundation-8WTXOUDDRLXKLPUIEDR6WXRSM.pcm

SwiftEmitModule normal arm64 Emitting\ module\ for\ Markdown (in target 'Markdown' from project 'swift-markdown')

EmitSwiftModule normal arm64 (in target 'Markdown' from project 'swift-markdown')
    cd /Users/shizihan/DailyUse/Github/InkMarkdown/.github/fixtures/consumer-smoke/.swiftpm/xcode
    

SwiftCompile normal arm64 Compiling\ BlockContainer.swift,\ BlockMarkup.swift,\ InlineContainer.swift,\ InlineMarkup.swift,\ ListItemContainer.swift,\ AtomicCounter.swift,\ CharacterExtensions.swift /Users/shizihan/DailyUse/Github/InkMarkdown/Packages/Caches/swift-markdown/Sources/Markdown/Structural\ Restrictions/BlockContainer.swift /Users/shizihan/DailyUse/Github/InkMarkdown/Packages/Caches/swift-markdown/Sources/Markdown/Structural\ Restrictions/BlockMarkup.swift /Users/shizihan/DailyUse/Github/InkMarkdown/Packages/Caches/swift-markdown/Sources/Markdown/Structural\ Restrictions/InlineContainer.swift /Users/shizihan/DailyUse/Github/InkMarkdown/Packages/Caches/swift-markdown/Sources/Markdown/Structural\ Restrictions/InlineMarkup.swift /Users/shizihan/DailyUse/Github/InkMarkdown/Packages/Caches/swift-markdown/Sources/Markdown/Structural\ Restrictions/ListItemContainer.swift /Users/shizihan/DailyUse/Github/InkMarkdown/Packages/Caches/swift-markdown/Sources/Markdown/Utility/AtomicCounter.swift /Users/shizihan/DailyUse/Github/InkMarkdown/Packages/Caches/swift-markdown/Sources/Markdown/Utility/CharacterExtensions.swift (in target 'Markdown' from project 'swift-markdown')
SwiftCompile normal arm64 /Users/shizihan/DailyUse/Github/InkMarkdown/Packages/Caches/swift-markdown/Sources/Markdown/Structural\ Restrictions/BlockContainer.swift (in target 'Markdown' from project 'swift-markdown')
    cd /Users/shizihan/DailyUse/Github/InkMarkdown/.github/fixtures/consumer-smoke/.swiftpm/xcode
    

SwiftCompile normal arm64 /Users/shizihan/DailyUse/Github/InkMarkdown/Packages/Caches/swift-markdown/Sources/Markdown/Structural\ Restrictions/BlockMarkup.swift (in target 'Markdown' from project 'swift-markdown')
    cd /Users/shizihan/DailyUse/Github/InkMarkdown/.github/fixtures/consumer-smoke/.swiftpm/xcode
    

SwiftCompile normal arm64 /Users/shizihan/DailyUse/Github/InkMarkdown/Packages/Caches/swift-markdown/Sources/Markdown/Structural\ Restrictions/InlineContainer.swift (in target 'Markdown' from project 'swift-markdown')
    cd /Users/shizihan/DailyUse/Github/InkMarkdown/.github/fixtures/consumer-smoke/.swiftpm/xcode
    

SwiftCompile normal arm64 /Users/shizihan/DailyUse/Github/InkMarkdown/Packages/Caches/swift-markdown/Sources/Markdown/Structural\ Restrictions/InlineMarkup.swift (in target 'Markdown' from project 'swift-markdown')
    cd /Users/shizihan/DailyUse/Github/InkMarkdown/.github/fixtures/consumer-smoke/.swiftpm/xcode
    

SwiftCompile normal arm64 /Users/shizihan/DailyUse/Github/InkMarkdown/Packages/Caches/swift-markdown/Sources/Markdown/Structural\ Restrictions/ListItemContainer.swift (in target 'Markdown' from project 'swift-markdown')
    cd /Users/shizihan/DailyUse/Github/InkMarkdown/.github/fixtures/consumer-smoke/.swiftpm/xcode
    

SwiftCompile normal arm64 /Users/shizihan/DailyUse/Github/InkMarkdown/Packages/Caches/swift-markdown/Sources/Markdown/Utility/AtomicCounter.swift (in target 'Markdown' from project 'swift-markdown')
    cd /Users/shizihan/DailyUse/Github/InkMarkdown/.github/fixtures/consumer-smoke/.swiftpm/xcode
    

SwiftCompile normal arm64 /Users/shizihan/DailyUse/Github/InkMarkdown/Packages/Caches/swift-markdown/Sources/Markdown/Utility/CharacterExtensions.swift (in target 'Markdown' from project 'swift-markdown')
    cd /Users/shizihan/DailyUse/Github/InkMarkdown/.github/fixtures/consumer-smoke/.swiftpm/xcode
    

SwiftCompile normal arm64 Compiling\ LazySplitLines.swift,\ ParseOptions.swift,\ RangeAdjuster.swift,\ RangerTracker.swift,\ MarkupRewriter.swift,\ BasicBlockContainer.swift,\ BasicInlineContainer.swift /Users/shizihan/DailyUse/Github/InkMarkdown/Packages/Caches/swift-markdown/Sources/Markdown/Parser/LazySplitLines.swift /Users/shizihan/DailyUse/Github/InkMarkdown/Packages/Caches/swift-markdown/Sources/Markdown/Parser/ParseOptions.swift /Users/shizihan/DailyUse/Github/InkMarkdown/Packages/Caches/swift-markdown/Sources/Markdown/Parser/RangeAdjuster.swift /Users/shizihan/DailyUse/Github/InkMarkdown/Packages/Caches/swift-markdown/Sources/Markdown/Parser/RangerTracker.swift /Users/shizihan/DailyUse/Github/InkMarkdown/Packages/Caches/swift-markdown/Sources/Markdown/Rewriter/MarkupRewriter.swift /Users/shizihan/DailyUse/Github/InkMarkdown/Packages/Caches/swift-markdown/Sources/Markdown/Structural\ Restrictions/BasicBlockContainer.swift /Users/shizihan/DailyUse/Github/InkMarkdown/Packages/Caches/swift-markdown/Sources/Markdown/Structural\ Restrictions/BasicInlineContainer.swift (in target 'Markdown' from project 'swift-markdown')
SwiftCompile normal arm64 /Users/shizihan/DailyUse/Github/InkMarkdown/Packages/Caches/swift-markdown/Sources/Markdown/Parser/LazySplitLines.swift (in target 'Markdown' from project 'swift-markdown')
    cd /Users/shizihan/DailyUse/Github/InkMarkdown/.github/fixtures/consumer-smoke/.swiftpm/xcode
    

SwiftCompile normal arm64 /Users/shizihan/DailyUse/Github/InkMarkdown/Packages/Caches/swift-markdown/Sources/Markdown/Parser/ParseOptions.swift (in target 'Markdown' from project 'swift-markdown')
    cd /Users/shizihan/DailyUse/Github/InkMarkdown/.github/fixtures/consumer-smoke/.swiftpm/xcode
    

SwiftCompile normal arm64 /Users/shizihan/DailyUse/Github/InkMarkdown/Packages/Caches/swift-markdown/Sources/Markdown/Parser/RangeAdjuster.swift (in target 'Markdown' from project 'swift-markdown')
    cd /Users/shizihan/DailyUse/Github/InkMarkdown/.github/fixtures/consumer-smoke/.swiftpm/xcode
    

SwiftCompile normal arm64 /Users/shizihan/DailyUse/Github/InkMarkdown/Packages/Caches/swift-markdown/Sources/Markdown/Parser/RangerTracker.swift (in target 'Markdown' from project 'swift-markdown')
    cd /Users/shizihan/DailyUse/Github/InkMarkdown/.github/fixtures/consumer-smoke/.swiftpm/xcode
    

SwiftCompile normal arm64 /Users/shizihan/DailyUse/Github/InkMarkdown/Packages/Caches/swift-markdown/Sources/Markdown/Rewriter/MarkupRewriter.swift (in target 'Markdown' from project 'swift-markdown')
    cd /Users/shizihan/DailyUse/Github/InkMarkdown/.github/fixtures/consumer-smoke/.swiftpm/xcode
    

SwiftCompile normal arm64 /Users/shizihan/DailyUse/Github/InkMarkdown/Packages/Caches/swift-markdown/Sources/Markdown/Structural\ Restrictions/BasicBlockContainer.swift (in target 'Markdown' from project 'swift-markdown')
    cd /Users/shizihan/DailyUse/Github/InkMarkdown/.github/fixtures/consumer-smoke/.swiftpm/xcode
    

SwiftCompile normal arm64 /Users/shizihan/DailyUse/Github/InkMarkdown/Packages/Caches/swift-markdown/Sources/Markdown/Structural\ Restrictions/BasicInlineContainer.swift (in target 'Markdown' from project 'swift-markdown')
    cd /Users/shizihan/DailyUse/Github/InkMarkdown/.github/fixtures/consumer-smoke/.swiftpm/xcode
    

SwiftCompile normal arm64 Compiling\ TableCellContainer.swift,\ TableHead.swift,\ TableRow.swift,\ Replacement.swift,\ SourceLocation.swift,\ Emphasis.swift,\ Image.swift /Users/shizihan/DailyUse/Github/InkMarkdown/Packages/Caches/swift-markdown/Sources/Markdown/Block\ Nodes/Tables/TableCellContainer.swift /Users/shizihan/DailyUse/Github/InkMarkdown/Packages/Caches/swift-markdown/Sources/Markdown/Block\ Nodes/Tables/TableHead.swift /Users/shizihan/DailyUse/Github/InkMarkdown/Packages/Caches/swift-markdown/Sources/Markdown/Block\ Nodes/Tables/TableRow.swift /Users/shizihan/DailyUse/Github/InkMarkdown/Packages/Caches/swift-markdown/Sources/Markdown/Infrastructure/Replacement.swift /Users/shizihan/DailyUse/Github/InkMarkdown/Packages/Caches/swift-markdown/Sources/Markdown/Infrastructure/SourceLocation.swift /Users/shizihan/DailyUse/Github/InkMarkdown/Packages/Caches/swift-markdown/Sources/Markdown/Inline\ Nodes/Inline\ Containers/Emphasis.swift /Users/shizihan/DailyUse/Github/InkMarkdown/Packages/Caches/swift-markdown/Sources/Markdown/Inline\ Nodes/Inline\ Containers/Image.swift (in target 'Markdown' from project 'swift-markdown')

SwiftCompile normal arm64 /Users/shizihan/DailyUse/Github/InkMarkdown/Packages/Caches/swift-markdown/Sources/Markdown/Block\ Nodes/Tables/TableCellContainer.swift (in target 'Markdown' from project 'swift-markdown')
    cd /Users/shizihan/DailyUse/Github/InkMarkdown/.github/fixtures/consumer-smoke/.swiftpm/xcode
    

SwiftCompile normal arm64 /Users/shizihan/DailyUse/Github/InkMarkdown/Packages/Caches/swift-markdown/Sources/Markdown/Block\ Nodes/Tables/TableHead.swift (in target 'Markdown' from project 'swift-markdown')
    cd /Users/shizihan/DailyUse/Github/InkMarkdown/.github/fixtures/consumer-smoke/.swiftpm/xcode
    

SwiftCompile normal arm64 /Users/shizihan/DailyUse/Github/InkMarkdown/Packages/Caches/swift-markdown/Sources/Markdown/Block\ Nodes/Tables/TableRow.swift (in target 'Markdown' from project 'swift-markdown')
    cd /Users/shizihan/DailyUse/Github/InkMarkdown/.github/fixtures/consumer-smoke/.swiftpm/xcode
    

SwiftCompile normal arm64 /Users/shizihan/DailyUse/Github/InkMarkdown/Packages/Caches/swift-markdown/Sources/Markdown/Infrastructure/Replacement.swift (in target 'Markdown' from project 'swift-markdown')
    cd /Users/shizihan/DailyUse/Github/InkMarkdown/.github/fixtures/consumer-smoke/.swiftpm/xcode
    

SwiftCompile normal arm64 /Users/shizihan/DailyUse/Github/InkMarkdown/Packages/Caches/swift-markdown/Sources/Markdown/Infrastructure/SourceLocation.swift (in target 'Markdown' from project 'swift-markdown')
    cd /Users/shizihan/DailyUse/Github/InkMarkdown/.github/fixtures/consumer-smoke/.swiftpm/xcode
    

SwiftCompile normal arm64 /Users/shizihan/DailyUse/Github/InkMarkdown/Packages/Caches/swift-markdown/Sources/Markdown/Inline\ Nodes/Inline\ Containers/Emphasis.swift (in target 'Markdown' from project 'swift-markdown')
    cd /Users/shizihan/DailyUse/Github/InkMarkdown/.github/fixtures/consumer-smoke/.swiftpm/xcode
    

SwiftCompile normal arm64 /Users/shizihan/DailyUse/Github/InkMarkdown/Packages/Caches/swift-markdown/Sources/Markdown/Inline\ Nodes/Inline\ Containers/Image.swift (in target 'Markdown' from project 'swift-markdown')
    cd /Users/shizihan/DailyUse/Github/InkMarkdown/.github/fixtures/consumer-smoke/.swiftpm/xcode
    

SwiftCompile normal arm64 Compiling\ CodeBlock.swift,\ HTMLBlock.swift,\ Heading.swift,\ ThematicBreak.swift,\ Table.swift,\ TableBody.swift,\ TableCell.swift /Users/shizihan/DailyUse/Github/InkMarkdown/Packages/Caches/swift-markdown/Sources/Markdown/Block\ Nodes/Leaf\ Blocks/CodeBlock.swift /Users/shizihan/DailyUse/Github/InkMarkdown/Packages/Caches/swift-markdown/Sources/Markdown/Block\ Nodes/Leaf\ Blocks/HTMLBlock.swift /Users/shizihan/DailyUse/Github/InkMarkdown/Packages/Caches/swift-markdown/Sources/Markdown/Block\ Nodes/Leaf\ Blocks/Heading.swift /Users/shizihan/DailyUse/Github/InkMarkdown/Packages/Caches/swift-markdown/Sources/Markdown/Block\ Nodes/Leaf\ Blocks/ThematicBreak.swift /Users/shizihan/DailyUse/Github/InkMarkdown/Packages/Caches/swift-markdown/Sources/Markdown/Block\ Nodes/Tables/Table.swift /Users/shizihan/DailyUse/Github/InkMarkdown/Packages/Caches/swift-markdown/Sources/Markdown/Block\ Nodes/Tables/TableBody.swift /Users/shizihan/DailyUse/Github/InkMarkdown/Packages/Caches/swift-markdown/Sources/Markdown/Block\ Nodes/Tables/TableCell.swift (in target 'Markdown' from project 'swift-markdown')

SwiftCompile normal arm64 /Users/shizihan/DailyUse/Github/InkMarkdown/Packages/Caches/swift-markdown/Sources/Markdown/Block\ Nodes/Leaf\ Blocks/CodeBlock.swift (in target 'Markdown' from project 'swift-markdown')
    cd /Users/shizihan/DailyUse/Github/InkMarkdown/.github/fixtures/consumer-smoke/.swiftpm/xcode
    

SwiftCompile normal arm64 /Users/shizihan/DailyUse/Github/InkMarkdown/Packages/Caches/swift-markdown/Sources/Markdown/Block\ Nodes/Leaf\ Blocks/HTMLBlock.swift (in target 'Markdown' from project 'swift-markdown')
    cd /Users/shizihan/DailyUse/Github/InkMarkdown/.github/fixtures/consumer-smoke/.swiftpm/xcode
    

SwiftCompile normal arm64 /Users/shizihan/DailyUse/Github/InkMarkdown/Packages/Caches/swift-markdown/Sources/Markdown/Block\ Nodes/Leaf\ Blocks/Heading.swift (in target 'Markdown' from project 'swift-markdown')
    cd /Users/shizihan/DailyUse/Github/InkMarkdown/.github/fixtures/consumer-smoke/.swiftpm/xcode
    

SwiftCompile normal arm64 /Users/shizihan/DailyUse/Github/InkMarkdown/Packages/Caches/swift-markdown/Sources/Markdown/Block\ Nodes/Leaf\ Blocks/ThematicBreak.swift (in target 'Markdown' from project 'swift-markdown')
    cd /Users/shizihan/DailyUse/Github/InkMarkdown/.github/fixtures/consumer-smoke/.swiftpm/xcode
    

SwiftCompile normal arm64 /Users/shizihan/DailyUse/Github/InkMarkdown/Packages/Caches/swift-markdown/Sources/Markdown/Block\ Nodes/Tables/Table.swift (in target 'Markdown' from project 'swift-markdown')
    cd /Users/shizihan/DailyUse/Github/InkMarkdown/.github/fixtures/consumer-smoke/.swiftpm/xcode
    

SwiftCompile normal arm64 /Users/shizihan/DailyUse/Github/InkMarkdown/Packages/Caches/swift-markdown/Sources/Markdown/Block\ Nodes/Tables/TableBody.swift (in target 'Markdown' from project 'swift-markdown')
    cd /Users/shizihan/DailyUse/Github/InkMarkdown/.github/fixtures/consumer-smoke/.swiftpm/xcode
    

SwiftCompile normal arm64 /Users/shizihan/DailyUse/Github/InkMarkdown/Packages/Caches/swift-markdown/Sources/Markdown/Block\ Nodes/Tables/TableCell.swift (in target 'Markdown' from project 'swift-markdown')
    cd /Users/shizihan/DailyUse/Github/InkMarkdown/.github/fixtures/consumer-smoke/.swiftpm/xcode
    

SwiftCompile normal arm64 Compiling\ DoxygenNote.swift,\ DoxygenParameter.swift,\ DoxygenReturns.swift,\ ListItem.swift,\ OrderedList.swift,\ UnorderedList.swift,\ Paragraph.swift /Users/shizihan/DailyUse/Github/InkMarkdown/Packages/Caches/swift-markdown/Sources/Markdown/Block\ Nodes/Block\ Container\ Blocks/Doxygen\ Commands/DoxygenNote.swift /Users/shizihan/DailyUse/Github/InkMarkdown/Packages/Caches/swift-markdown/Sources/Markdown/Block\ Nodes/Block\ Container\ Blocks/Doxygen\ Commands/DoxygenParameter.swift /Users/shizihan/DailyUse/Github/InkMarkdown/Packages/Caches/swift-markdown/Sources/Markdown/Block\ Nodes/Block\ Container\ Blocks/Doxygen\ Commands/DoxygenReturns.swift /Users/shizihan/DailyUse/Github/InkMarkdown/Packages/Caches/swift-markdown/Sources/Markdown/Block\ Nodes/Block\ Container\ Blocks/ListItem.swift /Users/shizihan/DailyUse/Github/InkMarkdown/Packages/Caches/swift-markdown/Sources/Markdown/Block\ Nodes/Block\ Container\ Blocks/OrderedList.swift /Users/shizihan/DailyUse/Github/InkMarkdown/Packages/Caches/swift-markdown/Sources/Markdown/Block\ Nodes/Block\ Container\ Blocks/UnorderedList.swift /Users/shizihan/DailyUse/Github/InkMarkdown/Packages/Caches/swift-markdown/Sources/Markdown/Block\ Nodes/Inline\ Container\ Blocks/Paragraph.swift (in target 'Markdown' from project 'swift-markdown')
SwiftCompile normal arm64 /Users/shizihan/DailyUse/Github/InkMarkdown/Packages/Caches/swift-markdown/Sources/Markdown/Block\ Nodes/Block\ Container\ Blocks/Doxygen\ Commands/DoxygenNote.swift (in target 'Markdown' from project 'swift-markdown')
    cd /Users/shizihan/DailyUse/Github/InkMarkdown/.github/fixtures/consumer-smoke/.swiftpm/xcode
    

SwiftCompile normal arm64 /Users/shizihan/DailyUse/Github/InkMarkdown/Packages/Caches/swift-markdown/Sources/Markdown/Block\ Nodes/Block\ Container\ Blocks/Doxygen\ Commands/DoxygenParameter.swift (in target 'Markdown' from project 'swift-markdown')
    cd /Users/shizihan/DailyUse/Github/InkMarkdown/.github/fixtures/consumer-smoke/.swiftpm/xcode
    

SwiftCompile normal arm64 /Users/shizihan/DailyUse/Github/InkMarkdown/Packages/Caches/swift-markdown/Sources/Markdown/Block\ Nodes/Block\ Container\ Blocks/Doxygen\ Commands/DoxygenReturns.swift (in target 'Markdown' from project 'swift-markdown')
    cd /Users/shizihan/DailyUse/Github/InkMarkdown/.github/fixtures/consumer-smoke/.swiftpm/xcode
    

SwiftCompile normal arm64 /Users/shizihan/DailyUse/Github/InkMarkdown/Packages/Caches/swift-markdown/Sources/Markdown/Block\ Nodes/Block\ Container\ Blocks/ListItem.swift (in target 'Markdown' from project 'swift-markdown')
    cd /Users/shizihan/DailyUse/Github/InkMarkdown/.github/fixtures/consumer-smoke/.swiftpm/xcode
    

SwiftCompile normal arm64 /Users/shizihan/DailyUse/Github/InkMarkdown/Packages/Caches/swift-markdown/Sources/Markdown/Block\ Nodes/Block\ Container\ Blocks/OrderedList.swift (in target 'Markdown' from project 'swift-markdown')
    cd /Users/shizihan/DailyUse/Github/InkMarkdown/.github/fixtures/consumer-smoke/.swiftpm/xcode
    

SwiftCompile normal arm64 /Users/shizihan/DailyUse/Github/InkMarkdown/Packages/Caches/swift-markdown/Sources/Markdown/Block\ Nodes/Block\ Container\ Blocks/UnorderedList.swift (in target 'Markdown' from project 'swift-markdown')
    cd /Users/shizihan/DailyUse/Github/InkMarkdown/.github/fixtures/consumer-smoke/.swiftpm/xcode
    

SwiftCompile normal arm64 /Users/shizihan/DailyUse/Github/InkMarkdown/Packages/Caches/swift-markdown/Sources/Markdown/Block\ Nodes/Inline\ Container\ Blocks/Paragraph.swift (in target 'Markdown' from project 'swift-markdown')
    cd /Users/shizihan/DailyUse/Github/InkMarkdown/.github/fixtures/consumer-smoke/.swiftpm/xcode
    

SwiftCompile normal arm64 Compiling\ CollectionExtensions.swift,\ StringExtensions.swift,\ MarkupVisitor.swift,\ MarkupWalker.swift,\ HTMLFormatter.swift,\ MarkupFormatter.swift,\ MarkupTreeDumper.swift /Users/shizihan/DailyUse/Github/InkMarkdown/Packages/Caches/swift-markdown/Sources/Markdown/Utility/CollectionExtensions.swift /Users/shizihan/DailyUse/Github/InkMarkdown/Packages/Caches/swift-markdown/Sources/Markdown/Utility/StringExtensions.swift /Users/shizihan/DailyUse/Github/InkMarkdown/Packages/Caches/swift-markdown/Sources/Markdown/Visitor/MarkupVisitor.swift /Users/shizihan/DailyUse/Github/InkMarkdown/Packages/Caches/swift-markdown/Sources/Markdown/Walker/MarkupWalker.swift /Users/shizihan/DailyUse/Github/InkMarkdown/Packages/Caches/swift-markdown/Sources/Markdown/Walker/Walkers/HTMLFormatter.swift /Users/shizihan/DailyUse/Github/InkMarkdown/Packages/Caches/swift-markdown/Sources/Markdown/Walker/Walkers/MarkupFormatter.swift /Users/shizihan/DailyUse/Github/InkMarkdown/Packages/Caches/swift-markdown/Sources/Markdown/Walker/Walkers/MarkupTreeDumper.swift (in target 'Markdown' from project 'swift-markdown')
SwiftCompile normal arm64 /Users/shizihan/DailyUse/Github/InkMarkdown/Packages/Caches/swift-markdown/Sources/Markdown/Utility/CollectionExtensions.swift (in target 'Markdown' from project 'swift-markdown')
    cd /Users/shizihan/DailyUse/Github/InkMarkdown/.github/fixtures/consumer-smoke/.swiftpm/xcode
    

SwiftCompile normal arm64 /Users/shizihan/DailyUse/Github/InkMarkdown/Packages/Caches/swift-markdown/Sources/Markdown/Utility/StringExtensions.swift (in target 'Markdown' from project 'swift-markdown')
    cd /Users/shizihan/DailyUse/Github/InkMarkdown/.github/fixtures/consumer-smoke/.swiftpm/xcode
    

SwiftCompile normal arm64 /Users/shizihan/DailyUse/Github/InkMarkdown/Packages/Caches/swift-markdown/Sources/Markdown/Visitor/MarkupVisitor.swift (in target 'Markdown' from project 'swift-markdown')
    cd /Users/shizihan/DailyUse/Github/InkMarkdown/.github/fixtures/consumer-smoke/.swiftpm/xcode
    

SwiftCompile normal arm64 /Users/shizihan/DailyUse/Github/InkMarkdown/Packages/Caches/swift-markdown/Sources/Markdown/Walker/MarkupWalker.swift (in target 'Markdown' from project 'swift-markdown')
    cd /Users/shizihan/DailyUse/Github/InkMarkdown/.github/fixtures/consumer-smoke/.swiftpm/xcode
    

SwiftCompile normal arm64 /Users/shizihan/DailyUse/Github/InkMarkdown/Packages/Caches/swift-markdown/Sources/Markdown/Walker/Walkers/HTMLFormatter.swift (in target 'Markdown' from project 'swift-markdown')
    cd /Users/shizihan/DailyUse/Github/InkMarkdown/.github/fixtures/consumer-smoke/.swiftpm/xcode
    

SwiftCompile normal arm64 /Users/shizihan/DailyUse/Github/InkMarkdown/Packages/Caches/swift-markdown/Sources/Markdown/Walker/Walkers/MarkupFormatter.swift (in target 'Markdown' from project 'swift-markdown')
    cd /Users/shizihan/DailyUse/Github/InkMarkdown/.github/fixtures/consumer-smoke/.swiftpm/xcode
    

SwiftCompile normal arm64 /Users/shizihan/DailyUse/Github/InkMarkdown/Packages/Caches/swift-markdown/Sources/Markdown/Walker/Walkers/MarkupTreeDumper.swift (in target 'Markdown' from project 'swift-markdown')
    cd /Users/shizihan/DailyUse/Github/InkMarkdown/.github/fixtures/consumer-smoke/.swiftpm/xcode
    

SwiftCompile normal arm64 Compiling\ InlineAttributes.swift,\ Link.swift,\ Strikethrough.swift,\ Strong.swift,\ CustomInline.swift,\ InlineCode.swift,\ InlineHTML.swift /Users/shizihan/DailyUse/Github/InkMarkdown/Packages/Caches/swift-markdown/Sources/Markdown/Inline\ Nodes/Inline\ Containers/InlineAttributes.swift /Users/shizihan/DailyUse/Github/InkMarkdown/Packages/Caches/swift-markdown/Sources/Markdown/Inline\ Nodes/Inline\ Containers/Link.swift /Users/shizihan/DailyUse/Github/InkMarkdown/Packages/Caches/swift-markdown/Sources/Markdown/Inline\ Nodes/Inline\ Containers/Strikethrough.swift /Users/shizihan/DailyUse/Github/InkMarkdown/Packages/Caches/swift-markdown/Sources/Markdown/Inline\ Nodes/Inline\ Containers/Strong.swift /Users/shizihan/DailyUse/Github/InkMarkdown/Packages/Caches/swift-markdown/Sources/Markdown/Inline\ Nodes/Inline\ Leaves/CustomInline.swift /Users/shizihan/DailyUse/Github/InkMarkdown/Packages/Caches/swift-markdown/Sources/Markdown/Inline\ Nodes/Inline\ Leaves/InlineCode.swift /Users/shizihan/DailyUse/Github/InkMarkdown/Packages/Caches/swift-markdown/Sources/Markdown/Inline\ Nodes/Inline\ Leaves/InlineHTML.swift (in target 'Markdown' from project 'swift-markdown')

SwiftCompile normal arm64 /Users/shizihan/DailyUse/Github/InkMarkdown/Packages/Caches/swift-markdown/Sources/Markdown/Inline\ Nodes/Inline\ Containers/InlineAttributes.swift (in target 'Markdown' from project 'swift-markdown')
    cd /Users/shizihan/DailyUse/Github/InkMarkdown/.github/fixtures/consumer-smoke/.swiftpm/xcode
    

SwiftCompile normal arm64 /Users/shizihan/DailyUse/Github/InkMarkdown/Packages/Caches/swift-markdown/Sources/Markdown/Inline\ Nodes/Inline\ Containers/Link.swift (in target 'Markdown' from project 'swift-markdown')
    cd /Users/shizihan/DailyUse/Github/InkMarkdown/.github/fixtures/consumer-smoke/.swiftpm/xcode
    

SwiftCompile normal arm64 /Users/shizihan/DailyUse/Github/InkMarkdown/Packages/Caches/swift-markdown/Sources/Markdown/Inline\ Nodes/Inline\ Containers/Strikethrough.swift (in target 'Markdown' from project 'swift-markdown')
    cd /Users/shizihan/DailyUse/Github/InkMarkdown/.github/fixtures/consumer-smoke/.swiftpm/xcode
    

SwiftCompile normal arm64 /Users/shizihan/DailyUse/Github/InkMarkdown/Packages/Caches/swift-markdown/Sources/Markdown/Inline\ Nodes/Inline\ Containers/Strong.swift (in target 'Markdown' from project 'swift-markdown')
    cd /Users/shizihan/DailyUse/Github/InkMarkdown/.github/fixtures/consumer-smoke/.swiftpm/xcode
    

SwiftCompile normal arm64 /Users/shizihan/DailyUse/Github/InkMarkdown/Packages/Caches/swift-markdown/Sources/Markdown/Inline\ Nodes/Inline\ Leaves/CustomInline.swift (in target 'Markdown' from project 'swift-markdown')
    cd /Users/shizihan/DailyUse/Github/InkMarkdown/.github/fixtures/consumer-smoke/.swiftpm/xcode
    

SwiftCompile normal arm64 /Users/shizihan/DailyUse/Github/InkMarkdown/Packages/Caches/swift-markdown/Sources/Markdown/Inline\ Nodes/Inline\ Leaves/InlineCode.swift (in target 'Markdown' from project 'swift-markdown')
    cd /Users/shizihan/DailyUse/Github/InkMarkdown/.github/fixtures/consumer-smoke/.swiftpm/xcode
    

SwiftCompile normal arm64 /Users/shizihan/DailyUse/Github/InkMarkdown/Packages/Caches/swift-markdown/Sources/Markdown/Inline\ Nodes/Inline\ Leaves/InlineHTML.swift (in target 'Markdown' from project 'swift-markdown')
    cd /Users/shizihan/DailyUse/Github/InkMarkdown/.github/fixtures/consumer-smoke/.swiftpm/xcode
    

SwiftCompile normal arm64 Compiling\ LineBreak.swift,\ SoftBreak.swift,\ SymbolLink.swift,\ Text.swift,\ Aside.swift,\ BlockDirectiveParser.swift,\ CommonMarkConverter.swift /Users/shizihan/DailyUse/Github/InkMarkdown/Packages/Caches/swift-markdown/Sources/Markdown/Inline\ Nodes/Inline\ Leaves/LineBreak.swift /Users/shizihan/DailyUse/Github/InkMarkdown/Packages/Caches/swift-markdown/Sources/Markdown/Inline\ Nodes/Inline\ Leaves/SoftBreak.swift /Users/shizihan/DailyUse/Github/InkMarkdown/Packages/Caches/swift-markdown/Sources/Markdown/Inline\ Nodes/Inline\ Leaves/SymbolLink.swift /Users/shizihan/DailyUse/Github/InkMarkdown/Packages/Caches/swift-markdown/Sources/Markdown/Inline\ Nodes/Inline\ Leaves/Text.swift /Users/shizihan/DailyUse/Github/InkMarkdown/Packages/Caches/swift-markdown/Sources/Markdown/Interpretive\ Nodes/Aside.swift /Users/shizihan/DailyUse/Github/InkMarkdown/Packages/Caches/swift-markdown/Sources/Markdown/Parser/BlockDirectiveParser.swift /Users/shizihan/DailyUse/Github/InkMarkdown/Packages/Caches/swift-markdown/Sources/Markdown/Parser/CommonMarkConverter.swift (in target 'Markdown' from project 'swift-markdown')
SwiftCompile normal arm64 /Users/shizihan/DailyUse/Github/InkMarkdown/Packages/Caches/swift-markdown/Sources/Markdown/Inline\ Nodes/Inline\ Leaves/LineBreak.swift (in target 'Markdown' from project 'swift-markdown')
    cd /Users/shizihan/DailyUse/Github/InkMarkdown/.github/fixtures/consumer-smoke/.swiftpm/xcode
    

SwiftCompile normal arm64 /Users/shizihan/DailyUse/Github/InkMarkdown/Packages/Caches/swift-markdown/Sources/Markdown/Inline\ Nodes/Inline\ Leaves/SoftBreak.swift (in target 'Markdown' from project 'swift-markdown')
    cd /Users/shizihan/DailyUse/Github/InkMarkdown/.github/fixtures/consumer-smoke/.swiftpm/xcode
    

SwiftCompile normal arm64 /Users/shizihan/DailyUse/Github/InkMarkdown/Packages/Caches/swift-markdown/Sources/Markdown/Inline\ Nodes/Inline\ Leaves/SymbolLink.swift (in target 'Markdown' from project 'swift-markdown')
    cd /Users/shizihan/DailyUse/Github/InkMarkdown/.github/fixtures/consumer-smoke/.swiftpm/xcode
    

SwiftCompile normal arm64 /Users/shizihan/DailyUse/Github/InkMarkdown/Packages/Caches/swift-markdown/Sources/Markdown/Inline\ Nodes/Inline\ Leaves/Text.swift (in target 'Markdown' from project 'swift-markdown')
    cd /Users/shizihan/DailyUse/Github/InkMarkdown/.github/fixtures/consumer-smoke/.swiftpm/xcode
    

SwiftCompile normal arm64 /Users/shizihan/DailyUse/Github/InkMarkdown/Packages/Caches/swift-markdown/Sources/Markdown/Interpretive\ Nodes/Aside.swift (in target 'Markdown' from project 'swift-markdown')
    cd /Users/shizihan/DailyUse/Github/InkMarkdown/.github/fixtures/consumer-smoke/.swiftpm/xcode
    

SwiftCompile normal arm64 /Users/shizihan/DailyUse/Github/InkMarkdown/Packages/Caches/swift-markdown/Sources/Markdown/Parser/BlockDirectiveParser.swift (in target 'Markdown' from project 'swift-markdown')
    cd /Users/shizihan/DailyUse/Github/InkMarkdown/.github/fixtures/consumer-smoke/.swiftpm/xcode
    

SwiftCompile normal arm64 /Users/shizihan/DailyUse/Github/InkMarkdown/Packages/Caches/swift-markdown/Sources/Markdown/Parser/CommonMarkConverter.swift (in target 'Markdown' from project 'swift-markdown')
    cd /Users/shizihan/DailyUse/Github/InkMarkdown/.github/fixtures/consumer-smoke/.swiftpm/xcode
    

SwiftCompile normal arm64 Compiling\ ChildIndexPath.swift,\ DirectiveArgument.swift,\ Document.swift,\ LiteralMarkup.swift,\ Markup.swift,\ MarkupChildren.swift,\ MarkupData.swift /Users/shizihan/DailyUse/Github/InkMarkdown/Packages/Caches/swift-markdown/Sources/Markdown/Base/ChildIndexPath.swift /Users/shizihan/DailyUse/Github/InkMarkdown/Packages/Caches/swift-markdown/Sources/Markdown/Base/DirectiveArgument.swift /Users/shizihan/DailyUse/Github/InkMarkdown/Packages/Caches/swift-markdown/Sources/Markdown/Base/Document.swift /Users/shizihan/DailyUse/Github/InkMarkdown/Packages/Caches/swift-markdown/Sources/Markdown/Base/LiteralMarkup.swift /Users/shizihan/DailyUse/Github/InkMarkdown/Packages/Caches/swift-markdown/Sources/Markdown/Base/Markup.swift /Users/shizihan/DailyUse/Github/InkMarkdown/Packages/Caches/swift-markdown/Sources/Markdown/Base/MarkupChildren.swift /Users/shizihan/DailyUse/Github/InkMarkdown/Packages/Caches/swift-markdown/Sources/Markdown/Base/MarkupData.swift (in target 'Markdown' from project 'swift-markdown')

SwiftCompile normal arm64 /Users/shizihan/DailyUse/Github/InkMarkdown/Packages/Caches/swift-markdown/Sources/Markdown/Base/ChildIndexPath.swift (in target 'Markdown' from project 'swift-markdown')
    cd /Users/shizihan/DailyUse/Github/InkMarkdown/.github/fixtures/consumer-smoke/.swiftpm/xcode
    

SwiftCompile normal arm64 /Users/shizihan/DailyUse/Github/InkMarkdown/Packages/Caches/swift-markdown/Sources/Markdown/Base/DirectiveArgument.swift (in target 'Markdown' from project 'swift-markdown')
    cd /Users/shizihan/DailyUse/Github/InkMarkdown/.github/fixtures/consumer-smoke/.swiftpm/xcode
    

SwiftCompile normal arm64 /Users/shizihan/DailyUse/Github/InkMarkdown/Packages/Caches/swift-markdown/Sources/Markdown/Base/Document.swift (in target 'Markdown' from project 'swift-markdown')
    cd /Users/shizihan/DailyUse/Github/InkMarkdown/.github/fixtures/consumer-smoke/.swiftpm/xcode
    

SwiftCompile normal arm64 /Users/shizihan/DailyUse/Github/InkMarkdown/Packages/Caches/swift-markdown/Sources/Markdown/Base/LiteralMarkup.swift (in target 'Markdown' from project 'swift-markdown')
    cd /Users/shizihan/DailyUse/Github/InkMarkdown/.github/fixtures/consumer-smoke/.swiftpm/xcode
    

SwiftCompile normal arm64 /Users/shizihan/DailyUse/Github/InkMarkdown/Packages/Caches/swift-markdown/Sources/Markdown/Base/Markup.swift (in target 'Markdown' from project 'swift-markdown')
    cd /Users/shizihan/DailyUse/Github/InkMarkdown/.github/fixtures/consumer-smoke/.swiftpm/xcode
    

SwiftCompile normal arm64 /Users/shizihan/DailyUse/Github/InkMarkdown/Packages/Caches/swift-markdown/Sources/Markdown/Base/MarkupChildren.swift (in target 'Markdown' from project 'swift-markdown')
    cd /Users/shizihan/DailyUse/Github/InkMarkdown/.github/fixtures/consumer-smoke/.swiftpm/xcode
    

SwiftCompile normal arm64 /Users/shizihan/DailyUse/Github/InkMarkdown/Packages/Caches/swift-markdown/Sources/Markdown/Base/MarkupData.swift (in target 'Markdown' from project 'swift-markdown')
    cd /Users/shizihan/DailyUse/Github/InkMarkdown/.github/fixtures/consumer-smoke/.swiftpm/xcode
    

SwiftCompile normal arm64 Compiling\ PlainTextConvertibleMarkup.swift,\ RawMarkup.swift,\ BlockDirective.swift,\ BlockQuote.swift,\ CustomBlock.swift,\ DoxygenAbstract.swift,\ DoxygenDiscussion.swift /Users/shizihan/DailyUse/Github/InkMarkdown/Packages/Caches/swift-markdown/Sources/Markdown/Base/PlainTextConvertibleMarkup.swift /Users/shizihan/DailyUse/Github/InkMarkdown/Packages/Caches/swift-markdown/Sources/Markdown/Base/RawMarkup.swift /Users/shizihan/DailyUse/Github/InkMarkdown/Packages/Caches/swift-markdown/Sources/Markdown/Block\ Nodes/Block\ Container\ Blocks/BlockDirective.swift /Users/shizihan/DailyUse/Github/InkMarkdown/Packages/Caches/swift-markdown/Sources/Markdown/Block\ Nodes/Block\ Container\ Blocks/BlockQuote.swift /Users/shizihan/DailyUse/Github/InkMarkdown/Packages/Caches/swift-markdown/Sources/Markdown/Block\ Nodes/Block\ Container\ Blocks/CustomBlock.swift /Users/shizihan/DailyUse/Github/InkMarkdown/Packages/Caches/swift-markdown/Sources/Markdown/Block\ Nodes/Block\ Container\ Blocks/Doxygen\ Commands/DoxygenAbstract.swift /Users/shizihan/DailyUse/Github/InkMarkdown/Packages/Caches/swift-markdown/Sources/Markdown/Block\ Nodes/Block\ Container\ Blocks/Doxygen\ Commands/DoxygenDiscussion.swift (in target 'Markdown' from project 'swift-markdown')

SwiftCompile normal arm64 /Users/shizihan/DailyUse/Github/InkMarkdown/Packages/Caches/swift-markdown/Sources/Markdown/Base/PlainTextConvertibleMarkup.swift (in target 'Markdown' from project 'swift-markdown')
    cd /Users/shizihan/DailyUse/Github/InkMarkdown/.github/fixtures/consumer-smoke/.swiftpm/xcode
    

SwiftCompile normal arm64 /Users/shizihan/DailyUse/Github/InkMarkdown/Packages/Caches/swift-markdown/Sources/Markdown/Base/RawMarkup.swift (in target 'Markdown' from project 'swift-markdown')
    cd /Users/shizihan/DailyUse/Github/InkMarkdown/.github/fixtures/consumer-smoke/.swiftpm/xcode
    

SwiftCompile normal arm64 /Users/shizihan/DailyUse/Github/InkMarkdown/Packages/Caches/swift-markdown/Sources/Markdown/Block\ Nodes/Block\ Container\ Blocks/BlockDirective.swift (in target 'Markdown' from project 'swift-markdown')
    cd /Users/shizihan/DailyUse/Github/InkMarkdown/.github/fixtures/consumer-smoke/.swiftpm/xcode
    

SwiftCompile normal arm64 /Users/shizihan/DailyUse/Github/InkMarkdown/Packages/Caches/swift-markdown/Sources/Markdown/Block\ Nodes/Block\ Container\ Blocks/BlockQuote.swift (in target 'Markdown' from project 'swift-markdown')
    cd /Users/shizihan/DailyUse/Github/InkMarkdown/.github/fixtures/consumer-smoke/.swiftpm/xcode
    

SwiftCompile normal arm64 /Users/shizihan/DailyUse/Github/InkMarkdown/Packages/Caches/swift-markdown/Sources/Markdown/Block\ Nodes/Block\ Container\ Blocks/CustomBlock.swift (in target 'Markdown' from project 'swift-markdown')
    cd /Users/shizihan/DailyUse/Github/InkMarkdown/.github/fixtures/consumer-smoke/.swiftpm/xcode
    

SwiftCompile normal arm64 /Users/shizihan/DailyUse/Github/InkMarkdown/Packages/Caches/swift-markdown/Sources/Markdown/Block\ Nodes/Block\ Container\ Blocks/Doxygen\ Commands/DoxygenAbstract.swift (in target 'Markdown' from project 'swift-markdown')
    cd /Users/shizihan/DailyUse/Github/InkMarkdown/.github/fixtures/consumer-smoke/.swiftpm/xcode
    

SwiftCompile normal arm64 /Users/shizihan/DailyUse/Github/InkMarkdown/Packages/Caches/swift-markdown/Sources/Markdown/Block\ Nodes/Block\ Container\ Blocks/Doxygen\ Commands/DoxygenDiscussion.swift (in target 'Markdown' from project 'swift-markdown')
    cd /Users/shizihan/DailyUse/Github/InkMarkdown/.github/fixtures/consumer-smoke/.swiftpm/xcode
    

SwiftDriverJobDiscovery normal arm64 Emitting module for Markdown (in target 'Markdown' from project 'swift-markdown')

SwiftDriver\ Compilation\ Requirements Markdown normal arm64 com.apple.xcode.tools.swift.compiler (in target 'Markdown' from project 'swift-markdown')
    cd /Users/shizihan/DailyUse/Github/InkMarkdown/.github/fixtures/consumer-smoke/.swiftpm/xcode
    builtin-Swift-Compilation-Requirements -- /Applications/Xcode.app/Contents/Developer/Toolchains/XcodeDefault.xctoolchain/usr/bin/swiftc -module-name Markdown -Onone @/Users/shizihan/DailyUse/Github/InkMarkdown/.scratch/architecture-deepening-2026-09-07/evidence/20260907-1415-ticket-27/consumer/DerivedData-InkMarkdownSwiftUIConsumer/Build/Intermediates.noindex/swift-markdown.build/Debug-iphonesimulator/Markdown.build/Objects-normal/arm64/Markdown.SwiftFileList -DSWIFT_PACKAGE -DDEBUG -DSWIFT_MODULE_RESOURCE_BUNDLE_UNAVAILABLE -DXcode -plugin-path /Applications/Xcode.app/Contents/Developer/Toolchains/XcodeDefault.xctoolchain/usr/lib/swift/host/plugins/testing -enable-experimental-feature DebugDescriptionMacro -sdk /Applications/Xcode.app/Contents/Developer/Platforms/iPhoneSimulator.platform/Developer/SDKs/iPhoneSimulator26.5.sdk -target arm64-apple-ios12.0-simulator -g -module-cache-path /Users/shizihan/DailyUse/Github/InkMarkdown/.scratch/architecture-deepening-2026-09-07/evidence/20260907-1415-ticket-27/consumer/DerivedData-InkMarkdownSwiftUIConsumer/ModuleCache.noindex -Xfrontend -serialize-debugging-options -enable-testing -suppress-warnings -index-store-path /Users/shizihan/DailyUse/Github/InkMarkdown/.scratch/architecture-deepening-2026-09-07/evidence/20260907-1415-ticket-27/consumer/DerivedData-InkMarkdownSwiftUIConsumer/Index.noindex/DataStore -Xcc -D_LIBCPP_HARDENING_MODE\=_LIBCPP_HARDENING_MODE_DEBUG -swift-version 5 -I /Users/shizihan/DailyUse/Github/InkMarkdown/.scratch/architecture-deepening-2026-09-07/evidence/20260907-1415-ticket-27/consumer/DerivedData-InkMarkdownSwiftUIConsumer/Build/Products/Debug-iphonesimulator -Isystem /Applications/Xcode.app/Contents/Developer/Platforms/iPhoneSimulator.platform/Developer/usr/lib -F /Users/shizihan/DailyUse/Github/InkMarkdown/.scratch/architecture-deepening-2026-09-07/evidence/20260907-1415-ticket-27/consumer/DerivedData-InkMarkdownSwiftUIConsumer/Build/Products/Debug-iphonesimulator/PackageFrameworks -F /Users/shizihan/DailyUse/Github/InkMarkdown/.scratch/architecture-deepening-2026-09-07/evidence/20260907-1415-ticket-27/consumer/DerivedData-InkMarkdownSwiftUIConsumer/Build/Products/Debug-iphonesimulator/PackageFrameworks -F /Users/shizihan/DailyUse/Github/InkMarkdown/.scratch/architecture-deepening-2026-09-07/evidence/20260907-1415-ticket-27/consumer/DerivedData-InkMarkdownSwiftUIConsumer/Build/Products/Debug-iphonesimulator/PackageFrameworks -F /Users/shizihan/DailyUse/Github/InkMarkdown/.scratch/architecture-deepening-2026-09-07/evidence/20260907-1415-ticket-27/consumer/DerivedData-InkMarkdownSwiftUIConsumer/Build/Products/Debug-iphonesimulator -F /Applications/Xcode.app/Contents/Developer/Platforms/iPhoneSimulator.platform/Developer/Library/Frameworks -F /Applications/Xcode.app/Contents/Developer/Platforms/iPhoneSimulator.platform/Developer/SDKs/iPhoneSimulator26.5.sdk/Developer/Library/Frameworks -c -j10 -enable-batch-mode -incremental -Xcc -ivfsstatcache -Xcc /Users/shizihan/DailyUse/Github/InkMarkdown/.scratch/architecture-deepening-2026-09-07/evidence/20260907-1415-ticket-27/consumer/DerivedData-InkMarkdownSwiftUIConsumer/SDKStatCaches.noindex/iphonesimulator26.5-23F81a-6cfe768891a92b912361537c460fe42b.sdkstatcache -output-file-map /Users/shizihan/DailyUse/Github/InkMarkdown/.scratch/architecture-deepening-2026-09-07/evidence/20260907-1415-ticket-27/consumer/DerivedData-InkMarkdownSwiftUIConsumer/Build/Intermediates.noindex/swift-markdown.build/Debug-iphonesimulator/Markdown.build/Objects-normal/arm64/Markdown-OutputFileMap.json -use-frontend-parseable-output -save-temps -no-color-diagnostics -explicit-module-build -module-cache-path /Users/shizihan/DailyUse/Github/InkMarkdown/.scratch/architecture-deepening-2026-09-07/evidence/20260907-1415-ticket-27/consumer/DerivedData-InkMarkdownSwiftUIConsumer/Build/Intermediates.noindex/SwiftExplicitPrecompiledModules -clang-scanner-module-cache-path /Users/shizihan/DailyUse/Github/InkMarkdown/.scratch/architecture-deepening-2026-09-07/evidence/20260907-1415-ticket-27/consumer/DerivedData-InkMarkdownSwiftUIConsumer/ModuleCache.noindex -sdk-module-cache-path /Users/shizihan/DailyUse/Github/InkMarkdown/.scratch/architecture-deepening-2026-09-07/evidence/20260907-1415-ticket-27/consumer/DerivedData-InkMarkdownSwiftUIConsumer/ModuleCache.noindex -serialize-diagnostics -emit-dependencies -emit-module -emit-module-path /Users/shizihan/DailyUse/Github/InkMarkdown/.scratch/architecture-deepening-2026-09-07/evidence/20260907-1415-ticket-27/consumer/DerivedData-InkMarkdownSwiftUIConsumer/Build/Intermediates.noindex/swift-markdown.build/Debug-iphonesimulator/Markdown.build/Objects-normal/arm64/Markdown.swiftmodule -validate-clang-modules-once -clang-build-session-file /Users/shizihan/DailyUse/Github/InkMarkdown/.scratch/architecture-deepening-2026-09-07/evidence/20260907-1415-ticket-27/consumer/DerivedData-InkMarkdownSwiftUIConsumer/ModuleCache.noindex/Session.modulevalidation -package-name swift_markdown -Xcc -I/Users/shizihan/DailyUse/Github/InkMarkdown/.scratch/architecture-deepening-2026-09-07/evidence/20260907-1415-ticket-27/consumer/DerivedData-InkMarkdownSwiftUIConsumer/Build/Intermediates.noindex/swift-markdown.build/Debug-iphonesimulator/Markdown.build/swift-overrides.hmap -emit-const-values -Xfrontend -const-gather-protocols-file -Xfrontend /Users/shizihan/DailyUse/Github/InkMarkdown/.scratch/architecture-deepening-2026-09-07/evidence/20260907-1415-ticket-27/consumer/DerivedData-InkMarkdownSwiftUIConsumer/Build/Intermediates.noindex/swift-markdown.build/Debug-iphonesimulator/Markdown.build/Objects-normal/arm64/Markdown_const_extract_protocols.json -Xcc -I/Users/shizihan/DailyUse/Github/InkMarkdown/Packages/Caches/swift-cmark/src/include -Xcc -I/Users/shizihan/DailyUse/Github/InkMarkdown/Packages/Caches/swift-cmark/extensions/include -Xcc -I/Users/shizihan/DailyUse/Github/InkMarkdown/Packages/Caches/swift-markdown/Sources/CAtomic/include -Xcc -I/Users/shizihan/DailyUse/Github/InkMarkdown/.scratch/architecture-deepening-2026-09-07/evidence/20260907-1415-ticket-27/consumer/DerivedData-InkMarkdownSwiftUIConsumer/Build/Products/Debug-iphonesimulator/include -Xcc -I/Users/shizihan/DailyUse/Github/InkMarkdown/.scratch/architecture-deepening-2026-09-07/evidence/20260907-1415-ticket-27/consumer/DerivedData-InkMarkdownSwiftUIConsumer/Build/Intermediates.noindex/swift-markdown.build/Debug-iphonesimulator/Markdown.build/DerivedSources-normal/arm64 -Xcc -I/Users/shizihan/DailyUse/Github/InkMarkdown/.scratch/architecture-deepening-2026-09-07/evidence/20260907-1415-ticket-27/consumer/DerivedData-InkMarkdownSwiftUIConsumer/Build/Intermediates.noindex/swift-markdown.build/Debug-iphonesimulator/Markdown.build/DerivedSources/arm64 -Xcc -I/Users/shizihan/DailyUse/Github/InkMarkdown/.scratch/architecture-deepening-2026-09-07/evidence/20260907-1415-ticket-27/consumer/DerivedData-InkMarkdownSwiftUIConsumer/Build/Intermediates.noindex/swift-markdown.build/Debug-iphonesimulator/Markdown.build/DerivedSources -Xcc -DSWIFT_PACKAGE -Xcc -DDEBUG\=1 -emit-objc-header -emit-objc-header-path /Users/shizihan/DailyUse/Github/InkMarkdown/.scratch/architecture-deepening-2026-09-07/evidence/20260907-1415-ticket-27/consumer/DerivedData-InkMarkdownSwiftUIConsumer/Build/Intermediates.noindex/swift-markdown.build/Debug-iphonesimulator/Markdown.build/Objects-normal/arm64/Markdown-Swift.h -working-directory /Users/shizihan/DailyUse/Github/InkMarkdown/.github/fixtures/consumer-smoke/.swiftpm/xcode -experimental-emit-module-separately -disable-cmo

SwiftDriverJobDiscovery normal arm64 Compiling InlineAttributes.swift, Link.swift, Strikethrough.swift, Strong.swift, CustomInline.swift, InlineCode.swift, InlineHTML.swift (in target 'Markdown' from project 'swift-markdown')

SwiftDriverJobDiscovery normal arm64 Compiling BlockContainer.swift, BlockMarkup.swift, InlineContainer.swift, InlineMarkup.swift, ListItemContainer.swift, AtomicCounter.swift, CharacterExtensions.swift (in target 'Markdown' from project 'swift-markdown')

SwiftMergeGeneratedHeaders /Users/shizihan/DailyUse/Github/InkMarkdown/.scratch/architecture-deepening-2026-09-07/evidence/20260907-1415-ticket-27/consumer/DerivedData-InkMarkdownSwiftUIConsumer/Build/Intermediates.noindex/GeneratedModuleMaps-iphonesimulator/Markdown-Swift.h /Users/shizihan/DailyUse/Github/InkMarkdown/.scratch/architecture-deepening-2026-09-07/evidence/20260907-1415-ticket-27/consumer/DerivedData-InkMarkdownSwiftUIConsumer/Build/Intermediates.noindex/swift-markdown.build/Debug-iphonesimulator/Markdown.build/Objects-normal/arm64/Markdown-Swift.h (in target 'Markdown' from project 'swift-markdown')
    cd /Users/shizihan/DailyUse/Github/InkMarkdown/Packages/Caches/swift-markdown
    builtin-swiftHeaderTool -arch arm64 /Users/shizihan/DailyUse/Github/InkMarkdown/.scratch/architecture-deepening-2026-09-07/evidence/20260907-1415-ticket-27/consumer/DerivedData-InkMarkdownSwiftUIConsumer/Build/Intermediates.noindex/swift-markdown.build/Debug-iphonesimulator/Markdown.build/Objects-normal/arm64/Markdown-Swift.h -o /Users/shizihan/DailyUse/Github/InkMarkdown/.scratch/architecture-deepening-2026-09-07/evidence/20260907-1415-ticket-27/consumer/DerivedData-InkMarkdownSwiftUIConsumer/Build/Intermediates.noindex/GeneratedModuleMaps-iphonesimulator/Markdown-Swift.h

Copy /Users/shizihan/DailyUse/Github/InkMarkdown/.scratch/architecture-deepening-2026-09-07/evidence/20260907-1415-ticket-27/consumer/DerivedData-InkMarkdownSwiftUIConsumer/Build/Products/Debug-iphonesimulator/Markdown.swiftmodule/arm64-apple-ios-simulator.swiftmodule /Users/shizihan/DailyUse/Github/InkMarkdown/.scratch/architecture-deepening-2026-09-07/evidence/20260907-1415-ticket-27/consumer/DerivedData-InkMarkdownSwiftUIConsumer/Build/Intermediates.noindex/swift-markdown.build/Debug-iphonesimulator/Markdown.build/Objects-normal/arm64/Markdown.swiftmodule (in target 'Markdown' from project 'swift-markdown')
    cd /Users/shizihan/DailyUse/Github/InkMarkdown/Packages/Caches/swift-markdown
    builtin-copy -exclude .DS_Store -exclude CVS -exclude .svn -exclude .git -exclude .hg -resolve-src-symlinks -rename /Users/shizihan/DailyUse/Github/InkMarkdown/.scratch/architecture-deepening-2026-09-07/evidence/20260907-1415-ticket-27/consumer/DerivedData-InkMarkdownSwiftUIConsumer/Build/Intermediates.noindex/swift-markdown.build/Debug-iphonesimulator/Markdown.build/Objects-normal/arm64/Markdown.swiftmodule /Users/shizihan/DailyUse/Github/InkMarkdown/.scratch/architecture-deepening-2026-09-07/evidence/20260907-1415-ticket-27/consumer/DerivedData-InkMarkdownSwiftUIConsumer/Build/Products/Debug-iphonesimulator/Markdown.swiftmodule/arm64-apple-ios-simulator.swiftmodule

Copy /Users/shizihan/DailyUse/Github/InkMarkdown/.scratch/architecture-deepening-2026-09-07/evidence/20260907-1415-ticket-27/consumer/DerivedData-InkMarkdownSwiftUIConsumer/Build/Products/Debug-iphonesimulator/Markdown.swiftmodule/arm64-apple-ios-simulator.swiftdoc /Users/shizihan/DailyUse/Github/InkMarkdown/.scratch/architecture-deepening-2026-09-07/evidence/20260907-1415-ticket-27/consumer/DerivedData-InkMarkdownSwiftUIConsumer/Build/Intermediates.noindex/swift-markdown.build/Debug-iphonesimulator/Markdown.build/Objects-normal/arm64/Markdown.swiftdoc (in target 'Markdown' from project 'swift-markdown')
    cd /Users/shizihan/DailyUse/Github/InkMarkdown/Packages/Caches/swift-markdown
    builtin-copy -exclude .DS_Store -exclude CVS -exclude .svn -exclude .git -exclude .hg -resolve-src-symlinks -rename /Users/shizihan/DailyUse/Github/InkMarkdown/.scratch/architecture-deepening-2026-09-07/evidence/20260907-1415-ticket-27/consumer/DerivedData-InkMarkdownSwiftUIConsumer/Build/Intermediates.noindex/swift-markdown.build/Debug-iphonesimulator/Markdown.build/Objects-normal/arm64/Markdown.swiftdoc /Users/shizihan/DailyUse/Github/InkMarkdown/.scratch/architecture-deepening-2026-09-07/evidence/20260907-1415-ticket-27/consumer/DerivedData-InkMarkdownSwiftUIConsumer/Build/Products/Debug-iphonesimulator/Markdown.swiftmodule/arm64-apple-ios-simulator.swiftdoc

Copy /Users/shizihan/DailyUse/Github/InkMarkdown/.scratch/architecture-deepening-2026-09-07/evidence/20260907-1415-ticket-27/consumer/DerivedData-InkMarkdownSwiftUIConsumer/Build/Products/Debug-iphonesimulator/Markdown.swiftmodule/arm64-apple-ios-simulator.abi.json /Users/shizihan/DailyUse/Github/InkMarkdown/.scratch/architecture-deepening-2026-09-07/evidence/20260907-1415-ticket-27/consumer/DerivedData-InkMarkdownSwiftUIConsumer/Build/Intermediates.noindex/swift-markdown.build/Debug-iphonesimulator/Markdown.build/Objects-normal/arm64/Markdown.abi.json (in target 'Markdown' from project 'swift-markdown')
    cd /Users/shizihan/DailyUse/Github/InkMarkdown/Packages/Caches/swift-markdown
    builtin-copy -exclude .DS_Store -exclude CVS -exclude .svn -exclude .git -exclude .hg -resolve-src-symlinks -rename /Users/shizihan/DailyUse/Github/InkMarkdown/.scratch/architecture-deepening-2026-09-07/evidence/20260907-1415-ticket-27/consumer/DerivedData-InkMarkdownSwiftUIConsumer/Build/Intermediates.noindex/swift-markdown.build/Debug-iphonesimulator/Markdown.build/Objects-normal/arm64/Markdown.abi.json /Users/shizihan/DailyUse/Github/InkMarkdown/.scratch/architecture-deepening-2026-09-07/evidence/20260907-1415-ticket-27/consumer/DerivedData-InkMarkdownSwiftUIConsumer/Build/Products/Debug-iphonesimulator/Markdown.swiftmodule/arm64-apple-ios-simulator.abi.json

Copy /Users/shizihan/DailyUse/Github/InkMarkdown/.scratch/architecture-deepening-2026-09-07/evidence/20260907-1415-ticket-27/consumer/DerivedData-InkMarkdownSwiftUIConsumer/Build/Products/Debug-iphonesimulator/Markdown.swiftmodule/Project/arm64-apple-ios-simulator.swiftsourceinfo /Users/shizihan/DailyUse/Github/InkMarkdown/.scratch/architecture-deepening-2026-09-07/evidence/20260907-1415-ticket-27/consumer/DerivedData-InkMarkdownSwiftUIConsumer/Build/Intermediates.noindex/swift-markdown.build/Debug-iphonesimulator/Markdown.build/Objects-normal/arm64/Markdown.swiftsourceinfo (in target 'Markdown' from project 'swift-markdown')
    cd /Users/shizihan/DailyUse/Github/InkMarkdown/Packages/Caches/swift-markdown
    builtin-copy -exclude .DS_Store -exclude CVS -exclude .svn -exclude .git -exclude .hg -resolve-src-symlinks -rename /Users/shizihan/DailyUse/Github/InkMarkdown/.scratch/architecture-deepening-2026-09-07/evidence/20260907-1415-ticket-27/consumer/DerivedData-InkMarkdownSwiftUIConsumer/Build/Intermediates.noindex/swift-markdown.build/Debug-iphonesimulator/Markdown.build/Objects-normal/arm64/Markdown.swiftsourceinfo /Users/shizihan/DailyUse/Github/InkMarkdown/.scratch/architecture-deepening-2026-09-07/evidence/20260907-1415-ticket-27/consumer/DerivedData-InkMarkdownSwiftUIConsumer/Build/Products/Debug-iphonesimulator/Markdown.swiftmodule/Project/arm64-apple-ios-simulator.swiftsourceinfo

SwiftDriver InkMarkdown normal arm64 com.apple.xcode.tools.swift.compiler (in target 'InkMarkdown' from project 'InkMarkdown')
    cd /Users/shizihan/DailyUse/Github/InkMarkdown/.github/fixtures/consumer-smoke/.swiftpm/xcode
    builtin-SwiftDriver -- /Applications/Xcode.app/Contents/Developer/Toolchains/XcodeDefault.xctoolchain/usr/bin/swiftc -module-name InkMarkdown -Onone @/Users/shizihan/DailyUse/Github/InkMarkdown/.scratch/architecture-deepening-2026-09-07/evidence/20260907-1415-ticket-27/consumer/DerivedData-InkMarkdownSwiftUIConsumer/Build/Intermediates.noindex/InkMarkdown.build/Debug-iphonesimulator/InkMarkdown.build/Objects-normal/arm64/InkMarkdown.SwiftFileList -DSWIFT_PACKAGE -DDEBUG -DSWIFT_MODULE_RESOURCE_BUNDLE_UNAVAILABLE -DXcode -enable-experimental-feature StrictConcurrency -plugin-path /Applications/Xcode.app/Contents/Developer/Toolchains/XcodeDefault.xctoolchain/usr/lib/swift/host/plugins/testing -enable-experimental-feature DebugDescriptionMacro -sdk /Applications/Xcode.app/Contents/Developer/Platforms/iPhoneSimulator.platform/Developer/SDKs/iPhoneSimulator26.5.sdk -target arm64-apple-ios15.0-simulator -g -module-cache-path /Users/shizihan/DailyUse/Github/InkMarkdown/.scratch/architecture-deepening-2026-09-07/evidence/20260907-1415-ticket-27/consumer/DerivedData-InkMarkdownSwiftUIConsumer/ModuleCache.noindex -Xfrontend -serialize-debugging-options -enable-testing -suppress-warnings -index-store-path /Users/shizihan/DailyUse/Github/InkMarkdown/.scratch/architecture-deepening-2026-09-07/evidence/20260907-1415-ticket-27/consumer/DerivedData-InkMarkdownSwiftUIConsumer/Index.noindex/DataStore -Xcc -D_LIBCPP_HARDENING_MODE\=_LIBCPP_HARDENING_MODE_DEBUG -swift-version 5 -I /Users/shizihan/DailyUse/Github/InkMarkdown/.scratch/architecture-deepening-2026-09-07/evidence/20260907-1415-ticket-27/consumer/DerivedData-InkMarkdownSwiftUIConsumer/Build/Products/Debug-iphonesimulator -Isystem /Applications/Xcode.app/Contents/Developer/Platforms/iPhoneSimulator.platform/Developer/usr/lib -F /Users/shizihan/DailyUse/Github/InkMarkdown/.scratch/architecture-deepening-2026-09-07/evidence/20260907-1415-ticket-27/consumer/DerivedData-InkMarkdownSwiftUIConsumer/Build/Products/Debug-iphonesimulator/PackageFrameworks -F /Users/shizihan/DailyUse/Github/InkMarkdown/.scratch/architecture-deepening-2026-09-07/evidence/20260907-1415-ticket-27/consumer/DerivedData-InkMarkdownSwiftUIConsumer/Build/Products/Debug-iphonesimulator/PackageFrameworks -F /Users/shizihan/DailyUse/Github/InkMarkdown/.scratch/architecture-deepening-2026-09-07/evidence/20260907-1415-ticket-27/consumer/DerivedData-InkMarkdownSwiftUIConsumer/Build/Products/Debug-iphonesimulator/PackageFrameworks -F /Users/shizihan/DailyUse/Github/InkMarkdown/.scratch/architecture-deepening-2026-09-07/evidence/20260907-1415-ticket-27/consumer/DerivedData-InkMarkdownSwiftUIConsumer/Build/Products/Debug-iphonesimulator/PackageFrameworks -F /Users/shizihan/DailyUse/Github/InkMarkdown/.scratch/architecture-deepening-2026-09-07/evidence/20260907-1415-ticket-27/consumer/DerivedData-InkMarkdownSwiftUIConsumer/Build/Products/Debug-iphonesimulator -F /Applications/Xcode.app/Contents/Developer/Platforms/iPhoneSimulator.platform/Developer/Library/Frameworks -F /Applications/Xcode.app/Contents/Developer/Platforms/iPhoneSimulator.platform/Developer/SDKs/iPhoneSimulator26.5.sdk/Developer/Library/Frameworks -c -j10 -enable-batch-mode -incremental -Xcc -ivfsstatcache -Xcc /Users/shizihan/DailyUse/Github/InkMarkdown/.scratch/architecture-deepening-2026-09-07/evidence/20260907-1415-ticket-27/consumer/DerivedData-InkMarkdownSwiftUIConsumer/SDKStatCaches.noindex/iphonesimulator26.5-23F81a-6cfe768891a92b912361537c460fe42b.sdkstatcache -output-file-map /Users/shizihan/DailyUse/Github/InkMarkdown/.scratch/architecture-deepening-2026-09-07/evidence/20260907-1415-ticket-27/consumer/DerivedData-InkMarkdownSwiftUIConsumer/Build/Intermediates.noindex/InkMarkdown.build/Debug-iphonesimulator/InkMarkdown.build/Objects-normal/arm64/InkMarkdown-OutputFileMap.json -use-frontend-parseable-output -save-temps -no-color-diagnostics -explicit-module-build -module-cache-path /Users/shizihan/DailyUse/Github/InkMarkdown/.scratch/architecture-deepening-2026-09-07/evidence/20260907-1415-ticket-27/consumer/DerivedData-InkMarkdownSwiftUIConsumer/Build/Intermediates.noindex/SwiftExplicitPrecompiledModules -clang-scanner-module-cache-path /Users/shizihan/DailyUse/Github/InkMarkdown/.scratch/architecture-deepening-2026-09-07/evidence/20260907-1415-ticket-27/consumer/DerivedData-InkMarkdownSwiftUIConsumer/ModuleCache.noindex -sdk-module-cache-path /Users/shizihan/DailyUse/Github/InkMarkdown/.scratch/architecture-deepening-2026-09-07/evidence/20260907-1415-ticket-27/consumer/DerivedData-InkMarkdownSwiftUIConsumer/ModuleCache.noindex -serialize-diagnostics -emit-dependencies -emit-module -emit-module-path /Users/shizihan/DailyUse/Github/InkMarkdown/.scratch/architecture-deepening-2026-09-07/evidence/20260907-1415-ticket-27/consumer/DerivedData-InkMarkdownSwiftUIConsumer/Build/Intermediates.noindex/InkMarkdown.build/Debug-iphonesimulator/InkMarkdown.build/Objects-normal/arm64/InkMarkdown.swiftmodule -validate-clang-modules-once -clang-build-session-file /Users/shizihan/DailyUse/Github/InkMarkdown/.scratch/architecture-deepening-2026-09-07/evidence/20260907-1415-ticket-27/consumer/DerivedData-InkMarkdownSwiftUIConsumer/ModuleCache.noindex/Session.modulevalidation -package-name inkmarkdown -Xcc -I/Users/shizihan/DailyUse/Github/InkMarkdown/.scratch/architecture-deepening-2026-09-07/evidence/20260907-1415-ticket-27/consumer/DerivedData-InkMarkdownSwiftUIConsumer/Build/Intermediates.noindex/InkMarkdown.build/Debug-iphonesimulator/InkMarkdown.build/swift-overrides.hmap -emit-const-values -Xfrontend -const-gather-protocols-file -Xfrontend /Users/shizihan/DailyUse/Github/InkMarkdown/.scratch/architecture-deepening-2026-09-07/evidence/20260907-1415-ticket-27/consumer/DerivedData-InkMarkdownSwiftUIConsumer/Build/Intermediates.noindex/InkMarkdown.build/Debug-iphonesimulator/InkMarkdown.build/Objects-normal/arm64/InkMarkdown_const_extract_protocols.json -Xcc -I/Users/shizihan/DailyUse/Github/InkMarkdown/Packages/Caches/swift-cmark/src/include -Xcc -I/Users/shizihan/DailyUse/Github/InkMarkdown/Packages/Caches/swift-cmark/extensions/include -Xcc -I/Users/shizihan/DailyUse/Github/InkMarkdown/Packages/Caches/swift-markdown/Sources/CAtomic/include -Xcc -I/Users/shizihan/DailyUse/Github/InkMarkdown/.scratch/architecture-deepening-2026-09-07/evidence/20260907-1415-ticket-27/consumer/DerivedData-InkMarkdownSwiftUIConsumer/Build/Products/Debug-iphonesimulator/include -Xcc -I/Users/shizihan/DailyUse/Github/InkMarkdown/.scratch/architecture-deepening-2026-09-07/evidence/20260907-1415-ticket-27/consumer/DerivedData-InkMarkdownSwiftUIConsumer/Build/Intermediates.noindex/InkMarkdown.build/Debug-iphonesimulator/InkMarkdown.build/DerivedSources-normal/arm64 -Xcc -I/Users/shizihan/DailyUse/Github/InkMarkdown/.scratch/architecture-deepening-2026-09-07/evidence/20260907-1415-ticket-27/consumer/DerivedData-InkMarkdownSwiftUIConsumer/Build/Intermediates.noindex/InkMarkdown.build/Debug-iphonesimulator/InkMarkdown.build/DerivedSources/arm64 -Xcc -I/Users/shizihan/DailyUse/Github/InkMarkdown/.scratch/architecture-deepening-2026-09-07/evidence/20260907-1415-ticket-27/consumer/DerivedData-InkMarkdownSwiftUIConsumer/Build/Intermediates.noindex/InkMarkdown.build/Debug-iphonesimulator/InkMarkdown.build/DerivedSources -Xcc -DSWIFT_PACKAGE -Xcc -DDEBUG\=1 -emit-objc-header -emit-objc-header-path /Users/shizihan/DailyUse/Github/InkMarkdown/.scratch/architecture-deepening-2026-09-07/evidence/20260907-1415-ticket-27/consumer/DerivedData-InkMarkdownSwiftUIConsumer/Build/Intermediates.noindex/InkMarkdown.build/Debug-iphonesimulator/InkMarkdown.build/Objects-normal/arm64/InkMarkdown-Swift.h -working-directory /Users/shizihan/DailyUse/Github/InkMarkdown/.github/fixtures/consumer-smoke/.swiftpm/xcode -experimental-emit-module-separately -disable-cmo

SwiftDriverJobDiscovery normal arm64 Compiling CodeBlock.swift, HTMLBlock.swift, Heading.swift, ThematicBreak.swift, Table.swift, TableBody.swift, TableCell.swift (in target 'Markdown' from project 'swift-markdown')

SwiftExplicitDependencyGeneratePcm arm64 /Users/shizihan/DailyUse/Github/InkMarkdown/.scratch/architecture-deepening-2026-09-07/evidence/20260907-1415-ticket-27/consumer/DerivedData-InkMarkdownSwiftUIConsumer/ModuleCache.noindex/OpenGLES-85K8C50DFQEUVV1DKAH5DETIO.pcm

SwiftExplicitDependencyGeneratePcm arm64 /Users/shizihan/DailyUse/Github/InkMarkdown/.scratch/architecture-deepening-2026-09-07/evidence/20260907-1415-ticket-27/consumer/DerivedData-InkMarkdownSwiftUIConsumer/ModuleCache.noindex/DataDetection-52ZI1E1ZQP67KXW863XJLAFG.pcm

SwiftExplicitDependencyGeneratePcm arm64 /Users/shizihan/DailyUse/Github/InkMarkdown/.scratch/architecture-deepening-2026-09-07/evidence/20260907-1415-ticket-27/consumer/DerivedData-InkMarkdownSwiftUIConsumer/ModuleCache.noindex/MachO-67G6OGSDEYVRCG694CIUYFFN8.pcm

SwiftExplicitDependencyGeneratePcm arm64 /Users/shizihan/DailyUse/Github/InkMarkdown/.scratch/architecture-deepening-2026-09-07/evidence/20260907-1415-ticket-27/consumer/DerivedData-InkMarkdownSwiftUIConsumer/ModuleCache.noindex/CoreTransferable-A98LOCCW2VMDI9VU3BAI1MBIN.pcm

SwiftDriverJobDiscovery normal arm64 Compiling TableCellContainer.swift, TableHead.swift, TableRow.swift, Replacement.swift, SourceLocation.swift, Emphasis.swift, Image.swift (in target 'Markdown' from project 'swift-markdown')

SwiftExplicitDependencyGeneratePcm arm64 /Users/shizihan/DailyUse/Github/InkMarkdown/.scratch/architecture-deepening-2026-09-07/evidence/20260907-1415-ticket-27/consumer/DerivedData-InkMarkdownSwiftUIConsumer/ModuleCache.noindex/DeveloperToolsSupport-3B808VDAD9PL23ZW1ZRHYOCSW.pcm

SwiftDriverJobDiscovery normal arm64 Compiling ChildIndexPath.swift, DirectiveArgument.swift, Document.swift, LiteralMarkup.swift, Markup.swift, MarkupChildren.swift, MarkupData.swift (in target 'Markdown' from project 'swift-markdown')

SwiftExplicitDependencyGeneratePcm arm64 /Users/shizihan/DailyUse/Github/InkMarkdown/.scratch/architecture-deepening-2026-09-07/evidence/20260907-1415-ticket-27/consumer/DerivedData-InkMarkdownSwiftUIConsumer/ModuleCache.noindex/IOSurface-E5YVIWQJG17B5X30PB6R3232V.pcm

SwiftDriverJobDiscovery normal arm64 Compiling LazySplitLines.swift, ParseOptions.swift, RangeAdjuster.swift, RangerTracker.swift, MarkupRewriter.swift, BasicBlockContainer.swift, BasicInlineContainer.swift (in target 'Markdown' from project 'swift-markdown')

SwiftExplicitDependencyGeneratePcm arm64 /Users/shizihan/DailyUse/Github/InkMarkdown/.scratch/architecture-deepening-2026-09-07/evidence/20260907-1415-ticket-27/consumer/DerivedData-InkMarkdownSwiftUIConsumer/ModuleCache.noindex/_Builtin_stdatomic-F027NGFD4VN66IF3KBNHLX5YU.pcm

SwiftDriverJobDiscovery normal arm64 Compiling DoxygenNote.swift, DoxygenParameter.swift, DoxygenReturns.swift, ListItem.swift, OrderedList.swift, UnorderedList.swift, Paragraph.swift (in target 'Markdown' from project 'swift-markdown')

SwiftExplicitDependencyGeneratePcm arm64 /Users/shizihan/DailyUse/Github/InkMarkdown/.scratch/architecture-deepening-2026-09-07/evidence/20260907-1415-ticket-27/consumer/DerivedData-InkMarkdownSwiftUIConsumer/ModuleCache.noindex/Symbols-AK4X8UCP3VX8W5P73F0OYMGRO.pcm

SwiftExplicitDependencyGeneratePcm arm64 /Users/shizihan/DailyUse/Github/InkMarkdown/.scratch/architecture-deepening-2026-09-07/evidence/20260907-1415-ticket-27/consumer/DerivedData-InkMarkdownSwiftUIConsumer/ModuleCache.noindex/_Builtin_tgmath-C821TUNFBF1IZO2FSUWXZ9047.pcm

SwiftDriverJobDiscovery normal arm64 Compiling PlainTextConvertibleMarkup.swift, RawMarkup.swift, BlockDirective.swift, BlockQuote.swift, CustomBlock.swift, DoxygenAbstract.swift, DoxygenDiscussion.swift (in target 'Markdown' from project 'swift-markdown')

SwiftExplicitDependencyGeneratePcm arm64 /Users/shizihan/DailyUse/Github/InkMarkdown/.scratch/architecture-deepening-2026-09-07/evidence/20260907-1415-ticket-27/consumer/DerivedData-InkMarkdownSwiftUIConsumer/ModuleCache.noindex/_Builtin_intrinsics-WZ3HETNX332TZ097REO8VLDQ.pcm

SwiftExplicitDependencyGeneratePcm arm64 /Users/shizihan/DailyUse/Github/InkMarkdown/.scratch/architecture-deepening-2026-09-07/evidence/20260907-1415-ticket-27/consumer/DerivedData-InkMarkdownSwiftUIConsumer/ModuleCache.noindex/CoreGraphics-DP60WGREJGU8UBQBG7UYY3MLP.pcm

SwiftExplicitDependencyGeneratePcm arm64 /Users/shizihan/DailyUse/Github/InkMarkdown/.scratch/architecture-deepening-2026-09-07/evidence/20260907-1415-ticket-27/consumer/DerivedData-InkMarkdownSwiftUIConsumer/ModuleCache.noindex/LocalAuthentication-DV2J3453RZN0C38BLJ169WKKH.pcm

SwiftExplicitDependencyGeneratePcm arm64 /Users/shizihan/DailyUse/Github/InkMarkdown/.scratch/architecture-deepening-2026-09-07/evidence/20260907-1415-ticket-27/consumer/DerivedData-InkMarkdownSwiftUIConsumer/ModuleCache.noindex/dnssd-133EFSAFS4VHWLPRST1G4ISJ8.pcm

SwiftExplicitDependencyGeneratePcm arm64 /Users/shizihan/DailyUse/Github/InkMarkdown/.scratch/architecture-deepening-2026-09-07/evidence/20260907-1415-ticket-27/consumer/DerivedData-InkMarkdownSwiftUIConsumer/ModuleCache.noindex/os-46IL8JIZUDPO8LAT1DXGF6X5E.pcm

SwiftExplicitDependencyGeneratePcm arm64 /Users/shizihan/DailyUse/Github/InkMarkdown/.scratch/architecture-deepening-2026-09-07/evidence/20260907-1415-ticket-27/consumer/DerivedData-InkMarkdownSwiftUIConsumer/ModuleCache.noindex/Metal-7LGQPVN57HKT795279VV7BQJF.pcm

SwiftExplicitDependencyGeneratePcm arm64 /Users/shizihan/DailyUse/Github/InkMarkdown/.scratch/architecture-deepening-2026-09-07/evidence/20260907-1415-ticket-27/consumer/DerivedData-InkMarkdownSwiftUIConsumer/ModuleCache.noindex/UserNotifications-20Y93EVNRBBNRSHXWDS7XH453.pcm

SwiftExplicitDependencyGeneratePcm arm64 /Users/shizihan/DailyUse/Github/InkMarkdown/.scratch/architecture-deepening-2026-09-07/evidence/20260907-1415-ticket-27/consumer/DerivedData-InkMarkdownSwiftUIConsumer/ModuleCache.noindex/UniformTypeIdentifiers-WINJUL8HO898AZ0A5JR6209Z.pcm

SwiftExplicitDependencyGeneratePcm arm64 /Users/shizihan/DailyUse/Github/InkMarkdown/.scratch/architecture-deepening-2026-09-07/evidence/20260907-1415-ticket-27/consumer/DerivedData-InkMarkdownSwiftUIConsumer/ModuleCache.noindex/Network-6545AAEHPRD3BME7JD15KUOEU.pcm

SwiftExplicitDependencyGeneratePcm arm64 /Users/shizihan/DailyUse/Github/InkMarkdown/.scratch/architecture-deepening-2026-09-07/evidence/20260907-1415-ticket-27/consumer/DerivedData-InkMarkdownSwiftUIConsumer/ModuleCache.noindex/OSLog-6RKNAU5EUTZDO6NXXLI0YDVEV.pcm

SwiftExplicitDependencyGeneratePcm arm64 /Users/shizihan/DailyUse/Github/InkMarkdown/.scratch/architecture-deepening-2026-09-07/evidence/20260907-1415-ticket-27/consumer/DerivedData-InkMarkdownSwiftUIConsumer/ModuleCache.noindex/UIUtilities-8OMW9EN39N0ILR2VKBCXKCRK6.pcm

SwiftExplicitDependencyGeneratePcm arm64 /Users/shizihan/DailyUse/Github/InkMarkdown/.scratch/architecture-deepening-2026-09-07/evidence/20260907-1415-ticket-27/consumer/DerivedData-InkMarkdownSwiftUIConsumer/ModuleCache.noindex/CoreText-EEQ5SCJCA51RTQSUDUOFMV70G.pcm

SwiftExplicitDependencyGeneratePcm arm64 /Users/shizihan/DailyUse/Github/InkMarkdown/.scratch/architecture-deepening-2026-09-07/evidence/20260907-1415-ticket-27/consumer/DerivedData-InkMarkdownSwiftUIConsumer/ModuleCache.noindex/FileProvider-C1RC8BUTEOQH9VON2GOMVOLOB.pcm

SwiftExplicitDependencyGeneratePcm arm64 /Users/shizihan/DailyUse/Github/InkMarkdown/.scratch/architecture-deepening-2026-09-07/evidence/20260907-1415-ticket-27/consumer/DerivedData-InkMarkdownSwiftUIConsumer/ModuleCache.noindex/ImageIO-CGGGOHRJ0MXWS9T3Q9TK94T4E.pcm

SwiftExplicitDependencyGeneratePcm arm64 /Users/shizihan/DailyUse/Github/InkMarkdown/.scratch/architecture-deepening-2026-09-07/evidence/20260907-1415-ticket-27/consumer/DerivedData-InkMarkdownSwiftUIConsumer/ModuleCache.noindex/Accessibility-82M4LMFXY1R4YC9SKGXEGM3BR.pcm

SwiftExplicitDependencyGeneratePcm arm64 /Users/shizihan/DailyUse/Github/InkMarkdown/.scratch/architecture-deepening-2026-09-07/evidence/20260907-1415-ticket-27/consumer/DerivedData-InkMarkdownSwiftUIConsumer/ModuleCache.noindex/CoreVideo-340FKPE2EBAJOH72MJOS8WN2O.pcm

SwiftExplicitDependencyGeneratePcm arm64 /Users/shizihan/DailyUse/Github/InkMarkdown/.scratch/architecture-deepening-2026-09-07/evidence/20260907-1415-ticket-27/consumer/DerivedData-InkMarkdownSwiftUIConsumer/ModuleCache.noindex/simd-6RN5AK5HQ80LVV7IZHVWMDHYT.pcm

SwiftDriverJobDiscovery normal arm64 Compiling CollectionExtensions.swift, StringExtensions.swift, MarkupVisitor.swift, MarkupWalker.swift, HTMLFormatter.swift, MarkupFormatter.swift, MarkupTreeDumper.swift (in target 'Markdown' from project 'swift-markdown')

SwiftDriverJobDiscovery normal arm64 Compiling LineBreak.swift, SoftBreak.swift, SymbolLink.swift, Text.swift, Aside.swift, BlockDirectiveParser.swift, CommonMarkConverter.swift (in target 'Markdown' from project 'swift-markdown')

SwiftDriver\ Compilation Markdown normal arm64 com.apple.xcode.tools.swift.compiler (in target 'Markdown' from project 'swift-markdown')
    cd /Users/shizihan/DailyUse/Github/InkMarkdown/.github/fixtures/consumer-smoke/.swiftpm/xcode
    builtin-Swift-Compilation -- /Applications/Xcode.app/Contents/Developer/Toolchains/XcodeDefault.xctoolchain/usr/bin/swiftc -module-name Markdown -Onone @/Users/shizihan/DailyUse/Github/InkMarkdown/.scratch/architecture-deepening-2026-09-07/evidence/20260907-1415-ticket-27/consumer/DerivedData-InkMarkdownSwiftUIConsumer/Build/Intermediates.noindex/swift-markdown.build/Debug-iphonesimulator/Markdown.build/Objects-normal/arm64/Markdown.SwiftFileList -DSWIFT_PACKAGE -DDEBUG -DSWIFT_MODULE_RESOURCE_BUNDLE_UNAVAILABLE -DXcode -plugin-path /Applications/Xcode.app/Contents/Developer/Toolchains/XcodeDefault.xctoolchain/usr/lib/swift/host/plugins/testing -enable-experimental-feature DebugDescriptionMacro -sdk /Applications/Xcode.app/Contents/Developer/Platforms/iPhoneSimulator.platform/Developer/SDKs/iPhoneSimulator26.5.sdk -target arm64-apple-ios12.0-simulator -g -module-cache-path /Users/shizihan/DailyUse/Github/InkMarkdown/.scratch/architecture-deepening-2026-09-07/evidence/20260907-1415-ticket-27/consumer/DerivedData-InkMarkdownSwiftUIConsumer/ModuleCache.noindex -Xfrontend -serialize-debugging-options -enable-testing -suppress-warnings -index-store-path /Users/shizihan/DailyUse/Github/InkMarkdown/.scratch/architecture-deepening-2026-09-07/evidence/20260907-1415-ticket-27/consumer/DerivedData-InkMarkdownSwiftUIConsumer/Index.noindex/DataStore -Xcc -D_LIBCPP_HARDENING_MODE\=_LIBCPP_HARDENING_MODE_DEBUG -swift-version 5 -I /Users/shizihan/DailyUse/Github/InkMarkdown/.scratch/architecture-deepening-2026-09-07/evidence/20260907-1415-ticket-27/consumer/DerivedData-InkMarkdownSwiftUIConsumer/Build/Products/Debug-iphonesimulator -Isystem /Applications/Xcode.app/Contents/Developer/Platforms/iPhoneSimulator.platform/Developer/usr/lib -F /Users/shizihan/DailyUse/Github/InkMarkdown/.scratch/architecture-deepening-2026-09-07/evidence/20260907-1415-ticket-27/consumer/DerivedData-InkMarkdownSwiftUIConsumer/Build/Products/Debug-iphonesimulator/PackageFrameworks -F /Users/shizihan/DailyUse/Github/InkMarkdown/.scratch/architecture-deepening-2026-09-07/evidence/20260907-1415-ticket-27/consumer/DerivedData-InkMarkdownSwiftUIConsumer/Build/Products/Debug-iphonesimulator/PackageFrameworks -F /Users/shizihan/DailyUse/Github/InkMarkdown/.scratch/architecture-deepening-2026-09-07/evidence/20260907-1415-ticket-27/consumer/DerivedData-InkMarkdownSwiftUIConsumer/Build/Products/Debug-iphonesimulator/PackageFrameworks -F /Users/shizihan/DailyUse/Github/InkMarkdown/.scratch/architecture-deepening-2026-09-07/evidence/20260907-1415-ticket-27/consumer/DerivedData-InkMarkdownSwiftUIConsumer/Build/Products/Debug-iphonesimulator -F /Applications/Xcode.app/Contents/Developer/Platforms/iPhoneSimulator.platform/Developer/Library/Frameworks -F /Applications/Xcode.app/Contents/Developer/Platforms/iPhoneSimulator.platform/Developer/SDKs/iPhoneSimulator26.5.sdk/Developer/Library/Frameworks -c -j10 -enable-batch-mode -incremental -Xcc -ivfsstatcache -Xcc /Users/shizihan/DailyUse/Github/InkMarkdown/.scratch/architecture-deepening-2026-09-07/evidence/20260907-1415-ticket-27/consumer/DerivedData-InkMarkdownSwiftUIConsumer/SDKStatCaches.noindex/iphonesimulator26.5-23F81a-6cfe768891a92b912361537c460fe42b.sdkstatcache -output-file-map /Users/shizihan/DailyUse/Github/InkMarkdown/.scratch/architecture-deepening-2026-09-07/evidence/20260907-1415-ticket-27/consumer/DerivedData-InkMarkdownSwiftUIConsumer/Build/Intermediates.noindex/swift-markdown.build/Debug-iphonesimulator/Markdown.build/Objects-normal/arm64/Markdown-OutputFileMap.json -use-frontend-parseable-output -save-temps -no-color-diagnostics -explicit-module-build -module-cache-path /Users/shizihan/DailyUse/Github/InkMarkdown/.scratch/architecture-deepening-2026-09-07/evidence/20260907-1415-ticket-27/consumer/DerivedData-InkMarkdownSwiftUIConsumer/Build/Intermediates.noindex/SwiftExplicitPrecompiledModules -clang-scanner-module-cache-path /Users/shizihan/DailyUse/Github/InkMarkdown/.scratch/architecture-deepening-2026-09-07/evidence/20260907-1415-ticket-27/consumer/DerivedData-InkMarkdownSwiftUIConsumer/ModuleCache.noindex -sdk-module-cache-path /Users/shizihan/DailyUse/Github/InkMarkdown/.scratch/architecture-deepening-2026-09-07/evidence/20260907-1415-ticket-27/consumer/DerivedData-InkMarkdownSwiftUIConsumer/ModuleCache.noindex -serialize-diagnostics -emit-dependencies -emit-module -emit-module-path /Users/shizihan/DailyUse/Github/InkMarkdown/.scratch/architecture-deepening-2026-09-07/evidence/20260907-1415-ticket-27/consumer/DerivedData-InkMarkdownSwiftUIConsumer/Build/Intermediates.noindex/swift-markdown.build/Debug-iphonesimulator/Markdown.build/Objects-normal/arm64/Markdown.swiftmodule -validate-clang-modules-once -clang-build-session-file /Users/shizihan/DailyUse/Github/InkMarkdown/.scratch/architecture-deepening-2026-09-07/evidence/20260907-1415-ticket-27/consumer/DerivedData-InkMarkdownSwiftUIConsumer/ModuleCache.noindex/Session.modulevalidation -package-name swift_markdown -Xcc -I/Users/shizihan/DailyUse/Github/InkMarkdown/.scratch/architecture-deepening-2026-09-07/evidence/20260907-1415-ticket-27/consumer/DerivedData-InkMarkdownSwiftUIConsumer/Build/Intermediates.noindex/swift-markdown.build/Debug-iphonesimulator/Markdown.build/swift-overrides.hmap -emit-const-values -Xfrontend -const-gather-protocols-file -Xfrontend /Users/shizihan/DailyUse/Github/InkMarkdown/.scratch/architecture-deepening-2026-09-07/evidence/20260907-1415-ticket-27/consumer/DerivedData-InkMarkdownSwiftUIConsumer/Build/Intermediates.noindex/swift-markdown.build/Debug-iphonesimulator/Markdown.build/Objects-normal/arm64/Markdown_const_extract_protocols.json -Xcc -I/Users/shizihan/DailyUse/Github/InkMarkdown/Packages/Caches/swift-cmark/src/include -Xcc -I/Users/shizihan/DailyUse/Github/InkMarkdown/Packages/Caches/swift-cmark/extensions/include -Xcc -I/Users/shizihan/DailyUse/Github/InkMarkdown/Packages/Caches/swift-markdown/Sources/CAtomic/include -Xcc -I/Users/shizihan/DailyUse/Github/InkMarkdown/.scratch/architecture-deepening-2026-09-07/evidence/20260907-1415-ticket-27/consumer/DerivedData-InkMarkdownSwiftUIConsumer/Build/Products/Debug-iphonesimulator/include -Xcc -I/Users/shizihan/DailyUse/Github/InkMarkdown/.scratch/architecture-deepening-2026-09-07/evidence/20260907-1415-ticket-27/consumer/DerivedData-InkMarkdownSwiftUIConsumer/Build/Intermediates.noindex/swift-markdown.build/Debug-iphonesimulator/Markdown.build/DerivedSources-normal/arm64 -Xcc -I/Users/shizihan/DailyUse/Github/InkMarkdown/.scratch/architecture-deepening-2026-09-07/evidence/20260907-1415-ticket-27/consumer/DerivedData-InkMarkdownSwiftUIConsumer/Build/Intermediates.noindex/swift-markdown.build/Debug-iphonesimulator/Markdown.build/DerivedSources/arm64 -Xcc -I/Users/shizihan/DailyUse/Github/InkMarkdown/.scratch/architecture-deepening-2026-09-07/evidence/20260907-1415-ticket-27/consumer/DerivedData-InkMarkdownSwiftUIConsumer/Build/Intermediates.noindex/swift-markdown.build/Debug-iphonesimulator/Markdown.build/DerivedSources -Xcc -DSWIFT_PACKAGE -Xcc -DDEBUG\=1 -emit-objc-header -emit-objc-header-path /Users/shizihan/DailyUse/Github/InkMarkdown/.scratch/architecture-deepening-2026-09-07/evidence/20260907-1415-ticket-27/consumer/DerivedData-InkMarkdownSwiftUIConsumer/Build/Intermediates.noindex/swift-markdown.build/Debug-iphonesimulator/Markdown.build/Objects-normal/arm64/Markdown-Swift.h -working-directory /Users/shizihan/DailyUse/Github/InkMarkdown/.github/fixtures/consumer-smoke/.swiftpm/xcode -experimental-emit-module-separately -disable-cmo

SwiftExplicitDependencyGeneratePcm arm64 /Users/shizihan/DailyUse/Github/InkMarkdown/.scratch/architecture-deepening-2026-09-07/evidence/20260907-1415-ticket-27/consumer/DerivedData-InkMarkdownSwiftUIConsumer/ModuleCache.noindex/CoreImage-AV1ZNZL221G149VYLYLGC0DK6.pcm

SwiftExplicitDependencyGeneratePcm arm64 /Users/shizihan/DailyUse/Github/InkMarkdown/.scratch/architecture-deepening-2026-09-07/evidence/20260907-1415-ticket-27/consumer/DerivedData-InkMarkdownSwiftUIConsumer/ModuleCache.noindex/QuartzCore-F0M8RNG7RDU59HZ0WAG6CCCLR.pcm

Ld /Users/shizihan/DailyUse/Github/InkMarkdown/.scratch/architecture-deepening-2026-09-07/evidence/20260907-1415-ticket-27/consumer/DerivedData-InkMarkdownSwiftUIConsumer/Build/Products/Debug-iphonesimulator/Markdown.o normal (in target 'Markdown' from project 'swift-markdown')
    cd /Users/shizihan/DailyUse/Github/InkMarkdown/Packages/Caches/swift-markdown
    /Applications/Xcode.app/Contents/Developer/Toolchains/XcodeDefault.xctoolchain/usr/bin/clang -Xlinker -reproducible -target arm64-apple-ios12.0-simulator -r -isysroot /Applications/Xcode.app/Contents/Developer/Platforms/iPhoneSimulator.platform/Developer/SDKs/iPhoneSimulator26.5.sdk -O0 -w -F/Users/shizihan/DailyUse/Github/InkMarkdown/.scratch/architecture-deepening-2026-09-07/evidence/20260907-1415-ticket-27/consumer/DerivedData-InkMarkdownSwiftUIConsumer/Build/Intermediates.noindex/EagerLinkingTBDs/Debug-iphonesimulator -F/Users/shizihan/DailyUse/Github/InkMarkdown/.scratch/architecture-deepening-2026-09-07/evidence/20260907-1415-ticket-27/consumer/DerivedData-InkMarkdownSwiftUIConsumer/Build/Products/Debug-iphonesimulator/PackageFrameworks -F/Users/shizihan/DailyUse/Github/InkMarkdown/.scratch/architecture-deepening-2026-09-07/evidence/20260907-1415-ticket-27/consumer/DerivedData-InkMarkdownSwiftUIConsumer/Build/Products/Debug-iphonesimulator/PackageFrameworks -F/Users/shizihan/DailyUse/Github/InkMarkdown/.scratch/architecture-deepening-2026-09-07/evidence/20260907-1415-ticket-27/consumer/DerivedData-InkMarkdownSwiftUIConsumer/Build/Products/Debug-iphonesimulator/PackageFrameworks -F/Users/shizihan/DailyUse/Github/InkMarkdown/.scratch/architecture-deepening-2026-09-07/evidence/20260907-1415-ticket-27/consumer/DerivedData-InkMarkdownSwiftUIConsumer/Build/Products/Debug-iphonesimulator -iframework /Applications/Xcode.app/Contents/Developer/Platforms/iPhoneSimulator.platform/Developer/Library/Frameworks -iframework /Applications/Xcode.app/Contents/Developer/Platforms/iPhoneSimulator.platform/Developer/SDKs/iPhoneSimulator26.5.sdk/Developer/Library/Frameworks -filelist /Users/shizihan/DailyUse/Github/InkMarkdown/.scratch/architecture-deepening-2026-09-07/evidence/20260907-1415-ticket-27/consumer/DerivedData-InkMarkdownSwiftUIConsumer/Build/Intermediates.noindex/swift-markdown.build/Debug-iphonesimulator/Markdown.build/Objects-normal/arm64/Markdown.LinkFileList -nostdlib -Xlinker -object_path_lto -Xlinker /Users/shizihan/DailyUse/Github/InkMarkdown/.scratch/architecture-deepening-2026-09-07/evidence/20260907-1415-ticket-27/consumer/DerivedData-InkMarkdownSwiftUIConsumer/Build/Intermediates.noindex/swift-markdown.build/Debug-iphonesimulator/Markdown.build/Objects-normal/arm64/Markdown_lto.o -Xlinker -no_deduplicate -Xlinker -objc_abi_version -Xlinker 2 -Xlinker -dependency_info -Xlinker /Users/shizihan/DailyUse/Github/InkMarkdown/.scratch/architecture-deepening-2026-09-07/evidence/20260907-1415-ticket-27/consumer/DerivedData-InkMarkdownSwiftUIConsumer/Build/Intermediates.noindex/swift-markdown.build/Debug-iphonesimulator/Markdown.build/Objects-normal/arm64/Markdown_dependency_info.dat -fobjc-link-runtime -L/Applications/Xcode.app/Contents/Developer/Toolchains/XcodeDefault.xctoolchain/usr/lib/swift/iphonesimulator -L/usr/lib/swift -Xlinker -add_ast_path -Xlinker /Users/shizihan/DailyUse/Github/InkMarkdown/.scratch/architecture-deepening-2026-09-07/evidence/20260907-1415-ticket-27/consumer/DerivedData-InkMarkdownSwiftUIConsumer/Build/Intermediates.noindex/swift-markdown.build/Debug-iphonesimulator/Markdown.build/Objects-normal/arm64/Markdown.swiftmodule @/Users/shizihan/DailyUse/Github/InkMarkdown/.scratch/architecture-deepening-2026-09-07/evidence/20260907-1415-ticket-27/consumer/DerivedData-InkMarkdownSwiftUIConsumer/Build/Intermediates.noindex/swift-markdown.build/Debug-iphonesimulator/Markdown.build/Objects-normal/arm64/Markdown-linker-args.resp -o /Users/shizihan/DailyUse/Github/InkMarkdown/.scratch/architecture-deepening-2026-09-07/evidence/20260907-1415-ticket-27/consumer/DerivedData-InkMarkdownSwiftUIConsumer/Build/Products/Debug-iphonesimulator/Markdown.o

ExtractAppIntentsMetadata (in target 'Markdown' from project 'swift-markdown')
    cd /Users/shizihan/DailyUse/Github/InkMarkdown/Packages/Caches/swift-markdown
    /Applications/Xcode.app/Contents/Developer/Toolchains/XcodeDefault.xctoolchain/usr/bin/appintentsmetadataprocessor --toolchain-dir /Applications/Xcode.app/Contents/Developer/Toolchains/XcodeDefault.xctoolchain --module-name Markdown --sdk-root /Applications/Xcode.app/Contents/Developer/Platforms/iPhoneSimulator.platform/Developer/SDKs/iPhoneSimulator26.5.sdk --xcode-version 17F113 --platform-family iOS --deployment-target 12.0 --bundle-identifier swift-markdown.Markdown --output /Users/shizihan/DailyUse/Github/InkMarkdown/.scratch/architecture-deepening-2026-09-07/evidence/20260907-1415-ticket-27/consumer/DerivedData-InkMarkdownSwiftUIConsumer/Build/Products/Debug-iphonesimulator/Markdown.appintents --target-triple arm64-apple-ios12.0-simulator --binary-file /Users/shizihan/DailyUse/Github/InkMarkdown/.scratch/architecture-deepening-2026-09-07/evidence/20260907-1415-ticket-27/consumer/DerivedData-InkMarkdownSwiftUIConsumer/Build/Products/Debug-iphonesimulator/Markdown.o --dependency-file /Users/shizihan/DailyUse/Github/InkMarkdown/.scratch/architecture-deepening-2026-09-07/evidence/20260907-1415-ticket-27/consumer/DerivedData-InkMarkdownSwiftUIConsumer/Build/Intermediates.noindex/swift-markdown.build/Debug-iphonesimulator/Markdown.build/Objects-normal/arm64/Markdown_dependency_info.dat --stringsdata-file /Users/shizihan/DailyUse/Github/InkMarkdown/.scratch/architecture-deepening-2026-09-07/evidence/20260907-1415-ticket-27/consumer/DerivedData-InkMarkdownSwiftUIConsumer/Build/Intermediates.noindex/swift-markdown.build/Debug-iphonesimulator/Markdown.build/Objects-normal/arm64/ExtractedAppShortcutsMetadata.stringsdata --source-file-list /Users/shizihan/DailyUse/Github/InkMarkdown/.scratch/architecture-deepening-2026-09-07/evidence/20260907-1415-ticket-27/consumer/DerivedData-InkMarkdownSwiftUIConsumer/Build/Intermediates.noindex/swift-markdown.build/Debug-iphonesimulator/Markdown.build/Objects-normal/arm64/Markdown.SwiftFileList --metadata-file-list /Users/shizihan/DailyUse/Github/InkMarkdown/.scratch/architecture-deepening-2026-09-07/evidence/20260907-1415-ticket-27/consumer/DerivedData-InkMarkdownSwiftUIConsumer/Build/Intermediates.noindex/swift-markdown.build/Debug-iphonesimulator/Markdown.build/Markdown.DependencyMetadataFileList --static-metadata-file-list /Users/shizihan/DailyUse/Github/InkMarkdown/.scratch/architecture-deepening-2026-09-07/evidence/20260907-1415-ticket-27/consumer/DerivedData-InkMarkdownSwiftUIConsumer/Build/Intermediates.noindex/swift-markdown.build/Debug-iphonesimulator/Markdown.build/Markdown.DependencyStaticMetadataFileList --swift-const-vals-list /Users/shizihan/DailyUse/Github/InkMarkdown/.scratch/architecture-deepening-2026-09-07/evidence/20260907-1415-ticket-27/consumer/DerivedData-InkMarkdownSwiftUIConsumer/Build/Intermediates.noindex/swift-markdown.build/Debug-iphonesimulator/Markdown.build/Objects-normal/arm64/Markdown.SwiftConstValuesFileList --force --compile-time-extraction --deployment-aware-processing --validate-assistant-intents --no-app-shortcuts-localization
2026-09-07 14:40:41.441 appintentsmetadataprocessor[87378:6068027] Starting appintentsmetadataprocessor export
2026-09-07 14:40:41.459 appintentsmetadataprocessor[87378:6068027] Extracted no relevant App Intents symbols, skipping writing output

SwiftExplicitDependencyGeneratePcm arm64 /Users/shizihan/DailyUse/Github/InkMarkdown/.scratch/architecture-deepening-2026-09-07/evidence/20260907-1415-ticket-27/consumer/DerivedData-InkMarkdownSwiftUIConsumer/ModuleCache.noindex/SwiftUICore-19CGSSFN4XCK3RVGEGADKBLSK.pcm

SwiftExplicitDependencyGeneratePcm arm64 /Users/shizihan/DailyUse/Github/InkMarkdown/.scratch/architecture-deepening-2026-09-07/evidence/20260907-1415-ticket-27/consumer/DerivedData-InkMarkdownSwiftUIConsumer/ModuleCache.noindex/UIKit-C9NMXZ12Q1ADPUNTAYYU6EY6P.pcm

RegisterExecutionPolicyException /Users/shizihan/DailyUse/Github/InkMarkdown/.scratch/architecture-deepening-2026-09-07/evidence/20260907-1415-ticket-27/consumer/DerivedData-InkMarkdownSwiftUIConsumer/Build/Products/Debug-iphonesimulator/Markdown.o (in target 'Markdown' from project 'swift-markdown')
    cd /Users/shizihan/DailyUse/Github/InkMarkdown/Packages/Caches/swift-markdown
    builtin-RegisterExecutionPolicyException /Users/shizihan/DailyUse/Github/InkMarkdown/.scratch/architecture-deepening-2026-09-07/evidence/20260907-1415-ticket-27/consumer/DerivedData-InkMarkdownSwiftUIConsumer/Build/Products/Debug-iphonesimulator/Markdown.o

SwiftExplicitDependencyGeneratePcm arm64 /Users/shizihan/DailyUse/Github/InkMarkdown/.scratch/architecture-deepening-2026-09-07/evidence/20260907-1415-ticket-27/consumer/DerivedData-InkMarkdownSwiftUIConsumer/ModuleCache.noindex/Spatial-D0ZLUGXGTIWF9283ZG7RCLGTG.pcm

SwiftExplicitDependencyGeneratePcm arm64 /Users/shizihan/DailyUse/Github/InkMarkdown/.scratch/architecture-deepening-2026-09-07/evidence/20260907-1415-ticket-27/consumer/DerivedData-InkMarkdownSwiftUIConsumer/ModuleCache.noindex/WebKit-2X3GJ4K8AR9UZR0T0VGX8HUCN.pcm

SwiftEmitModule normal arm64 Emitting\ module\ for\ InkMarkdown (in target 'InkMarkdown' from project 'InkMarkdown')

EmitSwiftModule normal arm64 (in target 'InkMarkdown' from project 'InkMarkdown')
    cd /Users/shizihan/DailyUse/Github/InkMarkdown/.github/fixtures/consumer-smoke/.swiftpm/xcode
    

SwiftCompile normal arm64 Compiling\ InkGeneratedImageRequest.swift,\ InkImageAttachment.swift,\ InkImageBlock.swift,\ InkImageBlockHandler.swift,\ InkImageLoading.swift,\ InkImagePresentationLoad.swift /Users/shizihan/DailyUse/Github/InkMarkdown/Sources/InkMarkdown/Rendering/Image/InkGeneratedImageRequest.swift /Users/shizihan/DailyUse/Github/InkMarkdown/Sources/InkMarkdown/Rendering/Image/InkImageAttachment.swift /Users/shizihan/DailyUse/Github/InkMarkdown/Sources/InkMarkdown/Rendering/Image/InkImageBlock.swift /Users/shizihan/DailyUse/Github/InkMarkdown/Sources/InkMarkdown/Rendering/Image/InkImageBlockHandler.swift /Users/shizihan/DailyUse/Github/InkMarkdown/Sources/InkMarkdown/Rendering/Image/InkImageLoading.swift /Users/shizihan/DailyUse/Github/InkMarkdown/Sources/InkMarkdown/Rendering/Image/InkImagePresentationLoad.swift (in target 'InkMarkdown' from project 'InkMarkdown')
SwiftCompile normal arm64 /Users/shizihan/DailyUse/Github/InkMarkdown/Sources/InkMarkdown/Rendering/Image/InkGeneratedImageRequest.swift (in target 'InkMarkdown' from project 'InkMarkdown')
    cd /Users/shizihan/DailyUse/Github/InkMarkdown/.github/fixtures/consumer-smoke/.swiftpm/xcode
    

SwiftCompile normal arm64 /Users/shizihan/DailyUse/Github/InkMarkdown/Sources/InkMarkdown/Rendering/Image/InkImageAttachment.swift (in target 'InkMarkdown' from project 'InkMarkdown')
    cd /Users/shizihan/DailyUse/Github/InkMarkdown/.github/fixtures/consumer-smoke/.swiftpm/xcode
    

SwiftCompile normal arm64 /Users/shizihan/DailyUse/Github/InkMarkdown/Sources/InkMarkdown/Rendering/Image/InkImageBlock.swift (in target 'InkMarkdown' from project 'InkMarkdown')
    cd /Users/shizihan/DailyUse/Github/InkMarkdown/.github/fixtures/consumer-smoke/.swiftpm/xcode
    

SwiftCompile normal arm64 /Users/shizihan/DailyUse/Github/InkMarkdown/Sources/InkMarkdown/Rendering/Image/InkImageBlockHandler.swift (in target 'InkMarkdown' from project 'InkMarkdown')
    cd /Users/shizihan/DailyUse/Github/InkMarkdown/.github/fixtures/consumer-smoke/.swiftpm/xcode
    

SwiftCompile normal arm64 /Users/shizihan/DailyUse/Github/InkMarkdown/Sources/InkMarkdown/Rendering/Image/InkImageLoading.swift (in target 'InkMarkdown' from project 'InkMarkdown')
    cd /Users/shizihan/DailyUse/Github/InkMarkdown/.github/fixtures/consumer-smoke/.swiftpm/xcode
    

SwiftCompile normal arm64 /Users/shizihan/DailyUse/Github/InkMarkdown/Sources/InkMarkdown/Rendering/Image/InkImagePresentationLoad.swift (in target 'InkMarkdown' from project 'InkMarkdown')
    cd /Users/shizihan/DailyUse/Github/InkMarkdown/.github/fixtures/consumer-smoke/.swiftpm/xcode
    

SwiftCompile normal arm64 Compiling\ ImageIODownsampler.swift,\ ImageLoadError.swift,\ ImageSecurityPolicy.swift,\ ImageSizingHelper.swift,\ ImageSource.swift,\ InkGeneratedImageLoading.swift /Users/shizihan/DailyUse/Github/InkMarkdown/Sources/InkMarkdown/Rendering/Image/ImageIODownsampler.swift /Users/shizihan/DailyUse/Github/InkMarkdown/Sources/InkMarkdown/Rendering/Image/ImageLoadError.swift /Users/shizihan/DailyUse/Github/InkMarkdown/Sources/InkMarkdown/Rendering/Image/ImageSecurityPolicy.swift /Users/shizihan/DailyUse/Github/InkMarkdown/Sources/InkMarkdown/Rendering/Image/ImageSizingHelper.swift /Users/shizihan/DailyUse/Github/InkMarkdown/Sources/InkMarkdown/Rendering/Image/ImageSource.swift /Users/shizihan/DailyUse/Github/InkMarkdown/Sources/InkMarkdown/Rendering/Image/InkGeneratedImageLoading.swift (in target 'InkMarkdown' from project 'InkMarkdown')

SwiftCompile normal arm64 /Users/shizihan/DailyUse/Github/InkMarkdown/Sources/InkMarkdown/Rendering/Image/ImageIODownsampler.swift (in target 'InkMarkdown' from project 'InkMarkdown')
    cd /Users/shizihan/DailyUse/Github/InkMarkdown/.github/fixtures/consumer-smoke/.swiftpm/xcode
    

SwiftCompile normal arm64 /Users/shizihan/DailyUse/Github/InkMarkdown/Sources/InkMarkdown/Rendering/Image/ImageLoadError.swift (in target 'InkMarkdown' from project 'InkMarkdown')
    cd /Users/shizihan/DailyUse/Github/InkMarkdown/.github/fixtures/consumer-smoke/.swiftpm/xcode
    

SwiftCompile normal arm64 /Users/shizihan/DailyUse/Github/InkMarkdown/Sources/InkMarkdown/Rendering/Image/ImageSecurityPolicy.swift (in target 'InkMarkdown' from project 'InkMarkdown')
    cd /Users/shizihan/DailyUse/Github/InkMarkdown/.github/fixtures/consumer-smoke/.swiftpm/xcode
    

SwiftCompile normal arm64 /Users/shizihan/DailyUse/Github/InkMarkdown/Sources/InkMarkdown/Rendering/Image/ImageSizingHelper.swift (in target 'InkMarkdown' from project 'InkMarkdown')
    cd /Users/shizihan/DailyUse/Github/InkMarkdown/.github/fixtures/consumer-smoke/.swiftpm/xcode
    

SwiftCompile normal arm64 /Users/shizihan/DailyUse/Github/InkMarkdown/Sources/InkMarkdown/Rendering/Image/ImageSource.swift (in target 'InkMarkdown' from project 'InkMarkdown')
    cd /Users/shizihan/DailyUse/Github/InkMarkdown/.github/fixtures/consumer-smoke/.swiftpm/xcode
    

SwiftCompile normal arm64 /Users/shizihan/DailyUse/Github/InkMarkdown/Sources/InkMarkdown/Rendering/Image/InkGeneratedImageLoading.swift (in target 'InkMarkdown' from project 'InkMarkdown')
    cd /Users/shizihan/DailyUse/Github/InkMarkdown/.github/fixtures/consumer-smoke/.swiftpm/xcode
    

SwiftCompile normal arm64 Compiling\ InkMermaidImageRenderer.swift,\ InkMermaidPageLoadRouter.swift,\ InkMermaidRasterPlan.swift,\ InkMermaidRenderRequestState.swift,\ InkMermaidRenderScheduler.swift,\ InkMermaidTypes.swift /Users/shizihan/DailyUse/Github/InkMarkdown/Sources/InkMarkdown/Rendering/Mermaid/InkMermaidImageRenderer.swift /Users/shizihan/DailyUse/Github/InkMarkdown/Sources/InkMarkdown/Rendering/Mermaid/InkMermaidPageLoadRouter.swift /Users/shizihan/DailyUse/Github/InkMarkdown/Sources/InkMarkdown/Rendering/Mermaid/InkMermaidRasterPlan.swift /Users/shizihan/DailyUse/Github/InkMarkdown/Sources/InkMarkdown/Rendering/Mermaid/InkMermaidRenderRequestState.swift /Users/shizihan/DailyUse/Github/InkMarkdown/Sources/InkMarkdown/Rendering/Mermaid/InkMermaidRenderScheduler.swift /Users/shizihan/DailyUse/Github/InkMarkdown/Sources/InkMarkdown/Rendering/Mermaid/InkMermaidTypes.swift (in target 'InkMarkdown' from project 'InkMarkdown')
SwiftCompile normal arm64 /Users/shizihan/DailyUse/Github/InkMarkdown/Sources/InkMarkdown/Rendering/Mermaid/InkMermaidImageRenderer.swift (in target 'InkMarkdown' from project 'InkMarkdown')
    cd /Users/shizihan/DailyUse/Github/InkMarkdown/.github/fixtures/consumer-smoke/.swiftpm/xcode
    

SwiftCompile normal arm64 /Users/shizihan/DailyUse/Github/InkMarkdown/Sources/InkMarkdown/Rendering/Mermaid/InkMermaidPageLoadRouter.swift (in target 'InkMarkdown' from project 'InkMarkdown')
    cd /Users/shizihan/DailyUse/Github/InkMarkdown/.github/fixtures/consumer-smoke/.swiftpm/xcode
    

SwiftCompile normal arm64 /Users/shizihan/DailyUse/Github/InkMarkdown/Sources/InkMarkdown/Rendering/Mermaid/InkMermaidRasterPlan.swift (in target 'InkMarkdown' from project 'InkMarkdown')
    cd /Users/shizihan/DailyUse/Github/InkMarkdown/.github/fixtures/consumer-smoke/.swiftpm/xcode
    

SwiftCompile normal arm64 /Users/shizihan/DailyUse/Github/InkMarkdown/Sources/InkMarkdown/Rendering/Mermaid/InkMermaidRenderRequestState.swift (in target 'InkMarkdown' from project 'InkMarkdown')
    cd /Users/shizihan/DailyUse/Github/InkMarkdown/.github/fixtures/consumer-smoke/.swiftpm/xcode
    

SwiftCompile normal arm64 /Users/shizihan/DailyUse/Github/InkMarkdown/Sources/InkMarkdown/Rendering/Mermaid/InkMermaidRenderScheduler.swift (in target 'InkMarkdown' from project 'InkMarkdown')
    cd /Users/shizihan/DailyUse/Github/InkMarkdown/.github/fixtures/consumer-smoke/.swiftpm/xcode
    

SwiftCompile normal arm64 /Users/shizihan/DailyUse/Github/InkMarkdown/Sources/InkMarkdown/Rendering/Mermaid/InkMermaidTypes.swift (in target 'InkMarkdown' from project 'InkMarkdown')
    cd /Users/shizihan/DailyUse/Github/InkMarkdown/.github/fixtures/consumer-smoke/.swiftpm/xcode
    

SwiftCompile normal arm64 Compiling\ InkThoughtPresentationPolicy.swift,\ InkThoughtScanner.swift,\ InkThoughtStreamingScanner.swift,\ InkCodeBlockView.swift,\ InkMarkdownLayoutManager.swift,\ InkStreamTableView.swift,\ InkTableBlock.swift /Users/shizihan/DailyUse/Github/InkMarkdown/Sources/InkMarkdown/Rendering/Block/InkThoughtPresentationPolicy.swift /Users/shizihan/DailyUse/Github/InkMarkdown/Sources/InkMarkdown/Rendering/Block/InkThoughtScanner.swift /Users/shizihan/DailyUse/Github/InkMarkdown/Sources/InkMarkdown/Rendering/Block/InkThoughtStreamingScanner.swift /Users/shizihan/DailyUse/Github/InkMarkdown/Sources/InkMarkdown/Rendering/Components/InkCodeBlockView.swift /Users/shizihan/DailyUse/Github/InkMarkdown/Sources/InkMarkdown/Rendering/Components/InkMarkdownLayoutManager.swift /Users/shizihan/DailyUse/Github/InkMarkdown/Sources/InkMarkdown/Rendering/Components/InkStreamTableView.swift /Users/shizihan/DailyUse/Github/InkMarkdown/Sources/InkMarkdown/Rendering/Components/InkTableBlock.swift (in target 'InkMarkdown' from project 'InkMarkdown')

SwiftCompile normal arm64 /Users/shizihan/DailyUse/Github/InkMarkdown/Sources/InkMarkdown/Rendering/Block/InkThoughtPresentationPolicy.swift (in target 'InkMarkdown' from project 'InkMarkdown')
    cd /Users/shizihan/DailyUse/Github/InkMarkdown/.github/fixtures/consumer-smoke/.swiftpm/xcode
    

SwiftCompile normal arm64 /Users/shizihan/DailyUse/Github/InkMarkdown/Sources/InkMarkdown/Rendering/Block/InkThoughtScanner.swift (in target 'InkMarkdown' from project 'InkMarkdown')
    cd /Users/shizihan/DailyUse/Github/InkMarkdown/.github/fixtures/consumer-smoke/.swiftpm/xcode
    

SwiftCompile normal arm64 /Users/shizihan/DailyUse/Github/InkMarkdown/Sources/InkMarkdown/Rendering/Block/InkThoughtStreamingScanner.swift (in target 'InkMarkdown' from project 'InkMarkdown')
    cd /Users/shizihan/DailyUse/Github/InkMarkdown/.github/fixtures/consumer-smoke/.swiftpm/xcode
    

SwiftCompile normal arm64 /Users/shizihan/DailyUse/Github/InkMarkdown/Sources/InkMarkdown/Rendering/Components/InkCodeBlockView.swift (in target 'InkMarkdown' from project 'InkMarkdown')
    cd /Users/shizihan/DailyUse/Github/InkMarkdown/.github/fixtures/consumer-smoke/.swiftpm/xcode
    

SwiftCompile normal arm64 /Users/shizihan/DailyUse/Github/InkMarkdown/Sources/InkMarkdown/Rendering/Components/InkMarkdownLayoutManager.swift (in target 'InkMarkdown' from project 'InkMarkdown')
    cd /Users/shizihan/DailyUse/Github/InkMarkdown/.github/fixtures/consumer-smoke/.swiftpm/xcode
    

SwiftCompile normal arm64 /Users/shizihan/DailyUse/Github/InkMarkdown/Sources/InkMarkdown/Rendering/Components/InkStreamTableView.swift (in target 'InkMarkdown' from project 'InkMarkdown')
    cd /Users/shizihan/DailyUse/Github/InkMarkdown/.github/fixtures/consumer-smoke/.swiftpm/xcode
    

SwiftCompile normal arm64 /Users/shizihan/DailyUse/Github/InkMarkdown/Sources/InkMarkdown/Rendering/Components/InkTableBlock.swift (in target 'InkMarkdown' from project 'InkMarkdown')
    cd /Users/shizihan/DailyUse/Github/InkMarkdown/.github/fixtures/consumer-smoke/.swiftpm/xcode
    

SwiftCompile normal arm64 Compiling\ InkPreparedMarkdownSource.swift,\ InkAttributedRenderer.swift,\ InkAttributedTextBlock.swift,\ InkBlockHandler.swift,\ InkBlockRenderer.swift,\ InkRenderableBlock.swift,\ InkThoughtBlockHandler.swift /Users/shizihan/DailyUse/Github/InkMarkdown/Sources/InkMarkdown/Parser/InkPreparedMarkdownSource.swift /Users/shizihan/DailyUse/Github/InkMarkdown/Sources/InkMarkdown/Rendering/AttributedString/InkAttributedRenderer.swift /Users/shizihan/DailyUse/Github/InkMarkdown/Sources/InkMarkdown/Rendering/Block/InkAttributedTextBlock.swift /Users/shizihan/DailyUse/Github/InkMarkdown/Sources/InkMarkdown/Rendering/Block/InkBlockHandler.swift /Users/shizihan/DailyUse/Github/InkMarkdown/Sources/InkMarkdown/Rendering/Block/InkBlockRenderer.swift /Users/shizihan/DailyUse/Github/InkMarkdown/Sources/InkMarkdown/Rendering/Block/InkRenderableBlock.swift /Users/shizihan/DailyUse/Github/InkMarkdown/Sources/InkMarkdown/Rendering/Block/InkThoughtBlockHandler.swift (in target 'InkMarkdown' from project 'InkMarkdown')

SwiftCompile normal arm64 /Users/shizihan/DailyUse/Github/InkMarkdown/Sources/InkMarkdown/Parser/InkPreparedMarkdownSource.swift (in target 'InkMarkdown' from project 'InkMarkdown')
    cd /Users/shizihan/DailyUse/Github/InkMarkdown/.github/fixtures/consumer-smoke/.swiftpm/xcode
    

SwiftCompile normal arm64 /Users/shizihan/DailyUse/Github/InkMarkdown/Sources/InkMarkdown/Rendering/AttributedString/InkAttributedRenderer.swift (in target 'InkMarkdown' from project 'InkMarkdown')
    cd /Users/shizihan/DailyUse/Github/InkMarkdown/.github/fixtures/consumer-smoke/.swiftpm/xcode
    

SwiftCompile normal arm64 /Users/shizihan/DailyUse/Github/InkMarkdown/Sources/InkMarkdown/Rendering/Block/InkAttributedTextBlock.swift (in target 'InkMarkdown' from project 'InkMarkdown')
    cd /Users/shizihan/DailyUse/Github/InkMarkdown/.github/fixtures/consumer-smoke/.swiftpm/xcode
    

SwiftCompile normal arm64 /Users/shizihan/DailyUse/Github/InkMarkdown/Sources/InkMarkdown/Rendering/Block/InkBlockHandler.swift (in target 'InkMarkdown' from project 'InkMarkdown')
    cd /Users/shizihan/DailyUse/Github/InkMarkdown/.github/fixtures/consumer-smoke/.swiftpm/xcode
    

SwiftCompile normal arm64 /Users/shizihan/DailyUse/Github/InkMarkdown/Sources/InkMarkdown/Rendering/Block/InkBlockRenderer.swift (in target 'InkMarkdown' from project 'InkMarkdown')
    cd /Users/shizihan/DailyUse/Github/InkMarkdown/.github/fixtures/consumer-smoke/.swiftpm/xcode
    

SwiftCompile normal arm64 /Users/shizihan/DailyUse/Github/InkMarkdown/Sources/InkMarkdown/Rendering/Block/InkRenderableBlock.swift (in target 'InkMarkdown' from project 'InkMarkdown')
    cd /Users/shizihan/DailyUse/Github/InkMarkdown/.github/fixtures/consumer-smoke/.swiftpm/xcode
    

SwiftCompile normal arm64 /Users/shizihan/DailyUse/Github/InkMarkdown/Sources/InkMarkdown/Rendering/Block/InkThoughtBlockHandler.swift (in target 'InkMarkdown' from project 'InkMarkdown')
    cd /Users/shizihan/DailyUse/Github/InkMarkdown/.github/fixtures/consumer-smoke/.swiftpm/xcode
    

SwiftCompile normal arm64 Compiling\ InkTableBlockView.swift,\ InkTableCellTextView.swift,\ InkTablePresentation.swift,\ InkTableRenderHelper.swift,\ InkThematicBreakBlock.swift,\ InkThoughtBlock.swift,\ InkGeneratedAddonRuntime.swift /Users/shizihan/DailyUse/Github/InkMarkdown/Sources/InkMarkdown/Rendering/Components/InkTableBlockView.swift /Users/shizihan/DailyUse/Github/InkMarkdown/Sources/InkMarkdown/Rendering/Components/InkTableCellTextView.swift /Users/shizihan/DailyUse/Github/InkMarkdown/Sources/InkMarkdown/Rendering/Components/InkTablePresentation.swift /Users/shizihan/DailyUse/Github/InkMarkdown/Sources/InkMarkdown/Rendering/Components/InkTableRenderHelper.swift /Users/shizihan/DailyUse/Github/InkMarkdown/Sources/InkMarkdown/Rendering/Components/InkThematicBreakBlock.swift /Users/shizihan/DailyUse/Github/InkMarkdown/Sources/InkMarkdown/Rendering/Components/InkThoughtBlock.swift /Users/shizihan/DailyUse/Github/InkMarkdown/Sources/InkMarkdown/Rendering/Generated/InkGeneratedAddonRuntime.swift (in target 'InkMarkdown' from project 'InkMarkdown')

SwiftCompile normal arm64 /Users/shizihan/DailyUse/Github/InkMarkdown/Sources/InkMarkdown/Rendering/Components/InkTableBlockView.swift (in target 'InkMarkdown' from project 'InkMarkdown')
    cd /Users/shizihan/DailyUse/Github/InkMarkdown/.github/fixtures/consumer-smoke/.swiftpm/xcode
    

SwiftCompile normal arm64 /Users/shizihan/DailyUse/Github/InkMarkdown/Sources/InkMarkdown/Rendering/Components/InkTableCellTextView.swift (in target 'InkMarkdown' from project 'InkMarkdown')
    cd /Users/shizihan/DailyUse/Github/InkMarkdown/.github/fixtures/consumer-smoke/.swiftpm/xcode
    

SwiftCompile normal arm64 /Users/shizihan/DailyUse/Github/InkMarkdown/Sources/InkMarkdown/Rendering/Components/InkTablePresentation.swift (in target 'InkMarkdown' from project 'InkMarkdown')
    cd /Users/shizihan/DailyUse/Github/InkMarkdown/.github/fixtures/consumer-smoke/.swiftpm/xcode
    

SwiftCompile normal arm64 /Users/shizihan/DailyUse/Github/InkMarkdown/Sources/InkMarkdown/Rendering/Components/InkTableRenderHelper.swift (in target 'InkMarkdown' from project 'InkMarkdown')
    cd /Users/shizihan/DailyUse/Github/InkMarkdown/.github/fixtures/consumer-smoke/.swiftpm/xcode
    

SwiftCompile normal arm64 /Users/shizihan/DailyUse/Github/InkMarkdown/Sources/InkMarkdown/Rendering/Components/InkThematicBreakBlock.swift (in target 'InkMarkdown' from project 'InkMarkdown')
    cd /Users/shizihan/DailyUse/Github/InkMarkdown/.github/fixtures/consumer-smoke/.swiftpm/xcode
    

SwiftCompile normal arm64 /Users/shizihan/DailyUse/Github/InkMarkdown/Sources/InkMarkdown/Rendering/Components/InkThoughtBlock.swift (in target 'InkMarkdown' from project 'InkMarkdown')
    cd /Users/shizihan/DailyUse/Github/InkMarkdown/.github/fixtures/consumer-smoke/.swiftpm/xcode
    

SwiftCompile normal arm64 /Users/shizihan/DailyUse/Github/InkMarkdown/Sources/InkMarkdown/Rendering/Generated/InkGeneratedAddonRuntime.swift (in target 'InkMarkdown' from project 'InkMarkdown')
    cd /Users/shizihan/DailyUse/Github/InkMarkdown/.github/fixtures/consumer-smoke/.swiftpm/xcode
    

SwiftCompile normal arm64 Compiling\ InkImagePreviewController.swift,\ InkImageRendering.swift,\ InkImageSourceResolution.swift,\ InkImageStore.swift,\ InkDisplayMetrics.swift,\ InkInlineSyntax.swift /Users/shizihan/DailyUse/Github/InkMarkdown/Sources/InkMarkdown/Rendering/Image/InkImagePreviewController.swift /Users/shizihan/DailyUse/Github/InkMarkdown/Sources/InkMarkdown/Rendering/Image/InkImageRendering.swift /Users/shizihan/DailyUse/Github/InkMarkdown/Sources/InkMarkdown/Rendering/Image/InkImageSourceResolution.swift /Users/shizihan/DailyUse/Github/InkMarkdown/Sources/InkMarkdown/Rendering/Image/InkImageStore.swift /Users/shizihan/DailyUse/Github/InkMarkdown/Sources/InkMarkdown/Rendering/InkDisplayMetrics.swift /Users/shizihan/DailyUse/Github/InkMarkdown/Sources/InkMarkdown/Rendering/InkInlineSyntax.swift (in target 'InkMarkdown' from project 'InkMarkdown')

SwiftCompile normal arm64 /Users/shizihan/DailyUse/Github/InkMarkdown/Sources/InkMarkdown/Rendering/Image/InkImagePreviewController.swift (in target 'InkMarkdown' from project 'InkMarkdown')
    cd /Users/shizihan/DailyUse/Github/InkMarkdown/.github/fixtures/consumer-smoke/.swiftpm/xcode
    

SwiftCompile normal arm64 /Users/shizihan/DailyUse/Github/InkMarkdown/Sources/InkMarkdown/Rendering/Image/InkImageRendering.swift (in target 'InkMarkdown' from project 'InkMarkdown')
    cd /Users/shizihan/DailyUse/Github/InkMarkdown/.github/fixtures/consumer-smoke/.swiftpm/xcode
    

SwiftCompile normal arm64 /Users/shizihan/DailyUse/Github/InkMarkdown/Sources/InkMarkdown/Rendering/Image/InkImageSourceResolution.swift (in target 'InkMarkdown' from project 'InkMarkdown')
    cd /Users/shizihan/DailyUse/Github/InkMarkdown/.github/fixtures/consumer-smoke/.swiftpm/xcode
    

SwiftCompile normal arm64 /Users/shizihan/DailyUse/Github/InkMarkdown/Sources/InkMarkdown/Rendering/Image/InkImageStore.swift (in target 'InkMarkdown' from project 'InkMarkdown')
    cd /Users/shizihan/DailyUse/Github/InkMarkdown/.github/fixtures/consumer-smoke/.swiftpm/xcode
    

SwiftCompile normal arm64 /Users/shizihan/DailyUse/Github/InkMarkdown/Sources/InkMarkdown/Rendering/InkDisplayMetrics.swift (in target 'InkMarkdown' from project 'InkMarkdown')
    cd /Users/shizihan/DailyUse/Github/InkMarkdown/.github/fixtures/consumer-smoke/.swiftpm/xcode
    

SwiftCompile normal arm64 /Users/shizihan/DailyUse/Github/InkMarkdown/Sources/InkMarkdown/Rendering/InkInlineSyntax.swift (in target 'InkMarkdown' from project 'InkMarkdown')
    cd /Users/shizihan/DailyUse/Github/InkMarkdown/.github/fixtures/consumer-smoke/.swiftpm/xcode
    

SwiftCompile normal arm64 Compiling\ InkLaTeXIntegration.swift,\ InkMermaidIntegration.swift,\ DefaultURLSessionImageLoader.swift,\ DisplayContext.swift,\ DisplayKey.swift,\ ImageHTTPSessionDelegate.swift /Users/shizihan/DailyUse/Github/InkMarkdown/Sources/InkMarkdown/Rendering/Generated/InkLaTeXIntegration.swift /Users/shizihan/DailyUse/Github/InkMarkdown/Sources/InkMarkdown/Rendering/Generated/InkMermaidIntegration.swift /Users/shizihan/DailyUse/Github/InkMarkdown/Sources/InkMarkdown/Rendering/Image/DefaultURLSessionImageLoader.swift /Users/shizihan/DailyUse/Github/InkMarkdown/Sources/InkMarkdown/Rendering/Image/DisplayContext.swift /Users/shizihan/DailyUse/Github/InkMarkdown/Sources/InkMarkdown/Rendering/Image/DisplayKey.swift /Users/shizihan/DailyUse/Github/InkMarkdown/Sources/InkMarkdown/Rendering/Image/ImageHTTPSessionDelegate.swift (in target 'InkMarkdown' from project 'InkMarkdown')

SwiftCompile normal arm64 /Users/shizihan/DailyUse/Github/InkMarkdown/Sources/InkMarkdown/Rendering/Generated/InkLaTeXIntegration.swift (in target 'InkMarkdown' from project 'InkMarkdown')
    cd /Users/shizihan/DailyUse/Github/InkMarkdown/.github/fixtures/consumer-smoke/.swiftpm/xcode
    

SwiftCompile normal arm64 /Users/shizihan/DailyUse/Github/InkMarkdown/Sources/InkMarkdown/Rendering/Generated/InkMermaidIntegration.swift (in target 'InkMarkdown' from project 'InkMarkdown')
    cd /Users/shizihan/DailyUse/Github/InkMarkdown/.github/fixtures/consumer-smoke/.swiftpm/xcode
    

SwiftCompile normal arm64 /Users/shizihan/DailyUse/Github/InkMarkdown/Sources/InkMarkdown/Rendering/Image/DefaultURLSessionImageLoader.swift (in target 'InkMarkdown' from project 'InkMarkdown')
    cd /Users/shizihan/DailyUse/Github/InkMarkdown/.github/fixtures/consumer-smoke/.swiftpm/xcode
    

SwiftCompile normal arm64 /Users/shizihan/DailyUse/Github/InkMarkdown/Sources/InkMarkdown/Rendering/Image/DisplayContext.swift (in target 'InkMarkdown' from project 'InkMarkdown')
    cd /Users/shizihan/DailyUse/Github/InkMarkdown/.github/fixtures/consumer-smoke/.swiftpm/xcode
    

SwiftCompile normal arm64 /Users/shizihan/DailyUse/Github/InkMarkdown/Sources/InkMarkdown/Rendering/Image/DisplayKey.swift (in target 'InkMarkdown' from project 'InkMarkdown')
    cd /Users/shizihan/DailyUse/Github/InkMarkdown/.github/fixtures/consumer-smoke/.swiftpm/xcode
    

SwiftCompile normal arm64 /Users/shizihan/DailyUse/Github/InkMarkdown/Sources/InkMarkdown/Rendering/Image/ImageHTTPSessionDelegate.swift (in target 'InkMarkdown' from project 'InkMarkdown')
    cd /Users/shizihan/DailyUse/Github/InkMarkdown/.github/fixtures/consumer-smoke/.swiftpm/xcode
    

SwiftCompile normal arm64 Compiling\ InkStreamRenderer.swift,\ InkTextContext.swift,\ InkLaTeXImageRenderer.swift,\ InkLaTeXRenderRequest.swift,\ InkLaTeXSourcePreservation.swift,\ InkLaTeXSyntax.swift /Users/shizihan/DailyUse/Github/InkMarkdown/Sources/InkMarkdown/Rendering/InkStreamRenderer.swift /Users/shizihan/DailyUse/Github/InkMarkdown/Sources/InkMarkdown/Rendering/InkTextContext.swift /Users/shizihan/DailyUse/Github/InkMarkdown/Sources/InkMarkdown/Rendering/LaTeX/InkLaTeXImageRenderer.swift /Users/shizihan/DailyUse/Github/InkMarkdown/Sources/InkMarkdown/Rendering/LaTeX/InkLaTeXRenderRequest.swift /Users/shizihan/DailyUse/Github/InkMarkdown/Sources/InkMarkdown/Rendering/LaTeX/InkLaTeXSourcePreservation.swift /Users/shizihan/DailyUse/Github/InkMarkdown/Sources/InkMarkdown/Rendering/LaTeX/InkLaTeXSyntax.swift (in target 'InkMarkdown' from project 'InkMarkdown')

SwiftCompile normal arm64 /Users/shizihan/DailyUse/Github/InkMarkdown/Sources/InkMarkdown/Rendering/InkStreamRenderer.swift (in target 'InkMarkdown' from project 'InkMarkdown')
    cd /Users/shizihan/DailyUse/Github/InkMarkdown/.github/fixtures/consumer-smoke/.swiftpm/xcode
    

SwiftCompile normal arm64 /Users/shizihan/DailyUse/Github/InkMarkdown/Sources/InkMarkdown/Rendering/InkTextContext.swift (in target 'InkMarkdown' from project 'InkMarkdown')
    cd /Users/shizihan/DailyUse/Github/InkMarkdown/.github/fixtures/consumer-smoke/.swiftpm/xcode
    

SwiftCompile normal arm64 /Users/shizihan/DailyUse/Github/InkMarkdown/Sources/InkMarkdown/Rendering/LaTeX/InkLaTeXImageRenderer.swift (in target 'InkMarkdown' from project 'InkMarkdown')
    cd /Users/shizihan/DailyUse/Github/InkMarkdown/.github/fixtures/consumer-smoke/.swiftpm/xcode
    

SwiftCompile normal arm64 /Users/shizihan/DailyUse/Github/InkMarkdown/Sources/InkMarkdown/Rendering/LaTeX/InkLaTeXRenderRequest.swift (in target 'InkMarkdown' from project 'InkMarkdown')
    cd /Users/shizihan/DailyUse/Github/InkMarkdown/.github/fixtures/consumer-smoke/.swiftpm/xcode
    

SwiftCompile normal arm64 /Users/shizihan/DailyUse/Github/InkMarkdown/Sources/InkMarkdown/Rendering/LaTeX/InkLaTeXSourcePreservation.swift (in target 'InkMarkdown' from project 'InkMarkdown')
    cd /Users/shizihan/DailyUse/Github/InkMarkdown/.github/fixtures/consumer-smoke/.swiftpm/xcode
    

SwiftCompile normal arm64 /Users/shizihan/DailyUse/Github/InkMarkdown/Sources/InkMarkdown/Rendering/LaTeX/InkLaTeXSyntax.swift (in target 'InkMarkdown' from project 'InkMarkdown')
    cd /Users/shizihan/DailyUse/Github/InkMarkdown/.github/fixtures/consumer-smoke/.swiftpm/xcode
    

SwiftCompile normal arm64 Compiling\ InkAppearance.swift,\ InkConfiguration.swift,\ InkRenderEnvironment.swift,\ InkSemanticIdentity.swift,\ InkMarkdown.swift,\ InkLineClassifier.swift,\ InkParser.swift /Users/shizihan/DailyUse/Github/InkMarkdown/Sources/InkMarkdown/Configuration/InkAppearance.swift /Users/shizihan/DailyUse/Github/InkMarkdown/Sources/InkMarkdown/Configuration/InkConfiguration.swift /Users/shizihan/DailyUse/Github/InkMarkdown/Sources/InkMarkdown/Configuration/InkRenderEnvironment.swift /Users/shizihan/DailyUse/Github/InkMarkdown/Sources/InkMarkdown/Configuration/InkSemanticIdentity.swift /Users/shizihan/DailyUse/Github/InkMarkdown/Sources/InkMarkdown/InkMarkdown.swift /Users/shizihan/DailyUse/Github/InkMarkdown/Sources/InkMarkdown/Parser/InkLineClassifier.swift /Users/shizihan/DailyUse/Github/InkMarkdown/Sources/InkMarkdown/Parser/InkParser.swift (in target 'InkMarkdown' from project 'InkMarkdown')
SwiftCompile normal arm64 /Users/shizihan/DailyUse/Github/InkMarkdown/Sources/InkMarkdown/Configuration/InkAppearance.swift (in target 'InkMarkdown' from project 'InkMarkdown')
    cd /Users/shizihan/DailyUse/Github/InkMarkdown/.github/fixtures/consumer-smoke/.swiftpm/xcode
    

SwiftCompile normal arm64 /Users/shizihan/DailyUse/Github/InkMarkdown/Sources/InkMarkdown/Configuration/InkConfiguration.swift (in target 'InkMarkdown' from project 'InkMarkdown')
    cd /Users/shizihan/DailyUse/Github/InkMarkdown/.github/fixtures/consumer-smoke/.swiftpm/xcode
    

SwiftCompile normal arm64 /Users/shizihan/DailyUse/Github/InkMarkdown/Sources/InkMarkdown/Configuration/InkRenderEnvironment.swift (in target 'InkMarkdown' from project 'InkMarkdown')
    cd /Users/shizihan/DailyUse/Github/InkMarkdown/.github/fixtures/consumer-smoke/.swiftpm/xcode
    

SwiftCompile normal arm64 /Users/shizihan/DailyUse/Github/InkMarkdown/Sources/InkMarkdown/Configuration/InkSemanticIdentity.swift (in target 'InkMarkdown' from project 'InkMarkdown')
    cd /Users/shizihan/DailyUse/Github/InkMarkdown/.github/fixtures/consumer-smoke/.swiftpm/xcode
    

SwiftCompile normal arm64 /Users/shizihan/DailyUse/Github/InkMarkdown/Sources/InkMarkdown/InkMarkdown.swift (in target 'InkMarkdown' from project 'InkMarkdown')
    cd /Users/shizihan/DailyUse/Github/InkMarkdown/.github/fixtures/consumer-smoke/.swiftpm/xcode
    

SwiftCompile normal arm64 /Users/shizihan/DailyUse/Github/InkMarkdown/Sources/InkMarkdown/Parser/InkLineClassifier.swift (in target 'InkMarkdown' from project 'InkMarkdown')
    cd /Users/shizihan/DailyUse/Github/InkMarkdown/.github/fixtures/consumer-smoke/.swiftpm/xcode
    

SwiftCompile normal arm64 /Users/shizihan/DailyUse/Github/InkMarkdown/Sources/InkMarkdown/Parser/InkParser.swift (in target 'InkMarkdown' from project 'InkMarkdown')
    cd /Users/shizihan/DailyUse/Github/InkMarkdown/.github/fixtures/consumer-smoke/.swiftpm/xcode
    

SwiftDriverJobDiscovery normal arm64 Emitting module for InkMarkdown (in target 'InkMarkdown' from project 'InkMarkdown')

SwiftDriver\ Compilation\ Requirements InkMarkdown normal arm64 com.apple.xcode.tools.swift.compiler (in target 'InkMarkdown' from project 'InkMarkdown')
    cd /Users/shizihan/DailyUse/Github/InkMarkdown/.github/fixtures/consumer-smoke/.swiftpm/xcode
    builtin-Swift-Compilation-Requirements -- /Applications/Xcode.app/Contents/Developer/Toolchains/XcodeDefault.xctoolchain/usr/bin/swiftc -module-name InkMarkdown -Onone @/Users/shizihan/DailyUse/Github/InkMarkdown/.scratch/architecture-deepening-2026-09-07/evidence/20260907-1415-ticket-27/consumer/DerivedData-InkMarkdownSwiftUIConsumer/Build/Intermediates.noindex/InkMarkdown.build/Debug-iphonesimulator/InkMarkdown.build/Objects-normal/arm64/InkMarkdown.SwiftFileList -DSWIFT_PACKAGE -DDEBUG -DSWIFT_MODULE_RESOURCE_BUNDLE_UNAVAILABLE -DXcode -enable-experimental-feature StrictConcurrency -plugin-path /Applications/Xcode.app/Contents/Developer/Toolchains/XcodeDefault.xctoolchain/usr/lib/swift/host/plugins/testing -enable-experimental-feature DebugDescriptionMacro -sdk /Applications/Xcode.app/Contents/Developer/Platforms/iPhoneSimulator.platform/Developer/SDKs/iPhoneSimulator26.5.sdk -target arm64-apple-ios15.0-simulator -g -module-cache-path /Users/shizihan/DailyUse/Github/InkMarkdown/.scratch/architecture-deepening-2026-09-07/evidence/20260907-1415-ticket-27/consumer/DerivedData-InkMarkdownSwiftUIConsumer/ModuleCache.noindex -Xfrontend -serialize-debugging-options -enable-testing -suppress-warnings -index-store-path /Users/shizihan/DailyUse/Github/InkMarkdown/.scratch/architecture-deepening-2026-09-07/evidence/20260907-1415-ticket-27/consumer/DerivedData-InkMarkdownSwiftUIConsumer/Index.noindex/DataStore -Xcc -D_LIBCPP_HARDENING_MODE\=_LIBCPP_HARDENING_MODE_DEBUG -swift-version 5 -I /Users/shizihan/DailyUse/Github/InkMarkdown/.scratch/architecture-deepening-2026-09-07/evidence/20260907-1415-ticket-27/consumer/DerivedData-InkMarkdownSwiftUIConsumer/Build/Products/Debug-iphonesimulator -Isystem /Applications/Xcode.app/Contents/Developer/Platforms/iPhoneSimulator.platform/Developer/usr/lib -F /Users/shizihan/DailyUse/Github/InkMarkdown/.scratch/architecture-deepening-2026-09-07/evidence/20260907-1415-ticket-27/consumer/DerivedData-InkMarkdownSwiftUIConsumer/Build/Products/Debug-iphonesimulator/PackageFrameworks -F /Users/shizihan/DailyUse/Github/InkMarkdown/.scratch/architecture-deepening-2026-09-07/evidence/20260907-1415-ticket-27/consumer/DerivedData-InkMarkdownSwiftUIConsumer/Build/Products/Debug-iphonesimulator/PackageFrameworks -F /Users/shizihan/DailyUse/Github/InkMarkdown/.scratch/architecture-deepening-2026-09-07/evidence/20260907-1415-ticket-27/consumer/DerivedData-InkMarkdownSwiftUIConsumer/Build/Products/Debug-iphonesimulator/PackageFrameworks -F /Users/shizihan/DailyUse/Github/InkMarkdown/.scratch/architecture-deepening-2026-09-07/evidence/20260907-1415-ticket-27/consumer/DerivedData-InkMarkdownSwiftUIConsumer/Build/Products/Debug-iphonesimulator/PackageFrameworks -F /Users/shizihan/DailyUse/Github/InkMarkdown/.scratch/architecture-deepening-2026-09-07/evidence/20260907-1415-ticket-27/consumer/DerivedData-InkMarkdownSwiftUIConsumer/Build/Products/Debug-iphonesimulator -F /Applications/Xcode.app/Contents/Developer/Platforms/iPhoneSimulator.platform/Developer/Library/Frameworks -F /Applications/Xcode.app/Contents/Developer/Platforms/iPhoneSimulator.platform/Developer/SDKs/iPhoneSimulator26.5.sdk/Developer/Library/Frameworks -c -j10 -enable-batch-mode -incremental -Xcc -ivfsstatcache -Xcc /Users/shizihan/DailyUse/Github/InkMarkdown/.scratch/architecture-deepening-2026-09-07/evidence/20260907-1415-ticket-27/consumer/DerivedData-InkMarkdownSwiftUIConsumer/SDKStatCaches.noindex/iphonesimulator26.5-23F81a-6cfe768891a92b912361537c460fe42b.sdkstatcache -output-file-map /Users/shizihan/DailyUse/Github/InkMarkdown/.scratch/architecture-deepening-2026-09-07/evidence/20260907-1415-ticket-27/consumer/DerivedData-InkMarkdownSwiftUIConsumer/Build/Intermediates.noindex/InkMarkdown.build/Debug-iphonesimulator/InkMarkdown.build/Objects-normal/arm64/InkMarkdown-OutputFileMap.json -use-frontend-parseable-output -save-temps -no-color-diagnostics -explicit-module-build -module-cache-path /Users/shizihan/DailyUse/Github/InkMarkdown/.scratch/architecture-deepening-2026-09-07/evidence/20260907-1415-ticket-27/consumer/DerivedData-InkMarkdownSwiftUIConsumer/Build/Intermediates.noindex/SwiftExplicitPrecompiledModules -clang-scanner-module-cache-path /Users/shizihan/DailyUse/Github/InkMarkdown/.scratch/architecture-deepening-2026-09-07/evidence/20260907-1415-ticket-27/consumer/DerivedData-InkMarkdownSwiftUIConsumer/ModuleCache.noindex -sdk-module-cache-path /Users/shizihan/DailyUse/Github/InkMarkdown/.scratch/architecture-deepening-2026-09-07/evidence/20260907-1415-ticket-27/consumer/DerivedData-InkMarkdownSwiftUIConsumer/ModuleCache.noindex -serialize-diagnostics -emit-dependencies -emit-module -emit-module-path /Users/shizihan/DailyUse/Github/InkMarkdown/.scratch/architecture-deepening-2026-09-07/evidence/20260907-1415-ticket-27/consumer/DerivedData-InkMarkdownSwiftUIConsumer/Build/Intermediates.noindex/InkMarkdown.build/Debug-iphonesimulator/InkMarkdown.build/Objects-normal/arm64/InkMarkdown.swiftmodule -validate-clang-modules-once -clang-build-session-file /Users/shizihan/DailyUse/Github/InkMarkdown/.scratch/architecture-deepening-2026-09-07/evidence/20260907-1415-ticket-27/consumer/DerivedData-InkMarkdownSwiftUIConsumer/ModuleCache.noindex/Session.modulevalidation -package-name inkmarkdown -Xcc -I/Users/shizihan/DailyUse/Github/InkMarkdown/.scratch/architecture-deepening-2026-09-07/evidence/20260907-1415-ticket-27/consumer/DerivedData-InkMarkdownSwiftUIConsumer/Build/Intermediates.noindex/InkMarkdown.build/Debug-iphonesimulator/InkMarkdown.build/swift-overrides.hmap -emit-const-values -Xfrontend -const-gather-protocols-file -Xfrontend /Users/shizihan/DailyUse/Github/InkMarkdown/.scratch/architecture-deepening-2026-09-07/evidence/20260907-1415-ticket-27/consumer/DerivedData-InkMarkdownSwiftUIConsumer/Build/Intermediates.noindex/InkMarkdown.build/Debug-iphonesimulator/InkMarkdown.build/Objects-normal/arm64/InkMarkdown_const_extract_protocols.json -Xcc -I/Users/shizihan/DailyUse/Github/InkMarkdown/Packages/Caches/swift-cmark/src/include -Xcc -I/Users/shizihan/DailyUse/Github/InkMarkdown/Packages/Caches/swift-cmark/extensions/include -Xcc -I/Users/shizihan/DailyUse/Github/InkMarkdown/Packages/Caches/swift-markdown/Sources/CAtomic/include -Xcc -I/Users/shizihan/DailyUse/Github/InkMarkdown/.scratch/architecture-deepening-2026-09-07/evidence/20260907-1415-ticket-27/consumer/DerivedData-InkMarkdownSwiftUIConsumer/Build/Products/Debug-iphonesimulator/include -Xcc -I/Users/shizihan/DailyUse/Github/InkMarkdown/.scratch/architecture-deepening-2026-09-07/evidence/20260907-1415-ticket-27/consumer/DerivedData-InkMarkdownSwiftUIConsumer/Build/Intermediates.noindex/InkMarkdown.build/Debug-iphonesimulator/InkMarkdown.build/DerivedSources-normal/arm64 -Xcc -I/Users/shizihan/DailyUse/Github/InkMarkdown/.scratch/architecture-deepening-2026-09-07/evidence/20260907-1415-ticket-27/consumer/DerivedData-InkMarkdownSwiftUIConsumer/Build/Intermediates.noindex/InkMarkdown.build/Debug-iphonesimulator/InkMarkdown.build/DerivedSources/arm64 -Xcc -I/Users/shizihan/DailyUse/Github/InkMarkdown/.scratch/architecture-deepening-2026-09-07/evidence/20260907-1415-ticket-27/consumer/DerivedData-InkMarkdownSwiftUIConsumer/Build/Intermediates.noindex/InkMarkdown.build/Debug-iphonesimulator/InkMarkdown.build/DerivedSources -Xcc -DSWIFT_PACKAGE -Xcc -DDEBUG\=1 -emit-objc-header -emit-objc-header-path /Users/shizihan/DailyUse/Github/InkMarkdown/.scratch/architecture-deepening-2026-09-07/evidence/20260907-1415-ticket-27/consumer/DerivedData-InkMarkdownSwiftUIConsumer/Build/Intermediates.noindex/InkMarkdown.build/Debug-iphonesimulator/InkMarkdown.build/Objects-normal/arm64/InkMarkdown-Swift.h -working-directory /Users/shizihan/DailyUse/Github/InkMarkdown/.github/fixtures/consumer-smoke/.swiftpm/xcode -experimental-emit-module-separately -disable-cmo

SwiftDriverJobDiscovery normal arm64 Compiling ImageIODownsampler.swift, ImageLoadError.swift, ImageSecurityPolicy.swift, ImageSizingHelper.swift, ImageSource.swift, InkGeneratedImageLoading.swift (in target 'InkMarkdown' from project 'InkMarkdown')

SwiftMergeGeneratedHeaders /Users/shizihan/DailyUse/Github/InkMarkdown/.scratch/architecture-deepening-2026-09-07/evidence/20260907-1415-ticket-27/consumer/DerivedData-InkMarkdownSwiftUIConsumer/Build/Intermediates.noindex/GeneratedModuleMaps-iphonesimulator/InkMarkdown-Swift.h /Users/shizihan/DailyUse/Github/InkMarkdown/.scratch/architecture-deepening-2026-09-07/evidence/20260907-1415-ticket-27/consumer/DerivedData-InkMarkdownSwiftUIConsumer/Build/Intermediates.noindex/InkMarkdown.build/Debug-iphonesimulator/InkMarkdown.build/Objects-normal/arm64/InkMarkdown-Swift.h (in target 'InkMarkdown' from project 'InkMarkdown')
    cd /Users/shizihan/DailyUse/Github/InkMarkdown
    builtin-swiftHeaderTool -arch arm64 /Users/shizihan/DailyUse/Github/InkMarkdown/.scratch/architecture-deepening-2026-09-07/evidence/20260907-1415-ticket-27/consumer/DerivedData-InkMarkdownSwiftUIConsumer/Build/Intermediates.noindex/InkMarkdown.build/Debug-iphonesimulator/InkMarkdown.build/Objects-normal/arm64/InkMarkdown-Swift.h -o /Users/shizihan/DailyUse/Github/InkMarkdown/.scratch/architecture-deepening-2026-09-07/evidence/20260907-1415-ticket-27/consumer/DerivedData-InkMarkdownSwiftUIConsumer/Build/Intermediates.noindex/GeneratedModuleMaps-iphonesimulator/InkMarkdown-Swift.h

Copy /Users/shizihan/DailyUse/Github/InkMarkdown/.scratch/architecture-deepening-2026-09-07/evidence/20260907-1415-ticket-27/consumer/DerivedData-InkMarkdownSwiftUIConsumer/Build/Products/Debug-iphonesimulator/InkMarkdown.swiftmodule/arm64-apple-ios-simulator.swiftmodule /Users/shizihan/DailyUse/Github/InkMarkdown/.scratch/architecture-deepening-2026-09-07/evidence/20260907-1415-ticket-27/consumer/DerivedData-InkMarkdownSwiftUIConsumer/Build/Intermediates.noindex/InkMarkdown.build/Debug-iphonesimulator/InkMarkdown.build/Objects-normal/arm64/InkMarkdown.swiftmodule (in target 'InkMarkdown' from project 'InkMarkdown')
    cd /Users/shizihan/DailyUse/Github/InkMarkdown
    builtin-copy -exclude .DS_Store -exclude CVS -exclude .svn -exclude .git -exclude .hg -resolve-src-symlinks -rename /Users/shizihan/DailyUse/Github/InkMarkdown/.scratch/architecture-deepening-2026-09-07/evidence/20260907-1415-ticket-27/consumer/DerivedData-InkMarkdownSwiftUIConsumer/Build/Intermediates.noindex/InkMarkdown.build/Debug-iphonesimulator/InkMarkdown.build/Objects-normal/arm64/InkMarkdown.swiftmodule /Users/shizihan/DailyUse/Github/InkMarkdown/.scratch/architecture-deepening-2026-09-07/evidence/20260907-1415-ticket-27/consumer/DerivedData-InkMarkdownSwiftUIConsumer/Build/Products/Debug-iphonesimulator/InkMarkdown.swiftmodule/arm64-apple-ios-simulator.swiftmodule

Copy /Users/shizihan/DailyUse/Github/InkMarkdown/.scratch/architecture-deepening-2026-09-07/evidence/20260907-1415-ticket-27/consumer/DerivedData-InkMarkdownSwiftUIConsumer/Build/Products/Debug-iphonesimulator/InkMarkdown.swiftmodule/arm64-apple-ios-simulator.swiftdoc /Users/shizihan/DailyUse/Github/InkMarkdown/.scratch/architecture-deepening-2026-09-07/evidence/20260907-1415-ticket-27/consumer/DerivedData-InkMarkdownSwiftUIConsumer/Build/Intermediates.noindex/InkMarkdown.build/Debug-iphonesimulator/InkMarkdown.build/Objects-normal/arm64/InkMarkdown.swiftdoc (in target 'InkMarkdown' from project 'InkMarkdown')
    cd /Users/shizihan/DailyUse/Github/InkMarkdown
    builtin-copy -exclude .DS_Store -exclude CVS -exclude .svn -exclude .git -exclude .hg -resolve-src-symlinks -rename /Users/shizihan/DailyUse/Github/InkMarkdown/.scratch/architecture-deepening-2026-09-07/evidence/20260907-1415-ticket-27/consumer/DerivedData-InkMarkdownSwiftUIConsumer/Build/Intermediates.noindex/InkMarkdown.build/Debug-iphonesimulator/InkMarkdown.build/Objects-normal/arm64/InkMarkdown.swiftdoc /Users/shizihan/DailyUse/Github/InkMarkdown/.scratch/architecture-deepening-2026-09-07/evidence/20260907-1415-ticket-27/consumer/DerivedData-InkMarkdownSwiftUIConsumer/Build/Products/Debug-iphonesimulator/InkMarkdown.swiftmodule/arm64-apple-ios-simulator.swiftdoc

Copy /Users/shizihan/DailyUse/Github/InkMarkdown/.scratch/architecture-deepening-2026-09-07/evidence/20260907-1415-ticket-27/consumer/DerivedData-InkMarkdownSwiftUIConsumer/Build/Products/Debug-iphonesimulator/InkMarkdown.swiftmodule/arm64-apple-ios-simulator.abi.json /Users/shizihan/DailyUse/Github/InkMarkdown/.scratch/architecture-deepening-2026-09-07/evidence/20260907-1415-ticket-27/consumer/DerivedData-InkMarkdownSwiftUIConsumer/Build/Intermediates.noindex/InkMarkdown.build/Debug-iphonesimulator/InkMarkdown.build/Objects-normal/arm64/InkMarkdown.abi.json (in target 'InkMarkdown' from project 'InkMarkdown')
    cd /Users/shizihan/DailyUse/Github/InkMarkdown
    builtin-copy -exclude .DS_Store -exclude CVS -exclude .svn -exclude .git -exclude .hg -resolve-src-symlinks -rename /Users/shizihan/DailyUse/Github/InkMarkdown/.scratch/architecture-deepening-2026-09-07/evidence/20260907-1415-ticket-27/consumer/DerivedData-InkMarkdownSwiftUIConsumer/Build/Intermediates.noindex/InkMarkdown.build/Debug-iphonesimulator/InkMarkdown.build/Objects-normal/arm64/InkMarkdown.abi.json /Users/shizihan/DailyUse/Github/InkMarkdown/.scratch/architecture-deepening-2026-09-07/evidence/20260907-1415-ticket-27/consumer/DerivedData-InkMarkdownSwiftUIConsumer/Build/Products/Debug-iphonesimulator/InkMarkdown.swiftmodule/arm64-apple-ios-simulator.abi.json

Copy /Users/shizihan/DailyUse/Github/InkMarkdown/.scratch/architecture-deepening-2026-09-07/evidence/20260907-1415-ticket-27/consumer/DerivedData-InkMarkdownSwiftUIConsumer/Build/Products/Debug-iphonesimulator/InkMarkdown.swiftmodule/Project/arm64-apple-ios-simulator.swiftsourceinfo /Users/shizihan/DailyUse/Github/InkMarkdown/.scratch/architecture-deepening-2026-09-07/evidence/20260907-1415-ticket-27/consumer/DerivedData-InkMarkdownSwiftUIConsumer/Build/Intermediates.noindex/InkMarkdown.build/Debug-iphonesimulator/InkMarkdown.build/Objects-normal/arm64/InkMarkdown.swiftsourceinfo (in target 'InkMarkdown' from project 'InkMarkdown')
    cd /Users/shizihan/DailyUse/Github/InkMarkdown
    builtin-copy -exclude .DS_Store -exclude CVS -exclude .svn -exclude .git -exclude .hg -resolve-src-symlinks -rename /Users/shizihan/DailyUse/Github/InkMarkdown/.scratch/architecture-deepening-2026-09-07/evidence/20260907-1415-ticket-27/consumer/DerivedData-InkMarkdownSwiftUIConsumer/Build/Intermediates.noindex/InkMarkdown.build/Debug-iphonesimulator/InkMarkdown.build/Objects-normal/arm64/InkMarkdown.swiftsourceinfo /Users/shizihan/DailyUse/Github/InkMarkdown/.scratch/architecture-deepening-2026-09-07/evidence/20260907-1415-ticket-27/consumer/DerivedData-InkMarkdownSwiftUIConsumer/Build/Products/Debug-iphonesimulator/InkMarkdown.swiftmodule/Project/arm64-apple-ios-simulator.swiftsourceinfo

SwiftDriver InkMarkdownSwiftUI normal arm64 com.apple.xcode.tools.swift.compiler (in target 'InkMarkdownSwiftUI' from project 'InkMarkdown')
    cd /Users/shizihan/DailyUse/Github/InkMarkdown/.github/fixtures/consumer-smoke/.swiftpm/xcode
    builtin-SwiftDriver -- /Applications/Xcode.app/Contents/Developer/Toolchains/XcodeDefault.xctoolchain/usr/bin/swiftc -module-name InkMarkdownSwiftUI -Onone @/Users/shizihan/DailyUse/Github/InkMarkdown/.scratch/architecture-deepening-2026-09-07/evidence/20260907-1415-ticket-27/consumer/DerivedData-InkMarkdownSwiftUIConsumer/Build/Intermediates.noindex/InkMarkdown.build/Debug-iphonesimulator/InkMarkdownSwiftUI.build/Objects-normal/arm64/InkMarkdownSwiftUI.SwiftFileList -DSWIFT_PACKAGE -DDEBUG -DSWIFT_MODULE_RESOURCE_BUNDLE_UNAVAILABLE -DXcode -enable-experimental-feature StrictConcurrency -plugin-path /Applications/Xcode.app/Contents/Developer/Toolchains/XcodeDefault.xctoolchain/usr/lib/swift/host/plugins/testing -enable-experimental-feature DebugDescriptionMacro -sdk /Applications/Xcode.app/Contents/Developer/Platforms/iPhoneSimulator.platform/Developer/SDKs/iPhoneSimulator26.5.sdk -target arm64-apple-ios15.0-simulator -g -module-cache-path /Users/shizihan/DailyUse/Github/InkMarkdown/.scratch/architecture-deepening-2026-09-07/evidence/20260907-1415-ticket-27/consumer/DerivedData-InkMarkdownSwiftUIConsumer/ModuleCache.noindex -Xfrontend -serialize-debugging-options -enable-testing -suppress-warnings -index-store-path /Users/shizihan/DailyUse/Github/InkMarkdown/.scratch/architecture-deepening-2026-09-07/evidence/20260907-1415-ticket-27/consumer/DerivedData-InkMarkdownSwiftUIConsumer/Index.noindex/DataStore -Xcc -D_LIBCPP_HARDENING_MODE\=_LIBCPP_HARDENING_MODE_DEBUG -swift-version 5 -I /Users/shizihan/DailyUse/Github/InkMarkdown/.scratch/architecture-deepening-2026-09-07/evidence/20260907-1415-ticket-27/consumer/DerivedData-InkMarkdownSwiftUIConsumer/Build/Products/Debug-iphonesimulator -Isystem /Applications/Xcode.app/Contents/Developer/Platforms/iPhoneSimulator.platform/Developer/usr/lib -F /Users/shizihan/DailyUse/Github/InkMarkdown/.scratch/architecture-deepening-2026-09-07/evidence/20260907-1415-ticket-27/consumer/DerivedData-InkMarkdownSwiftUIConsumer/Build/Products/Debug-iphonesimulator/PackageFrameworks -F /Users/shizihan/DailyUse/Github/InkMarkdown/.scratch/architecture-deepening-2026-09-07/evidence/20260907-1415-ticket-27/consumer/DerivedData-InkMarkdownSwiftUIConsumer/Build/Products/Debug-iphonesimulator/PackageFrameworks -F /Users/shizihan/DailyUse/Github/InkMarkdown/.scratch/architecture-deepening-2026-09-07/evidence/20260907-1415-ticket-27/consumer/DerivedData-InkMarkdownSwiftUIConsumer/Build/Products/Debug-iphonesimulator/PackageFrameworks -F /Users/shizihan/DailyUse/Github/InkMarkdown/.scratch/architecture-deepening-2026-09-07/evidence/20260907-1415-ticket-27/consumer/DerivedData-InkMarkdownSwiftUIConsumer/Build/Products/Debug-iphonesimulator/PackageFrameworks -F /Users/shizihan/DailyUse/Github/InkMarkdown/.scratch/architecture-deepening-2026-09-07/evidence/20260907-1415-ticket-27/consumer/DerivedData-InkMarkdownSwiftUIConsumer/Build/Products/Debug-iphonesimulator/PackageFrameworks -F /Users/shizihan/DailyUse/Github/InkMarkdown/.scratch/architecture-deepening-2026-09-07/evidence/20260907-1415-ticket-27/consumer/DerivedData-InkMarkdownSwiftUIConsumer/Build/Products/Debug-iphonesimulator -F /Applications/Xcode.app/Contents/Developer/Platforms/iPhoneSimulator.platform/Developer/Library/Frameworks -F /Applications/Xcode.app/Contents/Developer/Platforms/iPhoneSimulator.platform/Developer/SDKs/iPhoneSimulator26.5.sdk/Developer/Library/Frameworks -c -j10 -enable-batch-mode -incremental -Xcc -ivfsstatcache -Xcc /Users/shizihan/DailyUse/Github/InkMarkdown/.scratch/architecture-deepening-2026-09-07/evidence/20260907-1415-ticket-27/consumer/DerivedData-InkMarkdownSwiftUIConsumer/SDKStatCaches.noindex/iphonesimulator26.5-23F81a-6cfe768891a92b912361537c460fe42b.sdkstatcache -output-file-map /Users/shizihan/DailyUse/Github/InkMarkdown/.scratch/architecture-deepening-2026-09-07/evidence/20260907-1415-ticket-27/consumer/DerivedData-InkMarkdownSwiftUIConsumer/Build/Intermediates.noindex/InkMarkdown.build/Debug-iphonesimulator/InkMarkdownSwiftUI.build/Objects-normal/arm64/InkMarkdownSwiftUI-OutputFileMap.json -use-frontend-parseable-output -save-temps -no-color-diagnostics -explicit-module-build -module-cache-path /Users/shizihan/DailyUse/Github/InkMarkdown/.scratch/architecture-deepening-2026-09-07/evidence/20260907-1415-ticket-27/consumer/DerivedData-InkMarkdownSwiftUIConsumer/Build/Intermediates.noindex/SwiftExplicitPrecompiledModules -clang-scanner-module-cache-path /Users/shizihan/DailyUse/Github/InkMarkdown/.scratch/architecture-deepening-2026-09-07/evidence/20260907-1415-ticket-27/consumer/DerivedData-InkMarkdownSwiftUIConsumer/ModuleCache.noindex -sdk-module-cache-path /Users/shizihan/DailyUse/Github/InkMarkdown/.scratch/architecture-deepening-2026-09-07/evidence/20260907-1415-ticket-27/consumer/DerivedData-InkMarkdownSwiftUIConsumer/ModuleCache.noindex -serialize-diagnostics -emit-dependencies -emit-module -emit-module-path /Users/shizihan/DailyUse/Github/InkMarkdown/.scratch/architecture-deepening-2026-09-07/evidence/20260907-1415-ticket-27/consumer/DerivedData-InkMarkdownSwiftUIConsumer/Build/Intermediates.noindex/InkMarkdown.build/Debug-iphonesimulator/InkMarkdownSwiftUI.build/Objects-normal/arm64/InkMarkdownSwiftUI.swiftmodule -validate-clang-modules-once -clang-build-session-file /Users/shizihan/DailyUse/Github/InkMarkdown/.scratch/architecture-deepening-2026-09-07/evidence/20260907-1415-ticket-27/consumer/DerivedData-InkMarkdownSwiftUIConsumer/ModuleCache.noindex/Session.modulevalidation -package-name inkmarkdown -Xcc -I/Users/shizihan/DailyUse/Github/InkMarkdown/.scratch/architecture-deepening-2026-09-07/evidence/20260907-1415-ticket-27/consumer/DerivedData-InkMarkdownSwiftUIConsumer/Build/Intermediates.noindex/InkMarkdown.build/Debug-iphonesimulator/InkMarkdownSwiftUI.build/swift-overrides.hmap -emit-const-values -Xfrontend -const-gather-protocols-file -Xfrontend /Users/shizihan/DailyUse/Github/InkMarkdown/.scratch/architecture-deepening-2026-09-07/evidence/20260907-1415-ticket-27/consumer/DerivedData-InkMarkdownSwiftUIConsumer/Build/Intermediates.noindex/InkMarkdown.build/Debug-iphonesimulator/InkMarkdownSwiftUI.build/Objects-normal/arm64/InkMarkdownSwiftUI_const_extract_protocols.json -Xcc -I/Users/shizihan/DailyUse/Github/InkMarkdown/Packages/Caches/swift-cmark/src/include -Xcc -I/Users/shizihan/DailyUse/Github/InkMarkdown/Packages/Caches/swift-cmark/extensions/include -Xcc -I/Users/shizihan/DailyUse/Github/InkMarkdown/Packages/Caches/swift-markdown/Sources/CAtomic/include -Xcc -I/Users/shizihan/DailyUse/Github/InkMarkdown/.scratch/architecture-deepening-2026-09-07/evidence/20260907-1415-ticket-27/consumer/DerivedData-InkMarkdownSwiftUIConsumer/Build/Products/Debug-iphonesimulator/include -Xcc -I/Users/shizihan/DailyUse/Github/InkMarkdown/.scratch/architecture-deepening-2026-09-07/evidence/20260907-1415-ticket-27/consumer/DerivedData-InkMarkdownSwiftUIConsumer/Build/Intermediates.noindex/InkMarkdown.build/Debug-iphonesimulator/InkMarkdownSwiftUI.build/DerivedSources-normal/arm64 -Xcc -I/Users/shizihan/DailyUse/Github/InkMarkdown/.scratch/architecture-deepening-2026-09-07/evidence/20260907-1415-ticket-27/consumer/DerivedData-InkMarkdownSwiftUIConsumer/Build/Intermediates.noindex/InkMarkdown.build/Debug-iphonesimulator/InkMarkdownSwiftUI.build/DerivedSources/arm64 -Xcc -I/Users/shizihan/DailyUse/Github/InkMarkdown/.scratch/architecture-deepening-2026-09-07/evidence/20260907-1415-ticket-27/consumer/DerivedData-InkMarkdownSwiftUIConsumer/Build/Intermediates.noindex/InkMarkdown.build/Debug-iphonesimulator/InkMarkdownSwiftUI.build/DerivedSources -Xcc -DSWIFT_PACKAGE -Xcc -DDEBUG\=1 -emit-objc-header -emit-objc-header-path /Users/shizihan/DailyUse/Github/InkMarkdown/.scratch/architecture-deepening-2026-09-07/evidence/20260907-1415-ticket-27/consumer/DerivedData-InkMarkdownSwiftUIConsumer/Build/Intermediates.noindex/InkMarkdown.build/Debug-iphonesimulator/InkMarkdownSwiftUI.build/Objects-normal/arm64/InkMarkdownSwiftUI-Swift.h -working-directory /Users/shizihan/DailyUse/Github/InkMarkdown/.github/fixtures/consumer-smoke/.swiftpm/xcode -experimental-emit-module-separately -disable-cmo

SwiftDriverJobDiscovery normal arm64 Compiling InkLaTeXIntegration.swift, InkMermaidIntegration.swift, DefaultURLSessionImageLoader.swift, DisplayContext.swift, DisplayKey.swift, ImageHTTPSessionDelegate.swift (in target 'InkMarkdown' from project 'InkMarkdown')

SwiftDriverJobDiscovery normal arm64 Compiling InkGeneratedImageRequest.swift, InkImageAttachment.swift, InkImageBlock.swift, InkImageBlockHandler.swift, InkImageLoading.swift, InkImagePresentationLoad.swift (in target 'InkMarkdown' from project 'InkMarkdown')

SwiftDriverJobDiscovery normal arm64 Compiling InkImagePreviewController.swift, InkImageRendering.swift, InkImageSourceResolution.swift, InkImageStore.swift, InkDisplayMetrics.swift, InkInlineSyntax.swift (in target 'InkMarkdown' from project 'InkMarkdown')

SwiftDriverJobDiscovery normal arm64 Compiling InkThoughtPresentationPolicy.swift, InkThoughtScanner.swift, InkThoughtStreamingScanner.swift, InkCodeBlockView.swift, InkMarkdownLayoutManager.swift, InkStreamTableView.swift, InkTableBlock.swift (in target 'InkMarkdown' from project 'InkMarkdown')

SwiftDriverJobDiscovery normal arm64 Compiling InkTableBlockView.swift, InkTableCellTextView.swift, InkTablePresentation.swift, InkTableRenderHelper.swift, InkThematicBreakBlock.swift, InkThoughtBlock.swift, InkGeneratedAddonRuntime.swift (in target 'InkMarkdown' from project 'InkMarkdown')

SwiftDriverJobDiscovery normal arm64 Compiling InkPreparedMarkdownSource.swift, InkAttributedRenderer.swift, InkAttributedTextBlock.swift, InkBlockHandler.swift, InkBlockRenderer.swift, InkRenderableBlock.swift, InkThoughtBlockHandler.swift (in target 'InkMarkdown' from project 'InkMarkdown')

SwiftDriverJobDiscovery normal arm64 Compiling InkStreamRenderer.swift, InkTextContext.swift, InkLaTeXImageRenderer.swift, InkLaTeXRenderRequest.swift, InkLaTeXSourcePreservation.swift, InkLaTeXSyntax.swift (in target 'InkMarkdown' from project 'InkMarkdown')

SwiftDriverJobDiscovery normal arm64 Compiling InkMermaidImageRenderer.swift, InkMermaidPageLoadRouter.swift, InkMermaidRasterPlan.swift, InkMermaidRenderRequestState.swift, InkMermaidRenderScheduler.swift, InkMermaidTypes.swift (in target 'InkMarkdown' from project 'InkMarkdown')

SwiftDriverJobDiscovery normal arm64 Compiling InkAppearance.swift, InkConfiguration.swift, InkRenderEnvironment.swift, InkSemanticIdentity.swift, InkMarkdown.swift, InkLineClassifier.swift, InkParser.swift (in target 'InkMarkdown' from project 'InkMarkdown')

SwiftDriver\ Compilation InkMarkdown normal arm64 com.apple.xcode.tools.swift.compiler (in target 'InkMarkdown' from project 'InkMarkdown')
    cd /Users/shizihan/DailyUse/Github/InkMarkdown/.github/fixtures/consumer-smoke/.swiftpm/xcode
    builtin-Swift-Compilation -- /Applications/Xcode.app/Contents/Developer/Toolchains/XcodeDefault.xctoolchain/usr/bin/swiftc -module-name InkMarkdown -Onone @/Users/shizihan/DailyUse/Github/InkMarkdown/.scratch/architecture-deepening-2026-09-07/evidence/20260907-1415-ticket-27/consumer/DerivedData-InkMarkdownSwiftUIConsumer/Build/Intermediates.noindex/InkMarkdown.build/Debug-iphonesimulator/InkMarkdown.build/Objects-normal/arm64/InkMarkdown.SwiftFileList -DSWIFT_PACKAGE -DDEBUG -DSWIFT_MODULE_RESOURCE_BUNDLE_UNAVAILABLE -DXcode -enable-experimental-feature StrictConcurrency -plugin-path /Applications/Xcode.app/Contents/Developer/Toolchains/XcodeDefault.xctoolchain/usr/lib/swift/host/plugins/testing -enable-experimental-feature DebugDescriptionMacro -sdk /Applications/Xcode.app/Contents/Developer/Platforms/iPhoneSimulator.platform/Developer/SDKs/iPhoneSimulator26.5.sdk -target arm64-apple-ios15.0-simulator -g -module-cache-path /Users/shizihan/DailyUse/Github/InkMarkdown/.scratch/architecture-deepening-2026-09-07/evidence/20260907-1415-ticket-27/consumer/DerivedData-InkMarkdownSwiftUIConsumer/ModuleCache.noindex -Xfrontend -serialize-debugging-options -enable-testing -suppress-warnings -index-store-path /Users/shizihan/DailyUse/Github/InkMarkdown/.scratch/architecture-deepening-2026-09-07/evidence/20260907-1415-ticket-27/consumer/DerivedData-InkMarkdownSwiftUIConsumer/Index.noindex/DataStore -Xcc -D_LIBCPP_HARDENING_MODE\=_LIBCPP_HARDENING_MODE_DEBUG -swift-version 5 -I /Users/shizihan/DailyUse/Github/InkMarkdown/.scratch/architecture-deepening-2026-09-07/evidence/20260907-1415-ticket-27/consumer/DerivedData-InkMarkdownSwiftUIConsumer/Build/Products/Debug-iphonesimulator -Isystem /Applications/Xcode.app/Contents/Developer/Platforms/iPhoneSimulator.platform/Developer/usr/lib -F /Users/shizihan/DailyUse/Github/InkMarkdown/.scratch/architecture-deepening-2026-09-07/evidence/20260907-1415-ticket-27/consumer/DerivedData-InkMarkdownSwiftUIConsumer/Build/Products/Debug-iphonesimulator/PackageFrameworks -F /Users/shizihan/DailyUse/Github/InkMarkdown/.scratch/architecture-deepening-2026-09-07/evidence/20260907-1415-ticket-27/consumer/DerivedData-InkMarkdownSwiftUIConsumer/Build/Products/Debug-iphonesimulator/PackageFrameworks -F /Users/shizihan/DailyUse/Github/InkMarkdown/.scratch/architecture-deepening-2026-09-07/evidence/20260907-1415-ticket-27/consumer/DerivedData-InkMarkdownSwiftUIConsumer/Build/Products/Debug-iphonesimulator/PackageFrameworks -F /Users/shizihan/DailyUse/Github/InkMarkdown/.scratch/architecture-deepening-2026-09-07/evidence/20260907-1415-ticket-27/consumer/DerivedData-InkMarkdownSwiftUIConsumer/Build/Products/Debug-iphonesimulator/PackageFrameworks -F /Users/shizihan/DailyUse/Github/InkMarkdown/.scratch/architecture-deepening-2026-09-07/evidence/20260907-1415-ticket-27/consumer/DerivedData-InkMarkdownSwiftUIConsumer/Build/Products/Debug-iphonesimulator -F /Applications/Xcode.app/Contents/Developer/Platforms/iPhoneSimulator.platform/Developer/Library/Frameworks -F /Applications/Xcode.app/Contents/Developer/Platforms/iPhoneSimulator.platform/Developer/SDKs/iPhoneSimulator26.5.sdk/Developer/Library/Frameworks -c -j10 -enable-batch-mode -incremental -Xcc -ivfsstatcache -Xcc /Users/shizihan/DailyUse/Github/InkMarkdown/.scratch/architecture-deepening-2026-09-07/evidence/20260907-1415-ticket-27/consumer/DerivedData-InkMarkdownSwiftUIConsumer/SDKStatCaches.noindex/iphonesimulator26.5-23F81a-6cfe768891a92b912361537c460fe42b.sdkstatcache -output-file-map /Users/shizihan/DailyUse/Github/InkMarkdown/.scratch/architecture-deepening-2026-09-07/evidence/20260907-1415-ticket-27/consumer/DerivedData-InkMarkdownSwiftUIConsumer/Build/Intermediates.noindex/InkMarkdown.build/Debug-iphonesimulator/InkMarkdown.build/Objects-normal/arm64/InkMarkdown-OutputFileMap.json -use-frontend-parseable-output -save-temps -no-color-diagnostics -explicit-module-build -module-cache-path /Users/shizihan/DailyUse/Github/InkMarkdown/.scratch/architecture-deepening-2026-09-07/evidence/20260907-1415-ticket-27/consumer/DerivedData-InkMarkdownSwiftUIConsumer/Build/Intermediates.noindex/SwiftExplicitPrecompiledModules -clang-scanner-module-cache-path /Users/shizihan/DailyUse/Github/InkMarkdown/.scratch/architecture-deepening-2026-09-07/evidence/20260907-1415-ticket-27/consumer/DerivedData-InkMarkdownSwiftUIConsumer/ModuleCache.noindex -sdk-module-cache-path /Users/shizihan/DailyUse/Github/InkMarkdown/.scratch/architecture-deepening-2026-09-07/evidence/20260907-1415-ticket-27/consumer/DerivedData-InkMarkdownSwiftUIConsumer/ModuleCache.noindex -serialize-diagnostics -emit-dependencies -emit-module -emit-module-path /Users/shizihan/DailyUse/Github/InkMarkdown/.scratch/architecture-deepening-2026-09-07/evidence/20260907-1415-ticket-27/consumer/DerivedData-InkMarkdownSwiftUIConsumer/Build/Intermediates.noindex/InkMarkdown.build/Debug-iphonesimulator/InkMarkdown.build/Objects-normal/arm64/InkMarkdown.swiftmodule -validate-clang-modules-once -clang-build-session-file /Users/shizihan/DailyUse/Github/InkMarkdown/.scratch/architecture-deepening-2026-09-07/evidence/20260907-1415-ticket-27/consumer/DerivedData-InkMarkdownSwiftUIConsumer/ModuleCache.noindex/Session.modulevalidation -package-name inkmarkdown -Xcc -I/Users/shizihan/DailyUse/Github/InkMarkdown/.scratch/architecture-deepening-2026-09-07/evidence/20260907-1415-ticket-27/consumer/DerivedData-InkMarkdownSwiftUIConsumer/Build/Intermediates.noindex/InkMarkdown.build/Debug-iphonesimulator/InkMarkdown.build/swift-overrides.hmap -emit-const-values -Xfrontend -const-gather-protocols-file -Xfrontend /Users/shizihan/DailyUse/Github/InkMarkdown/.scratch/architecture-deepening-2026-09-07/evidence/20260907-1415-ticket-27/consumer/DerivedData-InkMarkdownSwiftUIConsumer/Build/Intermediates.noindex/InkMarkdown.build/Debug-iphonesimulator/InkMarkdown.build/Objects-normal/arm64/InkMarkdown_const_extract_protocols.json -Xcc -I/Users/shizihan/DailyUse/Github/InkMarkdown/Packages/Caches/swift-cmark/src/include -Xcc -I/Users/shizihan/DailyUse/Github/InkMarkdown/Packages/Caches/swift-cmark/extensions/include -Xcc -I/Users/shizihan/DailyUse/Github/InkMarkdown/Packages/Caches/swift-markdown/Sources/CAtomic/include -Xcc -I/Users/shizihan/DailyUse/Github/InkMarkdown/.scratch/architecture-deepening-2026-09-07/evidence/20260907-1415-ticket-27/consumer/DerivedData-InkMarkdownSwiftUIConsumer/Build/Products/Debug-iphonesimulator/include -Xcc -I/Users/shizihan/DailyUse/Github/InkMarkdown/.scratch/architecture-deepening-2026-09-07/evidence/20260907-1415-ticket-27/consumer/DerivedData-InkMarkdownSwiftUIConsumer/Build/Intermediates.noindex/InkMarkdown.build/Debug-iphonesimulator/InkMarkdown.build/DerivedSources-normal/arm64 -Xcc -I/Users/shizihan/DailyUse/Github/InkMarkdown/.scratch/architecture-deepening-2026-09-07/evidence/20260907-1415-ticket-27/consumer/DerivedData-InkMarkdownSwiftUIConsumer/Build/Intermediates.noindex/InkMarkdown.build/Debug-iphonesimulator/InkMarkdown.build/DerivedSources/arm64 -Xcc -I/Users/shizihan/DailyUse/Github/InkMarkdown/.scratch/architecture-deepening-2026-09-07/evidence/20260907-1415-ticket-27/consumer/DerivedData-InkMarkdownSwiftUIConsumer/Build/Intermediates.noindex/InkMarkdown.build/Debug-iphonesimulator/InkMarkdown.build/DerivedSources -Xcc -DSWIFT_PACKAGE -Xcc -DDEBUG\=1 -emit-objc-header -emit-objc-header-path /Users/shizihan/DailyUse/Github/InkMarkdown/.scratch/architecture-deepening-2026-09-07/evidence/20260907-1415-ticket-27/consumer/DerivedData-InkMarkdownSwiftUIConsumer/Build/Intermediates.noindex/InkMarkdown.build/Debug-iphonesimulator/InkMarkdown.build/Objects-normal/arm64/InkMarkdown-Swift.h -working-directory /Users/shizihan/DailyUse/Github/InkMarkdown/.github/fixtures/consumer-smoke/.swiftpm/xcode -experimental-emit-module-separately -disable-cmo

Ld /Users/shizihan/DailyUse/Github/InkMarkdown/.scratch/architecture-deepening-2026-09-07/evidence/20260907-1415-ticket-27/consumer/DerivedData-InkMarkdownSwiftUIConsumer/Build/Products/Debug-iphonesimulator/InkMarkdown.o normal (in target 'InkMarkdown' from project 'InkMarkdown')
    cd /Users/shizihan/DailyUse/Github/InkMarkdown
    /Applications/Xcode.app/Contents/Developer/Toolchains/XcodeDefault.xctoolchain/usr/bin/clang -Xlinker -reproducible -target arm64-apple-ios15.0-simulator -r -isysroot /Applications/Xcode.app/Contents/Developer/Platforms/iPhoneSimulator.platform/Developer/SDKs/iPhoneSimulator26.5.sdk -O0 -w -F/Users/shizihan/DailyUse/Github/InkMarkdown/.scratch/architecture-deepening-2026-09-07/evidence/20260907-1415-ticket-27/consumer/DerivedData-InkMarkdownSwiftUIConsumer/Build/Intermediates.noindex/EagerLinkingTBDs/Debug-iphonesimulator -F/Users/shizihan/DailyUse/Github/InkMarkdown/.scratch/architecture-deepening-2026-09-07/evidence/20260907-1415-ticket-27/consumer/DerivedData-InkMarkdownSwiftUIConsumer/Build/Products/Debug-iphonesimulator/PackageFrameworks -F/Users/shizihan/DailyUse/Github/InkMarkdown/.scratch/architecture-deepening-2026-09-07/evidence/20260907-1415-ticket-27/consumer/DerivedData-InkMarkdownSwiftUIConsumer/Build/Products/Debug-iphonesimulator/PackageFrameworks -F/Users/shizihan/DailyUse/Github/InkMarkdown/.scratch/architecture-deepening-2026-09-07/evidence/20260907-1415-ticket-27/consumer/DerivedData-InkMarkdownSwiftUIConsumer/Build/Products/Debug-iphonesimulator/PackageFrameworks -F/Users/shizihan/DailyUse/Github/InkMarkdown/.scratch/architecture-deepening-2026-09-07/evidence/20260907-1415-ticket-27/consumer/DerivedData-InkMarkdownSwiftUIConsumer/Build/Products/Debug-iphonesimulator/PackageFrameworks -F/Users/shizihan/DailyUse/Github/InkMarkdown/.scratch/architecture-deepening-2026-09-07/evidence/20260907-1415-ticket-27/consumer/DerivedData-InkMarkdownSwiftUIConsumer/Build/Products/Debug-iphonesimulator -iframework /Applications/Xcode.app/Contents/Developer/Platforms/iPhoneSimulator.platform/Developer/Library/Frameworks -iframework /Applications/Xcode.app/Contents/Developer/Platforms/iPhoneSimulator.platform/Developer/SDKs/iPhoneSimulator26.5.sdk/Developer/Library/Frameworks -filelist /Users/shizihan/DailyUse/Github/InkMarkdown/.scratch/architecture-deepening-2026-09-07/evidence/20260907-1415-ticket-27/consumer/DerivedData-InkMarkdownSwiftUIConsumer/Build/Intermediates.noindex/InkMarkdown.build/Debug-iphonesimulator/InkMarkdown.build/Objects-normal/arm64/InkMarkdown.LinkFileList -nostdlib -Xlinker -object_path_lto -Xlinker /Users/shizihan/DailyUse/Github/InkMarkdown/.scratch/architecture-deepening-2026-09-07/evidence/20260907-1415-ticket-27/consumer/DerivedData-InkMarkdownSwiftUIConsumer/Build/Intermediates.noindex/InkMarkdown.build/Debug-iphonesimulator/InkMarkdown.build/Objects-normal/arm64/InkMarkdown_lto.o -Xlinker -no_deduplicate -Xlinker -objc_abi_version -Xlinker 2 -Xlinker -dependency_info -Xlinker /Users/shizihan/DailyUse/Github/InkMarkdown/.scratch/architecture-deepening-2026-09-07/evidence/20260907-1415-ticket-27/consumer/DerivedData-InkMarkdownSwiftUIConsumer/Build/Intermediates.noindex/InkMarkdown.build/Debug-iphonesimulator/InkMarkdown.build/Objects-normal/arm64/InkMarkdown_dependency_info.dat -fobjc-link-runtime -L/Applications/Xcode.app/Contents/Developer/Toolchains/XcodeDefault.xctoolchain/usr/lib/swift/iphonesimulator -L/usr/lib/swift -Xlinker -add_ast_path -Xlinker /Users/shizihan/DailyUse/Github/InkMarkdown/.scratch/architecture-deepening-2026-09-07/evidence/20260907-1415-ticket-27/consumer/DerivedData-InkMarkdownSwiftUIConsumer/Build/Intermediates.noindex/InkMarkdown.build/Debug-iphonesimulator/InkMarkdown.build/Objects-normal/arm64/InkMarkdown.swiftmodule @/Users/shizihan/DailyUse/Github/InkMarkdown/.scratch/architecture-deepening-2026-09-07/evidence/20260907-1415-ticket-27/consumer/DerivedData-InkMarkdownSwiftUIConsumer/Build/Intermediates.noindex/InkMarkdown.build/Debug-iphonesimulator/InkMarkdown.build/Objects-normal/arm64/InkMarkdown-linker-args.resp -o /Users/shizihan/DailyUse/Github/InkMarkdown/.scratch/architecture-deepening-2026-09-07/evidence/20260907-1415-ticket-27/consumer/DerivedData-InkMarkdownSwiftUIConsumer/Build/Products/Debug-iphonesimulator/InkMarkdown.o

SwiftExplicitDependencyGeneratePcm arm64 /Users/shizihan/DailyUse/Github/InkMarkdown/.scratch/architecture-deepening-2026-09-07/evidence/20260907-1415-ticket-27/consumer/DerivedData-InkMarkdownSwiftUIConsumer/ModuleCache.noindex/CoreData-DSOK1FK0XMA7R95ESV1C9BXR3.pcm

SwiftExplicitDependencyGeneratePcm arm64 /Users/shizihan/DailyUse/Github/InkMarkdown/.scratch/architecture-deepening-2026-09-07/evidence/20260907-1415-ticket-27/consumer/DerivedData-InkMarkdownSwiftUIConsumer/ModuleCache.noindex/SwiftUI-867B3OLP6SYGA7L0FVDPQ5SZH.pcm

ExtractAppIntentsMetadata (in target 'InkMarkdown' from project 'InkMarkdown')
    cd /Users/shizihan/DailyUse/Github/InkMarkdown
    /Applications/Xcode.app/Contents/Developer/Toolchains/XcodeDefault.xctoolchain/usr/bin/appintentsmetadataprocessor --toolchain-dir /Applications/Xcode.app/Contents/Developer/Toolchains/XcodeDefault.xctoolchain --module-name InkMarkdown --sdk-root /Applications/Xcode.app/Contents/Developer/Platforms/iPhoneSimulator.platform/Developer/SDKs/iPhoneSimulator26.5.sdk --xcode-version 17F113 --platform-family iOS --deployment-target 15.0 --bundle-identifier inkmarkdown.InkMarkdown --output /Users/shizihan/DailyUse/Github/InkMarkdown/.scratch/architecture-deepening-2026-09-07/evidence/20260907-1415-ticket-27/consumer/DerivedData-InkMarkdownSwiftUIConsumer/Build/Products/Debug-iphonesimulator/InkMarkdown.appintents --target-triple arm64-apple-ios15.0-simulator --binary-file /Users/shizihan/DailyUse/Github/InkMarkdown/.scratch/architecture-deepening-2026-09-07/evidence/20260907-1415-ticket-27/consumer/DerivedData-InkMarkdownSwiftUIConsumer/Build/Products/Debug-iphonesimulator/InkMarkdown.o --dependency-file /Users/shizihan/DailyUse/Github/InkMarkdown/.scratch/architecture-deepening-2026-09-07/evidence/20260907-1415-ticket-27/consumer/DerivedData-InkMarkdownSwiftUIConsumer/Build/Intermediates.noindex/InkMarkdown.build/Debug-iphonesimulator/InkMarkdown.build/Objects-normal/arm64/InkMarkdown_dependency_info.dat --stringsdata-file /Users/shizihan/DailyUse/Github/InkMarkdown/.scratch/architecture-deepening-2026-09-07/evidence/20260907-1415-ticket-27/consumer/DerivedData-InkMarkdownSwiftUIConsumer/Build/Intermediates.noindex/InkMarkdown.build/Debug-iphonesimulator/InkMarkdown.build/Objects-normal/arm64/ExtractedAppShortcutsMetadata.stringsdata --source-file-list /Users/shizihan/DailyUse/Github/InkMarkdown/.scratch/architecture-deepening-2026-09-07/evidence/20260907-1415-ticket-27/consumer/DerivedData-InkMarkdownSwiftUIConsumer/Build/Intermediates.noindex/InkMarkdown.build/Debug-iphonesimulator/InkMarkdown.build/Objects-normal/arm64/InkMarkdown.SwiftFileList --metadata-file-list /Users/shizihan/DailyUse/Github/InkMarkdown/.scratch/architecture-deepening-2026-09-07/evidence/20260907-1415-ticket-27/consumer/DerivedData-InkMarkdownSwiftUIConsumer/Build/Intermediates.noindex/InkMarkdown.build/Debug-iphonesimulator/InkMarkdown.build/InkMarkdown.DependencyMetadataFileList --static-metadata-file-list /Users/shizihan/DailyUse/Github/InkMarkdown/.scratch/architecture-deepening-2026-09-07/evidence/20260907-1415-ticket-27/consumer/DerivedData-InkMarkdownSwiftUIConsumer/Build/Intermediates.noindex/InkMarkdown.build/Debug-iphonesimulator/InkMarkdown.build/InkMarkdown.DependencyStaticMetadataFileList --swift-const-vals-list /Users/shizihan/DailyUse/Github/InkMarkdown/.scratch/architecture-deepening-2026-09-07/evidence/20260907-1415-ticket-27/consumer/DerivedData-InkMarkdownSwiftUIConsumer/Build/Intermediates.noindex/InkMarkdown.build/Debug-iphonesimulator/InkMarkdown.build/Objects-normal/arm64/InkMarkdown.SwiftConstValuesFileList --force --compile-time-extraction --deployment-aware-processing --validate-assistant-intents --no-app-shortcuts-localization
2026-09-07 14:40:45.517 appintentsmetadataprocessor[87485:6068420] Starting appintentsmetadataprocessor export
2026-09-07 14:40:45.526 appintentsmetadataprocessor[87485:6068420] Extracted no relevant App Intents symbols, skipping writing output

RegisterExecutionPolicyException /Users/shizihan/DailyUse/Github/InkMarkdown/.scratch/architecture-deepening-2026-09-07/evidence/20260907-1415-ticket-27/consumer/DerivedData-InkMarkdownSwiftUIConsumer/Build/Products/Debug-iphonesimulator/InkMarkdown.o (in target 'InkMarkdown' from project 'InkMarkdown')
    cd /Users/shizihan/DailyUse/Github/InkMarkdown
    builtin-RegisterExecutionPolicyException /Users/shizihan/DailyUse/Github/InkMarkdown/.scratch/architecture-deepening-2026-09-07/evidence/20260907-1415-ticket-27/consumer/DerivedData-InkMarkdownSwiftUIConsumer/Build/Products/Debug-iphonesimulator/InkMarkdown.o

SwiftEmitModule normal arm64 Emitting\ module\ for\ InkMarkdownSwiftUI (in target 'InkMarkdownSwiftUI' from project 'InkMarkdown')

EmitSwiftModule normal arm64 (in target 'InkMarkdownSwiftUI' from project 'InkMarkdown')
    cd /Users/shizihan/DailyUse/Github/InkMarkdown/.github/fixtures/consumer-smoke/.swiftpm/xcode
    

SwiftCompile normal arm64 Compiling\ InkMarkdownSwiftUI.swift /Users/shizihan/DailyUse/Github/InkMarkdown/Sources/InkMarkdownSwiftUI/InkMarkdownSwiftUI.swift (in target 'InkMarkdownSwiftUI' from project 'InkMarkdown')
SwiftCompile normal arm64 /Users/shizihan/DailyUse/Github/InkMarkdown/Sources/InkMarkdownSwiftUI/InkMarkdownSwiftUI.swift (in target 'InkMarkdownSwiftUI' from project 'InkMarkdown')
    cd /Users/shizihan/DailyUse/Github/InkMarkdown/.github/fixtures/consumer-smoke/.swiftpm/xcode
    

SwiftCompile normal arm64 Compiling\ InkBlockPresentationContinuity.swift /Users/shizihan/DailyUse/Github/InkMarkdown/Sources/InkMarkdownSwiftUI/Continuity/InkBlockPresentationContinuity.swift (in target 'InkMarkdownSwiftUI' from project 'InkMarkdown')
SwiftCompile normal arm64 /Users/shizihan/DailyUse/Github/InkMarkdown/Sources/InkMarkdownSwiftUI/Continuity/InkBlockPresentationContinuity.swift (in target 'InkMarkdownSwiftUI' from project 'InkMarkdown')
    cd /Users/shizihan/DailyUse/Github/InkMarkdown/.github/fixtures/consumer-smoke/.swiftpm/xcode
    

SwiftCompile normal arm64 Compiling\ InkStreamingPresentationHost.swift,\ InkStreamingTextView.swift /Users/shizihan/DailyUse/Github/InkMarkdown/Sources/InkMarkdownSwiftUI/Bridge/InkStreamingPresentationHost.swift /Users/shizihan/DailyUse/Github/InkMarkdown/Sources/InkMarkdownSwiftUI/Bridge/InkStreamingTextView.swift (in target 'InkMarkdownSwiftUI' from project 'InkMarkdown')

SwiftCompile normal arm64 /Users/shizihan/DailyUse/Github/InkMarkdown/Sources/InkMarkdownSwiftUI/Bridge/InkStreamingPresentationHost.swift (in target 'InkMarkdownSwiftUI' from project 'InkMarkdown')
    cd /Users/shizihan/DailyUse/Github/InkMarkdown/.github/fixtures/consumer-smoke/.swiftpm/xcode
    

SwiftCompile normal arm64 /Users/shizihan/DailyUse/Github/InkMarkdown/Sources/InkMarkdownSwiftUI/Bridge/InkStreamingTextView.swift (in target 'InkMarkdownSwiftUI' from project 'InkMarkdown')
    cd /Users/shizihan/DailyUse/Github/InkMarkdown/.github/fixtures/consumer-smoke/.swiftpm/xcode
    

SwiftCompile normal arm64 Compiling\ InkConfigurationModifier.swift /Users/shizihan/DailyUse/Github/InkMarkdown/Sources/InkMarkdownSwiftUI/Modifiers/InkConfigurationModifier.swift (in target 'InkMarkdownSwiftUI' from project 'InkMarkdown')

SwiftCompile normal arm64 /Users/shizihan/DailyUse/Github/InkMarkdown/Sources/InkMarkdownSwiftUI/Modifiers/InkConfigurationModifier.swift (in target 'InkMarkdownSwiftUI' from project 'InkMarkdown')
    cd /Users/shizihan/DailyUse/Github/InkMarkdown/.github/fixtures/consumer-smoke/.swiftpm/xcode
    

SwiftCompile normal arm64 Compiling\ InkMarkdownCoordinator.swift,\ InkMarkdownRepresentable.swift /Users/shizihan/DailyUse/Github/InkMarkdown/Sources/InkMarkdownSwiftUI/Bridge/InkMarkdownCoordinator.swift /Users/shizihan/DailyUse/Github/InkMarkdown/Sources/InkMarkdownSwiftUI/Bridge/InkMarkdownRepresentable.swift (in target 'InkMarkdownSwiftUI' from project 'InkMarkdown')

SwiftCompile normal arm64 /Users/shizihan/DailyUse/Github/InkMarkdown/Sources/InkMarkdownSwiftUI/Bridge/InkMarkdownCoordinator.swift (in target 'InkMarkdownSwiftUI' from project 'InkMarkdown')
    cd /Users/shizihan/DailyUse/Github/InkMarkdown/.github/fixtures/consumer-smoke/.swiftpm/xcode
    

SwiftCompile normal arm64 /Users/shizihan/DailyUse/Github/InkMarkdown/Sources/InkMarkdownSwiftUI/Bridge/InkMarkdownRepresentable.swift (in target 'InkMarkdownSwiftUI' from project 'InkMarkdown')
    cd /Users/shizihan/DailyUse/Github/InkMarkdown/.github/fixtures/consumer-smoke/.swiftpm/xcode
    

SwiftCompile normal arm64 Compiling\ InkContentSizeCategoryHelper.swift,\ InkMarkdownContainerView.swift /Users/shizihan/DailyUse/Github/InkMarkdown/Sources/InkMarkdownSwiftUI/Bridge/InkContentSizeCategoryHelper.swift /Users/shizihan/DailyUse/Github/InkMarkdown/Sources/InkMarkdownSwiftUI/Bridge/InkMarkdownContainerView.swift (in target 'InkMarkdownSwiftUI' from project 'InkMarkdown')

SwiftCompile normal arm64 /Users/shizihan/DailyUse/Github/InkMarkdown/Sources/InkMarkdownSwiftUI/Bridge/InkContentSizeCategoryHelper.swift (in target 'InkMarkdownSwiftUI' from project 'InkMarkdown')
    cd /Users/shizihan/DailyUse/Github/InkMarkdown/.github/fixtures/consumer-smoke/.swiftpm/xcode
    

SwiftCompile normal arm64 /Users/shizihan/DailyUse/Github/InkMarkdown/Sources/InkMarkdownSwiftUI/Bridge/InkMarkdownContainerView.swift (in target 'InkMarkdownSwiftUI' from project 'InkMarkdown')
    cd /Users/shizihan/DailyUse/Github/InkMarkdown/.github/fixtures/consumer-smoke/.swiftpm/xcode
    

SwiftCompile normal arm64 Compiling\ InkMarkdownRenderSession.swift /Users/shizihan/DailyUse/Github/InkMarkdown/Sources/InkMarkdownSwiftUI/Session/InkMarkdownRenderSession.swift (in target 'InkMarkdownSwiftUI' from project 'InkMarkdown')

SwiftCompile normal arm64 /Users/shizihan/DailyUse/Github/InkMarkdown/Sources/InkMarkdownSwiftUI/Session/InkMarkdownRenderSession.swift (in target 'InkMarkdownSwiftUI' from project 'InkMarkdown')
    cd /Users/shizihan/DailyUse/Github/InkMarkdown/.github/fixtures/consumer-smoke/.swiftpm/xcode
    

SwiftCompile normal arm64 Compiling\ InkMarkdownView.swift /Users/shizihan/DailyUse/Github/InkMarkdown/Sources/InkMarkdownSwiftUI/Views/InkMarkdownView.swift (in target 'InkMarkdownSwiftUI' from project 'InkMarkdown')

SwiftCompile normal arm64 /Users/shizihan/DailyUse/Github/InkMarkdown/Sources/InkMarkdownSwiftUI/Views/InkMarkdownView.swift (in target 'InkMarkdownSwiftUI' from project 'InkMarkdown')
    cd /Users/shizihan/DailyUse/Github/InkMarkdown/.github/fixtures/consumer-smoke/.swiftpm/xcode
    

SwiftCompile normal arm64 Compiling\ InkStreamingRemainderBlock.swift /Users/shizihan/DailyUse/Github/InkMarkdown/Sources/InkMarkdownSwiftUI/Continuity/InkStreamingRemainderBlock.swift (in target 'InkMarkdownSwiftUI' from project 'InkMarkdown')

SwiftCompile normal arm64 /Users/shizihan/DailyUse/Github/InkMarkdown/Sources/InkMarkdownSwiftUI/Continuity/InkStreamingRemainderBlock.swift (in target 'InkMarkdownSwiftUI' from project 'InkMarkdown')
    cd /Users/shizihan/DailyUse/Github/InkMarkdown/.github/fixtures/consumer-smoke/.swiftpm/xcode
    

SwiftCompile normal arm64 Compiling\ InkStreamMarkdownView.swift /Users/shizihan/DailyUse/Github/InkMarkdown/Sources/InkMarkdownSwiftUI/Views/InkStreamMarkdownView.swift (in target 'InkMarkdownSwiftUI' from project 'InkMarkdown')

SwiftCompile normal arm64 /Users/shizihan/DailyUse/Github/InkMarkdown/Sources/InkMarkdownSwiftUI/Views/InkStreamMarkdownView.swift (in target 'InkMarkdownSwiftUI' from project 'InkMarkdown')
    cd /Users/shizihan/DailyUse/Github/InkMarkdown/.github/fixtures/consumer-smoke/.swiftpm/xcode
    

SwiftDriverJobDiscovery normal arm64 Compiling InkStreamingRemainderBlock.swift (in target 'InkMarkdownSwiftUI' from project 'InkMarkdown')

SwiftDriverJobDiscovery normal arm64 Emitting module for InkMarkdownSwiftUI (in target 'InkMarkdownSwiftUI' from project 'InkMarkdown')

SwiftDriver\ Compilation\ Requirements InkMarkdownSwiftUI normal arm64 com.apple.xcode.tools.swift.compiler (in target 'InkMarkdownSwiftUI' from project 'InkMarkdown')
    cd /Users/shizihan/DailyUse/Github/InkMarkdown/.github/fixtures/consumer-smoke/.swiftpm/xcode
    builtin-Swift-Compilation-Requirements -- /Applications/Xcode.app/Contents/Developer/Toolchains/XcodeDefault.xctoolchain/usr/bin/swiftc -module-name InkMarkdownSwiftUI -Onone @/Users/shizihan/DailyUse/Github/InkMarkdown/.scratch/architecture-deepening-2026-09-07/evidence/20260907-1415-ticket-27/consumer/DerivedData-InkMarkdownSwiftUIConsumer/Build/Intermediates.noindex/InkMarkdown.build/Debug-iphonesimulator/InkMarkdownSwiftUI.build/Objects-normal/arm64/InkMarkdownSwiftUI.SwiftFileList -DSWIFT_PACKAGE -DDEBUG -DSWIFT_MODULE_RESOURCE_BUNDLE_UNAVAILABLE -DXcode -enable-experimental-feature StrictConcurrency -plugin-path /Applications/Xcode.app/Contents/Developer/Toolchains/XcodeDefault.xctoolchain/usr/lib/swift/host/plugins/testing -enable-experimental-feature DebugDescriptionMacro -sdk /Applications/Xcode.app/Contents/Developer/Platforms/iPhoneSimulator.platform/Developer/SDKs/iPhoneSimulator26.5.sdk -target arm64-apple-ios15.0-simulator -g -module-cache-path /Users/shizihan/DailyUse/Github/InkMarkdown/.scratch/architecture-deepening-2026-09-07/evidence/20260907-1415-ticket-27/consumer/DerivedData-InkMarkdownSwiftUIConsumer/ModuleCache.noindex -Xfrontend -serialize-debugging-options -enable-testing -suppress-warnings -index-store-path /Users/shizihan/DailyUse/Github/InkMarkdown/.scratch/architecture-deepening-2026-09-07/evidence/20260907-1415-ticket-27/consumer/DerivedData-InkMarkdownSwiftUIConsumer/Index.noindex/DataStore -Xcc -D_LIBCPP_HARDENING_MODE\=_LIBCPP_HARDENING_MODE_DEBUG -swift-version 5 -I /Users/shizihan/DailyUse/Github/InkMarkdown/.scratch/architecture-deepening-2026-09-07/evidence/20260907-1415-ticket-27/consumer/DerivedData-InkMarkdownSwiftUIConsumer/Build/Products/Debug-iphonesimulator -Isystem /Applications/Xcode.app/Contents/Developer/Platforms/iPhoneSimulator.platform/Developer/usr/lib -F /Users/shizihan/DailyUse/Github/InkMarkdown/.scratch/architecture-deepening-2026-09-07/evidence/20260907-1415-ticket-27/consumer/DerivedData-InkMarkdownSwiftUIConsumer/Build/Products/Debug-iphonesimulator/PackageFrameworks -F /Users/shizihan/DailyUse/Github/InkMarkdown/.scratch/architecture-deepening-2026-09-07/evidence/20260907-1415-ticket-27/consumer/DerivedData-InkMarkdownSwiftUIConsumer/Build/Products/Debug-iphonesimulator/PackageFrameworks -F /Users/shizihan/DailyUse/Github/InkMarkdown/.scratch/architecture-deepening-2026-09-07/evidence/20260907-1415-ticket-27/consumer/DerivedData-InkMarkdownSwiftUIConsumer/Build/Products/Debug-iphonesimulator/PackageFrameworks -F /Users/shizihan/DailyUse/Github/InkMarkdown/.scratch/architecture-deepening-2026-09-07/evidence/20260907-1415-ticket-27/consumer/DerivedData-InkMarkdownSwiftUIConsumer/Build/Products/Debug-iphonesimulator/PackageFrameworks -F /Users/shizihan/DailyUse/Github/InkMarkdown/.scratch/architecture-deepening-2026-09-07/evidence/20260907-1415-ticket-27/consumer/DerivedData-InkMarkdownSwiftUIConsumer/Build/Products/Debug-iphonesimulator/PackageFrameworks -F /Users/shizihan/DailyUse/Github/InkMarkdown/.scratch/architecture-deepening-2026-09-07/evidence/20260907-1415-ticket-27/consumer/DerivedData-InkMarkdownSwiftUIConsumer/Build/Products/Debug-iphonesimulator -F /Applications/Xcode.app/Contents/Developer/Platforms/iPhoneSimulator.platform/Developer/Library/Frameworks -F /Applications/Xcode.app/Contents/Developer/Platforms/iPhoneSimulator.platform/Developer/SDKs/iPhoneSimulator26.5.sdk/Developer/Library/Frameworks -c -j10 -enable-batch-mode -incremental -Xcc -ivfsstatcache -Xcc /Users/shizihan/DailyUse/Github/InkMarkdown/.scratch/architecture-deepening-2026-09-07/evidence/20260907-1415-ticket-27/consumer/DerivedData-InkMarkdownSwiftUIConsumer/SDKStatCaches.noindex/iphonesimulator26.5-23F81a-6cfe768891a92b912361537c460fe42b.sdkstatcache -output-file-map /Users/shizihan/DailyUse/Github/InkMarkdown/.scratch/architecture-deepening-2026-09-07/evidence/20260907-1415-ticket-27/consumer/DerivedData-InkMarkdownSwiftUIConsumer/Build/Intermediates.noindex/InkMarkdown.build/Debug-iphonesimulator/InkMarkdownSwiftUI.build/Objects-normal/arm64/InkMarkdownSwiftUI-OutputFileMap.json -use-frontend-parseable-output -save-temps -no-color-diagnostics -explicit-module-build -module-cache-path /Users/shizihan/DailyUse/Github/InkMarkdown/.scratch/architecture-deepening-2026-09-07/evidence/20260907-1415-ticket-27/consumer/DerivedData-InkMarkdownSwiftUIConsumer/Build/Intermediates.noindex/SwiftExplicitPrecompiledModules -clang-scanner-module-cache-path /Users/shizihan/DailyUse/Github/InkMarkdown/.scratch/architecture-deepening-2026-09-07/evidence/20260907-1415-ticket-27/consumer/DerivedData-InkMarkdownSwiftUIConsumer/ModuleCache.noindex -sdk-module-cache-path /Users/shizihan/DailyUse/Github/InkMarkdown/.scratch/architecture-deepening-2026-09-07/evidence/20260907-1415-ticket-27/consumer/DerivedData-InkMarkdownSwiftUIConsumer/ModuleCache.noindex -serialize-diagnostics -emit-dependencies -emit-module -emit-module-path /Users/shizihan/DailyUse/Github/InkMarkdown/.scratch/architecture-deepening-2026-09-07/evidence/20260907-1415-ticket-27/consumer/DerivedData-InkMarkdownSwiftUIConsumer/Build/Intermediates.noindex/InkMarkdown.build/Debug-iphonesimulator/InkMarkdownSwiftUI.build/Objects-normal/arm64/InkMarkdownSwiftUI.swiftmodule -validate-clang-modules-once -clang-build-session-file /Users/shizihan/DailyUse/Github/InkMarkdown/.scratch/architecture-deepening-2026-09-07/evidence/20260907-1415-ticket-27/consumer/DerivedData-InkMarkdownSwiftUIConsumer/ModuleCache.noindex/Session.modulevalidation -package-name inkmarkdown -Xcc -I/Users/shizihan/DailyUse/Github/InkMarkdown/.scratch/architecture-deepening-2026-09-07/evidence/20260907-1415-ticket-27/consumer/DerivedData-InkMarkdownSwiftUIConsumer/Build/Intermediates.noindex/InkMarkdown.build/Debug-iphonesimulator/InkMarkdownSwiftUI.build/swift-overrides.hmap -emit-const-values -Xfrontend -const-gather-protocols-file -Xfrontend /Users/shizihan/DailyUse/Github/InkMarkdown/.scratch/architecture-deepening-2026-09-07/evidence/20260907-1415-ticket-27/consumer/DerivedData-InkMarkdownSwiftUIConsumer/Build/Intermediates.noindex/InkMarkdown.build/Debug-iphonesimulator/InkMarkdownSwiftUI.build/Objects-normal/arm64/InkMarkdownSwiftUI_const_extract_protocols.json -Xcc -I/Users/shizihan/DailyUse/Github/InkMarkdown/Packages/Caches/swift-cmark/src/include -Xcc -I/Users/shizihan/DailyUse/Github/InkMarkdown/Packages/Caches/swift-cmark/extensions/include -Xcc -I/Users/shizihan/DailyUse/Github/InkMarkdown/Packages/Caches/swift-markdown/Sources/CAtomic/include -Xcc -I/Users/shizihan/DailyUse/Github/InkMarkdown/.scratch/architecture-deepening-2026-09-07/evidence/20260907-1415-ticket-27/consumer/DerivedData-InkMarkdownSwiftUIConsumer/Build/Products/Debug-iphonesimulator/include -Xcc -I/Users/shizihan/DailyUse/Github/InkMarkdown/.scratch/architecture-deepening-2026-09-07/evidence/20260907-1415-ticket-27/consumer/DerivedData-InkMarkdownSwiftUIConsumer/Build/Intermediates.noindex/InkMarkdown.build/Debug-iphonesimulator/InkMarkdownSwiftUI.build/DerivedSources-normal/arm64 -Xcc -I/Users/shizihan/DailyUse/Github/InkMarkdown/.scratch/architecture-deepening-2026-09-07/evidence/20260907-1415-ticket-27/consumer/DerivedData-InkMarkdownSwiftUIConsumer/Build/Intermediates.noindex/InkMarkdown.build/Debug-iphonesimulator/InkMarkdownSwiftUI.build/DerivedSources/arm64 -Xcc -I/Users/shizihan/DailyUse/Github/InkMarkdown/.scratch/architecture-deepening-2026-09-07/evidence/20260907-1415-ticket-27/consumer/DerivedData-InkMarkdownSwiftUIConsumer/Build/Intermediates.noindex/InkMarkdown.build/Debug-iphonesimulator/InkMarkdownSwiftUI.build/DerivedSources -Xcc -DSWIFT_PACKAGE -Xcc -DDEBUG\=1 -emit-objc-header -emit-objc-header-path /Users/shizihan/DailyUse/Github/InkMarkdown/.scratch/architecture-deepening-2026-09-07/evidence/20260907-1415-ticket-27/consumer/DerivedData-InkMarkdownSwiftUIConsumer/Build/Intermediates.noindex/InkMarkdown.build/Debug-iphonesimulator/InkMarkdownSwiftUI.build/Objects-normal/arm64/InkMarkdownSwiftUI-Swift.h -working-directory /Users/shizihan/DailyUse/Github/InkMarkdown/.github/fixtures/consumer-smoke/.swiftpm/xcode -experimental-emit-module-separately -disable-cmo

SwiftMergeGeneratedHeaders /Users/shizihan/DailyUse/Github/InkMarkdown/.scratch/architecture-deepening-2026-09-07/evidence/20260907-1415-ticket-27/consumer/DerivedData-InkMarkdownSwiftUIConsumer/Build/Intermediates.noindex/GeneratedModuleMaps-iphonesimulator/InkMarkdownSwiftUI-Swift.h /Users/shizihan/DailyUse/Github/InkMarkdown/.scratch/architecture-deepening-2026-09-07/evidence/20260907-1415-ticket-27/consumer/DerivedData-InkMarkdownSwiftUIConsumer/Build/Intermediates.noindex/InkMarkdown.build/Debug-iphonesimulator/InkMarkdownSwiftUI.build/Objects-normal/arm64/InkMarkdownSwiftUI-Swift.h (in target 'InkMarkdownSwiftUI' from project 'InkMarkdown')
    cd /Users/shizihan/DailyUse/Github/InkMarkdown
    builtin-swiftHeaderTool -arch arm64 /Users/shizihan/DailyUse/Github/InkMarkdown/.scratch/architecture-deepening-2026-09-07/evidence/20260907-1415-ticket-27/consumer/DerivedData-InkMarkdownSwiftUIConsumer/Build/Intermediates.noindex/InkMarkdown.build/Debug-iphonesimulator/InkMarkdownSwiftUI.build/Objects-normal/arm64/InkMarkdownSwiftUI-Swift.h -o /Users/shizihan/DailyUse/Github/InkMarkdown/.scratch/architecture-deepening-2026-09-07/evidence/20260907-1415-ticket-27/consumer/DerivedData-InkMarkdownSwiftUIConsumer/Build/Intermediates.noindex/GeneratedModuleMaps-iphonesimulator/InkMarkdownSwiftUI-Swift.h

Copy /Users/shizihan/DailyUse/Github/InkMarkdown/.scratch/architecture-deepening-2026-09-07/evidence/20260907-1415-ticket-27/consumer/DerivedData-InkMarkdownSwiftUIConsumer/Build/Products/Debug-iphonesimulator/InkMarkdownSwiftUI.swiftmodule/arm64-apple-ios-simulator.swiftmodule /Users/shizihan/DailyUse/Github/InkMarkdown/.scratch/architecture-deepening-2026-09-07/evidence/20260907-1415-ticket-27/consumer/DerivedData-InkMarkdownSwiftUIConsumer/Build/Intermediates.noindex/InkMarkdown.build/Debug-iphonesimulator/InkMarkdownSwiftUI.build/Objects-normal/arm64/InkMarkdownSwiftUI.swiftmodule (in target 'InkMarkdownSwiftUI' from project 'InkMarkdown')
    cd /Users/shizihan/DailyUse/Github/InkMarkdown
    builtin-copy -exclude .DS_Store -exclude CVS -exclude .svn -exclude .git -exclude .hg -resolve-src-symlinks -rename /Users/shizihan/DailyUse/Github/InkMarkdown/.scratch/architecture-deepening-2026-09-07/evidence/20260907-1415-ticket-27/consumer/DerivedData-InkMarkdownSwiftUIConsumer/Build/Intermediates.noindex/InkMarkdown.build/Debug-iphonesimulator/InkMarkdownSwiftUI.build/Objects-normal/arm64/InkMarkdownSwiftUI.swiftmodule /Users/shizihan/DailyUse/Github/InkMarkdown/.scratch/architecture-deepening-2026-09-07/evidence/20260907-1415-ticket-27/consumer/DerivedData-InkMarkdownSwiftUIConsumer/Build/Products/Debug-iphonesimulator/InkMarkdownSwiftUI.swiftmodule/arm64-apple-ios-simulator.swiftmodule

Copy /Users/shizihan/DailyUse/Github/InkMarkdown/.scratch/architecture-deepening-2026-09-07/evidence/20260907-1415-ticket-27/consumer/DerivedData-InkMarkdownSwiftUIConsumer/Build/Products/Debug-iphonesimulator/InkMarkdownSwiftUI.swiftmodule/arm64-apple-ios-simulator.swiftdoc /Users/shizihan/DailyUse/Github/InkMarkdown/.scratch/architecture-deepening-2026-09-07/evidence/20260907-1415-ticket-27/consumer/DerivedData-InkMarkdownSwiftUIConsumer/Build/Intermediates.noindex/InkMarkdown.build/Debug-iphonesimulator/InkMarkdownSwiftUI.build/Objects-normal/arm64/InkMarkdownSwiftUI.swiftdoc (in target 'InkMarkdownSwiftUI' from project 'InkMarkdown')
    cd /Users/shizihan/DailyUse/Github/InkMarkdown
    builtin-copy -exclude .DS_Store -exclude CVS -exclude .svn -exclude .git -exclude .hg -resolve-src-symlinks -rename /Users/shizihan/DailyUse/Github/InkMarkdown/.scratch/architecture-deepening-2026-09-07/evidence/20260907-1415-ticket-27/consumer/DerivedData-InkMarkdownSwiftUIConsumer/Build/Intermediates.noindex/InkMarkdown.build/Debug-iphonesimulator/InkMarkdownSwiftUI.build/Objects-normal/arm64/InkMarkdownSwiftUI.swiftdoc /Users/shizihan/DailyUse/Github/InkMarkdown/.scratch/architecture-deepening-2026-09-07/evidence/20260907-1415-ticket-27/consumer/DerivedData-InkMarkdownSwiftUIConsumer/Build/Products/Debug-iphonesimulator/InkMarkdownSwiftUI.swiftmodule/arm64-apple-ios-simulator.swiftdoc

Copy /Users/shizihan/DailyUse/Github/InkMarkdown/.scratch/architecture-deepening-2026-09-07/evidence/20260907-1415-ticket-27/consumer/DerivedData-InkMarkdownSwiftUIConsumer/Build/Products/Debug-iphonesimulator/InkMarkdownSwiftUI.swiftmodule/arm64-apple-ios-simulator.abi.json /Users/shizihan/DailyUse/Github/InkMarkdown/.scratch/architecture-deepening-2026-09-07/evidence/20260907-1415-ticket-27/consumer/DerivedData-InkMarkdownSwiftUIConsumer/Build/Intermediates.noindex/InkMarkdown.build/Debug-iphonesimulator/InkMarkdownSwiftUI.build/Objects-normal/arm64/InkMarkdownSwiftUI.abi.json (in target 'InkMarkdownSwiftUI' from project 'InkMarkdown')
    cd /Users/shizihan/DailyUse/Github/InkMarkdown
    builtin-copy -exclude .DS_Store -exclude CVS -exclude .svn -exclude .git -exclude .hg -resolve-src-symlinks -rename /Users/shizihan/DailyUse/Github/InkMarkdown/.scratch/architecture-deepening-2026-09-07/evidence/20260907-1415-ticket-27/consumer/DerivedData-InkMarkdownSwiftUIConsumer/Build/Intermediates.noindex/InkMarkdown.build/Debug-iphonesimulator/InkMarkdownSwiftUI.build/Objects-normal/arm64/InkMarkdownSwiftUI.abi.json /Users/shizihan/DailyUse/Github/InkMarkdown/.scratch/architecture-deepening-2026-09-07/evidence/20260907-1415-ticket-27/consumer/DerivedData-InkMarkdownSwiftUIConsumer/Build/Products/Debug-iphonesimulator/InkMarkdownSwiftUI.swiftmodule/arm64-apple-ios-simulator.abi.json

Copy /Users/shizihan/DailyUse/Github/InkMarkdown/.scratch/architecture-deepening-2026-09-07/evidence/20260907-1415-ticket-27/consumer/DerivedData-InkMarkdownSwiftUIConsumer/Build/Products/Debug-iphonesimulator/InkMarkdownSwiftUI.swiftmodule/Project/arm64-apple-ios-simulator.swiftsourceinfo /Users/shizihan/DailyUse/Github/InkMarkdown/.scratch/architecture-deepening-2026-09-07/evidence/20260907-1415-ticket-27/consumer/DerivedData-InkMarkdownSwiftUIConsumer/Build/Intermediates.noindex/InkMarkdown.build/Debug-iphonesimulator/InkMarkdownSwiftUI.build/Objects-normal/arm64/InkMarkdownSwiftUI.swiftsourceinfo (in target 'InkMarkdownSwiftUI' from project 'InkMarkdown')
    cd /Users/shizihan/DailyUse/Github/InkMarkdown
    builtin-copy -exclude .DS_Store -exclude CVS -exclude .svn -exclude .git -exclude .hg -resolve-src-symlinks -rename /Users/shizihan/DailyUse/Github/InkMarkdown/.scratch/architecture-deepening-2026-09-07/evidence/20260907-1415-ticket-27/consumer/DerivedData-InkMarkdownSwiftUIConsumer/Build/Intermediates.noindex/InkMarkdown.build/Debug-iphonesimulator/InkMarkdownSwiftUI.build/Objects-normal/arm64/InkMarkdownSwiftUI.swiftsourceinfo /Users/shizihan/DailyUse/Github/InkMarkdown/.scratch/architecture-deepening-2026-09-07/evidence/20260907-1415-ticket-27/consumer/DerivedData-InkMarkdownSwiftUIConsumer/Build/Products/Debug-iphonesimulator/InkMarkdownSwiftUI.swiftmodule/Project/arm64-apple-ios-simulator.swiftsourceinfo

SwiftDriver InkMarkdownSwiftUIConsumer normal arm64 com.apple.xcode.tools.swift.compiler (in target 'InkMarkdownSwiftUIConsumer' from project 'InkMarkdownConsumerSmoke')
    cd /Users/shizihan/DailyUse/Github/InkMarkdown/.github/fixtures/consumer-smoke/.swiftpm/xcode
    builtin-SwiftDriver -- /Applications/Xcode.app/Contents/Developer/Toolchains/XcodeDefault.xctoolchain/usr/bin/swiftc -module-name InkMarkdownSwiftUIConsumer -Onone @/Users/shizihan/DailyUse/Github/InkMarkdown/.scratch/architecture-deepening-2026-09-07/evidence/20260907-1415-ticket-27/consumer/DerivedData-InkMarkdownSwiftUIConsumer/Build/Intermediates.noindex/InkMarkdownConsumerSmoke.build/Debug-iphonesimulator/InkMarkdownSwiftUIConsumer.build/Objects-normal/arm64/InkMarkdownSwiftUIConsumer.SwiftFileList -DSWIFT_PACKAGE -DDEBUG -DSWIFT_MODULE_RESOURCE_BUNDLE_UNAVAILABLE -DXcode -plugin-path /Applications/Xcode.app/Contents/Developer/Toolchains/XcodeDefault.xctoolchain/usr/lib/swift/host/plugins/testing -enable-experimental-feature DebugDescriptionMacro -sdk /Applications/Xcode.app/Contents/Developer/Platforms/iPhoneSimulator.platform/Developer/SDKs/iPhoneSimulator26.5.sdk -target arm64-apple-ios15.0-simulator -g -module-cache-path /Users/shizihan/DailyUse/Github/InkMarkdown/.scratch/architecture-deepening-2026-09-07/evidence/20260907-1415-ticket-27/consumer/DerivedData-InkMarkdownSwiftUIConsumer/ModuleCache.noindex -Xfrontend -serialize-debugging-options -enable-testing -index-store-path /Users/shizihan/DailyUse/Github/InkMarkdown/.scratch/architecture-deepening-2026-09-07/evidence/20260907-1415-ticket-27/consumer/DerivedData-InkMarkdownSwiftUIConsumer/Index.noindex/DataStore -Xcc -D_LIBCPP_HARDENING_MODE\=_LIBCPP_HARDENING_MODE_DEBUG -swift-version 6 -I /Users/shizihan/DailyUse/Github/InkMarkdown/.scratch/architecture-deepening-2026-09-07/evidence/20260907-1415-ticket-27/consumer/DerivedData-InkMarkdownSwiftUIConsumer/Build/Products/Debug-iphonesimulator -Isystem /Applications/Xcode.app/Contents/Developer/Platforms/iPhoneSimulator.platform/Developer/usr/lib -F /Users/shizihan/DailyUse/Github/InkMarkdown/.scratch/architecture-deepening-2026-09-07/evidence/20260907-1415-ticket-27/consumer/DerivedData-InkMarkdownSwiftUIConsumer/Build/Products/Debug-iphonesimulator/PackageFrameworks -F /Users/shizihan/DailyUse/Github/InkMarkdown/.scratch/architecture-deepening-2026-09-07/evidence/20260907-1415-ticket-27/consumer/DerivedData-InkMarkdownSwiftUIConsumer/Build/Products/Debug-iphonesimulator/PackageFrameworks -F /Users/shizihan/DailyUse/Github/InkMarkdown/.scratch/architecture-deepening-2026-09-07/evidence/20260907-1415-ticket-27/consumer/DerivedData-InkMarkdownSwiftUIConsumer/Build/Products/Debug-iphonesimulator/PackageFrameworks -F /Users/shizihan/DailyUse/Github/InkMarkdown/.scratch/architecture-deepening-2026-09-07/evidence/20260907-1415-ticket-27/consumer/DerivedData-InkMarkdownSwiftUIConsumer/Build/Products/Debug-iphonesimulator/PackageFrameworks -F /Users/shizihan/DailyUse/Github/InkMarkdown/.scratch/architecture-deepening-2026-09-07/evidence/20260907-1415-ticket-27/consumer/DerivedData-InkMarkdownSwiftUIConsumer/Build/Products/Debug-iphonesimulator/PackageFrameworks -F /Users/shizihan/DailyUse/Github/InkMarkdown/.scratch/architecture-deepening-2026-09-07/evidence/20260907-1415-ticket-27/consumer/DerivedData-InkMarkdownSwiftUIConsumer/Build/Products/Debug-iphonesimulator/PackageFrameworks -F /Users/shizihan/DailyUse/Github/InkMarkdown/.scratch/architecture-deepening-2026-09-07/evidence/20260907-1415-ticket-27/consumer/DerivedData-InkMarkdownSwiftUIConsumer/Build/Products/Debug-iphonesimulator -F /Applications/Xcode.app/Contents/Developer/Platforms/iPhoneSimulator.platform/Developer/Library/Frameworks -F /Applications/Xcode.app/Contents/Developer/Platforms/iPhoneSimulator.platform/Developer/SDKs/iPhoneSimulator26.5.sdk/Developer/Library/Frameworks -parse-as-library -c -j10 -enable-batch-mode -incremental -Xcc -ivfsstatcache -Xcc /Users/shizihan/DailyUse/Github/InkMarkdown/.scratch/architecture-deepening-2026-09-07/evidence/20260907-1415-ticket-27/consumer/DerivedData-InkMarkdownSwiftUIConsumer/SDKStatCaches.noindex/iphonesimulator26.5-23F81a-6cfe768891a92b912361537c460fe42b.sdkstatcache -output-file-map /Users/shizihan/DailyUse/Github/InkMarkdown/.scratch/architecture-deepening-2026-09-07/evidence/20260907-1415-ticket-27/consumer/DerivedData-InkMarkdownSwiftUIConsumer/Build/Intermediates.noindex/InkMarkdownConsumerSmoke.build/Debug-iphonesimulator/InkMarkdownSwiftUIConsumer.build/Objects-normal/arm64/InkMarkdownSwiftUIConsumer-OutputFileMap.json -use-frontend-parseable-output -save-temps -no-color-diagnostics -explicit-module-build -module-cache-path /Users/shizihan/DailyUse/Github/InkMarkdown/.scratch/architecture-deepening-2026-09-07/evidence/20260907-1415-ticket-27/consumer/DerivedData-InkMarkdownSwiftUIConsumer/Build/Intermediates.noindex/SwiftExplicitPrecompiledModules -clang-scanner-module-cache-path /Users/shizihan/DailyUse/Github/InkMarkdown/.scratch/architecture-deepening-2026-09-07/evidence/20260907-1415-ticket-27/consumer/DerivedData-InkMarkdownSwiftUIConsumer/ModuleCache.noindex -sdk-module-cache-path /Users/shizihan/DailyUse/Github/InkMarkdown/.scratch/architecture-deepening-2026-09-07/evidence/20260907-1415-ticket-27/consumer/DerivedData-InkMarkdownSwiftUIConsumer/ModuleCache.noindex -serialize-diagnostics -emit-dependencies -emit-module -emit-module-path /Users/shizihan/DailyUse/Github/InkMarkdown/.scratch/architecture-deepening-2026-09-07/evidence/20260907-1415-ticket-27/consumer/DerivedData-InkMarkdownSwiftUIConsumer/Build/Intermediates.noindex/InkMarkdownConsumerSmoke.build/Debug-iphonesimulator/InkMarkdownSwiftUIConsumer.build/Objects-normal/arm64/InkMarkdownSwiftUIConsumer.swiftmodule -validate-clang-modules-once -clang-build-session-file /Users/shizihan/DailyUse/Github/InkMarkdown/.scratch/architecture-deepening-2026-09-07/evidence/20260907-1415-ticket-27/consumer/DerivedData-InkMarkdownSwiftUIConsumer/ModuleCache.noindex/Session.modulevalidation -package-name consumer_smoke -Xcc -I/Users/shizihan/DailyUse/Github/InkMarkdown/.scratch/architecture-deepening-2026-09-07/evidence/20260907-1415-ticket-27/consumer/DerivedData-InkMarkdownSwiftUIConsumer/Build/Intermediates.noindex/InkMarkdownConsumerSmoke.build/Debug-iphonesimulator/InkMarkdownSwiftUIConsumer.build/swift-overrides.hmap -emit-const-values -Xfrontend -const-gather-protocols-file -Xfrontend /Users/shizihan/DailyUse/Github/InkMarkdown/.scratch/architecture-deepening-2026-09-07/evidence/20260907-1415-ticket-27/consumer/DerivedData-InkMarkdownSwiftUIConsumer/Build/Intermediates.noindex/InkMarkdownConsumerSmoke.build/Debug-iphonesimulator/InkMarkdownSwiftUIConsumer.build/Objects-normal/arm64/InkMarkdownSwiftUIConsumer_const_extract_protocols.json -Xcc -I/Users/shizihan/DailyUse/Github/InkMarkdown/Packages/Caches/swift-cmark/src/include -Xcc -I/Users/shizihan/DailyUse/Github/InkMarkdown/Packages/Caches/swift-cmark/extensions/include -Xcc -I/Users/shizihan/DailyUse/Github/InkMarkdown/Packages/Caches/swift-markdown/Sources/CAtomic/include -Xcc -I/Users/shizihan/DailyUse/Github/InkMarkdown/.scratch/architecture-deepening-2026-09-07/evidence/20260907-1415-ticket-27/consumer/DerivedData-InkMarkdownSwiftUIConsumer/Build/Products/Debug-iphonesimulator/include -Xcc -I/Users/shizihan/DailyUse/Github/InkMarkdown/.scratch/architecture-deepening-2026-09-07/evidence/20260907-1415-ticket-27/consumer/DerivedData-InkMarkdownSwiftUIConsumer/Build/Intermediates.noindex/InkMarkdownConsumerSmoke.build/Debug-iphonesimulator/InkMarkdownSwiftUIConsumer.build/DerivedSources-normal/arm64 -Xcc -I/Users/shizihan/DailyUse/Github/InkMarkdown/.scratch/architecture-deepening-2026-09-07/evidence/20260907-1415-ticket-27/consumer/DerivedData-InkMarkdownSwiftUIConsumer/Build/Intermediates.noindex/InkMarkdownConsumerSmoke.build/Debug-iphonesimulator/InkMarkdownSwiftUIConsumer.build/DerivedSources/arm64 -Xcc -I/Users/shizihan/DailyUse/Github/InkMarkdown/.scratch/architecture-deepening-2026-09-07/evidence/20260907-1415-ticket-27/consumer/DerivedData-InkMarkdownSwiftUIConsumer/Build/Intermediates.noindex/InkMarkdownConsumerSmoke.build/Debug-iphonesimulator/InkMarkdownSwiftUIConsumer.build/DerivedSources -Xcc -DSWIFT_PACKAGE -Xcc -DDEBUG\=1 -emit-objc-header -emit-objc-header-path /Users/shizihan/DailyUse/Github/InkMarkdown/.scratch/architecture-deepening-2026-09-07/evidence/20260907-1415-ticket-27/consumer/DerivedData-InkMarkdownSwiftUIConsumer/Build/Intermediates.noindex/InkMarkdownConsumerSmoke.build/Debug-iphonesimulator/InkMarkdownSwiftUIConsumer.build/Objects-normal/arm64/InkMarkdownSwiftUIConsumer-Swift.h -working-directory /Users/shizihan/DailyUse/Github/InkMarkdown/.github/fixtures/consumer-smoke/.swiftpm/xcode -experimental-emit-module-separately -disable-cmo

SwiftDriverJobDiscovery normal arm64 Compiling InkStreamingPresentationHost.swift, InkStreamingTextView.swift (in target 'InkMarkdownSwiftUI' from project 'InkMarkdown')

SwiftDriverJobDiscovery normal arm64 Compiling InkMarkdownRenderSession.swift (in target 'InkMarkdownSwiftUI' from project 'InkMarkdown')

SwiftDriverJobDiscovery normal arm64 Compiling InkMarkdownSwiftUI.swift (in target 'InkMarkdownSwiftUI' from project 'InkMarkdown')

SwiftDriverJobDiscovery normal arm64 Compiling InkConfigurationModifier.swift (in target 'InkMarkdownSwiftUI' from project 'InkMarkdown')

SwiftDriverJobDiscovery normal arm64 Compiling InkStreamMarkdownView.swift (in target 'InkMarkdownSwiftUI' from project 'InkMarkdown')

SwiftExplicitDependencyGeneratePcm arm64 /Users/shizihan/DailyUse/Github/InkMarkdown/.scratch/architecture-deepening-2026-09-07/evidence/20260907-1415-ticket-27/consumer/DerivedData-InkMarkdownSwiftUIConsumer/ModuleCache.noindex/_Builtin_float-2WBHA8G4JNQM3YWO953URH7FF.pcm

SwiftExplicitDependencyGeneratePcm arm64 /Users/shizihan/DailyUse/Github/InkMarkdown/.scratch/architecture-deepening-2026-09-07/evidence/20260907-1415-ticket-27/consumer/DerivedData-InkMarkdownSwiftUIConsumer/ModuleCache.noindex/DeveloperToolsSupport-45ORH31ILU2BY3VOGRH904SGY.pcm

SwiftExplicitDependencyGeneratePcm arm64 /Users/shizihan/DailyUse/Github/InkMarkdown/.scratch/architecture-deepening-2026-09-07/evidence/20260907-1415-ticket-27/consumer/DerivedData-InkMarkdownSwiftUIConsumer/ModuleCache.noindex/_AvailabilityInternal-67LGB4QKWQ4LGWZM8REQT6ME7.pcm

SwiftExplicitDependencyGeneratePcm arm64 /Users/shizihan/DailyUse/Github/InkMarkdown/.scratch/architecture-deepening-2026-09-07/evidence/20260907-1415-ticket-27/consumer/DerivedData-InkMarkdownSwiftUIConsumer/ModuleCache.noindex/_Builtin_stdarg-4DSTJAB0JGEZ0E2N1ME4I98U7.pcm

SwiftExplicitDependencyGeneratePcm arm64 /Users/shizihan/DailyUse/Github/InkMarkdown/.scratch/architecture-deepening-2026-09-07/evidence/20260907-1415-ticket-27/consumer/DerivedData-InkMarkdownSwiftUIConsumer/ModuleCache.noindex/ptrauth-DGHH30DLMGVFG2XO87XC00KFU.pcm

SwiftDriverJobDiscovery normal arm64 Compiling InkMarkdownView.swift (in target 'InkMarkdownSwiftUI' from project 'InkMarkdown')

SwiftExplicitDependencyGeneratePcm arm64 /Users/shizihan/DailyUse/Github/InkMarkdown/.scratch/architecture-deepening-2026-09-07/evidence/20260907-1415-ticket-27/consumer/DerivedData-InkMarkdownSwiftUIConsumer/ModuleCache.noindex/_SwiftConcurrencyShims-C017JIU9PDYSX90FN0ACFK1VQ.pcm

SwiftExplicitDependencyGeneratePcm arm64 /Users/shizihan/DailyUse/Github/InkMarkdown/.scratch/architecture-deepening-2026-09-07/evidence/20260907-1415-ticket-27/consumer/DerivedData-InkMarkdownSwiftUIConsumer/ModuleCache.noindex/ptrcheck-BAQSWMLFJQQ2JT5TSR8ZM0JWR.pcm

SwiftExplicitDependencyGeneratePcm arm64 /Users/shizihan/DailyUse/Github/InkMarkdown/.scratch/architecture-deepening-2026-09-07/evidence/20260907-1415-ticket-27/consumer/DerivedData-InkMarkdownSwiftUIConsumer/ModuleCache.noindex/_Builtin_stdbool-BTLER1SCXVADQ7KZPC9LS7YH0.pcm

SwiftDriverJobDiscovery normal arm64 Compiling InkContentSizeCategoryHelper.swift, InkMarkdownContainerView.swift (in target 'InkMarkdownSwiftUI' from project 'InkMarkdown')

SwiftExplicitDependencyGeneratePcm arm64 /Users/shizihan/DailyUse/Github/InkMarkdown/.scratch/architecture-deepening-2026-09-07/evidence/20260907-1415-ticket-27/consumer/DerivedData-InkMarkdownSwiftUIConsumer/ModuleCache.noindex/_Builtin_stddef-8OZOVHERXLQGEII7G36QWJ4K6.pcm

SwiftExplicitDependencyGeneratePcm arm64 /Users/shizihan/DailyUse/Github/InkMarkdown/.scratch/architecture-deepening-2026-09-07/evidence/20260907-1415-ticket-27/consumer/DerivedData-InkMarkdownSwiftUIConsumer/ModuleCache.noindex/SwiftShims-EG2D3LXDMZIFWHIC8WSPLRL4Z.pcm

SwiftDriverJobDiscovery normal arm64 Compiling InkMarkdownCoordinator.swift, InkMarkdownRepresentable.swift (in target 'InkMarkdownSwiftUI' from project 'InkMarkdown')

SwiftExplicitDependencyGeneratePcm arm64 /Users/shizihan/DailyUse/Github/InkMarkdown/.scratch/architecture-deepening-2026-09-07/evidence/20260907-1415-ticket-27/consumer/DerivedData-InkMarkdownSwiftUIConsumer/ModuleCache.noindex/_DarwinFoundation1-C0EKLLSMHS83AY1487SOTNKV4.pcm

SwiftExplicitDependencyGeneratePcm arm64 /Users/shizihan/DailyUse/Github/InkMarkdown/.scratch/architecture-deepening-2026-09-07/evidence/20260907-1415-ticket-27/consumer/DerivedData-InkMarkdownSwiftUIConsumer/ModuleCache.noindex/_Builtin_limits-3DHLL3H664KKN6N8T751F2UOO.pcm

SwiftExplicitDependencyGeneratePcm arm64 /Users/shizihan/DailyUse/Github/InkMarkdown/.scratch/architecture-deepening-2026-09-07/evidence/20260907-1415-ticket-27/consumer/DerivedData-InkMarkdownSwiftUIConsumer/ModuleCache.noindex/_DarwinFoundation2-CC5SBE5GG3SWA6GIZN1IYGUMB.pcm

SwiftExplicitDependencyGeneratePcm arm64 /Users/shizihan/DailyUse/Github/InkMarkdown/.scratch/architecture-deepening-2026-09-07/evidence/20260907-1415-ticket-27/consumer/DerivedData-InkMarkdownSwiftUIConsumer/ModuleCache.noindex/_Builtin_tgmath-8WW3QX11YSH3CVWKXR1946KV4.pcm

SwiftExplicitDependencyGeneratePcm arm64 /Users/shizihan/DailyUse/Github/InkMarkdown/.scratch/architecture-deepening-2026-09-07/evidence/20260907-1415-ticket-27/consumer/DerivedData-InkMarkdownSwiftUIConsumer/ModuleCache.noindex/sys_types-1I4TL2YU7OBHLPU6BOEZIX257.pcm

SwiftExplicitDependencyGeneratePcm arm64 /Users/shizihan/DailyUse/Github/InkMarkdown/.scratch/architecture-deepening-2026-09-07/evidence/20260907-1415-ticket-27/consumer/DerivedData-InkMarkdownSwiftUIConsumer/ModuleCache.noindex/_Builtin_stdint-ELQHPYJR95CS6JWYYX9M1WJ31.pcm

SwiftDriverJobDiscovery normal arm64 Compiling InkBlockPresentationContinuity.swift (in target 'InkMarkdownSwiftUI' from project 'InkMarkdown')

SwiftExplicitDependencyGeneratePcm arm64 /Users/shizihan/DailyUse/Github/InkMarkdown/.scratch/architecture-deepening-2026-09-07/evidence/20260907-1415-ticket-27/consumer/DerivedData-InkMarkdownSwiftUIConsumer/ModuleCache.noindex/_Builtin_intrinsics-7UW465NFMQLE0AEYXLO7L4ZS7.pcm

SwiftExplicitDependencyGeneratePcm arm64 /Users/shizihan/DailyUse/Github/InkMarkdown/.scratch/architecture-deepening-2026-09-07/evidence/20260907-1415-ticket-27/consumer/DerivedData-InkMarkdownSwiftUIConsumer/ModuleCache.noindex/_DarwinFoundation3-BB73ABZE5KP5MABY7W5JVMG90.pcm

SwiftDriver\ Compilation InkMarkdownSwiftUI normal arm64 com.apple.xcode.tools.swift.compiler (in target 'InkMarkdownSwiftUI' from project 'InkMarkdown')
    cd /Users/shizihan/DailyUse/Github/InkMarkdown/.github/fixtures/consumer-smoke/.swiftpm/xcode
    builtin-Swift-Compilation -- /Applications/Xcode.app/Contents/Developer/Toolchains/XcodeDefault.xctoolchain/usr/bin/swiftc -module-name InkMarkdownSwiftUI -Onone @/Users/shizihan/DailyUse/Github/InkMarkdown/.scratch/architecture-deepening-2026-09-07/evidence/20260907-1415-ticket-27/consumer/DerivedData-InkMarkdownSwiftUIConsumer/Build/Intermediates.noindex/InkMarkdown.build/Debug-iphonesimulator/InkMarkdownSwiftUI.build/Objects-normal/arm64/InkMarkdownSwiftUI.SwiftFileList -DSWIFT_PACKAGE -DDEBUG -DSWIFT_MODULE_RESOURCE_BUNDLE_UNAVAILABLE -DXcode -enable-experimental-feature StrictConcurrency -plugin-path /Applications/Xcode.app/Contents/Developer/Toolchains/XcodeDefault.xctoolchain/usr/lib/swift/host/plugins/testing -enable-experimental-feature DebugDescriptionMacro -sdk /Applications/Xcode.app/Contents/Developer/Platforms/iPhoneSimulator.platform/Developer/SDKs/iPhoneSimulator26.5.sdk -target arm64-apple-ios15.0-simulator -g -module-cache-path /Users/shizihan/DailyUse/Github/InkMarkdown/.scratch/architecture-deepening-2026-09-07/evidence/20260907-1415-ticket-27/consumer/DerivedData-InkMarkdownSwiftUIConsumer/ModuleCache.noindex -Xfrontend -serialize-debugging-options -enable-testing -suppress-warnings -index-store-path /Users/shizihan/DailyUse/Github/InkMarkdown/.scratch/architecture-deepening-2026-09-07/evidence/20260907-1415-ticket-27/consumer/DerivedData-InkMarkdownSwiftUIConsumer/Index.noindex/DataStore -Xcc -D_LIBCPP_HARDENING_MODE\=_LIBCPP_HARDENING_MODE_DEBUG -swift-version 5 -I /Users/shizihan/DailyUse/Github/InkMarkdown/.scratch/architecture-deepening-2026-09-07/evidence/20260907-1415-ticket-27/consumer/DerivedData-InkMarkdownSwiftUIConsumer/Build/Products/Debug-iphonesimulator -Isystem /Applications/Xcode.app/Contents/Developer/Platforms/iPhoneSimulator.platform/Developer/usr/lib -F /Users/shizihan/DailyUse/Github/InkMarkdown/.scratch/architecture-deepening-2026-09-07/evidence/20260907-1415-ticket-27/consumer/DerivedData-InkMarkdownSwiftUIConsumer/Build/Products/Debug-iphonesimulator/PackageFrameworks -F /Users/shizihan/DailyUse/Github/InkMarkdown/.scratch/architecture-deepening-2026-09-07/evidence/20260907-1415-ticket-27/consumer/DerivedData-InkMarkdownSwiftUIConsumer/Build/Products/Debug-iphonesimulator/PackageFrameworks -F /Users/shizihan/DailyUse/Github/InkMarkdown/.scratch/architecture-deepening-2026-09-07/evidence/20260907-1415-ticket-27/consumer/DerivedData-InkMarkdownSwiftUIConsumer/Build/Products/Debug-iphonesimulator/PackageFrameworks -F /Users/shizihan/DailyUse/Github/InkMarkdown/.scratch/architecture-deepening-2026-09-07/evidence/20260907-1415-ticket-27/consumer/DerivedData-InkMarkdownSwiftUIConsumer/Build/Products/Debug-iphonesimulator/PackageFrameworks -F /Users/shizihan/DailyUse/Github/InkMarkdown/.scratch/architecture-deepening-2026-09-07/evidence/20260907-1415-ticket-27/consumer/DerivedData-InkMarkdownSwiftUIConsumer/Build/Products/Debug-iphonesimulator/PackageFrameworks -F /Users/shizihan/DailyUse/Github/InkMarkdown/.scratch/architecture-deepening-2026-09-07/evidence/20260907-1415-ticket-27/consumer/DerivedData-InkMarkdownSwiftUIConsumer/Build/Products/Debug-iphonesimulator -F /Applications/Xcode.app/Contents/Developer/Platforms/iPhoneSimulator.platform/Developer/Library/Frameworks -F /Applications/Xcode.app/Contents/Developer/Platforms/iPhoneSimulator.platform/Developer/SDKs/iPhoneSimulator26.5.sdk/Developer/Library/Frameworks -c -j10 -enable-batch-mode -incremental -Xcc -ivfsstatcache -Xcc /Users/shizihan/DailyUse/Github/InkMarkdown/.scratch/architecture-deepening-2026-09-07/evidence/20260907-1415-ticket-27/consumer/DerivedData-InkMarkdownSwiftUIConsumer/SDKStatCaches.noindex/iphonesimulator26.5-23F81a-6cfe768891a92b912361537c460fe42b.sdkstatcache -output-file-map /Users/shizihan/DailyUse/Github/InkMarkdown/.scratch/architecture-deepening-2026-09-07/evidence/20260907-1415-ticket-27/consumer/DerivedData-InkMarkdownSwiftUIConsumer/Build/Intermediates.noindex/InkMarkdown.build/Debug-iphonesimulator/InkMarkdownSwiftUI.build/Objects-normal/arm64/InkMarkdownSwiftUI-OutputFileMap.json -use-frontend-parseable-output -save-temps -no-color-diagnostics -explicit-module-build -module-cache-path /Users/shizihan/DailyUse/Github/InkMarkdown/.scratch/architecture-deepening-2026-09-07/evidence/20260907-1415-ticket-27/consumer/DerivedData-InkMarkdownSwiftUIConsumer/Build/Intermediates.noindex/SwiftExplicitPrecompiledModules -clang-scanner-module-cache-path /Users/shizihan/DailyUse/Github/InkMarkdown/.scratch/architecture-deepening-2026-09-07/evidence/20260907-1415-ticket-27/consumer/DerivedData-InkMarkdownSwiftUIConsumer/ModuleCache.noindex -sdk-module-cache-path /Users/shizihan/DailyUse/Github/InkMarkdown/.scratch/architecture-deepening-2026-09-07/evidence/20260907-1415-ticket-27/consumer/DerivedData-InkMarkdownSwiftUIConsumer/ModuleCache.noindex -serialize-diagnostics -emit-dependencies -emit-module -emit-module-path /Users/shizihan/DailyUse/Github/InkMarkdown/.scratch/architecture-deepening-2026-09-07/evidence/20260907-1415-ticket-27/consumer/DerivedData-InkMarkdownSwiftUIConsumer/Build/Intermediates.noindex/InkMarkdown.build/Debug-iphonesimulator/InkMarkdownSwiftUI.build/Objects-normal/arm64/InkMarkdownSwiftUI.swiftmodule -validate-clang-modules-once -clang-build-session-file /Users/shizihan/DailyUse/Github/InkMarkdown/.scratch/architecture-deepening-2026-09-07/evidence/20260907-1415-ticket-27/consumer/DerivedData-InkMarkdownSwiftUIConsumer/ModuleCache.noindex/Session.modulevalidation -package-name inkmarkdown -Xcc -I/Users/shizihan/DailyUse/Github/InkMarkdown/.scratch/architecture-deepening-2026-09-07/evidence/20260907-1415-ticket-27/consumer/DerivedData-InkMarkdownSwiftUIConsumer/Build/Intermediates.noindex/InkMarkdown.build/Debug-iphonesimulator/InkMarkdownSwiftUI.build/swift-overrides.hmap -emit-const-values -Xfrontend -const-gather-protocols-file -Xfrontend /Users/shizihan/DailyUse/Github/InkMarkdown/.scratch/architecture-deepening-2026-09-07/evidence/20260907-1415-ticket-27/consumer/DerivedData-InkMarkdownSwiftUIConsumer/Build/Intermediates.noindex/InkMarkdown.build/Debug-iphonesimulator/InkMarkdownSwiftUI.build/Objects-normal/arm64/InkMarkdownSwiftUI_const_extract_protocols.json -Xcc -I/Users/shizihan/DailyUse/Github/InkMarkdown/Packages/Caches/swift-cmark/src/include -Xcc -I/Users/shizihan/DailyUse/Github/InkMarkdown/Packages/Caches/swift-cmark/extensions/include -Xcc -I/Users/shizihan/DailyUse/Github/InkMarkdown/Packages/Caches/swift-markdown/Sources/CAtomic/include -Xcc -I/Users/shizihan/DailyUse/Github/InkMarkdown/.scratch/architecture-deepening-2026-09-07/evidence/20260907-1415-ticket-27/consumer/DerivedData-InkMarkdownSwiftUIConsumer/Build/Products/Debug-iphonesimulator/include -Xcc -I/Users/shizihan/DailyUse/Github/InkMarkdown/.scratch/architecture-deepening-2026-09-07/evidence/20260907-1415-ticket-27/consumer/DerivedData-InkMarkdownSwiftUIConsumer/Build/Intermediates.noindex/InkMarkdown.build/Debug-iphonesimulator/InkMarkdownSwiftUI.build/DerivedSources-normal/arm64 -Xcc -I/Users/shizihan/DailyUse/Github/InkMarkdown/.scratch/architecture-deepening-2026-09-07/evidence/20260907-1415-ticket-27/consumer/DerivedData-InkMarkdownSwiftUIConsumer/Build/Intermediates.noindex/InkMarkdown.build/Debug-iphonesimulator/InkMarkdownSwiftUI.build/DerivedSources/arm64 -Xcc -I/Users/shizihan/DailyUse/Github/InkMarkdown/.scratch/architecture-deepening-2026-09-07/evidence/20260907-1415-ticket-27/consumer/DerivedData-InkMarkdownSwiftUIConsumer/Build/Intermediates.noindex/InkMarkdown.build/Debug-iphonesimulator/InkMarkdownSwiftUI.build/DerivedSources -Xcc -DSWIFT_PACKAGE -Xcc -DDEBUG\=1 -emit-objc-header -emit-objc-header-path /Users/shizihan/DailyUse/Github/InkMarkdown/.scratch/architecture-deepening-2026-09-07/evidence/20260907-1415-ticket-27/consumer/DerivedData-InkMarkdownSwiftUIConsumer/Build/Intermediates.noindex/InkMarkdown.build/Debug-iphonesimulator/InkMarkdownSwiftUI.build/Objects-normal/arm64/InkMarkdownSwiftUI-Swift.h -working-directory /Users/shizihan/DailyUse/Github/InkMarkdown/.github/fixtures/consumer-smoke/.swiftpm/xcode -experimental-emit-module-separately -disable-cmo

SwiftExplicitDependencyGeneratePcm arm64 /Users/shizihan/DailyUse/Github/InkMarkdown/.scratch/architecture-deepening-2026-09-07/evidence/20260907-1415-ticket-27/consumer/DerivedData-InkMarkdownSwiftUIConsumer/ModuleCache.noindex/_Builtin_stdatomic-38D6WY0YHCGU3ZN2BLVK8MBYW.pcm

SwiftExplicitDependencyGeneratePcm arm64 /Users/shizihan/DailyUse/Github/InkMarkdown/.scratch/architecture-deepening-2026-09-07/evidence/20260907-1415-ticket-27/consumer/DerivedData-InkMarkdownSwiftUIConsumer/Build/Intermediates.noindex/SwiftExplicitPrecompiledModules/CAtomic-DB8N4FL86CYVKI1EJ4UHAPUU7.pcm

Ld /Users/shizihan/DailyUse/Github/InkMarkdown/.scratch/architecture-deepening-2026-09-07/evidence/20260907-1415-ticket-27/consumer/DerivedData-InkMarkdownSwiftUIConsumer/Build/Products/Debug-iphonesimulator/InkMarkdownSwiftUI.o normal (in target 'InkMarkdownSwiftUI' from project 'InkMarkdown')
    cd /Users/shizihan/DailyUse/Github/InkMarkdown
    /Applications/Xcode.app/Contents/Developer/Toolchains/XcodeDefault.xctoolchain/usr/bin/clang -Xlinker -reproducible -target arm64-apple-ios15.0-simulator -r -isysroot /Applications/Xcode.app/Contents/Developer/Platforms/iPhoneSimulator.platform/Developer/SDKs/iPhoneSimulator26.5.sdk -O0 -w -F/Users/shizihan/DailyUse/Github/InkMarkdown/.scratch/architecture-deepening-2026-09-07/evidence/20260907-1415-ticket-27/consumer/DerivedData-InkMarkdownSwiftUIConsumer/Build/Intermediates.noindex/EagerLinkingTBDs/Debug-iphonesimulator -F/Users/shizihan/DailyUse/Github/InkMarkdown/.scratch/architecture-deepening-2026-09-07/evidence/20260907-1415-ticket-27/consumer/DerivedData-InkMarkdownSwiftUIConsumer/Build/Products/Debug-iphonesimulator/PackageFrameworks -F/Users/shizihan/DailyUse/Github/InkMarkdown/.scratch/architecture-deepening-2026-09-07/evidence/20260907-1415-ticket-27/consumer/DerivedData-InkMarkdownSwiftUIConsumer/Build/Products/Debug-iphonesimulator/PackageFrameworks -F/Users/shizihan/DailyUse/Github/InkMarkdown/.scratch/architecture-deepening-2026-09-07/evidence/20260907-1415-ticket-27/consumer/DerivedData-InkMarkdownSwiftUIConsumer/Build/Products/Debug-iphonesimulator/PackageFrameworks -F/Users/shizihan/DailyUse/Github/InkMarkdown/.scratch/architecture-deepening-2026-09-07/evidence/20260907-1415-ticket-27/consumer/DerivedData-InkMarkdownSwiftUIConsumer/Build/Products/Debug-iphonesimulator/PackageFrameworks -F/Users/shizihan/DailyUse/Github/InkMarkdown/.scratch/architecture-deepening-2026-09-07/evidence/20260907-1415-ticket-27/consumer/DerivedData-InkMarkdownSwiftUIConsumer/Build/Products/Debug-iphonesimulator/PackageFrameworks -F/Users/shizihan/DailyUse/Github/InkMarkdown/.scratch/architecture-deepening-2026-09-07/evidence/20260907-1415-ticket-27/consumer/DerivedData-InkMarkdownSwiftUIConsumer/Build/Products/Debug-iphonesimulator -iframework /Applications/Xcode.app/Contents/Developer/Platforms/iPhoneSimulator.platform/Developer/Library/Frameworks -iframework /Applications/Xcode.app/Contents/Developer/Platforms/iPhoneSimulator.platform/Developer/SDKs/iPhoneSimulator26.5.sdk/Developer/Library/Frameworks -filelist /Users/shizihan/DailyUse/Github/InkMarkdown/.scratch/architecture-deepening-2026-09-07/evidence/20260907-1415-ticket-27/consumer/DerivedData-InkMarkdownSwiftUIConsumer/Build/Intermediates.noindex/InkMarkdown.build/Debug-iphonesimulator/InkMarkdownSwiftUI.build/Objects-normal/arm64/InkMarkdownSwiftUI.LinkFileList -nostdlib -Xlinker -object_path_lto -Xlinker /Users/shizihan/DailyUse/Github/InkMarkdown/.scratch/architecture-deepening-2026-09-07/evidence/20260907-1415-ticket-27/consumer/DerivedData-InkMarkdownSwiftUIConsumer/Build/Intermediates.noindex/InkMarkdown.build/Debug-iphonesimulator/InkMarkdownSwiftUI.build/Objects-normal/arm64/InkMarkdownSwiftUI_lto.o -Xlinker -no_deduplicate -Xlinker -objc_abi_version -Xlinker 2 -Xlinker -dependency_info -Xlinker /Users/shizihan/DailyUse/Github/InkMarkdown/.scratch/architecture-deepening-2026-09-07/evidence/20260907-1415-ticket-27/consumer/DerivedData-InkMarkdownSwiftUIConsumer/Build/Intermediates.noindex/InkMarkdown.build/Debug-iphonesimulator/InkMarkdownSwiftUI.build/Objects-normal/arm64/InkMarkdownSwiftUI_dependency_info.dat -fobjc-link-runtime -L/Applications/Xcode.app/Contents/Developer/Toolchains/XcodeDefault.xctoolchain/usr/lib/swift/iphonesimulator -L/usr/lib/swift -Xlinker -add_ast_path -Xlinker /Users/shizihan/DailyUse/Github/InkMarkdown/.scratch/architecture-deepening-2026-09-07/evidence/20260907-1415-ticket-27/consumer/DerivedData-InkMarkdownSwiftUIConsumer/Build/Intermediates.noindex/InkMarkdown.build/Debug-iphonesimulator/InkMarkdownSwiftUI.build/Objects-normal/arm64/InkMarkdownSwiftUI.swiftmodule @/Users/shizihan/DailyUse/Github/InkMarkdown/.scratch/architecture-deepening-2026-09-07/evidence/20260907-1415-ticket-27/consumer/DerivedData-InkMarkdownSwiftUIConsumer/Build/Intermediates.noindex/InkMarkdown.build/Debug-iphonesimulator/InkMarkdownSwiftUI.build/Objects-normal/arm64/InkMarkdownSwiftUI-linker-args.resp -o /Users/shizihan/DailyUse/Github/InkMarkdown/.scratch/architecture-deepening-2026-09-07/evidence/20260907-1415-ticket-27/consumer/DerivedData-InkMarkdownSwiftUIConsumer/Build/Products/Debug-iphonesimulator/InkMarkdownSwiftUI.o

ExtractAppIntentsMetadata (in target 'InkMarkdownSwiftUI' from project 'InkMarkdown')
    cd /Users/shizihan/DailyUse/Github/InkMarkdown
    /Applications/Xcode.app/Contents/Developer/Toolchains/XcodeDefault.xctoolchain/usr/bin/appintentsmetadataprocessor --toolchain-dir /Applications/Xcode.app/Contents/Developer/Toolchains/XcodeDefault.xctoolchain --module-name InkMarkdownSwiftUI --sdk-root /Applications/Xcode.app/Contents/Developer/Platforms/iPhoneSimulator.platform/Developer/SDKs/iPhoneSimulator26.5.sdk --xcode-version 17F113 --platform-family iOS --deployment-target 15.0 --bundle-identifier inkmarkdown.InkMarkdownSwiftUI --output /Users/shizihan/DailyUse/Github/InkMarkdown/.scratch/architecture-deepening-2026-09-07/evidence/20260907-1415-ticket-27/consumer/DerivedData-InkMarkdownSwiftUIConsumer/Build/Products/Debug-iphonesimulator/InkMarkdownSwiftUI.appintents --target-triple arm64-apple-ios15.0-simulator --binary-file /Users/shizihan/DailyUse/Github/InkMarkdown/.scratch/architecture-deepening-2026-09-07/evidence/20260907-1415-ticket-27/consumer/DerivedData-InkMarkdownSwiftUIConsumer/Build/Products/Debug-iphonesimulator/InkMarkdownSwiftUI.o --dependency-file /Users/shizihan/DailyUse/Github/InkMarkdown/.scratch/architecture-deepening-2026-09-07/evidence/20260907-1415-ticket-27/consumer/DerivedData-InkMarkdownSwiftUIConsumer/Build/Intermediates.noindex/InkMarkdown.build/Debug-iphonesimulator/InkMarkdownSwiftUI.build/Objects-normal/arm64/InkMarkdownSwiftUI_dependency_info.dat --stringsdata-file /Users/shizihan/DailyUse/Github/InkMarkdown/.scratch/architecture-deepening-2026-09-07/evidence/20260907-1415-ticket-27/consumer/DerivedData-InkMarkdownSwiftUIConsumer/Build/Intermediates.noindex/InkMarkdown.build/Debug-iphonesimulator/InkMarkdownSwiftUI.build/Objects-normal/arm64/ExtractedAppShortcutsMetadata.stringsdata --source-file-list /Users/shizihan/DailyUse/Github/InkMarkdown/.scratch/architecture-deepening-2026-09-07/evidence/20260907-1415-ticket-27/consumer/DerivedData-InkMarkdownSwiftUIConsumer/Build/Intermediates.noindex/InkMarkdown.build/Debug-iphonesimulator/InkMarkdownSwiftUI.build/Objects-normal/arm64/InkMarkdownSwiftUI.SwiftFileList --metadata-file-list /Users/shizihan/DailyUse/Github/InkMarkdown/.scratch/architecture-deepening-2026-09-07/evidence/20260907-1415-ticket-27/consumer/DerivedData-InkMarkdownSwiftUIConsumer/Build/Intermediates.noindex/InkMarkdown.build/Debug-iphonesimulator/InkMarkdownSwiftUI.build/InkMarkdownSwiftUI.DependencyMetadataFileList --static-metadata-file-list /Users/shizihan/DailyUse/Github/InkMarkdown/.scratch/architecture-deepening-2026-09-07/evidence/20260907-1415-ticket-27/consumer/DerivedData-InkMarkdownSwiftUIConsumer/Build/Intermediates.noindex/InkMarkdown.build/Debug-iphonesimulator/InkMarkdownSwiftUI.build/InkMarkdownSwiftUI.DependencyStaticMetadataFileList --swift-const-vals-list /Users/shizihan/DailyUse/Github/InkMarkdown/.scratch/architecture-deepening-2026-09-07/evidence/20260907-1415-ticket-27/consumer/DerivedData-InkMarkdownSwiftUIConsumer/Build/Intermediates.noindex/InkMarkdown.build/Debug-iphonesimulator/InkMarkdownSwiftUI.build/Objects-normal/arm64/InkMarkdownSwiftUI.SwiftConstValuesFileList --force --compile-time-extraction --deployment-aware-processing --validate-assistant-intents --no-app-shortcuts-localization
2026-09-07 14:40:47.417 appintentsmetadataprocessor[87587:6068728] Starting appintentsmetadataprocessor export
2026-09-07 14:40:47.424 appintentsmetadataprocessor[87587:6068728] Extracted no relevant App Intents symbols, skipping writing output

RegisterExecutionPolicyException /Users/shizihan/DailyUse/Github/InkMarkdown/.scratch/architecture-deepening-2026-09-07/evidence/20260907-1415-ticket-27/consumer/DerivedData-InkMarkdownSwiftUIConsumer/Build/Products/Debug-iphonesimulator/InkMarkdownSwiftUI.o (in target 'InkMarkdownSwiftUI' from project 'InkMarkdown')
    cd /Users/shizihan/DailyUse/Github/InkMarkdown
    builtin-RegisterExecutionPolicyException /Users/shizihan/DailyUse/Github/InkMarkdown/.scratch/architecture-deepening-2026-09-07/evidence/20260907-1415-ticket-27/consumer/DerivedData-InkMarkdownSwiftUIConsumer/Build/Products/Debug-iphonesimulator/InkMarkdownSwiftUI.o

SwiftExplicitDependencyGeneratePcm arm64 /Users/shizihan/DailyUse/Github/InkMarkdown/.scratch/architecture-deepening-2026-09-07/evidence/20260907-1415-ticket-27/consumer/DerivedData-InkMarkdownSwiftUIConsumer/ModuleCache.noindex/_Builtin_inttypes-6HY854LEC94ILH9SFNM1ZCU52.pcm

SwiftExplicitDependencyGeneratePcm arm64 /Users/shizihan/DailyUse/Github/InkMarkdown/.scratch/architecture-deepening-2026-09-07/evidence/20260907-1415-ticket-27/consumer/DerivedData-InkMarkdownSwiftUIConsumer/Build/Intermediates.noindex/SwiftExplicitPrecompiledModules/cmark_gfm-TTS4NFCJJYWONONZVGE284ZQ.pcm

SwiftExplicitDependencyGeneratePcm arm64 /Users/shizihan/DailyUse/Github/InkMarkdown/.scratch/architecture-deepening-2026-09-07/evidence/20260907-1415-ticket-27/consumer/DerivedData-InkMarkdownSwiftUIConsumer/ModuleCache.noindex/Darwin-2B9HM3VFDXLLDNLUM925UO2AX.pcm

SwiftExplicitDependencyGeneratePcm arm64 /Users/shizihan/DailyUse/Github/InkMarkdown/.scratch/architecture-deepening-2026-09-07/evidence/20260907-1415-ticket-27/consumer/DerivedData-InkMarkdownSwiftUIConsumer/Build/Intermediates.noindex/SwiftExplicitPrecompiledModules/cmark_gfm_extensions-AIIH3WSJLF7H4VBGEILFL1V3O.pcm

SwiftExplicitDependencyGeneratePcm arm64 /Users/shizihan/DailyUse/Github/InkMarkdown/.scratch/architecture-deepening-2026-09-07/evidence/20260907-1415-ticket-27/consumer/DerivedData-InkMarkdownSwiftUIConsumer/ModuleCache.noindex/simd-C145S3ITZLY3E5YGUMONIH6OH.pcm

SwiftExplicitDependencyGeneratePcm arm64 /Users/shizihan/DailyUse/Github/InkMarkdown/.scratch/architecture-deepening-2026-09-07/evidence/20260907-1415-ticket-27/consumer/DerivedData-InkMarkdownSwiftUIConsumer/ModuleCache.noindex/MachO-4EUEBO2NU91XAU5MWVCUVN1PD.pcm

SwiftExplicitDependencyGeneratePcm arm64 /Users/shizihan/DailyUse/Github/InkMarkdown/.scratch/architecture-deepening-2026-09-07/evidence/20260907-1415-ticket-27/consumer/DerivedData-InkMarkdownSwiftUIConsumer/ModuleCache.noindex/ObjectiveC-EETU1W0ILIB8B47T044SV4TA1.pcm

SwiftExplicitDependencyGeneratePcm arm64 /Users/shizihan/DailyUse/Github/InkMarkdown/.scratch/architecture-deepening-2026-09-07/evidence/20260907-1415-ticket-27/consumer/DerivedData-InkMarkdownSwiftUIConsumer/ModuleCache.noindex/os_object-8GLTL871C1XREZEQ9FCWONI12.pcm

SwiftExplicitDependencyGeneratePcm arm64 /Users/shizihan/DailyUse/Github/InkMarkdown/.scratch/architecture-deepening-2026-09-07/evidence/20260907-1415-ticket-27/consumer/DerivedData-InkMarkdownSwiftUIConsumer/ModuleCache.noindex/Spatial-8ISYY50X2WKHL181Q96ML58R9.pcm

SwiftExplicitDependencyGeneratePcm arm64 /Users/shizihan/DailyUse/Github/InkMarkdown/.scratch/architecture-deepening-2026-09-07/evidence/20260907-1415-ticket-27/consumer/DerivedData-InkMarkdownSwiftUIConsumer/ModuleCache.noindex/os_workgroup-2AJGOLKJQ6TKWH1FAXBLMDX6V.pcm

SwiftExplicitDependencyGeneratePcm arm64 /Users/shizihan/DailyUse/Github/InkMarkdown/.scratch/architecture-deepening-2026-09-07/evidence/20260907-1415-ticket-27/consumer/DerivedData-InkMarkdownSwiftUIConsumer/ModuleCache.noindex/Dispatch-54TVXHV1GIJ7UB3KOFKEK0VKF.pcm

SwiftExplicitDependencyGeneratePcm arm64 /Users/shizihan/DailyUse/Github/InkMarkdown/.scratch/architecture-deepening-2026-09-07/evidence/20260907-1415-ticket-27/consumer/DerivedData-InkMarkdownSwiftUIConsumer/ModuleCache.noindex/CoreFoundation-2P9I0N7UPQVDX871JTLAUGN3R.pcm

SwiftExplicitDependencyGeneratePcm arm64 /Users/shizihan/DailyUse/Github/InkMarkdown/.scratch/architecture-deepening-2026-09-07/evidence/20260907-1415-ticket-27/consumer/DerivedData-InkMarkdownSwiftUIConsumer/ModuleCache.noindex/XPC-6QYMQI3DSOR5H819GKW0PG67E.pcm

SwiftExplicitDependencyGeneratePcm arm64 /Users/shizihan/DailyUse/Github/InkMarkdown/.scratch/architecture-deepening-2026-09-07/evidence/20260907-1415-ticket-27/consumer/DerivedData-InkMarkdownSwiftUIConsumer/ModuleCache.noindex/dnssd-6GC31P9CAMXGC5ADLSSHZAT37.pcm

SwiftExplicitDependencyGeneratePcm arm64 /Users/shizihan/DailyUse/Github/InkMarkdown/.scratch/architecture-deepening-2026-09-07/evidence/20260907-1415-ticket-27/consumer/DerivedData-InkMarkdownSwiftUIConsumer/ModuleCache.noindex/os-6B14B1WWE8V7TTWZ9NB4XTIQB.pcm

SwiftExplicitDependencyGeneratePcm arm64 /Users/shizihan/DailyUse/Github/InkMarkdown/.scratch/architecture-deepening-2026-09-07/evidence/20260907-1415-ticket-27/consumer/DerivedData-InkMarkdownSwiftUIConsumer/ModuleCache.noindex/CFNetwork-BAVQ220S2A94R9YBLRVTZDM2Q.pcm

SwiftExplicitDependencyGeneratePcm arm64 /Users/shizihan/DailyUse/Github/InkMarkdown/.scratch/architecture-deepening-2026-09-07/evidence/20260907-1415-ticket-27/consumer/DerivedData-InkMarkdownSwiftUIConsumer/ModuleCache.noindex/Security-AGJQQTYDREKL1MQW9O7HE1R8D.pcm

SwiftExplicitDependencyGeneratePcm arm64 /Users/shizihan/DailyUse/Github/InkMarkdown/.scratch/architecture-deepening-2026-09-07/evidence/20260907-1415-ticket-27/consumer/DerivedData-InkMarkdownSwiftUIConsumer/ModuleCache.noindex/CoreGraphics-3716MGEKWVQOD9C0NSZ50S9F5.pcm

SwiftExplicitDependencyGeneratePcm arm64 /Users/shizihan/DailyUse/Github/InkMarkdown/.scratch/architecture-deepening-2026-09-07/evidence/20260907-1415-ticket-27/consumer/DerivedData-InkMarkdownSwiftUIConsumer/ModuleCache.noindex/Foundation-79M2PX16O1PX6KSM92NW5I0BT.pcm

SwiftExplicitDependencyGeneratePcm arm64 /Users/shizihan/DailyUse/Github/InkMarkdown/.scratch/architecture-deepening-2026-09-07/evidence/20260907-1415-ticket-27/consumer/DerivedData-InkMarkdownSwiftUIConsumer/ModuleCache.noindex/ImageIO-6LE2Z5K8PLJQ3R13JZBH8PA0Z.pcm

SwiftExplicitDependencyGeneratePcm arm64 /Users/shizihan/DailyUse/Github/InkMarkdown/.scratch/architecture-deepening-2026-09-07/evidence/20260907-1415-ticket-27/consumer/DerivedData-InkMarkdownSwiftUIConsumer/ModuleCache.noindex/CoreText-DG6CMLJT0THCD679V7D57VHRA.pcm

SwiftExplicitDependencyGeneratePcm arm64 /Users/shizihan/DailyUse/Github/InkMarkdown/.scratch/architecture-deepening-2026-09-07/evidence/20260907-1415-ticket-27/consumer/DerivedData-InkMarkdownSwiftUIConsumer/ModuleCache.noindex/DataDetection-BONVW3RJEGE8D3TSARSQJFCPC.pcm

SwiftExplicitDependencyGeneratePcm arm64 /Users/shizihan/DailyUse/Github/InkMarkdown/.scratch/architecture-deepening-2026-09-07/evidence/20260907-1415-ticket-27/consumer/DerivedData-InkMarkdownSwiftUIConsumer/ModuleCache.noindex/CoreData-5KYT7ZLUKU56XMMSOJ97I91BW.pcm

SwiftExplicitDependencyGeneratePcm arm64 /Users/shizihan/DailyUse/Github/InkMarkdown/.scratch/architecture-deepening-2026-09-07/evidence/20260907-1415-ticket-27/consumer/DerivedData-InkMarkdownSwiftUIConsumer/ModuleCache.noindex/Symbols-7LM6HCOQGWKAHUTWDGHK63RLG.pcm

SwiftExplicitDependencyGeneratePcm arm64 /Users/shizihan/DailyUse/Github/InkMarkdown/.scratch/architecture-deepening-2026-09-07/evidence/20260907-1415-ticket-27/consumer/DerivedData-InkMarkdownSwiftUIConsumer/ModuleCache.noindex/IOSurface-5JGTY8GU5F5OYHCCG61HWZXIT.pcm

SwiftExplicitDependencyGeneratePcm arm64 /Users/shizihan/DailyUse/Github/InkMarkdown/.scratch/architecture-deepening-2026-09-07/evidence/20260907-1415-ticket-27/consumer/DerivedData-InkMarkdownSwiftUIConsumer/ModuleCache.noindex/UserNotifications-9978GYOLCY6FKW74F1K2DLAS8.pcm

SwiftExplicitDependencyGeneratePcm arm64 /Users/shizihan/DailyUse/Github/InkMarkdown/.scratch/architecture-deepening-2026-09-07/evidence/20260907-1415-ticket-27/consumer/DerivedData-InkMarkdownSwiftUIConsumer/ModuleCache.noindex/Network-BHR4YM8HU921KLYQII5R9L27D.pcm

SwiftExplicitDependencyGeneratePcm arm64 /Users/shizihan/DailyUse/Github/InkMarkdown/.scratch/architecture-deepening-2026-09-07/evidence/20260907-1415-ticket-27/consumer/DerivedData-InkMarkdownSwiftUIConsumer/ModuleCache.noindex/Accessibility-89VPNX3T7FEF0YFDH4LI67SMB.pcm

SwiftExplicitDependencyGeneratePcm arm64 /Users/shizihan/DailyUse/Github/InkMarkdown/.scratch/architecture-deepening-2026-09-07/evidence/20260907-1415-ticket-27/consumer/DerivedData-InkMarkdownSwiftUIConsumer/ModuleCache.noindex/FileProvider-E8226YXI7LPQKZUYJ28GQCSYM.pcm

SwiftExplicitDependencyGeneratePcm arm64 /Users/shizihan/DailyUse/Github/InkMarkdown/.scratch/architecture-deepening-2026-09-07/evidence/20260907-1415-ticket-27/consumer/DerivedData-InkMarkdownSwiftUIConsumer/ModuleCache.noindex/UniformTypeIdentifiers-EFNL8OAG5593T0DKMJ19P739Z.pcm

SwiftExplicitDependencyGeneratePcm arm64 /Users/shizihan/DailyUse/Github/InkMarkdown/.scratch/architecture-deepening-2026-09-07/evidence/20260907-1415-ticket-27/consumer/DerivedData-InkMarkdownSwiftUIConsumer/ModuleCache.noindex/UIUtilities-88LEZ6NUPLSG0NWT1LY4UYCLQ.pcm

SwiftExplicitDependencyGeneratePcm arm64 /Users/shizihan/DailyUse/Github/InkMarkdown/.scratch/architecture-deepening-2026-09-07/evidence/20260907-1415-ticket-27/consumer/DerivedData-InkMarkdownSwiftUIConsumer/ModuleCache.noindex/OpenGLES-C2DTL6BX6F26K6IA12IHCY3LK.pcm

SwiftExplicitDependencyGeneratePcm arm64 /Users/shizihan/DailyUse/Github/InkMarkdown/.scratch/architecture-deepening-2026-09-07/evidence/20260907-1415-ticket-27/consumer/DerivedData-InkMarkdownSwiftUIConsumer/ModuleCache.noindex/OSLog-D5Y76ON32KHYVTG2TU7A3OXY0.pcm

SwiftExplicitDependencyGeneratePcm arm64 /Users/shizihan/DailyUse/Github/InkMarkdown/.scratch/architecture-deepening-2026-09-07/evidence/20260907-1415-ticket-27/consumer/DerivedData-InkMarkdownSwiftUIConsumer/ModuleCache.noindex/CoreTransferable-DX3M9FU4D0VZFVAQJG772RNZX.pcm

SwiftExplicitDependencyGeneratePcm arm64 /Users/shizihan/DailyUse/Github/InkMarkdown/.scratch/architecture-deepening-2026-09-07/evidence/20260907-1415-ticket-27/consumer/DerivedData-InkMarkdownSwiftUIConsumer/ModuleCache.noindex/LocalAuthentication-F4RDBYWOKM1PFSMV6GADH7IP9.pcm

SwiftExplicitDependencyGeneratePcm arm64 /Users/shizihan/DailyUse/Github/InkMarkdown/.scratch/architecture-deepening-2026-09-07/evidence/20260907-1415-ticket-27/consumer/DerivedData-InkMarkdownSwiftUIConsumer/ModuleCache.noindex/Metal-E7YNA7XJUE7UDV6E1AUGYYD2Y.pcm

SwiftExplicitDependencyGeneratePcm arm64 /Users/shizihan/DailyUse/Github/InkMarkdown/.scratch/architecture-deepening-2026-09-07/evidence/20260907-1415-ticket-27/consumer/DerivedData-InkMarkdownSwiftUIConsumer/ModuleCache.noindex/CoreVideo-BYZVKNN3NP4FE6YFAXAKKMJQ6.pcm

SwiftExplicitDependencyGeneratePcm arm64 /Users/shizihan/DailyUse/Github/InkMarkdown/.scratch/architecture-deepening-2026-09-07/evidence/20260907-1415-ticket-27/consumer/DerivedData-InkMarkdownSwiftUIConsumer/ModuleCache.noindex/CoreImage-315NA8W41TZGFMHM1XJR4BMY3.pcm

SwiftExplicitDependencyGeneratePcm arm64 /Users/shizihan/DailyUse/Github/InkMarkdown/.scratch/architecture-deepening-2026-09-07/evidence/20260907-1415-ticket-27/consumer/DerivedData-InkMarkdownSwiftUIConsumer/ModuleCache.noindex/QuartzCore-83M7E3SWEYQY1DXCR8YFP2LV0.pcm

SwiftExplicitDependencyGeneratePcm arm64 /Users/shizihan/DailyUse/Github/InkMarkdown/.scratch/architecture-deepening-2026-09-07/evidence/20260907-1415-ticket-27/consumer/DerivedData-InkMarkdownSwiftUIConsumer/ModuleCache.noindex/SwiftUICore-BGDEMHLVB4EK797R0DFBYPAXJ.pcm

SwiftExplicitDependencyGeneratePcm arm64 /Users/shizihan/DailyUse/Github/InkMarkdown/.scratch/architecture-deepening-2026-09-07/evidence/20260907-1415-ticket-27/consumer/DerivedData-InkMarkdownSwiftUIConsumer/ModuleCache.noindex/UIKit-2CWW17EWPP7REJ47AOTF11S41.pcm

SwiftExplicitDependencyGeneratePcm arm64 /Users/shizihan/DailyUse/Github/InkMarkdown/.scratch/architecture-deepening-2026-09-07/evidence/20260907-1415-ticket-27/consumer/DerivedData-InkMarkdownSwiftUIConsumer/ModuleCache.noindex/WebKit-A4U4YWCG7STH1RP3U99Y135DJ.pcm

SwiftExplicitDependencyGeneratePcm arm64 /Users/shizihan/DailyUse/Github/InkMarkdown/.scratch/architecture-deepening-2026-09-07/evidence/20260907-1415-ticket-27/consumer/DerivedData-InkMarkdownSwiftUIConsumer/ModuleCache.noindex/SwiftUI-EJ76S1V0CXKI5HQV0JN4FF5MA.pcm

SwiftEmitModule normal arm64 Emitting\ module\ for\ InkMarkdownSwiftUIConsumer (in target 'InkMarkdownSwiftUIConsumer' from project 'InkMarkdownConsumerSmoke')

SwiftCompile normal arm64 /Users/shizihan/DailyUse/Github/InkMarkdown/.github/fixtures/consumer-smoke/Sources/InkMarkdownSwiftUIConsumer/SwiftUIConsumer.swift (in target 'InkMarkdownSwiftUIConsumer' from project 'InkMarkdownConsumerSmoke')
    cd /Users/shizihan/DailyUse/Github/InkMarkdown/.github/fixtures/consumer-smoke/.swiftpm/xcode
    

SwiftCompile normal arm64 Compiling\ SwiftUIConsumer.swift /Users/shizihan/DailyUse/Github/InkMarkdown/.github/fixtures/consumer-smoke/Sources/InkMarkdownSwiftUIConsumer/SwiftUIConsumer.swift (in target 'InkMarkdownSwiftUIConsumer' from project 'InkMarkdownConsumerSmoke')
SwiftCompile normal arm64 /Users/shizihan/DailyUse/Github/InkMarkdown/.github/fixtures/consumer-smoke/Sources/InkMarkdownSwiftUIConsumer/SwiftUIConsumer.swift (in target 'InkMarkdownSwiftUIConsumer' from project 'InkMarkdownConsumerSmoke')
    cd /Users/shizihan/DailyUse/Github/InkMarkdown/.github/fixtures/consumer-smoke/.swiftpm/xcode
    

SwiftDriverJobDiscovery normal arm64 Emitting module for InkMarkdownSwiftUIConsumer (in target 'InkMarkdownSwiftUIConsumer' from project 'InkMarkdownConsumerSmoke')

SwiftDriver\ Compilation\ Requirements InkMarkdownSwiftUIConsumer normal arm64 com.apple.xcode.tools.swift.compiler (in target 'InkMarkdownSwiftUIConsumer' from project 'InkMarkdownConsumerSmoke')
    cd /Users/shizihan/DailyUse/Github/InkMarkdown/.github/fixtures/consumer-smoke/.swiftpm/xcode
    builtin-Swift-Compilation-Requirements -- /Applications/Xcode.app/Contents/Developer/Toolchains/XcodeDefault.xctoolchain/usr/bin/swiftc -module-name InkMarkdownSwiftUIConsumer -Onone @/Users/shizihan/DailyUse/Github/InkMarkdown/.scratch/architecture-deepening-2026-09-07/evidence/20260907-1415-ticket-27/consumer/DerivedData-InkMarkdownSwiftUIConsumer/Build/Intermediates.noindex/InkMarkdownConsumerSmoke.build/Debug-iphonesimulator/InkMarkdownSwiftUIConsumer.build/Objects-normal/arm64/InkMarkdownSwiftUIConsumer.SwiftFileList -DSWIFT_PACKAGE -DDEBUG -DSWIFT_MODULE_RESOURCE_BUNDLE_UNAVAILABLE -DXcode -plugin-path /Applications/Xcode.app/Contents/Developer/Toolchains/XcodeDefault.xctoolchain/usr/lib/swift/host/plugins/testing -enable-experimental-feature DebugDescriptionMacro -sdk /Applications/Xcode.app/Contents/Developer/Platforms/iPhoneSimulator.platform/Developer/SDKs/iPhoneSimulator26.5.sdk -target arm64-apple-ios15.0-simulator -g -module-cache-path /Users/shizihan/DailyUse/Github/InkMarkdown/.scratch/architecture-deepening-2026-09-07/evidence/20260907-1415-ticket-27/consumer/DerivedData-InkMarkdownSwiftUIConsumer/ModuleCache.noindex -Xfrontend -serialize-debugging-options -enable-testing -index-store-path /Users/shizihan/DailyUse/Github/InkMarkdown/.scratch/architecture-deepening-2026-09-07/evidence/20260907-1415-ticket-27/consumer/DerivedData-InkMarkdownSwiftUIConsumer/Index.noindex/DataStore -Xcc -D_LIBCPP_HARDENING_MODE\=_LIBCPP_HARDENING_MODE_DEBUG -swift-version 6 -I /Users/shizihan/DailyUse/Github/InkMarkdown/.scratch/architecture-deepening-2026-09-07/evidence/20260907-1415-ticket-27/consumer/DerivedData-InkMarkdownSwiftUIConsumer/Build/Products/Debug-iphonesimulator -Isystem /Applications/Xcode.app/Contents/Developer/Platforms/iPhoneSimulator.platform/Developer/usr/lib -F /Users/shizihan/DailyUse/Github/InkMarkdown/.scratch/architecture-deepening-2026-09-07/evidence/20260907-1415-ticket-27/consumer/DerivedData-InkMarkdownSwiftUIConsumer/Build/Products/Debug-iphonesimulator/PackageFrameworks -F /Users/shizihan/DailyUse/Github/InkMarkdown/.scratch/architecture-deepening-2026-09-07/evidence/20260907-1415-ticket-27/consumer/DerivedData-InkMarkdownSwiftUIConsumer/Build/Products/Debug-iphonesimulator/PackageFrameworks -F /Users/shizihan/DailyUse/Github/InkMarkdown/.scratch/architecture-deepening-2026-09-07/evidence/20260907-1415-ticket-27/consumer/DerivedData-InkMarkdownSwiftUIConsumer/Build/Products/Debug-iphonesimulator/PackageFrameworks -F /Users/shizihan/DailyUse/Github/InkMarkdown/.scratch/architecture-deepening-2026-09-07/evidence/20260907-1415-ticket-27/consumer/DerivedData-InkMarkdownSwiftUIConsumer/Build/Products/Debug-iphonesimulator/PackageFrameworks -F /Users/shizihan/DailyUse/Github/InkMarkdown/.scratch/architecture-deepening-2026-09-07/evidence/20260907-1415-ticket-27/consumer/DerivedData-InkMarkdownSwiftUIConsumer/Build/Products/Debug-iphonesimulator/PackageFrameworks -F /Users/shizihan/DailyUse/Github/InkMarkdown/.scratch/architecture-deepening-2026-09-07/evidence/20260907-1415-ticket-27/consumer/DerivedData-InkMarkdownSwiftUIConsumer/Build/Products/Debug-iphonesimulator/PackageFrameworks -F /Users/shizihan/DailyUse/Github/InkMarkdown/.scratch/architecture-deepening-2026-09-07/evidence/20260907-1415-ticket-27/consumer/DerivedData-InkMarkdownSwiftUIConsumer/Build/Products/Debug-iphonesimulator -F /Applications/Xcode.app/Contents/Developer/Platforms/iPhoneSimulator.platform/Developer/Library/Frameworks -F /Applications/Xcode.app/Contents/Developer/Platforms/iPhoneSimulator.platform/Developer/SDKs/iPhoneSimulator26.5.sdk/Developer/Library/Frameworks -parse-as-library -c -j10 -enable-batch-mode -incremental -Xcc -ivfsstatcache -Xcc /Users/shizihan/DailyUse/Github/InkMarkdown/.scratch/architecture-deepening-2026-09-07/evidence/20260907-1415-ticket-27/consumer/DerivedData-InkMarkdownSwiftUIConsumer/SDKStatCaches.noindex/iphonesimulator26.5-23F81a-6cfe768891a92b912361537c460fe42b.sdkstatcache -output-file-map /Users/shizihan/DailyUse/Github/InkMarkdown/.scratch/architecture-deepening-2026-09-07/evidence/20260907-1415-ticket-27/consumer/DerivedData-InkMarkdownSwiftUIConsumer/Build/Intermediates.noindex/InkMarkdownConsumerSmoke.build/Debug-iphonesimulator/InkMarkdownSwiftUIConsumer.build/Objects-normal/arm64/InkMarkdownSwiftUIConsumer-OutputFileMap.json -use-frontend-parseable-output -save-temps -no-color-diagnostics -explicit-module-build -module-cache-path /Users/shizihan/DailyUse/Github/InkMarkdown/.scratch/architecture-deepening-2026-09-07/evidence/20260907-1415-ticket-27/consumer/DerivedData-InkMarkdownSwiftUIConsumer/Build/Intermediates.noindex/SwiftExplicitPrecompiledModules -clang-scanner-module-cache-path /Users/shizihan/DailyUse/Github/InkMarkdown/.scratch/architecture-deepening-2026-09-07/evidence/20260907-1415-ticket-27/consumer/DerivedData-InkMarkdownSwiftUIConsumer/ModuleCache.noindex -sdk-module-cache-path /Users/shizihan/DailyUse/Github/InkMarkdown/.scratch/architecture-deepening-2026-09-07/evidence/20260907-1415-ticket-27/consumer/DerivedData-InkMarkdownSwiftUIConsumer/ModuleCache.noindex -serialize-diagnostics -emit-dependencies -emit-module -emit-module-path /Users/shizihan/DailyUse/Github/InkMarkdown/.scratch/architecture-deepening-2026-09-07/evidence/20260907-1415-ticket-27/consumer/DerivedData-InkMarkdownSwiftUIConsumer/Build/Intermediates.noindex/InkMarkdownConsumerSmoke.build/Debug-iphonesimulator/InkMarkdownSwiftUIConsumer.build/Objects-normal/arm64/InkMarkdownSwiftUIConsumer.swiftmodule -validate-clang-modules-once -clang-build-session-file /Users/shizihan/DailyUse/Github/InkMarkdown/.scratch/architecture-deepening-2026-09-07/evidence/20260907-1415-ticket-27/consumer/DerivedData-InkMarkdownSwiftUIConsumer/ModuleCache.noindex/Session.modulevalidation -package-name consumer_smoke -Xcc -I/Users/shizihan/DailyUse/Github/InkMarkdown/.scratch/architecture-deepening-2026-09-07/evidence/20260907-1415-ticket-27/consumer/DerivedData-InkMarkdownSwiftUIConsumer/Build/Intermediates.noindex/InkMarkdownConsumerSmoke.build/Debug-iphonesimulator/InkMarkdownSwiftUIConsumer.build/swift-overrides.hmap -emit-const-values -Xfrontend -const-gather-protocols-file -Xfrontend /Users/shizihan/DailyUse/Github/InkMarkdown/.scratch/architecture-deepening-2026-09-07/evidence/20260907-1415-ticket-27/consumer/DerivedData-InkMarkdownSwiftUIConsumer/Build/Intermediates.noindex/InkMarkdownConsumerSmoke.build/Debug-iphonesimulator/InkMarkdownSwiftUIConsumer.build/Objects-normal/arm64/InkMarkdownSwiftUIConsumer_const_extract_protocols.json -Xcc -I/Users/shizihan/DailyUse/Github/InkMarkdown/Packages/Caches/swift-cmark/src/include -Xcc -I/Users/shizihan/DailyUse/Github/InkMarkdown/Packages/Caches/swift-cmark/extensions/include -Xcc -I/Users/shizihan/DailyUse/Github/InkMarkdown/Packages/Caches/swift-markdown/Sources/CAtomic/include -Xcc -I/Users/shizihan/DailyUse/Github/InkMarkdown/.scratch/architecture-deepening-2026-09-07/evidence/20260907-1415-ticket-27/consumer/DerivedData-InkMarkdownSwiftUIConsumer/Build/Products/Debug-iphonesimulator/include -Xcc -I/Users/shizihan/DailyUse/Github/InkMarkdown/.scratch/architecture-deepening-2026-09-07/evidence/20260907-1415-ticket-27/consumer/DerivedData-InkMarkdownSwiftUIConsumer/Build/Intermediates.noindex/InkMarkdownConsumerSmoke.build/Debug-iphonesimulator/InkMarkdownSwiftUIConsumer.build/DerivedSources-normal/arm64 -Xcc -I/Users/shizihan/DailyUse/Github/InkMarkdown/.scratch/architecture-deepening-2026-09-07/evidence/20260907-1415-ticket-27/consumer/DerivedData-InkMarkdownSwiftUIConsumer/Build/Intermediates.noindex/InkMarkdownConsumerSmoke.build/Debug-iphonesimulator/InkMarkdownSwiftUIConsumer.build/DerivedSources/arm64 -Xcc -I/Users/shizihan/DailyUse/Github/InkMarkdown/.scratch/architecture-deepening-2026-09-07/evidence/20260907-1415-ticket-27/consumer/DerivedData-InkMarkdownSwiftUIConsumer/Build/Intermediates.noindex/InkMarkdownConsumerSmoke.build/Debug-iphonesimulator/InkMarkdownSwiftUIConsumer.build/DerivedSources -Xcc -DSWIFT_PACKAGE -Xcc -DDEBUG\=1 -emit-objc-header -emit-objc-header-path /Users/shizihan/DailyUse/Github/InkMarkdown/.scratch/architecture-deepening-2026-09-07/evidence/20260907-1415-ticket-27/consumer/DerivedData-InkMarkdownSwiftUIConsumer/Build/Intermediates.noindex/InkMarkdownConsumerSmoke.build/Debug-iphonesimulator/InkMarkdownSwiftUIConsumer.build/Objects-normal/arm64/InkMarkdownSwiftUIConsumer-Swift.h -working-directory /Users/shizihan/DailyUse/Github/InkMarkdown/.github/fixtures/consumer-smoke/.swiftpm/xcode -experimental-emit-module-separately -disable-cmo

SwiftMergeGeneratedHeaders /Users/shizihan/DailyUse/Github/InkMarkdown/.scratch/architecture-deepening-2026-09-07/evidence/20260907-1415-ticket-27/consumer/DerivedData-InkMarkdownSwiftUIConsumer/Build/Intermediates.noindex/GeneratedModuleMaps-iphonesimulator/InkMarkdownSwiftUIConsumer-Swift.h /Users/shizihan/DailyUse/Github/InkMarkdown/.scratch/architecture-deepening-2026-09-07/evidence/20260907-1415-ticket-27/consumer/DerivedData-InkMarkdownSwiftUIConsumer/Build/Intermediates.noindex/InkMarkdownConsumerSmoke.build/Debug-iphonesimulator/InkMarkdownSwiftUIConsumer.build/Objects-normal/arm64/InkMarkdownSwiftUIConsumer-Swift.h (in target 'InkMarkdownSwiftUIConsumer' from project 'InkMarkdownConsumerSmoke')
    cd /Users/shizihan/DailyUse/Github/InkMarkdown/.github/fixtures/consumer-smoke
    builtin-swiftHeaderTool -arch arm64 /Users/shizihan/DailyUse/Github/InkMarkdown/.scratch/architecture-deepening-2026-09-07/evidence/20260907-1415-ticket-27/consumer/DerivedData-InkMarkdownSwiftUIConsumer/Build/Intermediates.noindex/InkMarkdownConsumerSmoke.build/Debug-iphonesimulator/InkMarkdownSwiftUIConsumer.build/Objects-normal/arm64/InkMarkdownSwiftUIConsumer-Swift.h -o /Users/shizihan/DailyUse/Github/InkMarkdown/.scratch/architecture-deepening-2026-09-07/evidence/20260907-1415-ticket-27/consumer/DerivedData-InkMarkdownSwiftUIConsumer/Build/Intermediates.noindex/GeneratedModuleMaps-iphonesimulator/InkMarkdownSwiftUIConsumer-Swift.h

Copy /Users/shizihan/DailyUse/Github/InkMarkdown/.scratch/architecture-deepening-2026-09-07/evidence/20260907-1415-ticket-27/consumer/DerivedData-InkMarkdownSwiftUIConsumer/Build/Products/Debug-iphonesimulator/InkMarkdownSwiftUIConsumer.swiftmodule/arm64-apple-ios-simulator.swiftmodule /Users/shizihan/DailyUse/Github/InkMarkdown/.scratch/architecture-deepening-2026-09-07/evidence/20260907-1415-ticket-27/consumer/DerivedData-InkMarkdownSwiftUIConsumer/Build/Intermediates.noindex/InkMarkdownConsumerSmoke.build/Debug-iphonesimulator/InkMarkdownSwiftUIConsumer.build/Objects-normal/arm64/InkMarkdownSwiftUIConsumer.swiftmodule (in target 'InkMarkdownSwiftUIConsumer' from project 'InkMarkdownConsumerSmoke')
    cd /Users/shizihan/DailyUse/Github/InkMarkdown/.github/fixtures/consumer-smoke
    builtin-copy -exclude .DS_Store -exclude CVS -exclude .svn -exclude .git -exclude .hg -resolve-src-symlinks -rename /Users/shizihan/DailyUse/Github/InkMarkdown/.scratch/architecture-deepening-2026-09-07/evidence/20260907-1415-ticket-27/consumer/DerivedData-InkMarkdownSwiftUIConsumer/Build/Intermediates.noindex/InkMarkdownConsumerSmoke.build/Debug-iphonesimulator/InkMarkdownSwiftUIConsumer.build/Objects-normal/arm64/InkMarkdownSwiftUIConsumer.swiftmodule /Users/shizihan/DailyUse/Github/InkMarkdown/.scratch/architecture-deepening-2026-09-07/evidence/20260907-1415-ticket-27/consumer/DerivedData-InkMarkdownSwiftUIConsumer/Build/Products/Debug-iphonesimulator/InkMarkdownSwiftUIConsumer.swiftmodule/arm64-apple-ios-simulator.swiftmodule

Copy /Users/shizihan/DailyUse/Github/InkMarkdown/.scratch/architecture-deepening-2026-09-07/evidence/20260907-1415-ticket-27/consumer/DerivedData-InkMarkdownSwiftUIConsumer/Build/Products/Debug-iphonesimulator/InkMarkdownSwiftUIConsumer.swiftmodule/arm64-apple-ios-simulator.abi.json /Users/shizihan/DailyUse/Github/InkMarkdown/.scratch/architecture-deepening-2026-09-07/evidence/20260907-1415-ticket-27/consumer/DerivedData-InkMarkdownSwiftUIConsumer/Build/Intermediates.noindex/InkMarkdownConsumerSmoke.build/Debug-iphonesimulator/InkMarkdownSwiftUIConsumer.build/Objects-normal/arm64/InkMarkdownSwiftUIConsumer.abi.json (in target 'InkMarkdownSwiftUIConsumer' from project 'InkMarkdownConsumerSmoke')
    cd /Users/shizihan/DailyUse/Github/InkMarkdown/.github/fixtures/consumer-smoke
    builtin-copy -exclude .DS_Store -exclude CVS -exclude .svn -exclude .git -exclude .hg -resolve-src-symlinks -rename /Users/shizihan/DailyUse/Github/InkMarkdown/.scratch/architecture-deepening-2026-09-07/evidence/20260907-1415-ticket-27/consumer/DerivedData-InkMarkdownSwiftUIConsumer/Build/Intermediates.noindex/InkMarkdownConsumerSmoke.build/Debug-iphonesimulator/InkMarkdownSwiftUIConsumer.build/Objects-normal/arm64/InkMarkdownSwiftUIConsumer.abi.json /Users/shizihan/DailyUse/Github/InkMarkdown/.scratch/architecture-deepening-2026-09-07/evidence/20260907-1415-ticket-27/consumer/DerivedData-InkMarkdownSwiftUIConsumer/Build/Products/Debug-iphonesimulator/InkMarkdownSwiftUIConsumer.swiftmodule/arm64-apple-ios-simulator.abi.json

Copy /Users/shizihan/DailyUse/Github/InkMarkdown/.scratch/architecture-deepening-2026-09-07/evidence/20260907-1415-ticket-27/consumer/DerivedData-InkMarkdownSwiftUIConsumer/Build/Products/Debug-iphonesimulator/InkMarkdownSwiftUIConsumer.swiftmodule/arm64-apple-ios-simulator.swiftdoc /Users/shizihan/DailyUse/Github/InkMarkdown/.scratch/architecture-deepening-2026-09-07/evidence/20260907-1415-ticket-27/consumer/DerivedData-InkMarkdownSwiftUIConsumer/Build/Intermediates.noindex/InkMarkdownConsumerSmoke.build/Debug-iphonesimulator/InkMarkdownSwiftUIConsumer.build/Objects-normal/arm64/InkMarkdownSwiftUIConsumer.swiftdoc (in target 'InkMarkdownSwiftUIConsumer' from project 'InkMarkdownConsumerSmoke')
    cd /Users/shizihan/DailyUse/Github/InkMarkdown/.github/fixtures/consumer-smoke
    builtin-copy -exclude .DS_Store -exclude CVS -exclude .svn -exclude .git -exclude .hg -resolve-src-symlinks -rename /Users/shizihan/DailyUse/Github/InkMarkdown/.scratch/architecture-deepening-2026-09-07/evidence/20260907-1415-ticket-27/consumer/DerivedData-InkMarkdownSwiftUIConsumer/Build/Intermediates.noindex/InkMarkdownConsumerSmoke.build/Debug-iphonesimulator/InkMarkdownSwiftUIConsumer.build/Objects-normal/arm64/InkMarkdownSwiftUIConsumer.swiftdoc /Users/shizihan/DailyUse/Github/InkMarkdown/.scratch/architecture-deepening-2026-09-07/evidence/20260907-1415-ticket-27/consumer/DerivedData-InkMarkdownSwiftUIConsumer/Build/Products/Debug-iphonesimulator/InkMarkdownSwiftUIConsumer.swiftmodule/arm64-apple-ios-simulator.swiftdoc

Copy /Users/shizihan/DailyUse/Github/InkMarkdown/.scratch/architecture-deepening-2026-09-07/evidence/20260907-1415-ticket-27/consumer/DerivedData-InkMarkdownSwiftUIConsumer/Build/Products/Debug-iphonesimulator/InkMarkdownSwiftUIConsumer.swiftmodule/Project/arm64-apple-ios-simulator.swiftsourceinfo /Users/shizihan/DailyUse/Github/InkMarkdown/.scratch/architecture-deepening-2026-09-07/evidence/20260907-1415-ticket-27/consumer/DerivedData-InkMarkdownSwiftUIConsumer/Build/Intermediates.noindex/InkMarkdownConsumerSmoke.build/Debug-iphonesimulator/InkMarkdownSwiftUIConsumer.build/Objects-normal/arm64/InkMarkdownSwiftUIConsumer.swiftsourceinfo (in target 'InkMarkdownSwiftUIConsumer' from project 'InkMarkdownConsumerSmoke')
    cd /Users/shizihan/DailyUse/Github/InkMarkdown/.github/fixtures/consumer-smoke
    builtin-copy -exclude .DS_Store -exclude CVS -exclude .svn -exclude .git -exclude .hg -resolve-src-symlinks -rename /Users/shizihan/DailyUse/Github/InkMarkdown/.scratch/architecture-deepening-2026-09-07/evidence/20260907-1415-ticket-27/consumer/DerivedData-InkMarkdownSwiftUIConsumer/Build/Intermediates.noindex/InkMarkdownConsumerSmoke.build/Debug-iphonesimulator/InkMarkdownSwiftUIConsumer.build/Objects-normal/arm64/InkMarkdownSwiftUIConsumer.swiftsourceinfo /Users/shizihan/DailyUse/Github/InkMarkdown/.scratch/architecture-deepening-2026-09-07/evidence/20260907-1415-ticket-27/consumer/DerivedData-InkMarkdownSwiftUIConsumer/Build/Products/Debug-iphonesimulator/InkMarkdownSwiftUIConsumer.swiftmodule/Project/arm64-apple-ios-simulator.swiftsourceinfo

SwiftDriverJobDiscovery normal arm64 Compiling SwiftUIConsumer.swift (in target 'InkMarkdownSwiftUIConsumer' from project 'InkMarkdownConsumerSmoke')

SwiftDriver\ Compilation InkMarkdownSwiftUIConsumer normal arm64 com.apple.xcode.tools.swift.compiler (in target 'InkMarkdownSwiftUIConsumer' from project 'InkMarkdownConsumerSmoke')
    cd /Users/shizihan/DailyUse/Github/InkMarkdown/.github/fixtures/consumer-smoke/.swiftpm/xcode
    builtin-Swift-Compilation -- /Applications/Xcode.app/Contents/Developer/Toolchains/XcodeDefault.xctoolchain/usr/bin/swiftc -module-name InkMarkdownSwiftUIConsumer -Onone @/Users/shizihan/DailyUse/Github/InkMarkdown/.scratch/architecture-deepening-2026-09-07/evidence/20260907-1415-ticket-27/consumer/DerivedData-InkMarkdownSwiftUIConsumer/Build/Intermediates.noindex/InkMarkdownConsumerSmoke.build/Debug-iphonesimulator/InkMarkdownSwiftUIConsumer.build/Objects-normal/arm64/InkMarkdownSwiftUIConsumer.SwiftFileList -DSWIFT_PACKAGE -DDEBUG -DSWIFT_MODULE_RESOURCE_BUNDLE_UNAVAILABLE -DXcode -plugin-path /Applications/Xcode.app/Contents/Developer/Toolchains/XcodeDefault.xctoolchain/usr/lib/swift/host/plugins/testing -enable-experimental-feature DebugDescriptionMacro -sdk /Applications/Xcode.app/Contents/Developer/Platforms/iPhoneSimulator.platform/Developer/SDKs/iPhoneSimulator26.5.sdk -target arm64-apple-ios15.0-simulator -g -module-cache-path /Users/shizihan/DailyUse/Github/InkMarkdown/.scratch/architecture-deepening-2026-09-07/evidence/20260907-1415-ticket-27/consumer/DerivedData-InkMarkdownSwiftUIConsumer/ModuleCache.noindex -Xfrontend -serialize-debugging-options -enable-testing -index-store-path /Users/shizihan/DailyUse/Github/InkMarkdown/.scratch/architecture-deepening-2026-09-07/evidence/20260907-1415-ticket-27/consumer/DerivedData-InkMarkdownSwiftUIConsumer/Index.noindex/DataStore -Xcc -D_LIBCPP_HARDENING_MODE\=_LIBCPP_HARDENING_MODE_DEBUG -swift-version 6 -I /Users/shizihan/DailyUse/Github/InkMarkdown/.scratch/architecture-deepening-2026-09-07/evidence/20260907-1415-ticket-27/consumer/DerivedData-InkMarkdownSwiftUIConsumer/Build/Products/Debug-iphonesimulator -Isystem /Applications/Xcode.app/Contents/Developer/Platforms/iPhoneSimulator.platform/Developer/usr/lib -F /Users/shizihan/DailyUse/Github/InkMarkdown/.scratch/architecture-deepening-2026-09-07/evidence/20260907-1415-ticket-27/consumer/DerivedData-InkMarkdownSwiftUIConsumer/Build/Products/Debug-iphonesimulator/PackageFrameworks -F /Users/shizihan/DailyUse/Github/InkMarkdown/.scratch/architecture-deepening-2026-09-07/evidence/20260907-1415-ticket-27/consumer/DerivedData-InkMarkdownSwiftUIConsumer/Build/Products/Debug-iphonesimulator/PackageFrameworks -F /Users/shizihan/DailyUse/Github/InkMarkdown/.scratch/architecture-deepening-2026-09-07/evidence/20260907-1415-ticket-27/consumer/DerivedData-InkMarkdownSwiftUIConsumer/Build/Products/Debug-iphonesimulator/PackageFrameworks -F /Users/shizihan/DailyUse/Github/InkMarkdown/.scratch/architecture-deepening-2026-09-07/evidence/20260907-1415-ticket-27/consumer/DerivedData-InkMarkdownSwiftUIConsumer/Build/Products/Debug-iphonesimulator/PackageFrameworks -F /Users/shizihan/DailyUse/Github/InkMarkdown/.scratch/architecture-deepening-2026-09-07/evidence/20260907-1415-ticket-27/consumer/DerivedData-InkMarkdownSwiftUIConsumer/Build/Products/Debug-iphonesimulator/PackageFrameworks -F /Users/shizihan/DailyUse/Github/InkMarkdown/.scratch/architecture-deepening-2026-09-07/evidence/20260907-1415-ticket-27/consumer/DerivedData-InkMarkdownSwiftUIConsumer/Build/Products/Debug-iphonesimulator/PackageFrameworks -F /Users/shizihan/DailyUse/Github/InkMarkdown/.scratch/architecture-deepening-2026-09-07/evidence/20260907-1415-ticket-27/consumer/DerivedData-InkMarkdownSwiftUIConsumer/Build/Products/Debug-iphonesimulator -F /Applications/Xcode.app/Contents/Developer/Platforms/iPhoneSimulator.platform/Developer/Library/Frameworks -F /Applications/Xcode.app/Contents/Developer/Platforms/iPhoneSimulator.platform/Developer/SDKs/iPhoneSimulator26.5.sdk/Developer/Library/Frameworks -parse-as-library -c -j10 -enable-batch-mode -incremental -Xcc -ivfsstatcache -Xcc /Users/shizihan/DailyUse/Github/InkMarkdown/.scratch/architecture-deepening-2026-09-07/evidence/20260907-1415-ticket-27/consumer/DerivedData-InkMarkdownSwiftUIConsumer/SDKStatCaches.noindex/iphonesimulator26.5-23F81a-6cfe768891a92b912361537c460fe42b.sdkstatcache -output-file-map /Users/shizihan/DailyUse/Github/InkMarkdown/.scratch/architecture-deepening-2026-09-07/evidence/20260907-1415-ticket-27/consumer/DerivedData-InkMarkdownSwiftUIConsumer/Build/Intermediates.noindex/InkMarkdownConsumerSmoke.build/Debug-iphonesimulator/InkMarkdownSwiftUIConsumer.build/Objects-normal/arm64/InkMarkdownSwiftUIConsumer-OutputFileMap.json -use-frontend-parseable-output -save-temps -no-color-diagnostics -explicit-module-build -module-cache-path /Users/shizihan/DailyUse/Github/InkMarkdown/.scratch/architecture-deepening-2026-09-07/evidence/20260907-1415-ticket-27/consumer/DerivedData-InkMarkdownSwiftUIConsumer/Build/Intermediates.noindex/SwiftExplicitPrecompiledModules -clang-scanner-module-cache-path /Users/shizihan/DailyUse/Github/InkMarkdown/.scratch/architecture-deepening-2026-09-07/evidence/20260907-1415-ticket-27/consumer/DerivedData-InkMarkdownSwiftUIConsumer/ModuleCache.noindex -sdk-module-cache-path /Users/shizihan/DailyUse/Github/InkMarkdown/.scratch/architecture-deepening-2026-09-07/evidence/20260907-1415-ticket-27/consumer/DerivedData-InkMarkdownSwiftUIConsumer/ModuleCache.noindex -serialize-diagnostics -emit-dependencies -emit-module -emit-module-path /Users/shizihan/DailyUse/Github/InkMarkdown/.scratch/architecture-deepening-2026-09-07/evidence/20260907-1415-ticket-27/consumer/DerivedData-InkMarkdownSwiftUIConsumer/Build/Intermediates.noindex/InkMarkdownConsumerSmoke.build/Debug-iphonesimulator/InkMarkdownSwiftUIConsumer.build/Objects-normal/arm64/InkMarkdownSwiftUIConsumer.swiftmodule -validate-clang-modules-once -clang-build-session-file /Users/shizihan/DailyUse/Github/InkMarkdown/.scratch/architecture-deepening-2026-09-07/evidence/20260907-1415-ticket-27/consumer/DerivedData-InkMarkdownSwiftUIConsumer/ModuleCache.noindex/Session.modulevalidation -package-name consumer_smoke -Xcc -I/Users/shizihan/DailyUse/Github/InkMarkdown/.scratch/architecture-deepening-2026-09-07/evidence/20260907-1415-ticket-27/consumer/DerivedData-InkMarkdownSwiftUIConsumer/Build/Intermediates.noindex/InkMarkdownConsumerSmoke.build/Debug-iphonesimulator/InkMarkdownSwiftUIConsumer.build/swift-overrides.hmap -emit-const-values -Xfrontend -const-gather-protocols-file -Xfrontend /Users/shizihan/DailyUse/Github/InkMarkdown/.scratch/architecture-deepening-2026-09-07/evidence/20260907-1415-ticket-27/consumer/DerivedData-InkMarkdownSwiftUIConsumer/Build/Intermediates.noindex/InkMarkdownConsumerSmoke.build/Debug-iphonesimulator/InkMarkdownSwiftUIConsumer.build/Objects-normal/arm64/InkMarkdownSwiftUIConsumer_const_extract_protocols.json -Xcc -I/Users/shizihan/DailyUse/Github/InkMarkdown/Packages/Caches/swift-cmark/src/include -Xcc -I/Users/shizihan/DailyUse/Github/InkMarkdown/Packages/Caches/swift-cmark/extensions/include -Xcc -I/Users/shizihan/DailyUse/Github/InkMarkdown/Packages/Caches/swift-markdown/Sources/CAtomic/include -Xcc -I/Users/shizihan/DailyUse/Github/InkMarkdown/.scratch/architecture-deepening-2026-09-07/evidence/20260907-1415-ticket-27/consumer/DerivedData-InkMarkdownSwiftUIConsumer/Build/Products/Debug-iphonesimulator/include -Xcc -I/Users/shizihan/DailyUse/Github/InkMarkdown/.scratch/architecture-deepening-2026-09-07/evidence/20260907-1415-ticket-27/consumer/DerivedData-InkMarkdownSwiftUIConsumer/Build/Intermediates.noindex/InkMarkdownConsumerSmoke.build/Debug-iphonesimulator/InkMarkdownSwiftUIConsumer.build/DerivedSources-normal/arm64 -Xcc -I/Users/shizihan/DailyUse/Github/InkMarkdown/.scratch/architecture-deepening-2026-09-07/evidence/20260907-1415-ticket-27/consumer/DerivedData-InkMarkdownSwiftUIConsumer/Build/Intermediates.noindex/InkMarkdownConsumerSmoke.build/Debug-iphonesimulator/InkMarkdownSwiftUIConsumer.build/DerivedSources/arm64 -Xcc -I/Users/shizihan/DailyUse/Github/InkMarkdown/.scratch/architecture-deepening-2026-09-07/evidence/20260907-1415-ticket-27/consumer/DerivedData-InkMarkdownSwiftUIConsumer/Build/Intermediates.noindex/InkMarkdownConsumerSmoke.build/Debug-iphonesimulator/InkMarkdownSwiftUIConsumer.build/DerivedSources -Xcc -DSWIFT_PACKAGE -Xcc -DDEBUG\=1 -emit-objc-header -emit-objc-header-path /Users/shizihan/DailyUse/Github/InkMarkdown/.scratch/architecture-deepening-2026-09-07/evidence/20260907-1415-ticket-27/consumer/DerivedData-InkMarkdownSwiftUIConsumer/Build/Intermediates.noindex/InkMarkdownConsumerSmoke.build/Debug-iphonesimulator/InkMarkdownSwiftUIConsumer.build/Objects-normal/arm64/InkMarkdownSwiftUIConsumer-Swift.h -working-directory /Users/shizihan/DailyUse/Github/InkMarkdown/.github/fixtures/consumer-smoke/.swiftpm/xcode -experimental-emit-module-separately -disable-cmo

Ld /Users/shizihan/DailyUse/Github/InkMarkdown/.scratch/architecture-deepening-2026-09-07/evidence/20260907-1415-ticket-27/consumer/DerivedData-InkMarkdownSwiftUIConsumer/Build/Products/Debug-iphonesimulator/InkMarkdownSwiftUIConsumer.o normal (in target 'InkMarkdownSwiftUIConsumer' from project 'InkMarkdownConsumerSmoke')
    cd /Users/shizihan/DailyUse/Github/InkMarkdown/.github/fixtures/consumer-smoke
    /Applications/Xcode.app/Contents/Developer/Toolchains/XcodeDefault.xctoolchain/usr/bin/clang -Xlinker -reproducible -target arm64-apple-ios15.0-simulator -r -isysroot /Applications/Xcode.app/Contents/Developer/Platforms/iPhoneSimulator.platform/Developer/SDKs/iPhoneSimulator26.5.sdk -O0 -F/Users/shizihan/DailyUse/Github/InkMarkdown/.scratch/architecture-deepening-2026-09-07/evidence/20260907-1415-ticket-27/consumer/DerivedData-InkMarkdownSwiftUIConsumer/Build/Intermediates.noindex/EagerLinkingTBDs/Debug-iphonesimulator -F/Users/shizihan/DailyUse/Github/InkMarkdown/.scratch/architecture-deepening-2026-09-07/evidence/20260907-1415-ticket-27/consumer/DerivedData-InkMarkdownSwiftUIConsumer/Build/Products/Debug-iphonesimulator/PackageFrameworks -F/Users/shizihan/DailyUse/Github/InkMarkdown/.scratch/architecture-deepening-2026-09-07/evidence/20260907-1415-ticket-27/consumer/DerivedData-InkMarkdownSwiftUIConsumer/Build/Products/Debug-iphonesimulator/PackageFrameworks -F/Users/shizihan/DailyUse/Github/InkMarkdown/.scratch/architecture-deepening-2026-09-07/evidence/20260907-1415-ticket-27/consumer/DerivedData-InkMarkdownSwiftUIConsumer/Build/Products/Debug-iphonesimulator/PackageFrameworks -F/Users/shizihan/DailyUse/Github/InkMarkdown/.scratch/architecture-deepening-2026-09-07/evidence/20260907-1415-ticket-27/consumer/DerivedData-InkMarkdownSwiftUIConsumer/Build/Products/Debug-iphonesimulator/PackageFrameworks -F/Users/shizihan/DailyUse/Github/InkMarkdown/.scratch/architecture-deepening-2026-09-07/evidence/20260907-1415-ticket-27/consumer/DerivedData-InkMarkdownSwiftUIConsumer/Build/Products/Debug-iphonesimulator/PackageFrameworks -F/Users/shizihan/DailyUse/Github/InkMarkdown/.scratch/architecture-deepening-2026-09-07/evidence/20260907-1415-ticket-27/consumer/DerivedData-InkMarkdownSwiftUIConsumer/Build/Products/Debug-iphonesimulator/PackageFrameworks -F/Users/shizihan/DailyUse/Github/InkMarkdown/.scratch/architecture-deepening-2026-09-07/evidence/20260907-1415-ticket-27/consumer/DerivedData-InkMarkdownSwiftUIConsumer/Build/Products/Debug-iphonesimulator -iframework /Applications/Xcode.app/Contents/Developer/Platforms/iPhoneSimulator.platform/Developer/Library/Frameworks -iframework /Applications/Xcode.app/Contents/Developer/Platforms/iPhoneSimulator.platform/Developer/SDKs/iPhoneSimulator26.5.sdk/Developer/Library/Frameworks -filelist /Users/shizihan/DailyUse/Github/InkMarkdown/.scratch/architecture-deepening-2026-09-07/evidence/20260907-1415-ticket-27/consumer/DerivedData-InkMarkdownSwiftUIConsumer/Build/Intermediates.noindex/InkMarkdownConsumerSmoke.build/Debug-iphonesimulator/InkMarkdownSwiftUIConsumer.build/Objects-normal/arm64/InkMarkdownSwiftUIConsumer.LinkFileList -nostdlib -Xlinker -object_path_lto -Xlinker /Users/shizihan/DailyUse/Github/InkMarkdown/.scratch/architecture-deepening-2026-09-07/evidence/20260907-1415-ticket-27/consumer/DerivedData-InkMarkdownSwiftUIConsumer/Build/Intermediates.noindex/InkMarkdownConsumerSmoke.build/Debug-iphonesimulator/InkMarkdownSwiftUIConsumer.build/Objects-normal/arm64/InkMarkdownSwiftUIConsumer_lto.o -Xlinker -no_deduplicate -Xlinker -objc_abi_version -Xlinker 2 -Xlinker -dependency_info -Xlinker /Users/shizihan/DailyUse/Github/InkMarkdown/.scratch/architecture-deepening-2026-09-07/evidence/20260907-1415-ticket-27/consumer/DerivedData-InkMarkdownSwiftUIConsumer/Build/Intermediates.noindex/InkMarkdownConsumerSmoke.build/Debug-iphonesimulator/InkMarkdownSwiftUIConsumer.build/Objects-normal/arm64/InkMarkdownSwiftUIConsumer_dependency_info.dat -fobjc-link-runtime -L/Applications/Xcode.app/Contents/Developer/Toolchains/XcodeDefault.xctoolchain/usr/lib/swift/iphonesimulator -L/usr/lib/swift -Xlinker -add_ast_path -Xlinker /Users/shizihan/DailyUse/Github/InkMarkdown/.scratch/architecture-deepening-2026-09-07/evidence/20260907-1415-ticket-27/consumer/DerivedData-InkMarkdownSwiftUIConsumer/Build/Intermediates.noindex/InkMarkdownConsumerSmoke.build/Debug-iphonesimulator/InkMarkdownSwiftUIConsumer.build/Objects-normal/arm64/InkMarkdownSwiftUIConsumer.swiftmodule @/Users/shizihan/DailyUse/Github/InkMarkdown/.scratch/architecture-deepening-2026-09-07/evidence/20260907-1415-ticket-27/consumer/DerivedData-InkMarkdownSwiftUIConsumer/Build/Intermediates.noindex/InkMarkdownConsumerSmoke.build/Debug-iphonesimulator/InkMarkdownSwiftUIConsumer.build/Objects-normal/arm64/InkMarkdownSwiftUIConsumer-linker-args.resp -o /Users/shizihan/DailyUse/Github/InkMarkdown/.scratch/architecture-deepening-2026-09-07/evidence/20260907-1415-ticket-27/consumer/DerivedData-InkMarkdownSwiftUIConsumer/Build/Products/Debug-iphonesimulator/InkMarkdownSwiftUIConsumer.o

ExtractAppIntentsMetadata (in target 'InkMarkdownSwiftUIConsumer' from project 'InkMarkdownConsumerSmoke')
    cd /Users/shizihan/DailyUse/Github/InkMarkdown/.github/fixtures/consumer-smoke
    /Applications/Xcode.app/Contents/Developer/Toolchains/XcodeDefault.xctoolchain/usr/bin/appintentsmetadataprocessor --toolchain-dir /Applications/Xcode.app/Contents/Developer/Toolchains/XcodeDefault.xctoolchain --module-name InkMarkdownSwiftUIConsumer --sdk-root /Applications/Xcode.app/Contents/Developer/Platforms/iPhoneSimulator.platform/Developer/SDKs/iPhoneSimulator26.5.sdk --xcode-version 17F113 --platform-family iOS --deployment-target 15.0 --bundle-identifier consumer-smoke.InkMarkdownSwiftUIConsumer --output /Users/shizihan/DailyUse/Github/InkMarkdown/.scratch/architecture-deepening-2026-09-07/evidence/20260907-1415-ticket-27/consumer/DerivedData-InkMarkdownSwiftUIConsumer/Build/Products/Debug-iphonesimulator/InkMarkdownSwiftUIConsumer.appintents --target-triple arm64-apple-ios15.0-simulator --binary-file /Users/shizihan/DailyUse/Github/InkMarkdown/.scratch/architecture-deepening-2026-09-07/evidence/20260907-1415-ticket-27/consumer/DerivedData-InkMarkdownSwiftUIConsumer/Build/Products/Debug-iphonesimulator/InkMarkdownSwiftUIConsumer.o --dependency-file /Users/shizihan/DailyUse/Github/InkMarkdown/.scratch/architecture-deepening-2026-09-07/evidence/20260907-1415-ticket-27/consumer/DerivedData-InkMarkdownSwiftUIConsumer/Build/Intermediates.noindex/InkMarkdownConsumerSmoke.build/Debug-iphonesimulator/InkMarkdownSwiftUIConsumer.build/Objects-normal/arm64/InkMarkdownSwiftUIConsumer_dependency_info.dat --stringsdata-file /Users/shizihan/DailyUse/Github/InkMarkdown/.scratch/architecture-deepening-2026-09-07/evidence/20260907-1415-ticket-27/consumer/DerivedData-InkMarkdownSwiftUIConsumer/Build/Intermediates.noindex/InkMarkdownConsumerSmoke.build/Debug-iphonesimulator/InkMarkdownSwiftUIConsumer.build/Objects-normal/arm64/ExtractedAppShortcutsMetadata.stringsdata --source-file-list /Users/shizihan/DailyUse/Github/InkMarkdown/.scratch/architecture-deepening-2026-09-07/evidence/20260907-1415-ticket-27/consumer/DerivedData-InkMarkdownSwiftUIConsumer/Build/Intermediates.noindex/InkMarkdownConsumerSmoke.build/Debug-iphonesimulator/InkMarkdownSwiftUIConsumer.build/Objects-normal/arm64/InkMarkdownSwiftUIConsumer.SwiftFileList --metadata-file-list /Users/shizihan/DailyUse/Github/InkMarkdown/.scratch/architecture-deepening-2026-09-07/evidence/20260907-1415-ticket-27/consumer/DerivedData-InkMarkdownSwiftUIConsumer/Build/Intermediates.noindex/InkMarkdownConsumerSmoke.build/Debug-iphonesimulator/InkMarkdownSwiftUIConsumer.build/InkMarkdownSwiftUIConsumer.DependencyMetadataFileList --static-metadata-file-list /Users/shizihan/DailyUse/Github/InkMarkdown/.scratch/architecture-deepening-2026-09-07/evidence/20260907-1415-ticket-27/consumer/DerivedData-InkMarkdownSwiftUIConsumer/Build/Intermediates.noindex/InkMarkdownConsumerSmoke.build/Debug-iphonesimulator/InkMarkdownSwiftUIConsumer.build/InkMarkdownSwiftUIConsumer.DependencyStaticMetadataFileList --swift-const-vals-list /Users/shizihan/DailyUse/Github/InkMarkdown/.scratch/architecture-deepening-2026-09-07/evidence/20260907-1415-ticket-27/consumer/DerivedData-InkMarkdownSwiftUIConsumer/Build/Intermediates.noindex/InkMarkdownConsumerSmoke.build/Debug-iphonesimulator/InkMarkdownSwiftUIConsumer.build/Objects-normal/arm64/InkMarkdownSwiftUIConsumer.SwiftConstValuesFileList --force --compile-time-extraction --deployment-aware-processing --validate-assistant-intents --no-app-shortcuts-localization
2026-09-07 14:40:49.274 appintentsmetadataprocessor[87642:6068876] Starting appintentsmetadataprocessor export
2026-09-07 14:40:49.283 appintentsmetadataprocessor[87642:6068876] Extracted no relevant App Intents symbols, skipping writing output

RegisterExecutionPolicyException /Users/shizihan/DailyUse/Github/InkMarkdown/.scratch/architecture-deepening-2026-09-07/evidence/20260907-1415-ticket-27/consumer/DerivedData-InkMarkdownSwiftUIConsumer/Build/Products/Debug-iphonesimulator/InkMarkdownSwiftUIConsumer.o (in target 'InkMarkdownSwiftUIConsumer' from project 'InkMarkdownConsumerSmoke')
    cd /Users/shizihan/DailyUse/Github/InkMarkdown/.github/fixtures/consumer-smoke
    builtin-RegisterExecutionPolicyException /Users/shizihan/DailyUse/Github/InkMarkdown/.scratch/architecture-deepening-2026-09-07/evidence/20260907-1415-ticket-27/consumer/DerivedData-InkMarkdownSwiftUIConsumer/Build/Products/Debug-iphonesimulator/InkMarkdownSwiftUIConsumer.o

** BUILD SUCCEEDED **

