Command line invocation:
    /Applications/Xcode.app/Contents/Developer/usr/bin/xcodebuild build -scheme InkMarkdownCoreConsumer -destination "platform=iOS Simulator,id=10F638E2-84FB-42AE-9BAE-0E246F463E8D" -derivedDataPath /Users/shizihan/DailyUse/Github/InkMarkdown/.scratch/architecture-deepening-2026-09-07/evidence/20260907-1415-ticket-27/consumer/DerivedData-InkMarkdownCoreConsumer

Resolve Package Graph
2026-09-07 14:40:15.121 xcodebuild[86283:6064985] [MT] IDERunDestination: Supported platforms for the buildables in the current scheme is empty.


Resolved source packages:
  InkMarkdownConsumerSmoke: /Users/shizihan/DailyUse/Github/InkMarkdown/.github/fixtures/consumer-smoke
  swift-markdown: /Users/shizihan/DailyUse/Github/InkMarkdown/Packages/Caches/swift-markdown @ local
  iosMath: /Users/shizihan/DailyUse/Github/InkMarkdown/Packages/Caches/iosMath @ local
  cmark-gfm: /Users/shizihan/DailyUse/Github/InkMarkdown/Packages/Caches/swift-cmark @ local
  InkMarkdown: /Users/shizihan/DailyUse/Github/InkMarkdown @ local

--- xcodebuild: WARNING: Using the first of multiple matching destinations:
{ platform:iOS Simulator, arch:arm64, id:10F638E2-84FB-42AE-9BAE-0E246F463E8D, OS:26.5, name:iPhone 17 Pro }
{ platform:iOS Simulator, arch:x86_64, id:10F638E2-84FB-42AE-9BAE-0E246F463E8D, OS:26.5, name:iPhone 17 Pro }
ComputePackagePrebuildTargetDependencyGraph

Prepare packages

CreateBuildRequest

SendProjectDescription

CreateBuildOperation

ComputeTargetDependencyGraph
note: Building targets in dependency order
note: Target dependency graph (11 targets)
    Target 'InkMarkdownCoreConsumer' in project 'InkMarkdownConsumerSmoke'
        ➜ Explicit dependency on target 'InkMarkdownCoreConsumer' in project 'InkMarkdownConsumerSmoke'
        ➜ Explicit dependency on target 'InkMarkdown' in project 'InkMarkdown'
    Target 'InkMarkdownCoreConsumer' in project 'InkMarkdownConsumerSmoke'
        ➜ Explicit dependency on target 'InkMarkdown' in project 'InkMarkdown'
    Target 'InkMarkdown' in project 'InkMarkdown'
        ➜ Explicit dependency on target 'InkMarkdown' in project 'InkMarkdown'
        ➜ Explicit dependency on target 'Markdown' in project 'swift-markdown'
    Target 'InkMarkdown' in project 'InkMarkdown'
        ➜ Explicit dependency on target 'Markdown' in project 'swift-markdown'
    Target 'Markdown' in project 'swift-markdown'
        ➜ Explicit dependency on target 'Markdown' in project 'swift-markdown'
        ➜ Explicit dependency on target 'CAtomic' in project 'swift-markdown'
        ➜ Explicit dependency on target 'cmark-gfm' in project 'cmark-gfm'
        ➜ Explicit dependency on target 'cmark-gfm-extensions' in project 'cmark-gfm'
    Target 'Markdown' in project 'swift-markdown'
        ➜ Explicit dependency on target 'CAtomic' in project 'swift-markdown'
        ➜ Explicit dependency on target 'cmark-gfm' in project 'cmark-gfm'
        ➜ Explicit dependency on target 'cmark-gfm-extensions' in project 'cmark-gfm'
    Target 'cmark-gfm-extensions' in project 'cmark-gfm'
        ➜ Explicit dependency on target 'cmark-gfm-extensions' in project 'cmark-gfm'
        ➜ Explicit dependency on target 'cmark-gfm' in project 'cmark-gfm'
    Target 'cmark-gfm-extensions' in project 'cmark-gfm'
        ➜ Explicit dependency on target 'cmark-gfm' in project 'cmark-gfm'
    Target 'cmark-gfm' in project 'cmark-gfm'
        ➜ Explicit dependency on target 'cmark-gfm' in project 'cmark-gfm'
    Target 'cmark-gfm' in project 'cmark-gfm' (no dependencies)
    Target 'CAtomic' in project 'swift-markdown' (no dependencies)

GatherProvisioningInputs

CreateBuildDescription

ExecuteExternalTool /Applications/Xcode.app/Contents/Developer/Toolchains/XcodeDefault.xctoolchain/usr/bin/clang -v -E -dM -arch arm64 -isysroot /Applications/Xcode.app/Contents/Developer/Platforms/iPhoneSimulator.platform/Developer/SDKs/iPhoneSimulator26.5.sdk -x c -c /dev/null

ExecuteExternalTool /Applications/Xcode.app/Contents/Developer/Toolchains/XcodeDefault.xctoolchain/usr/bin/swiftc --version

ExecuteExternalTool /Applications/Xcode.app/Contents/Developer/Toolchains/XcodeDefault.xctoolchain/usr/bin/clang -v -E -dM -isysroot /Applications/Xcode.app/Contents/Developer/Platforms/iPhoneSimulator.platform/Developer/SDKs/iPhoneSimulator26.5.sdk -x c -c /dev/null

ExecuteExternalTool /Applications/Xcode.app/Contents/Developer/Toolchains/XcodeDefault.xctoolchain/usr/bin/ld -version_details

ReadFileContents /Applications/Xcode.app/Contents/Developer/Toolchains/XcodeDefault.xctoolchain/usr/share/docc/features.json

Build description signature: d0c860a6dbed07444d18c7df09f4fce2
Build description path: /Users/shizihan/DailyUse/Github/InkMarkdown/.scratch/architecture-deepening-2026-09-07/evidence/20260907-1415-ticket-27/consumer/DerivedData-InkMarkdownCoreConsumer/Build/Intermediates.noindex/XCBuildData/d0c860a6dbed07444d18c7df09f4fce2.xcbuilddata
ClangStatCache /Applications/Xcode.app/Contents/Developer/Toolchains/XcodeDefault.xctoolchain/usr/bin/clang-stat-cache /Applications/Xcode.app/Contents/Developer/Platforms/iPhoneSimulator.platform/Developer/SDKs/iPhoneSimulator26.5.sdk /Users/shizihan/DailyUse/Github/InkMarkdown/.scratch/architecture-deepening-2026-09-07/evidence/20260907-1415-ticket-27/consumer/DerivedData-InkMarkdownCoreConsumer/SDKStatCaches.noindex/iphonesimulator26.5-23F81a-6cfe768891a92b912361537c460fe42b.sdkstatcache
    cd /Users/shizihan/DailyUse/Github/InkMarkdown/.github/fixtures/consumer-smoke/.swiftpm/xcode
    /Applications/Xcode.app/Contents/Developer/Toolchains/XcodeDefault.xctoolchain/usr/bin/clang-stat-cache /Applications/Xcode.app/Contents/Developer/Platforms/iPhoneSimulator.platform/Developer/SDKs/iPhoneSimulator26.5.sdk -o /Users/shizihan/DailyUse/Github/InkMarkdown/.scratch/architecture-deepening-2026-09-07/evidence/20260907-1415-ticket-27/consumer/DerivedData-InkMarkdownCoreConsumer/SDKStatCaches.noindex/iphonesimulator26.5-23F81a-6cfe768891a92b912361537c460fe42b.sdkstatcache

CreateBuildDirectory /Users/shizihan/DailyUse/Github/InkMarkdown/.scratch/architecture-deepening-2026-09-07/evidence/20260907-1415-ticket-27/consumer/DerivedData-InkMarkdownCoreConsumer/Build/Intermediates.noindex
    cd /Users/shizihan/DailyUse/Github/InkMarkdown/.github/fixtures/consumer-smoke/.swiftpm/xcode
    builtin-create-build-directory /Users/shizihan/DailyUse/Github/InkMarkdown/.scratch/architecture-deepening-2026-09-07/evidence/20260907-1415-ticket-27/consumer/DerivedData-InkMarkdownCoreConsumer/Build/Intermediates.noindex

CreateBuildDirectory /Users/shizihan/DailyUse/Github/InkMarkdown/.scratch/architecture-deepening-2026-09-07/evidence/20260907-1415-ticket-27/consumer/DerivedData-InkMarkdownCoreConsumer/Build/Products
    cd /Users/shizihan/DailyUse/Github/InkMarkdown/.github/fixtures/consumer-smoke/.swiftpm/xcode
    builtin-create-build-directory /Users/shizihan/DailyUse/Github/InkMarkdown/.scratch/architecture-deepening-2026-09-07/evidence/20260907-1415-ticket-27/consumer/DerivedData-InkMarkdownCoreConsumer/Build/Products

CreateBuildDirectory /Users/shizihan/DailyUse/Github/InkMarkdown/.scratch/architecture-deepening-2026-09-07/evidence/20260907-1415-ticket-27/consumer/DerivedData-InkMarkdownCoreConsumer/Build/Products/Debug-iphonesimulator
    cd /Users/shizihan/DailyUse/Github/InkMarkdown/.github/fixtures/consumer-smoke/.swiftpm/xcode
    builtin-create-build-directory /Users/shizihan/DailyUse/Github/InkMarkdown/.scratch/architecture-deepening-2026-09-07/evidence/20260907-1415-ticket-27/consumer/DerivedData-InkMarkdownCoreConsumer/Build/Products/Debug-iphonesimulator

CreateBuildDirectory /Users/shizihan/DailyUse/Github/InkMarkdown/.scratch/architecture-deepening-2026-09-07/evidence/20260907-1415-ticket-27/consumer/DerivedData-InkMarkdownCoreConsumer/Build/Intermediates.noindex/SwiftExplicitPrecompiledModules
    cd /Users/shizihan/DailyUse/Github/InkMarkdown/.github/fixtures/consumer-smoke/.swiftpm/xcode
    builtin-create-build-directory /Users/shizihan/DailyUse/Github/InkMarkdown/.scratch/architecture-deepening-2026-09-07/evidence/20260907-1415-ticket-27/consumer/DerivedData-InkMarkdownCoreConsumer/Build/Intermediates.noindex/SwiftExplicitPrecompiledModules

CreateBuildDirectory /Users/shizihan/DailyUse/Github/InkMarkdown/.scratch/architecture-deepening-2026-09-07/evidence/20260907-1415-ticket-27/consumer/DerivedData-InkMarkdownCoreConsumer/Build/Intermediates.noindex/ExplicitPrecompiledModules
    cd /Users/shizihan/DailyUse/Github/InkMarkdown/.github/fixtures/consumer-smoke/.swiftpm/xcode
    builtin-create-build-directory /Users/shizihan/DailyUse/Github/InkMarkdown/.scratch/architecture-deepening-2026-09-07/evidence/20260907-1415-ticket-27/consumer/DerivedData-InkMarkdownCoreConsumer/Build/Intermediates.noindex/ExplicitPrecompiledModules

CreateBuildDirectory /Users/shizihan/DailyUse/Github/InkMarkdown/.scratch/architecture-deepening-2026-09-07/evidence/20260907-1415-ticket-27/consumer/DerivedData-InkMarkdownCoreConsumer/Build/Intermediates.noindex/EagerLinkingTBDs/Debug-iphonesimulator
    cd /Users/shizihan/DailyUse/Github/InkMarkdown/.github/fixtures/consumer-smoke/.swiftpm/xcode
    builtin-create-build-directory /Users/shizihan/DailyUse/Github/InkMarkdown/.scratch/architecture-deepening-2026-09-07/evidence/20260907-1415-ticket-27/consumer/DerivedData-InkMarkdownCoreConsumer/Build/Intermediates.noindex/EagerLinkingTBDs/Debug-iphonesimulator

CreateBuildDirectory /Users/shizihan/DailyUse/Github/InkMarkdown/.scratch/architecture-deepening-2026-09-07/evidence/20260907-1415-ticket-27/consumer/DerivedData-InkMarkdownCoreConsumer/Build/Products/Debug-iphonesimulator/PackageFrameworks
    cd /Users/shizihan/DailyUse/Github/InkMarkdown/.github/fixtures/consumer-smoke/.swiftpm/xcode
    builtin-create-build-directory /Users/shizihan/DailyUse/Github/InkMarkdown/.scratch/architecture-deepening-2026-09-07/evidence/20260907-1415-ticket-27/consumer/DerivedData-InkMarkdownCoreConsumer/Build/Products/Debug-iphonesimulator/PackageFrameworks

WriteAuxiliaryFile /Users/shizihan/DailyUse/Github/InkMarkdown/.scratch/architecture-deepening-2026-09-07/evidence/20260907-1415-ticket-27/consumer/DerivedData-InkMarkdownCoreConsumer/Build/Intermediates.noindex/cmark-gfm.build/Debug-iphonesimulator/cmark-gfm.build/cmark-gfm.DependencyStaticMetadataFileList (in target 'cmark-gfm' from project 'cmark-gfm')
    cd /Users/shizihan/DailyUse/Github/InkMarkdown/Packages/Caches/swift-cmark
    write-file /Users/shizihan/DailyUse/Github/InkMarkdown/.scratch/architecture-deepening-2026-09-07/evidence/20260907-1415-ticket-27/consumer/DerivedData-InkMarkdownCoreConsumer/Build/Intermediates.noindex/cmark-gfm.build/Debug-iphonesimulator/cmark-gfm.build/cmark-gfm.DependencyStaticMetadataFileList

WriteAuxiliaryFile /Users/shizihan/DailyUse/Github/InkMarkdown/.scratch/architecture-deepening-2026-09-07/evidence/20260907-1415-ticket-27/consumer/DerivedData-InkMarkdownCoreConsumer/Build/Intermediates.noindex/cmark-gfm.build/Debug-iphonesimulator/cmark-gfm-extensions.build/cmark-gfm-extensions.DependencyMetadataFileList (in target 'cmark-gfm-extensions' from project 'cmark-gfm')
    cd /Users/shizihan/DailyUse/Github/InkMarkdown/Packages/Caches/swift-cmark
    write-file /Users/shizihan/DailyUse/Github/InkMarkdown/.scratch/architecture-deepening-2026-09-07/evidence/20260907-1415-ticket-27/consumer/DerivedData-InkMarkdownCoreConsumer/Build/Intermediates.noindex/cmark-gfm.build/Debug-iphonesimulator/cmark-gfm-extensions.build/cmark-gfm-extensions.DependencyMetadataFileList

WriteAuxiliaryFile /Users/shizihan/DailyUse/Github/InkMarkdown/.scratch/architecture-deepening-2026-09-07/evidence/20260907-1415-ticket-27/consumer/DerivedData-InkMarkdownCoreConsumer/Build/Intermediates.noindex/swift-markdown.build/Debug-iphonesimulator/Markdown.build/Objects-normal/arm64/Markdown_const_extract_protocols.json (in target 'Markdown' from project 'swift-markdown')
    cd /Users/shizihan/DailyUse/Github/InkMarkdown/Packages/Caches/swift-markdown
    write-file /Users/shizihan/DailyUse/Github/InkMarkdown/.scratch/architecture-deepening-2026-09-07/evidence/20260907-1415-ticket-27/consumer/DerivedData-InkMarkdownCoreConsumer/Build/Intermediates.noindex/swift-markdown.build/Debug-iphonesimulator/Markdown.build/Objects-normal/arm64/Markdown_const_extract_protocols.json

WriteAuxiliaryFile /Users/shizihan/DailyUse/Github/InkMarkdown/.scratch/architecture-deepening-2026-09-07/evidence/20260907-1415-ticket-27/consumer/DerivedData-InkMarkdownCoreConsumer/Build/Intermediates.noindex/swift-markdown.build/Debug-iphonesimulator/Markdown.build/Objects-normal/arm64/Markdown.SwiftConstValuesFileList (in target 'Markdown' from project 'swift-markdown')
    cd /Users/shizihan/DailyUse/Github/InkMarkdown/Packages/Caches/swift-markdown
    write-file /Users/shizihan/DailyUse/Github/InkMarkdown/.scratch/architecture-deepening-2026-09-07/evidence/20260907-1415-ticket-27/consumer/DerivedData-InkMarkdownCoreConsumer/Build/Intermediates.noindex/swift-markdown.build/Debug-iphonesimulator/Markdown.build/Objects-normal/arm64/Markdown.SwiftConstValuesFileList

WriteAuxiliaryFile /Users/shizihan/DailyUse/Github/InkMarkdown/.scratch/architecture-deepening-2026-09-07/evidence/20260907-1415-ticket-27/consumer/DerivedData-InkMarkdownCoreConsumer/Build/Intermediates.noindex/cmark-gfm.build/Debug-iphonesimulator/cmark-gfm-extensions.build/cmark-gfm-extensions.DependencyStaticMetadataFileList (in target 'cmark-gfm-extensions' from project 'cmark-gfm')
    cd /Users/shizihan/DailyUse/Github/InkMarkdown/Packages/Caches/swift-cmark
    write-file /Users/shizihan/DailyUse/Github/InkMarkdown/.scratch/architecture-deepening-2026-09-07/evidence/20260907-1415-ticket-27/consumer/DerivedData-InkMarkdownCoreConsumer/Build/Intermediates.noindex/cmark-gfm.build/Debug-iphonesimulator/cmark-gfm-extensions.build/cmark-gfm-extensions.DependencyStaticMetadataFileList

WriteAuxiliaryFile /Users/shizihan/DailyUse/Github/InkMarkdown/.scratch/architecture-deepening-2026-09-07/evidence/20260907-1415-ticket-27/consumer/DerivedData-InkMarkdownCoreConsumer/Build/Intermediates.noindex/cmark-gfm.build/Debug-iphonesimulator/cmark-gfm-extensions.build/Objects-normal/arm64/7187679823f38a2a940e0043cdf9d637-common-args.resp (in target 'cmark-gfm-extensions' from project 'cmark-gfm')
    cd /Users/shizihan/DailyUse/Github/InkMarkdown/Packages/Caches/swift-cmark
    write-file /Users/shizihan/DailyUse/Github/InkMarkdown/.scratch/architecture-deepening-2026-09-07/evidence/20260907-1415-ticket-27/consumer/DerivedData-InkMarkdownCoreConsumer/Build/Intermediates.noindex/cmark-gfm.build/Debug-iphonesimulator/cmark-gfm-extensions.build/Objects-normal/arm64/7187679823f38a2a940e0043cdf9d637-common-args.resp
-fmodules -gmodules '-fmodules-cache-path=/Users/shizihan/DailyUse/Github/InkMarkdown/.scratch/architecture-deepening-2026-09-07/evidence/20260907-1415-ticket-27/consumer/DerivedData-InkMarkdownCoreConsumer/ModuleCache.noindex' '-fmodule-name=cmark_gfm_extensions' -fpascal-strings -O0 -DSWIFT_PACKAGE '-DDEBUG=1' -g -I/Users/shizihan/DailyUse/Github/InkMarkdown/Packages/Caches/swift-cmark/src/include -I/Users/shizihan/DailyUse/Github/InkMarkdown/.scratch/architecture-deepening-2026-09-07/evidence/20260907-1415-ticket-27/consumer/DerivedData-InkMarkdownCoreConsumer/Build/Products/Debug-iphonesimulator/include -I/Users/shizihan/DailyUse/Github/InkMarkdown/Packages/Caches/swift-cmark/extensions/include -I/Users/shizihan/DailyUse/Github/InkMarkdown/.scratch/architecture-deepening-2026-09-07/evidence/20260907-1415-ticket-27/consumer/DerivedData-InkMarkdownCoreConsumer/Build/Intermediates.noindex/cmark-gfm.build/Debug-iphonesimulator/cmark-gfm-extensions.build/DerivedSources-normal/arm64 -I/Users/shizihan/DailyUse/Github/InkMarkdown/.scratch/architecture-deepening-2026-09-07/evidence/20260907-1415-ticket-27/consumer/DerivedData-InkMarkdownCoreConsumer/Build/Intermediates.noindex/cmark-gfm.build/Debug-iphonesimulator/cmark-gfm-extensions.build/DerivedSources/arm64 -I/Users/shizihan/DailyUse/Github/InkMarkdown/.scratch/architecture-deepening-2026-09-07/evidence/20260907-1415-ticket-27/consumer/DerivedData-InkMarkdownCoreConsumer/Build/Intermediates.noindex/cmark-gfm.build/Debug-iphonesimulator/cmark-gfm-extensions.build/DerivedSources -F/Users/shizihan/DailyUse/Github/InkMarkdown/.scratch/architecture-deepening-2026-09-07/evidence/20260907-1415-ticket-27/consumer/DerivedData-InkMarkdownCoreConsumer/Build/Products/Debug-iphonesimulator/PackageFrameworks -F/Users/shizihan/DailyUse/Github/InkMarkdown/.scratch/architecture-deepening-2026-09-07/evidence/20260907-1415-ticket-27/consumer/DerivedData-InkMarkdownCoreConsumer/Build/Products/Debug-iphonesimulator -iframework /Applications/Xcode.app/Contents/Developer/Platforms/iPhoneSimulator.platform/Developer/Library/Frameworks -iframework /Applications/Xcode.app/Contents/Developer/Platforms/iPhoneSimulator.platform/Developer/SDKs/iPhoneSimulator26.5.sdk/Developer/Library/Frameworks -DXcode

WriteAuxiliaryFile /Users/shizihan/DailyUse/Github/InkMarkdown/.scratch/architecture-deepening-2026-09-07/evidence/20260907-1415-ticket-27/consumer/DerivedData-InkMarkdownCoreConsumer/Build/Intermediates.noindex/cmark-gfm.build/Debug-iphonesimulator/cmark-gfm-extensions.build/Objects-normal/arm64/cmark-gfm-extensions.LinkFileList (in target 'cmark-gfm-extensions' from project 'cmark-gfm')
    cd /Users/shizihan/DailyUse/Github/InkMarkdown/Packages/Caches/swift-cmark
    write-file /Users/shizihan/DailyUse/Github/InkMarkdown/.scratch/architecture-deepening-2026-09-07/evidence/20260907-1415-ticket-27/consumer/DerivedData-InkMarkdownCoreConsumer/Build/Intermediates.noindex/cmark-gfm.build/Debug-iphonesimulator/cmark-gfm-extensions.build/Objects-normal/arm64/cmark-gfm-extensions.LinkFileList

WriteAuxiliaryFile /Users/shizihan/DailyUse/Github/InkMarkdown/.scratch/architecture-deepening-2026-09-07/evidence/20260907-1415-ticket-27/consumer/DerivedData-InkMarkdownCoreConsumer/Build/Intermediates.noindex/swift-markdown.build/Debug-iphonesimulator/Markdown.build/Objects-normal/arm64/Markdown.SwiftFileList (in target 'Markdown' from project 'swift-markdown')
    cd /Users/shizihan/DailyUse/Github/InkMarkdown/Packages/Caches/swift-markdown
    write-file /Users/shizihan/DailyUse/Github/InkMarkdown/.scratch/architecture-deepening-2026-09-07/evidence/20260907-1415-ticket-27/consumer/DerivedData-InkMarkdownCoreConsumer/Build/Intermediates.noindex/swift-markdown.build/Debug-iphonesimulator/Markdown.build/Objects-normal/arm64/Markdown.SwiftFileList

WriteAuxiliaryFile /Users/shizihan/DailyUse/Github/InkMarkdown/.scratch/architecture-deepening-2026-09-07/evidence/20260907-1415-ticket-27/consumer/DerivedData-InkMarkdownCoreConsumer/Build/Intermediates.noindex/InkMarkdown.build/Debug-iphonesimulator/InkMarkdown.build/Objects-normal/arm64/InkMarkdown_const_extract_protocols.json (in target 'InkMarkdown' from project 'InkMarkdown')
    cd /Users/shizihan/DailyUse/Github/InkMarkdown
    write-file /Users/shizihan/DailyUse/Github/InkMarkdown/.scratch/architecture-deepening-2026-09-07/evidence/20260907-1415-ticket-27/consumer/DerivedData-InkMarkdownCoreConsumer/Build/Intermediates.noindex/InkMarkdown.build/Debug-iphonesimulator/InkMarkdown.build/Objects-normal/arm64/InkMarkdown_const_extract_protocols.json

WriteAuxiliaryFile /Users/shizihan/DailyUse/Github/InkMarkdown/.scratch/architecture-deepening-2026-09-07/evidence/20260907-1415-ticket-27/consumer/DerivedData-InkMarkdownCoreConsumer/Build/Intermediates.noindex/cmark-gfm.build/Debug-iphonesimulator/cmark-gfm.build/cmark-gfm.DependencyMetadataFileList (in target 'cmark-gfm' from project 'cmark-gfm')
    cd /Users/shizihan/DailyUse/Github/InkMarkdown/Packages/Caches/swift-cmark
    write-file /Users/shizihan/DailyUse/Github/InkMarkdown/.scratch/architecture-deepening-2026-09-07/evidence/20260907-1415-ticket-27/consumer/DerivedData-InkMarkdownCoreConsumer/Build/Intermediates.noindex/cmark-gfm.build/Debug-iphonesimulator/cmark-gfm.build/cmark-gfm.DependencyMetadataFileList

WriteAuxiliaryFile /Users/shizihan/DailyUse/Github/InkMarkdown/.scratch/architecture-deepening-2026-09-07/evidence/20260907-1415-ticket-27/consumer/DerivedData-InkMarkdownCoreConsumer/Build/Intermediates.noindex/cmark-gfm.build/Debug-iphonesimulator/cmark-gfm.build/Objects-normal/arm64/cmark-gfm.LinkFileList (in target 'cmark-gfm' from project 'cmark-gfm')
    cd /Users/shizihan/DailyUse/Github/InkMarkdown/Packages/Caches/swift-cmark
    write-file /Users/shizihan/DailyUse/Github/InkMarkdown/.scratch/architecture-deepening-2026-09-07/evidence/20260907-1415-ticket-27/consumer/DerivedData-InkMarkdownCoreConsumer/Build/Intermediates.noindex/cmark-gfm.build/Debug-iphonesimulator/cmark-gfm.build/Objects-normal/arm64/cmark-gfm.LinkFileList

WriteAuxiliaryFile /Users/shizihan/DailyUse/Github/InkMarkdown/.scratch/architecture-deepening-2026-09-07/evidence/20260907-1415-ticket-27/consumer/DerivedData-InkMarkdownCoreConsumer/Build/Intermediates.noindex/cmark-gfm.build/Debug-iphonesimulator/cmark-gfm.build/Objects-normal/arm64/7187679823f38a2a940e0043cdf9d637-common-args.resp (in target 'cmark-gfm' from project 'cmark-gfm')
    cd /Users/shizihan/DailyUse/Github/InkMarkdown/Packages/Caches/swift-cmark
    write-file /Users/shizihan/DailyUse/Github/InkMarkdown/.scratch/architecture-deepening-2026-09-07/evidence/20260907-1415-ticket-27/consumer/DerivedData-InkMarkdownCoreConsumer/Build/Intermediates.noindex/cmark-gfm.build/Debug-iphonesimulator/cmark-gfm.build/Objects-normal/arm64/7187679823f38a2a940e0043cdf9d637-common-args.resp
-fmodules -gmodules '-fmodules-cache-path=/Users/shizihan/DailyUse/Github/InkMarkdown/.scratch/architecture-deepening-2026-09-07/evidence/20260907-1415-ticket-27/consumer/DerivedData-InkMarkdownCoreConsumer/ModuleCache.noindex' '-fmodule-name=cmark_gfm' -fpascal-strings -O0 -DSWIFT_PACKAGE '-DDEBUG=1' -g -I/Users/shizihan/DailyUse/Github/InkMarkdown/.scratch/architecture-deepening-2026-09-07/evidence/20260907-1415-ticket-27/consumer/DerivedData-InkMarkdownCoreConsumer/Build/Products/Debug-iphonesimulator/include -I/Users/shizihan/DailyUse/Github/InkMarkdown/Packages/Caches/swift-cmark/src/include -I/Users/shizihan/DailyUse/Github/InkMarkdown/.scratch/architecture-deepening-2026-09-07/evidence/20260907-1415-ticket-27/consumer/DerivedData-InkMarkdownCoreConsumer/Build/Intermediates.noindex/cmark-gfm.build/Debug-iphonesimulator/cmark-gfm.build/DerivedSources-normal/arm64 -I/Users/shizihan/DailyUse/Github/InkMarkdown/.scratch/architecture-deepening-2026-09-07/evidence/20260907-1415-ticket-27/consumer/DerivedData-InkMarkdownCoreConsumer/Build/Intermediates.noindex/cmark-gfm.build/Debug-iphonesimulator/cmark-gfm.build/DerivedSources/arm64 -I/Users/shizihan/DailyUse/Github/InkMarkdown/.scratch/architecture-deepening-2026-09-07/evidence/20260907-1415-ticket-27/consumer/DerivedData-InkMarkdownCoreConsumer/Build/Intermediates.noindex/cmark-gfm.build/Debug-iphonesimulator/cmark-gfm.build/DerivedSources -F/Users/shizihan/DailyUse/Github/InkMarkdown/.scratch/architecture-deepening-2026-09-07/evidence/20260907-1415-ticket-27/consumer/DerivedData-InkMarkdownCoreConsumer/Build/Products/Debug-iphonesimulator -iframework /Applications/Xcode.app/Contents/Developer/Platforms/iPhoneSimulator.platform/Developer/Library/Frameworks -iframework /Applications/Xcode.app/Contents/Developer/Platforms/iPhoneSimulator.platform/Developer/SDKs/iPhoneSimulator26.5.sdk/Developer/Library/Frameworks -DXcode

WriteAuxiliaryFile /Users/shizihan/DailyUse/Github/InkMarkdown/.scratch/architecture-deepening-2026-09-07/evidence/20260907-1415-ticket-27/consumer/DerivedData-InkMarkdownCoreConsumer/Build/Intermediates.noindex/swift-markdown.build/Debug-iphonesimulator/Markdown.build/Objects-normal/arm64/Markdown.LinkFileList (in target 'Markdown' from project 'swift-markdown')
    cd /Users/shizihan/DailyUse/Github/InkMarkdown/Packages/Caches/swift-markdown
    write-file /Users/shizihan/DailyUse/Github/InkMarkdown/.scratch/architecture-deepening-2026-09-07/evidence/20260907-1415-ticket-27/consumer/DerivedData-InkMarkdownCoreConsumer/Build/Intermediates.noindex/swift-markdown.build/Debug-iphonesimulator/Markdown.build/Objects-normal/arm64/Markdown.LinkFileList

WriteAuxiliaryFile /Users/shizihan/DailyUse/Github/InkMarkdown/.scratch/architecture-deepening-2026-09-07/evidence/20260907-1415-ticket-27/consumer/DerivedData-InkMarkdownCoreConsumer/Build/Intermediates.noindex/swift-markdown.build/Debug-iphonesimulator/Markdown.build/Objects-normal/arm64/Markdown-OutputFileMap.json (in target 'Markdown' from project 'swift-markdown')
    cd /Users/shizihan/DailyUse/Github/InkMarkdown/Packages/Caches/swift-markdown
    write-file /Users/shizihan/DailyUse/Github/InkMarkdown/.scratch/architecture-deepening-2026-09-07/evidence/20260907-1415-ticket-27/consumer/DerivedData-InkMarkdownCoreConsumer/Build/Intermediates.noindex/swift-markdown.build/Debug-iphonesimulator/Markdown.build/Objects-normal/arm64/Markdown-OutputFileMap.json

WriteAuxiliaryFile /Users/shizihan/DailyUse/Github/InkMarkdown/.scratch/architecture-deepening-2026-09-07/evidence/20260907-1415-ticket-27/consumer/DerivedData-InkMarkdownCoreConsumer/Build/Intermediates.noindex/swift-markdown.build/Debug-iphonesimulator/Markdown.build/Markdown.modulemap (in target 'Markdown' from project 'swift-markdown')
    cd /Users/shizihan/DailyUse/Github/InkMarkdown/Packages/Caches/swift-markdown
    write-file /Users/shizihan/DailyUse/Github/InkMarkdown/.scratch/architecture-deepening-2026-09-07/evidence/20260907-1415-ticket-27/consumer/DerivedData-InkMarkdownCoreConsumer/Build/Intermediates.noindex/swift-markdown.build/Debug-iphonesimulator/Markdown.build/Markdown.modulemap

WriteAuxiliaryFile /Users/shizihan/DailyUse/Github/InkMarkdown/.scratch/architecture-deepening-2026-09-07/evidence/20260907-1415-ticket-27/consumer/DerivedData-InkMarkdownCoreConsumer/Build/Intermediates.noindex/swift-markdown.build/Debug-iphonesimulator/Markdown.build/Markdown.DependencyStaticMetadataFileList (in target 'Markdown' from project 'swift-markdown')
    cd /Users/shizihan/DailyUse/Github/InkMarkdown/Packages/Caches/swift-markdown
    write-file /Users/shizihan/DailyUse/Github/InkMarkdown/.scratch/architecture-deepening-2026-09-07/evidence/20260907-1415-ticket-27/consumer/DerivedData-InkMarkdownCoreConsumer/Build/Intermediates.noindex/swift-markdown.build/Debug-iphonesimulator/Markdown.build/Markdown.DependencyStaticMetadataFileList

WriteAuxiliaryFile /Users/shizihan/DailyUse/Github/InkMarkdown/.scratch/architecture-deepening-2026-09-07/evidence/20260907-1415-ticket-27/consumer/DerivedData-InkMarkdownCoreConsumer/Build/Intermediates.noindex/swift-markdown.build/Debug-iphonesimulator/Markdown.build/Markdown.DependencyMetadataFileList (in target 'Markdown' from project 'swift-markdown')
    cd /Users/shizihan/DailyUse/Github/InkMarkdown/Packages/Caches/swift-markdown
    write-file /Users/shizihan/DailyUse/Github/InkMarkdown/.scratch/architecture-deepening-2026-09-07/evidence/20260907-1415-ticket-27/consumer/DerivedData-InkMarkdownCoreConsumer/Build/Intermediates.noindex/swift-markdown.build/Debug-iphonesimulator/Markdown.build/Markdown.DependencyMetadataFileList

WriteAuxiliaryFile /Users/shizihan/DailyUse/Github/InkMarkdown/.scratch/architecture-deepening-2026-09-07/evidence/20260907-1415-ticket-27/consumer/DerivedData-InkMarkdownCoreConsumer/Build/Intermediates.noindex/InkMarkdownConsumerSmoke.build/Debug-iphonesimulator/InkMarkdownCoreConsumer.build/Objects-normal/arm64/InkMarkdownCoreConsumer_const_extract_protocols.json (in target 'InkMarkdownCoreConsumer' from project 'InkMarkdownConsumerSmoke')
    cd /Users/shizihan/DailyUse/Github/InkMarkdown/.github/fixtures/consumer-smoke
    write-file /Users/shizihan/DailyUse/Github/InkMarkdown/.scratch/architecture-deepening-2026-09-07/evidence/20260907-1415-ticket-27/consumer/DerivedData-InkMarkdownCoreConsumer/Build/Intermediates.noindex/InkMarkdownConsumerSmoke.build/Debug-iphonesimulator/InkMarkdownCoreConsumer.build/Objects-normal/arm64/InkMarkdownCoreConsumer_const_extract_protocols.json

WriteAuxiliaryFile /Users/shizihan/DailyUse/Github/InkMarkdown/.scratch/architecture-deepening-2026-09-07/evidence/20260907-1415-ticket-27/consumer/DerivedData-InkMarkdownCoreConsumer/Build/Intermediates.noindex/InkMarkdownConsumerSmoke.build/Debug-iphonesimulator/InkMarkdownCoreConsumer.build/Objects-normal/arm64/InkMarkdownCoreConsumer.SwiftFileList (in target 'InkMarkdownCoreConsumer' from project 'InkMarkdownConsumerSmoke')
    cd /Users/shizihan/DailyUse/Github/InkMarkdown/.github/fixtures/consumer-smoke
    write-file /Users/shizihan/DailyUse/Github/InkMarkdown/.scratch/architecture-deepening-2026-09-07/evidence/20260907-1415-ticket-27/consumer/DerivedData-InkMarkdownCoreConsumer/Build/Intermediates.noindex/InkMarkdownConsumerSmoke.build/Debug-iphonesimulator/InkMarkdownCoreConsumer.build/Objects-normal/arm64/InkMarkdownCoreConsumer.SwiftFileList

WriteAuxiliaryFile /Users/shizihan/DailyUse/Github/InkMarkdown/.scratch/architecture-deepening-2026-09-07/evidence/20260907-1415-ticket-27/consumer/DerivedData-InkMarkdownCoreConsumer/Build/Intermediates.noindex/InkMarkdownConsumerSmoke.build/Debug-iphonesimulator/InkMarkdownCoreConsumer.build/Objects-normal/arm64/InkMarkdownCoreConsumer.SwiftConstValuesFileList (in target 'InkMarkdownCoreConsumer' from project 'InkMarkdownConsumerSmoke')
    cd /Users/shizihan/DailyUse/Github/InkMarkdown/.github/fixtures/consumer-smoke
    write-file /Users/shizihan/DailyUse/Github/InkMarkdown/.scratch/architecture-deepening-2026-09-07/evidence/20260907-1415-ticket-27/consumer/DerivedData-InkMarkdownCoreConsumer/Build/Intermediates.noindex/InkMarkdownConsumerSmoke.build/Debug-iphonesimulator/InkMarkdownCoreConsumer.build/Objects-normal/arm64/InkMarkdownCoreConsumer.SwiftConstValuesFileList

WriteAuxiliaryFile /Users/shizihan/DailyUse/Github/InkMarkdown/.scratch/architecture-deepening-2026-09-07/evidence/20260907-1415-ticket-27/consumer/DerivedData-InkMarkdownCoreConsumer/Build/Intermediates.noindex/InkMarkdownConsumerSmoke.build/Debug-iphonesimulator/InkMarkdownCoreConsumer.build/Objects-normal/arm64/InkMarkdownCoreConsumer.LinkFileList (in target 'InkMarkdownCoreConsumer' from project 'InkMarkdownConsumerSmoke')
    cd /Users/shizihan/DailyUse/Github/InkMarkdown/.github/fixtures/consumer-smoke
    write-file /Users/shizihan/DailyUse/Github/InkMarkdown/.scratch/architecture-deepening-2026-09-07/evidence/20260907-1415-ticket-27/consumer/DerivedData-InkMarkdownCoreConsumer/Build/Intermediates.noindex/InkMarkdownConsumerSmoke.build/Debug-iphonesimulator/InkMarkdownCoreConsumer.build/Objects-normal/arm64/InkMarkdownCoreConsumer.LinkFileList

WriteAuxiliaryFile /Users/shizihan/DailyUse/Github/InkMarkdown/.scratch/architecture-deepening-2026-09-07/evidence/20260907-1415-ticket-27/consumer/DerivedData-InkMarkdownCoreConsumer/Build/Intermediates.noindex/InkMarkdownConsumerSmoke.build/Debug-iphonesimulator/InkMarkdownCoreConsumer.build/InkMarkdownCoreConsumer.modulemap (in target 'InkMarkdownCoreConsumer' from project 'InkMarkdownConsumerSmoke')
    cd /Users/shizihan/DailyUse/Github/InkMarkdown/.github/fixtures/consumer-smoke
    write-file /Users/shizihan/DailyUse/Github/InkMarkdown/.scratch/architecture-deepening-2026-09-07/evidence/20260907-1415-ticket-27/consumer/DerivedData-InkMarkdownCoreConsumer/Build/Intermediates.noindex/InkMarkdownConsumerSmoke.build/Debug-iphonesimulator/InkMarkdownCoreConsumer.build/InkMarkdownCoreConsumer.modulemap

WriteAuxiliaryFile /Users/shizihan/DailyUse/Github/InkMarkdown/.scratch/architecture-deepening-2026-09-07/evidence/20260907-1415-ticket-27/consumer/DerivedData-InkMarkdownCoreConsumer/Build/Intermediates.noindex/InkMarkdownConsumerSmoke.build/Debug-iphonesimulator/InkMarkdownCoreConsumer.build/InkMarkdownCoreConsumer.DependencyMetadataFileList (in target 'InkMarkdownCoreConsumer' from project 'InkMarkdownConsumerSmoke')
    cd /Users/shizihan/DailyUse/Github/InkMarkdown/.github/fixtures/consumer-smoke
    write-file /Users/shizihan/DailyUse/Github/InkMarkdown/.scratch/architecture-deepening-2026-09-07/evidence/20260907-1415-ticket-27/consumer/DerivedData-InkMarkdownCoreConsumer/Build/Intermediates.noindex/InkMarkdownConsumerSmoke.build/Debug-iphonesimulator/InkMarkdownCoreConsumer.build/InkMarkdownCoreConsumer.DependencyMetadataFileList

WriteAuxiliaryFile /Users/shizihan/DailyUse/Github/InkMarkdown/.scratch/architecture-deepening-2026-09-07/evidence/20260907-1415-ticket-27/consumer/DerivedData-InkMarkdownCoreConsumer/Build/Intermediates.noindex/InkMarkdownConsumerSmoke.build/Debug-iphonesimulator/InkMarkdownCoreConsumer.build/InkMarkdownCoreConsumer.DependencyStaticMetadataFileList (in target 'InkMarkdownCoreConsumer' from project 'InkMarkdownConsumerSmoke')
    cd /Users/shizihan/DailyUse/Github/InkMarkdown/.github/fixtures/consumer-smoke
    write-file /Users/shizihan/DailyUse/Github/InkMarkdown/.scratch/architecture-deepening-2026-09-07/evidence/20260907-1415-ticket-27/consumer/DerivedData-InkMarkdownCoreConsumer/Build/Intermediates.noindex/InkMarkdownConsumerSmoke.build/Debug-iphonesimulator/InkMarkdownCoreConsumer.build/InkMarkdownCoreConsumer.DependencyStaticMetadataFileList

WriteAuxiliaryFile /Users/shizihan/DailyUse/Github/InkMarkdown/.scratch/architecture-deepening-2026-09-07/evidence/20260907-1415-ticket-27/consumer/DerivedData-InkMarkdownCoreConsumer/Build/Intermediates.noindex/InkMarkdownConsumerSmoke.build/Debug-iphonesimulator/InkMarkdownCoreConsumer.build/Objects-normal/arm64/InkMarkdownCoreConsumer-OutputFileMap.json (in target 'InkMarkdownCoreConsumer' from project 'InkMarkdownConsumerSmoke')
    cd /Users/shizihan/DailyUse/Github/InkMarkdown/.github/fixtures/consumer-smoke
    write-file /Users/shizihan/DailyUse/Github/InkMarkdown/.scratch/architecture-deepening-2026-09-07/evidence/20260907-1415-ticket-27/consumer/DerivedData-InkMarkdownCoreConsumer/Build/Intermediates.noindex/InkMarkdownConsumerSmoke.build/Debug-iphonesimulator/InkMarkdownCoreConsumer.build/Objects-normal/arm64/InkMarkdownCoreConsumer-OutputFileMap.json

WriteAuxiliaryFile /Users/shizihan/DailyUse/Github/InkMarkdown/.scratch/architecture-deepening-2026-09-07/evidence/20260907-1415-ticket-27/consumer/DerivedData-InkMarkdownCoreConsumer/Build/Intermediates.noindex/InkMarkdown.build/Debug-iphonesimulator/InkMarkdown.build/Objects-normal/arm64/InkMarkdown.SwiftFileList (in target 'InkMarkdown' from project 'InkMarkdown')
    cd /Users/shizihan/DailyUse/Github/InkMarkdown
    write-file /Users/shizihan/DailyUse/Github/InkMarkdown/.scratch/architecture-deepening-2026-09-07/evidence/20260907-1415-ticket-27/consumer/DerivedData-InkMarkdownCoreConsumer/Build/Intermediates.noindex/InkMarkdown.build/Debug-iphonesimulator/InkMarkdown.build/Objects-normal/arm64/InkMarkdown.SwiftFileList

WriteAuxiliaryFile /Users/shizihan/DailyUse/Github/InkMarkdown/.scratch/architecture-deepening-2026-09-07/evidence/20260907-1415-ticket-27/consumer/DerivedData-InkMarkdownCoreConsumer/Build/Intermediates.noindex/InkMarkdown.build/Debug-iphonesimulator/InkMarkdown.build/Objects-normal/arm64/InkMarkdown.SwiftConstValuesFileList (in target 'InkMarkdown' from project 'InkMarkdown')
    cd /Users/shizihan/DailyUse/Github/InkMarkdown
    write-file /Users/shizihan/DailyUse/Github/InkMarkdown/.scratch/architecture-deepening-2026-09-07/evidence/20260907-1415-ticket-27/consumer/DerivedData-InkMarkdownCoreConsumer/Build/Intermediates.noindex/InkMarkdown.build/Debug-iphonesimulator/InkMarkdown.build/Objects-normal/arm64/InkMarkdown.SwiftConstValuesFileList

WriteAuxiliaryFile /Users/shizihan/DailyUse/Github/InkMarkdown/.scratch/architecture-deepening-2026-09-07/evidence/20260907-1415-ticket-27/consumer/DerivedData-InkMarkdownCoreConsumer/Build/Intermediates.noindex/InkMarkdown.build/Debug-iphonesimulator/InkMarkdown.build/Objects-normal/arm64/InkMarkdown-OutputFileMap.json (in target 'InkMarkdown' from project 'InkMarkdown')
    cd /Users/shizihan/DailyUse/Github/InkMarkdown
    write-file /Users/shizihan/DailyUse/Github/InkMarkdown/.scratch/architecture-deepening-2026-09-07/evidence/20260907-1415-ticket-27/consumer/DerivedData-InkMarkdownCoreConsumer/Build/Intermediates.noindex/InkMarkdown.build/Debug-iphonesimulator/InkMarkdown.build/Objects-normal/arm64/InkMarkdown-OutputFileMap.json

WriteAuxiliaryFile /Users/shizihan/DailyUse/Github/InkMarkdown/.scratch/architecture-deepening-2026-09-07/evidence/20260907-1415-ticket-27/consumer/DerivedData-InkMarkdownCoreConsumer/Build/Intermediates.noindex/InkMarkdown.build/Debug-iphonesimulator/InkMarkdown.build/Objects-normal/arm64/InkMarkdown.LinkFileList (in target 'InkMarkdown' from project 'InkMarkdown')
    cd /Users/shizihan/DailyUse/Github/InkMarkdown
    write-file /Users/shizihan/DailyUse/Github/InkMarkdown/.scratch/architecture-deepening-2026-09-07/evidence/20260907-1415-ticket-27/consumer/DerivedData-InkMarkdownCoreConsumer/Build/Intermediates.noindex/InkMarkdown.build/Debug-iphonesimulator/InkMarkdown.build/Objects-normal/arm64/InkMarkdown.LinkFileList

Copy /Users/shizihan/DailyUse/Github/InkMarkdown/.scratch/architecture-deepening-2026-09-07/evidence/20260907-1415-ticket-27/consumer/DerivedData-InkMarkdownCoreConsumer/Build/Intermediates.noindex/GeneratedModuleMaps-iphonesimulator/Markdown.modulemap /Users/shizihan/DailyUse/Github/InkMarkdown/.scratch/architecture-deepening-2026-09-07/evidence/20260907-1415-ticket-27/consumer/DerivedData-InkMarkdownCoreConsumer/Build/Intermediates.noindex/swift-markdown.build/Debug-iphonesimulator/Markdown.build/Markdown.modulemap (in target 'Markdown' from project 'swift-markdown')
    cd /Users/shizihan/DailyUse/Github/InkMarkdown/Packages/Caches/swift-markdown
    builtin-copy -exclude .DS_Store -exclude CVS -exclude .svn -exclude .git -exclude .hg -resolve-src-symlinks /Users/shizihan/DailyUse/Github/InkMarkdown/.scratch/architecture-deepening-2026-09-07/evidence/20260907-1415-ticket-27/consumer/DerivedData-InkMarkdownCoreConsumer/Build/Intermediates.noindex/swift-markdown.build/Debug-iphonesimulator/Markdown.build/Markdown.modulemap /Users/shizihan/DailyUse/Github/InkMarkdown/.scratch/architecture-deepening-2026-09-07/evidence/20260907-1415-ticket-27/consumer/DerivedData-InkMarkdownCoreConsumer/Build/Intermediates.noindex/GeneratedModuleMaps-iphonesimulator

WriteAuxiliaryFile /Users/shizihan/DailyUse/Github/InkMarkdown/.scratch/architecture-deepening-2026-09-07/evidence/20260907-1415-ticket-27/consumer/DerivedData-InkMarkdownCoreConsumer/Build/Intermediates.noindex/InkMarkdown.build/Debug-iphonesimulator/InkMarkdown.build/InkMarkdown.modulemap (in target 'InkMarkdown' from project 'InkMarkdown')
    cd /Users/shizihan/DailyUse/Github/InkMarkdown
    write-file /Users/shizihan/DailyUse/Github/InkMarkdown/.scratch/architecture-deepening-2026-09-07/evidence/20260907-1415-ticket-27/consumer/DerivedData-InkMarkdownCoreConsumer/Build/Intermediates.noindex/InkMarkdown.build/Debug-iphonesimulator/InkMarkdown.build/InkMarkdown.modulemap

WriteAuxiliaryFile /Users/shizihan/DailyUse/Github/InkMarkdown/.scratch/architecture-deepening-2026-09-07/evidence/20260907-1415-ticket-27/consumer/DerivedData-InkMarkdownCoreConsumer/Build/Intermediates.noindex/InkMarkdown.build/Debug-iphonesimulator/InkMarkdown.build/InkMarkdown.DependencyStaticMetadataFileList (in target 'InkMarkdown' from project 'InkMarkdown')
    cd /Users/shizihan/DailyUse/Github/InkMarkdown
    write-file /Users/shizihan/DailyUse/Github/InkMarkdown/.scratch/architecture-deepening-2026-09-07/evidence/20260907-1415-ticket-27/consumer/DerivedData-InkMarkdownCoreConsumer/Build/Intermediates.noindex/InkMarkdown.build/Debug-iphonesimulator/InkMarkdown.build/InkMarkdown.DependencyStaticMetadataFileList

Copy /Users/shizihan/DailyUse/Github/InkMarkdown/.scratch/architecture-deepening-2026-09-07/evidence/20260907-1415-ticket-27/consumer/DerivedData-InkMarkdownCoreConsumer/Build/Intermediates.noindex/GeneratedModuleMaps-iphonesimulator/InkMarkdownCoreConsumer.modulemap /Users/shizihan/DailyUse/Github/InkMarkdown/.scratch/architecture-deepening-2026-09-07/evidence/20260907-1415-ticket-27/consumer/DerivedData-InkMarkdownCoreConsumer/Build/Intermediates.noindex/InkMarkdownConsumerSmoke.build/Debug-iphonesimulator/InkMarkdownCoreConsumer.build/InkMarkdownCoreConsumer.modulemap (in target 'InkMarkdownCoreConsumer' from project 'InkMarkdownConsumerSmoke')
    cd /Users/shizihan/DailyUse/Github/InkMarkdown/.github/fixtures/consumer-smoke
    builtin-copy -exclude .DS_Store -exclude CVS -exclude .svn -exclude .git -exclude .hg -resolve-src-symlinks /Users/shizihan/DailyUse/Github/InkMarkdown/.scratch/architecture-deepening-2026-09-07/evidence/20260907-1415-ticket-27/consumer/DerivedData-InkMarkdownCoreConsumer/Build/Intermediates.noindex/InkMarkdownConsumerSmoke.build/Debug-iphonesimulator/InkMarkdownCoreConsumer.build/InkMarkdownCoreConsumer.modulemap /Users/shizihan/DailyUse/Github/InkMarkdown/.scratch/architecture-deepening-2026-09-07/evidence/20260907-1415-ticket-27/consumer/DerivedData-InkMarkdownCoreConsumer/Build/Intermediates.noindex/GeneratedModuleMaps-iphonesimulator

WriteAuxiliaryFile /Users/shizihan/DailyUse/Github/InkMarkdown/.scratch/architecture-deepening-2026-09-07/evidence/20260907-1415-ticket-27/consumer/DerivedData-InkMarkdownCoreConsumer/Build/Intermediates.noindex/InkMarkdown.build/Debug-iphonesimulator/InkMarkdown.build/InkMarkdown.DependencyMetadataFileList (in target 'InkMarkdown' from project 'InkMarkdown')
    cd /Users/shizihan/DailyUse/Github/InkMarkdown
    write-file /Users/shizihan/DailyUse/Github/InkMarkdown/.scratch/architecture-deepening-2026-09-07/evidence/20260907-1415-ticket-27/consumer/DerivedData-InkMarkdownCoreConsumer/Build/Intermediates.noindex/InkMarkdown.build/Debug-iphonesimulator/InkMarkdown.build/InkMarkdown.DependencyMetadataFileList

WriteAuxiliaryFile /Users/shizihan/DailyUse/Github/InkMarkdown/.scratch/architecture-deepening-2026-09-07/evidence/20260907-1415-ticket-27/consumer/DerivedData-InkMarkdownCoreConsumer/Build/Intermediates.noindex/swift-markdown.build/Debug-iphonesimulator/CAtomic.build/Objects-normal/arm64/CAtomic.LinkFileList (in target 'CAtomic' from project 'swift-markdown')
    cd /Users/shizihan/DailyUse/Github/InkMarkdown/Packages/Caches/swift-markdown
    write-file /Users/shizihan/DailyUse/Github/InkMarkdown/.scratch/architecture-deepening-2026-09-07/evidence/20260907-1415-ticket-27/consumer/DerivedData-InkMarkdownCoreConsumer/Build/Intermediates.noindex/swift-markdown.build/Debug-iphonesimulator/CAtomic.build/Objects-normal/arm64/CAtomic.LinkFileList

WriteAuxiliaryFile /Users/shizihan/DailyUse/Github/InkMarkdown/.scratch/architecture-deepening-2026-09-07/evidence/20260907-1415-ticket-27/consumer/DerivedData-InkMarkdownCoreConsumer/Build/Intermediates.noindex/swift-markdown.build/Debug-iphonesimulator/CAtomic.build/CAtomic.DependencyStaticMetadataFileList (in target 'CAtomic' from project 'swift-markdown')
    cd /Users/shizihan/DailyUse/Github/InkMarkdown/Packages/Caches/swift-markdown
    write-file /Users/shizihan/DailyUse/Github/InkMarkdown/.scratch/architecture-deepening-2026-09-07/evidence/20260907-1415-ticket-27/consumer/DerivedData-InkMarkdownCoreConsumer/Build/Intermediates.noindex/swift-markdown.build/Debug-iphonesimulator/CAtomic.build/CAtomic.DependencyStaticMetadataFileList

WriteAuxiliaryFile /Users/shizihan/DailyUse/Github/InkMarkdown/.scratch/architecture-deepening-2026-09-07/evidence/20260907-1415-ticket-27/consumer/DerivedData-InkMarkdownCoreConsumer/Build/Intermediates.noindex/swift-markdown.build/Debug-iphonesimulator/CAtomic.build/Objects-normal/arm64/7187679823f38a2a940e0043cdf9d637-common-args.resp (in target 'CAtomic' from project 'swift-markdown')
    cd /Users/shizihan/DailyUse/Github/InkMarkdown/Packages/Caches/swift-markdown
    write-file /Users/shizihan/DailyUse/Github/InkMarkdown/.scratch/architecture-deepening-2026-09-07/evidence/20260907-1415-ticket-27/consumer/DerivedData-InkMarkdownCoreConsumer/Build/Intermediates.noindex/swift-markdown.build/Debug-iphonesimulator/CAtomic.build/Objects-normal/arm64/7187679823f38a2a940e0043cdf9d637-common-args.resp
-fmodules -gmodules '-fmodules-cache-path=/Users/shizihan/DailyUse/Github/InkMarkdown/.scratch/architecture-deepening-2026-09-07/evidence/20260907-1415-ticket-27/consumer/DerivedData-InkMarkdownCoreConsumer/ModuleCache.noindex' '-fmodule-name=CAtomic' -fpascal-strings -O0 -DSWIFT_PACKAGE '-DDEBUG=1' -g -I/Users/shizihan/DailyUse/Github/InkMarkdown/.scratch/architecture-deepening-2026-09-07/evidence/20260907-1415-ticket-27/consumer/DerivedData-InkMarkdownCoreConsumer/Build/Products/Debug-iphonesimulator/include -I/Users/shizihan/DailyUse/Github/InkMarkdown/Packages/Caches/swift-markdown/Sources/CAtomic/include -I/Users/shizihan/DailyUse/Github/InkMarkdown/.scratch/architecture-deepening-2026-09-07/evidence/20260907-1415-ticket-27/consumer/DerivedData-InkMarkdownCoreConsumer/Build/Intermediates.noindex/swift-markdown.build/Debug-iphonesimulator/CAtomic.build/DerivedSources-normal/arm64 -I/Users/shizihan/DailyUse/Github/InkMarkdown/.scratch/architecture-deepening-2026-09-07/evidence/20260907-1415-ticket-27/consumer/DerivedData-InkMarkdownCoreConsumer/Build/Intermediates.noindex/swift-markdown.build/Debug-iphonesimulator/CAtomic.build/DerivedSources/arm64 -I/Users/shizihan/DailyUse/Github/InkMarkdown/.scratch/architecture-deepening-2026-09-07/evidence/20260907-1415-ticket-27/consumer/DerivedData-InkMarkdownCoreConsumer/Build/Intermediates.noindex/swift-markdown.build/Debug-iphonesimulator/CAtomic.build/DerivedSources -F/Users/shizihan/DailyUse/Github/InkMarkdown/.scratch/architecture-deepening-2026-09-07/evidence/20260907-1415-ticket-27/consumer/DerivedData-InkMarkdownCoreConsumer/Build/Products/Debug-iphonesimulator -iframework /Applications/Xcode.app/Contents/Developer/Platforms/iPhoneSimulator.platform/Developer/Library/Frameworks -iframework /Applications/Xcode.app/Contents/Developer/Platforms/iPhoneSimulator.platform/Developer/SDKs/iPhoneSimulator26.5.sdk/Developer/Library/Frameworks -DXcode

WriteAuxiliaryFile /Users/shizihan/DailyUse/Github/InkMarkdown/.scratch/architecture-deepening-2026-09-07/evidence/20260907-1415-ticket-27/consumer/DerivedData-InkMarkdownCoreConsumer/Build/Intermediates.noindex/swift-markdown.build/Debug-iphonesimulator/CAtomic.build/CAtomic.DependencyMetadataFileList (in target 'CAtomic' from project 'swift-markdown')
    cd /Users/shizihan/DailyUse/Github/InkMarkdown/Packages/Caches/swift-markdown
    write-file /Users/shizihan/DailyUse/Github/InkMarkdown/.scratch/architecture-deepening-2026-09-07/evidence/20260907-1415-ticket-27/consumer/DerivedData-InkMarkdownCoreConsumer/Build/Intermediates.noindex/swift-markdown.build/Debug-iphonesimulator/CAtomic.build/CAtomic.DependencyMetadataFileList

Copy /Users/shizihan/DailyUse/Github/InkMarkdown/.scratch/architecture-deepening-2026-09-07/evidence/20260907-1415-ticket-27/consumer/DerivedData-InkMarkdownCoreConsumer/Build/Intermediates.noindex/GeneratedModuleMaps-iphonesimulator/InkMarkdown.modulemap /Users/shizihan/DailyUse/Github/InkMarkdown/.scratch/architecture-deepening-2026-09-07/evidence/20260907-1415-ticket-27/consumer/DerivedData-InkMarkdownCoreConsumer/Build/Intermediates.noindex/InkMarkdown.build/Debug-iphonesimulator/InkMarkdown.build/InkMarkdown.modulemap (in target 'InkMarkdown' from project 'InkMarkdown')
    cd /Users/shizihan/DailyUse/Github/InkMarkdown
    builtin-copy -exclude .DS_Store -exclude CVS -exclude .svn -exclude .git -exclude .hg -resolve-src-symlinks /Users/shizihan/DailyUse/Github/InkMarkdown/.scratch/architecture-deepening-2026-09-07/evidence/20260907-1415-ticket-27/consumer/DerivedData-InkMarkdownCoreConsumer/Build/Intermediates.noindex/InkMarkdown.build/Debug-iphonesimulator/InkMarkdown.build/InkMarkdown.modulemap /Users/shizihan/DailyUse/Github/InkMarkdown/.scratch/architecture-deepening-2026-09-07/evidence/20260907-1415-ticket-27/consumer/DerivedData-InkMarkdownCoreConsumer/Build/Intermediates.noindex/GeneratedModuleMaps-iphonesimulator

ScanDependencies /Users/shizihan/DailyUse/Github/InkMarkdown/.scratch/architecture-deepening-2026-09-07/evidence/20260907-1415-ticket-27/consumer/DerivedData-InkMarkdownCoreConsumer/Build/Intermediates.noindex/cmark-gfm.build/Debug-iphonesimulator/cmark-gfm.build/Objects-normal/arm64/syntax_extension.o /Users/shizihan/DailyUse/Github/InkMarkdown/Packages/Caches/swift-cmark/src/syntax_extension.c normal arm64 c com.apple.compilers.llvm.clang.1_0.compiler (in target 'cmark-gfm' from project 'cmark-gfm')
    cd /Users/shizihan/DailyUse/Github/InkMarkdown/.github/fixtures/consumer-smoke/.swiftpm/xcode
    
    Using response file: /Users/shizihan/DailyUse/Github/InkMarkdown/.scratch/architecture-deepening-2026-09-07/evidence/20260907-1415-ticket-27/consumer/DerivedData-InkMarkdownCoreConsumer/Build/Intermediates.noindex/cmark-gfm.build/Debug-iphonesimulator/cmark-gfm.build/Objects-normal/arm64/7187679823f38a2a940e0043cdf9d637-common-args.resp
    
    builtin-ScanDependencies -o /Users/shizihan/DailyUse/Github/InkMarkdown/.scratch/architecture-deepening-2026-09-07/evidence/20260907-1415-ticket-27/consumer/DerivedData-InkMarkdownCoreConsumer/Build/Intermediates.noindex/cmark-gfm.build/Debug-iphonesimulator/cmark-gfm.build/Objects-normal/arm64/syntax_extension.o.scan -- /Applications/Xcode.app/Contents/Developer/Toolchains/XcodeDefault.xctoolchain/usr/bin/clang -x c -ivfsstatcache /Users/shizihan/DailyUse/Github/InkMarkdown/.scratch/architecture-deepening-2026-09-07/evidence/20260907-1415-ticket-27/consumer/DerivedData-InkMarkdownCoreConsumer/SDKStatCaches.noindex/iphonesimulator26.5-23F81a-6cfe768891a92b912361537c460fe42b.sdkstatcache -target arm64-apple-ios12.0-simulator -fmessage-length\=0 -fdiagnostics-show-note-include-stack -fmacro-backtrace-limit\=0 -fno-color-diagnostics -fmodules-prune-interval\=86400 -fmodules-prune-after\=345600 -fbuild-session-file\=/Users/shizihan/DailyUse/Github/InkMarkdown/.scratch/architecture-deepening-2026-09-07/evidence/20260907-1415-ticket-27/consumer/DerivedData-InkMarkdownCoreConsumer/ModuleCache.noindex/Session.modulevalidation -fmodules-validate-once-per-build-session -Wnon-modular-include-in-framework-module -Werror\=non-modular-include-in-framework-module -Wno-trigraphs -Wno-missing-field-initializers -Wno-missing-prototypes -Wno-return-type -Wno-missing-braces -Wparentheses -Wswitch -Wno-unused-function -Wno-unused-label -Wno-unused-parameter -Wno-unused-variable -Wunused-value -Wno-empty-body -Wno-uninitialized -Wno-unknown-pragmas -w -Wno-shadow -Wno-four-char-constants -Wno-conversion -Wno-constant-conversion -Wno-int-conversion -Wno-bool-conversion -Wno-enum-conversion -Wno-float-conversion -Wno-non-literal-null-conversion -Wno-objc-literal-conversion -Wshorten-64-to-32 -Wpointer-sign -Wno-newline-eof -Wno-implicit-fallthrough -isysroot /Applications/Xcode.app/Contents/Developer/Platforms/iPhoneSimulator.platform/Developer/SDKs/iPhoneSimulator26.5.sdk -fstrict-aliasing -Wdeprecated-declarations -Wno-sign-conversion -Wno-infinite-recursion -Wno-comma -Wno-block-capture-autoreleasing -Wno-strict-prototypes -Wno-semicolon-before-method-body -index-store-path /Users/shizihan/DailyUse/Github/InkMarkdown/.scratch/architecture-deepening-2026-09-07/evidence/20260907-1415-ticket-27/consumer/DerivedData-InkMarkdownCoreConsumer/Index.noindex/DataStore @/Users/shizihan/DailyUse/Github/InkMarkdown/.scratch/architecture-deepening-2026-09-07/evidence/20260907-1415-ticket-27/consumer/DerivedData-InkMarkdownCoreConsumer/Build/Intermediates.noindex/cmark-gfm.build/Debug-iphonesimulator/cmark-gfm.build/Objects-normal/arm64/7187679823f38a2a940e0043cdf9d637-common-args.resp -MMD -MT dependencies -MF /Users/shizihan/DailyUse/Github/InkMarkdown/.scratch/architecture-deepening-2026-09-07/evidence/20260907-1415-ticket-27/consumer/DerivedData-InkMarkdownCoreConsumer/Build/Intermediates.noindex/cmark-gfm.build/Debug-iphonesimulator/cmark-gfm.build/Objects-normal/arm64/syntax_extension.d --serialize-diagnostics /Users/shizihan/DailyUse/Github/InkMarkdown/.scratch/architecture-deepening-2026-09-07/evidence/20260907-1415-ticket-27/consumer/DerivedData-InkMarkdownCoreConsumer/Build/Intermediates.noindex/cmark-gfm.build/Debug-iphonesimulator/cmark-gfm.build/Objects-normal/arm64/syntax_extension.dia -c /Users/shizihan/DailyUse/Github/InkMarkdown/Packages/Caches/swift-cmark/src/syntax_extension.c -o /Users/shizihan/DailyUse/Github/InkMarkdown/.scratch/architecture-deepening-2026-09-07/evidence/20260907-1415-ticket-27/consumer/DerivedData-InkMarkdownCoreConsumer/Build/Intermediates.noindex/cmark-gfm.build/Debug-iphonesimulator/cmark-gfm.build/Objects-normal/arm64/syntax_extension.o -index-unit-output-path /cmark-gfm.build/Debug-iphonesimulator/cmark-gfm.build/Objects-normal/arm64/syntax_extension.o

ScanDependencies /Users/shizihan/DailyUse/Github/InkMarkdown/.scratch/architecture-deepening-2026-09-07/evidence/20260907-1415-ticket-27/consumer/DerivedData-InkMarkdownCoreConsumer/Build/Intermediates.noindex/cmark-gfm.build/Debug-iphonesimulator/cmark-gfm.build/Objects-normal/arm64/utf8.o /Users/shizihan/DailyUse/Github/InkMarkdown/Packages/Caches/swift-cmark/src/utf8.c normal arm64 c com.apple.compilers.llvm.clang.1_0.compiler (in target 'cmark-gfm' from project 'cmark-gfm')
    cd /Users/shizihan/DailyUse/Github/InkMarkdown/.github/fixtures/consumer-smoke/.swiftpm/xcode
    
    Using response file: /Users/shizihan/DailyUse/Github/InkMarkdown/.scratch/architecture-deepening-2026-09-07/evidence/20260907-1415-ticket-27/consumer/DerivedData-InkMarkdownCoreConsumer/Build/Intermediates.noindex/cmark-gfm.build/Debug-iphonesimulator/cmark-gfm.build/Objects-normal/arm64/7187679823f38a2a940e0043cdf9d637-common-args.resp
    
    builtin-ScanDependencies -o /Users/shizihan/DailyUse/Github/InkMarkdown/.scratch/architecture-deepening-2026-09-07/evidence/20260907-1415-ticket-27/consumer/DerivedData-InkMarkdownCoreConsumer/Build/Intermediates.noindex/cmark-gfm.build/Debug-iphonesimulator/cmark-gfm.build/Objects-normal/arm64/utf8.o.scan -- /Applications/Xcode.app/Contents/Developer/Toolchains/XcodeDefault.xctoolchain/usr/bin/clang -x c -ivfsstatcache /Users/shizihan/DailyUse/Github/InkMarkdown/.scratch/architecture-deepening-2026-09-07/evidence/20260907-1415-ticket-27/consumer/DerivedData-InkMarkdownCoreConsumer/SDKStatCaches.noindex/iphonesimulator26.5-23F81a-6cfe768891a92b912361537c460fe42b.sdkstatcache -target arm64-apple-ios12.0-simulator -fmessage-length\=0 -fdiagnostics-show-note-include-stack -fmacro-backtrace-limit\=0 -fno-color-diagnostics -fmodules-prune-interval\=86400 -fmodules-prune-after\=345600 -fbuild-session-file\=/Users/shizihan/DailyUse/Github/InkMarkdown/.scratch/architecture-deepening-2026-09-07/evidence/20260907-1415-ticket-27/consumer/DerivedData-InkMarkdownCoreConsumer/ModuleCache.noindex/Session.modulevalidation -fmodules-validate-once-per-build-session -Wnon-modular-include-in-framework-module -Werror\=non-modular-include-in-framework-module -Wno-trigraphs -Wno-missing-field-initializers -Wno-missing-prototypes -Wno-return-type -Wno-missing-braces -Wparentheses -Wswitch -Wno-unused-function -Wno-unused-label -Wno-unused-parameter -Wno-unused-variable -Wunused-value -Wno-empty-body -Wno-uninitialized -Wno-unknown-pragmas -w -Wno-shadow -Wno-four-char-constants -Wno-conversion -Wno-constant-conversion -Wno-int-conversion -Wno-bool-conversion -Wno-enum-conversion -Wno-float-conversion -Wno-non-literal-null-conversion -Wno-objc-literal-conversion -Wshorten-64-to-32 -Wpointer-sign -Wno-newline-eof -Wno-implicit-fallthrough -isysroot /Applications/Xcode.app/Contents/Developer/Platforms/iPhoneSimulator.platform/Developer/SDKs/iPhoneSimulator26.5.sdk -fstrict-aliasing -Wdeprecated-declarations -Wno-sign-conversion -Wno-infinite-recursion -Wno-comma -Wno-block-capture-autoreleasing -Wno-strict-prototypes -Wno-semicolon-before-method-body -index-store-path /Users/shizihan/DailyUse/Github/InkMarkdown/.scratch/architecture-deepening-2026-09-07/evidence/20260907-1415-ticket-27/consumer/DerivedData-InkMarkdownCoreConsumer/Index.noindex/DataStore @/Users/shizihan/DailyUse/Github/InkMarkdown/.scratch/architecture-deepening-2026-09-07/evidence/20260907-1415-ticket-27/consumer/DerivedData-InkMarkdownCoreConsumer/Build/Intermediates.noindex/cmark-gfm.build/Debug-iphonesimulator/cmark-gfm.build/Objects-normal/arm64/7187679823f38a2a940e0043cdf9d637-common-args.resp -MMD -MT dependencies -MF /Users/shizihan/DailyUse/Github/InkMarkdown/.scratch/architecture-deepening-2026-09-07/evidence/20260907-1415-ticket-27/consumer/DerivedData-InkMarkdownCoreConsumer/Build/Intermediates.noindex/cmark-gfm.build/Debug-iphonesimulator/cmark-gfm.build/Objects-normal/arm64/utf8.d --serialize-diagnostics /Users/shizihan/DailyUse/Github/InkMarkdown/.scratch/architecture-deepening-2026-09-07/evidence/20260907-1415-ticket-27/consumer/DerivedData-InkMarkdownCoreConsumer/Build/Intermediates.noindex/cmark-gfm.build/Debug-iphonesimulator/cmark-gfm.build/Objects-normal/arm64/utf8.dia -c /Users/shizihan/DailyUse/Github/InkMarkdown/Packages/Caches/swift-cmark/src/utf8.c -o /Users/shizihan/DailyUse/Github/InkMarkdown/.scratch/architecture-deepening-2026-09-07/evidence/20260907-1415-ticket-27/consumer/DerivedData-InkMarkdownCoreConsumer/Build/Intermediates.noindex/cmark-gfm.build/Debug-iphonesimulator/cmark-gfm.build/Objects-normal/arm64/utf8.o -index-unit-output-path /cmark-gfm.build/Debug-iphonesimulator/cmark-gfm.build/Objects-normal/arm64/utf8.o

ScanDependencies /Users/shizihan/DailyUse/Github/InkMarkdown/.scratch/architecture-deepening-2026-09-07/evidence/20260907-1415-ticket-27/consumer/DerivedData-InkMarkdownCoreConsumer/Build/Intermediates.noindex/cmark-gfm.build/Debug-iphonesimulator/cmark-gfm.build/Objects-normal/arm64/xml.o /Users/shizihan/DailyUse/Github/InkMarkdown/Packages/Caches/swift-cmark/src/xml.c normal arm64 c com.apple.compilers.llvm.clang.1_0.compiler (in target 'cmark-gfm' from project 'cmark-gfm')
    cd /Users/shizihan/DailyUse/Github/InkMarkdown/.github/fixtures/consumer-smoke/.swiftpm/xcode
    
    Using response file: /Users/shizihan/DailyUse/Github/InkMarkdown/.scratch/architecture-deepening-2026-09-07/evidence/20260907-1415-ticket-27/consumer/DerivedData-InkMarkdownCoreConsumer/Build/Intermediates.noindex/cmark-gfm.build/Debug-iphonesimulator/cmark-gfm.build/Objects-normal/arm64/7187679823f38a2a940e0043cdf9d637-common-args.resp
    
    builtin-ScanDependencies -o /Users/shizihan/DailyUse/Github/InkMarkdown/.scratch/architecture-deepening-2026-09-07/evidence/20260907-1415-ticket-27/consumer/DerivedData-InkMarkdownCoreConsumer/Build/Intermediates.noindex/cmark-gfm.build/Debug-iphonesimulator/cmark-gfm.build/Objects-normal/arm64/xml.o.scan -- /Applications/Xcode.app/Contents/Developer/Toolchains/XcodeDefault.xctoolchain/usr/bin/clang -x c -ivfsstatcache /Users/shizihan/DailyUse/Github/InkMarkdown/.scratch/architecture-deepening-2026-09-07/evidence/20260907-1415-ticket-27/consumer/DerivedData-InkMarkdownCoreConsumer/SDKStatCaches.noindex/iphonesimulator26.5-23F81a-6cfe768891a92b912361537c460fe42b.sdkstatcache -target arm64-apple-ios12.0-simulator -fmessage-length\=0 -fdiagnostics-show-note-include-stack -fmacro-backtrace-limit\=0 -fno-color-diagnostics -fmodules-prune-interval\=86400 -fmodules-prune-after\=345600 -fbuild-session-file\=/Users/shizihan/DailyUse/Github/InkMarkdown/.scratch/architecture-deepening-2026-09-07/evidence/20260907-1415-ticket-27/consumer/DerivedData-InkMarkdownCoreConsumer/ModuleCache.noindex/Session.modulevalidation -fmodules-validate-once-per-build-session -Wnon-modular-include-in-framework-module -Werror\=non-modular-include-in-framework-module -Wno-trigraphs -Wno-missing-field-initializers -Wno-missing-prototypes -Wno-return-type -Wno-missing-braces -Wparentheses -Wswitch -Wno-unused-function -Wno-unused-label -Wno-unused-parameter -Wno-unused-variable -Wunused-value -Wno-empty-body -Wno-uninitialized -Wno-unknown-pragmas -w -Wno-shadow -Wno-four-char-constants -Wno-conversion -Wno-constant-conversion -Wno-int-conversion -Wno-bool-conversion -Wno-enum-conversion -Wno-float-conversion -Wno-non-literal-null-conversion -Wno-objc-literal-conversion -Wshorten-64-to-32 -Wpointer-sign -Wno-newline-eof -Wno-implicit-fallthrough -isysroot /Applications/Xcode.app/Contents/Developer/Platforms/iPhoneSimulator.platform/Developer/SDKs/iPhoneSimulator26.5.sdk -fstrict-aliasing -Wdeprecated-declarations -Wno-sign-conversion -Wno-infinite-recursion -Wno-comma -Wno-block-capture-autoreleasing -Wno-strict-prototypes -Wno-semicolon-before-method-body -index-store-path /Users/shizihan/DailyUse/Github/InkMarkdown/.scratch/architecture-deepening-2026-09-07/evidence/20260907-1415-ticket-27/consumer/DerivedData-InkMarkdownCoreConsumer/Index.noindex/DataStore @/Users/shizihan/DailyUse/Github/InkMarkdown/.scratch/architecture-deepening-2026-09-07/evidence/20260907-1415-ticket-27/consumer/DerivedData-InkMarkdownCoreConsumer/Build/Intermediates.noindex/cmark-gfm.build/Debug-iphonesimulator/cmark-gfm.build/Objects-normal/arm64/7187679823f38a2a940e0043cdf9d637-common-args.resp -MMD -MT dependencies -MF /Users/shizihan/DailyUse/Github/InkMarkdown/.scratch/architecture-deepening-2026-09-07/evidence/20260907-1415-ticket-27/consumer/DerivedData-InkMarkdownCoreConsumer/Build/Intermediates.noindex/cmark-gfm.build/Debug-iphonesimulator/cmark-gfm.build/Objects-normal/arm64/xml.d --serialize-diagnostics /Users/shizihan/DailyUse/Github/InkMarkdown/.scratch/architecture-deepening-2026-09-07/evidence/20260907-1415-ticket-27/consumer/DerivedData-InkMarkdownCoreConsumer/Build/Intermediates.noindex/cmark-gfm.build/Debug-iphonesimulator/cmark-gfm.build/Objects-normal/arm64/xml.dia -c /Users/shizihan/DailyUse/Github/InkMarkdown/Packages/Caches/swift-cmark/src/xml.c -o /Users/shizihan/DailyUse/Github/InkMarkdown/.scratch/architecture-deepening-2026-09-07/evidence/20260907-1415-ticket-27/consumer/DerivedData-InkMarkdownCoreConsumer/Build/Intermediates.noindex/cmark-gfm.build/Debug-iphonesimulator/cmark-gfm.build/Objects-normal/arm64/xml.o -index-unit-output-path /cmark-gfm.build/Debug-iphonesimulator/cmark-gfm.build/Objects-normal/arm64/xml.o

ScanDependencies /Users/shizihan/DailyUse/Github/InkMarkdown/.scratch/architecture-deepening-2026-09-07/evidence/20260907-1415-ticket-27/consumer/DerivedData-InkMarkdownCoreConsumer/Build/Intermediates.noindex/cmark-gfm.build/Debug-iphonesimulator/cmark-gfm.build/Objects-normal/arm64/render.o /Users/shizihan/DailyUse/Github/InkMarkdown/Packages/Caches/swift-cmark/src/render.c normal arm64 c com.apple.compilers.llvm.clang.1_0.compiler (in target 'cmark-gfm' from project 'cmark-gfm')
    cd /Users/shizihan/DailyUse/Github/InkMarkdown/.github/fixtures/consumer-smoke/.swiftpm/xcode
    
    Using response file: /Users/shizihan/DailyUse/Github/InkMarkdown/.scratch/architecture-deepening-2026-09-07/evidence/20260907-1415-ticket-27/consumer/DerivedData-InkMarkdownCoreConsumer/Build/Intermediates.noindex/cmark-gfm.build/Debug-iphonesimulator/cmark-gfm.build/Objects-normal/arm64/7187679823f38a2a940e0043cdf9d637-common-args.resp
    
    builtin-ScanDependencies -o /Users/shizihan/DailyUse/Github/InkMarkdown/.scratch/architecture-deepening-2026-09-07/evidence/20260907-1415-ticket-27/consumer/DerivedData-InkMarkdownCoreConsumer/Build/Intermediates.noindex/cmark-gfm.build/Debug-iphonesimulator/cmark-gfm.build/Objects-normal/arm64/render.o.scan -- /Applications/Xcode.app/Contents/Developer/Toolchains/XcodeDefault.xctoolchain/usr/bin/clang -x c -ivfsstatcache /Users/shizihan/DailyUse/Github/InkMarkdown/.scratch/architecture-deepening-2026-09-07/evidence/20260907-1415-ticket-27/consumer/DerivedData-InkMarkdownCoreConsumer/SDKStatCaches.noindex/iphonesimulator26.5-23F81a-6cfe768891a92b912361537c460fe42b.sdkstatcache -target arm64-apple-ios12.0-simulator -fmessage-length\=0 -fdiagnostics-show-note-include-stack -fmacro-backtrace-limit\=0 -fno-color-diagnostics -fmodules-prune-interval\=86400 -fmodules-prune-after\=345600 -fbuild-session-file\=/Users/shizihan/DailyUse/Github/InkMarkdown/.scratch/architecture-deepening-2026-09-07/evidence/20260907-1415-ticket-27/consumer/DerivedData-InkMarkdownCoreConsumer/ModuleCache.noindex/Session.modulevalidation -fmodules-validate-once-per-build-session -Wnon-modular-include-in-framework-module -Werror\=non-modular-include-in-framework-module -Wno-trigraphs -Wno-missing-field-initializers -Wno-missing-prototypes -Wno-return-type -Wno-missing-braces -Wparentheses -Wswitch -Wno-unused-function -Wno-unused-label -Wno-unused-parameter -Wno-unused-variable -Wunused-value -Wno-empty-body -Wno-uninitialized -Wno-unknown-pragmas -w -Wno-shadow -Wno-four-char-constants -Wno-conversion -Wno-constant-conversion -Wno-int-conversion -Wno-bool-conversion -Wno-enum-conversion -Wno-float-conversion -Wno-non-literal-null-conversion -Wno-objc-literal-conversion -Wshorten-64-to-32 -Wpointer-sign -Wno-newline-eof -Wno-implicit-fallthrough -isysroot /Applications/Xcode.app/Contents/Developer/Platforms/iPhoneSimulator.platform/Developer/SDKs/iPhoneSimulator26.5.sdk -fstrict-aliasing -Wdeprecated-declarations -Wno-sign-conversion -Wno-infinite-recursion -Wno-comma -Wno-block-capture-autoreleasing -Wno-strict-prototypes -Wno-semicolon-before-method-body -index-store-path /Users/shizihan/DailyUse/Github/InkMarkdown/.scratch/architecture-deepening-2026-09-07/evidence/20260907-1415-ticket-27/consumer/DerivedData-InkMarkdownCoreConsumer/Index.noindex/DataStore @/Users/shizihan/DailyUse/Github/InkMarkdown/.scratch/architecture-deepening-2026-09-07/evidence/20260907-1415-ticket-27/consumer/DerivedData-InkMarkdownCoreConsumer/Build/Intermediates.noindex/cmark-gfm.build/Debug-iphonesimulator/cmark-gfm.build/Objects-normal/arm64/7187679823f38a2a940e0043cdf9d637-common-args.resp -MMD -MT dependencies -MF /Users/shizihan/DailyUse/Github/InkMarkdown/.scratch/architecture-deepening-2026-09-07/evidence/20260907-1415-ticket-27/consumer/DerivedData-InkMarkdownCoreConsumer/Build/Intermediates.noindex/cmark-gfm.build/Debug-iphonesimulator/cmark-gfm.build/Objects-normal/arm64/render.d --serialize-diagnostics /Users/shizihan/DailyUse/Github/InkMarkdown/.scratch/architecture-deepening-2026-09-07/evidence/20260907-1415-ticket-27/consumer/DerivedData-InkMarkdownCoreConsumer/Build/Intermediates.noindex/cmark-gfm.build/Debug-iphonesimulator/cmark-gfm.build/Objects-normal/arm64/render.dia -c /Users/shizihan/DailyUse/Github/InkMarkdown/Packages/Caches/swift-cmark/src/render.c -o /Users/shizihan/DailyUse/Github/InkMarkdown/.scratch/architecture-deepening-2026-09-07/evidence/20260907-1415-ticket-27/consumer/DerivedData-InkMarkdownCoreConsumer/Build/Intermediates.noindex/cmark-gfm.build/Debug-iphonesimulator/cmark-gfm.build/Objects-normal/arm64/render.o -index-unit-output-path /cmark-gfm.build/Debug-iphonesimulator/cmark-gfm.build/Objects-normal/arm64/render.o

ScanDependencies /Users/shizihan/DailyUse/Github/InkMarkdown/.scratch/architecture-deepening-2026-09-07/evidence/20260907-1415-ticket-27/consumer/DerivedData-InkMarkdownCoreConsumer/Build/Intermediates.noindex/cmark-gfm.build/Debug-iphonesimulator/cmark-gfm-extensions.build/Objects-normal/arm64/tasklist.o /Users/shizihan/DailyUse/Github/InkMarkdown/Packages/Caches/swift-cmark/extensions/tasklist.c normal arm64 c com.apple.compilers.llvm.clang.1_0.compiler (in target 'cmark-gfm-extensions' from project 'cmark-gfm')
    cd /Users/shizihan/DailyUse/Github/InkMarkdown/.github/fixtures/consumer-smoke/.swiftpm/xcode
    
    Using response file: /Users/shizihan/DailyUse/Github/InkMarkdown/.scratch/architecture-deepening-2026-09-07/evidence/20260907-1415-ticket-27/consumer/DerivedData-InkMarkdownCoreConsumer/Build/Intermediates.noindex/cmark-gfm.build/Debug-iphonesimulator/cmark-gfm-extensions.build/Objects-normal/arm64/7187679823f38a2a940e0043cdf9d637-common-args.resp
    
    builtin-ScanDependencies -o /Users/shizihan/DailyUse/Github/InkMarkdown/.scratch/architecture-deepening-2026-09-07/evidence/20260907-1415-ticket-27/consumer/DerivedData-InkMarkdownCoreConsumer/Build/Intermediates.noindex/cmark-gfm.build/Debug-iphonesimulator/cmark-gfm-extensions.build/Objects-normal/arm64/tasklist.o.scan -- /Applications/Xcode.app/Contents/Developer/Toolchains/XcodeDefault.xctoolchain/usr/bin/clang -x c -ivfsstatcache /Users/shizihan/DailyUse/Github/InkMarkdown/.scratch/architecture-deepening-2026-09-07/evidence/20260907-1415-ticket-27/consumer/DerivedData-InkMarkdownCoreConsumer/SDKStatCaches.noindex/iphonesimulator26.5-23F81a-6cfe768891a92b912361537c460fe42b.sdkstatcache -target arm64-apple-ios12.0-simulator -fmessage-length\=0 -fdiagnostics-show-note-include-stack -fmacro-backtrace-limit\=0 -fno-color-diagnostics -fmodules-prune-interval\=86400 -fmodules-prune-after\=345600 -fbuild-session-file\=/Users/shizihan/DailyUse/Github/InkMarkdown/.scratch/architecture-deepening-2026-09-07/evidence/20260907-1415-ticket-27/consumer/DerivedData-InkMarkdownCoreConsumer/ModuleCache.noindex/Session.modulevalidation -fmodules-validate-once-per-build-session -Wnon-modular-include-in-framework-module -Werror\=non-modular-include-in-framework-module -Wno-trigraphs -Wno-missing-field-initializers -Wno-missing-prototypes -Wno-return-type -Wno-missing-braces -Wparentheses -Wswitch -Wno-unused-function -Wno-unused-label -Wno-unused-parameter -Wno-unused-variable -Wunused-value -Wno-empty-body -Wno-uninitialized -Wno-unknown-pragmas -w -Wno-shadow -Wno-four-char-constants -Wno-conversion -Wno-constant-conversion -Wno-int-conversion -Wno-bool-conversion -Wno-enum-conversion -Wno-float-conversion -Wno-non-literal-null-conversion -Wno-objc-literal-conversion -Wshorten-64-to-32 -Wpointer-sign -Wno-newline-eof -Wno-implicit-fallthrough -isysroot /Applications/Xcode.app/Contents/Developer/Platforms/iPhoneSimulator.platform/Developer/SDKs/iPhoneSimulator26.5.sdk -fstrict-aliasing -Wdeprecated-declarations -Wno-sign-conversion -Wno-infinite-recursion -Wno-comma -Wno-block-capture-autoreleasing -Wno-strict-prototypes -Wno-semicolon-before-method-body -index-store-path /Users/shizihan/DailyUse/Github/InkMarkdown/.scratch/architecture-deepening-2026-09-07/evidence/20260907-1415-ticket-27/consumer/DerivedData-InkMarkdownCoreConsumer/Index.noindex/DataStore @/Users/shizihan/DailyUse/Github/InkMarkdown/.scratch/architecture-deepening-2026-09-07/evidence/20260907-1415-ticket-27/consumer/DerivedData-InkMarkdownCoreConsumer/Build/Intermediates.noindex/cmark-gfm.build/Debug-iphonesimulator/cmark-gfm-extensions.build/Objects-normal/arm64/7187679823f38a2a940e0043cdf9d637-common-args.resp -MMD -MT dependencies -MF /Users/shizihan/DailyUse/Github/InkMarkdown/.scratch/architecture-deepening-2026-09-07/evidence/20260907-1415-ticket-27/consumer/DerivedData-InkMarkdownCoreConsumer/Build/Intermediates.noindex/cmark-gfm.build/Debug-iphonesimulator/cmark-gfm-extensions.build/Objects-normal/arm64/tasklist.d --serialize-diagnostics /Users/shizihan/DailyUse/Github/InkMarkdown/.scratch/architecture-deepening-2026-09-07/evidence/20260907-1415-ticket-27/consumer/DerivedData-InkMarkdownCoreConsumer/Build/Intermediates.noindex/cmark-gfm.build/Debug-iphonesimulator/cmark-gfm-extensions.build/Objects-normal/arm64/tasklist.dia -c /Users/shizihan/DailyUse/Github/InkMarkdown/Packages/Caches/swift-cmark/extensions/tasklist.c -o /Users/shizihan/DailyUse/Github/InkMarkdown/.scratch/architecture-deepening-2026-09-07/evidence/20260907-1415-ticket-27/consumer/DerivedData-InkMarkdownCoreConsumer/Build/Intermediates.noindex/cmark-gfm.build/Debug-iphonesimulator/cmark-gfm-extensions.build/Objects-normal/arm64/tasklist.o -index-unit-output-path /cmark-gfm.build/Debug-iphonesimulator/cmark-gfm-extensions.build/Objects-normal/arm64/tasklist.o

ScanDependencies /Users/shizihan/DailyUse/Github/InkMarkdown/.scratch/architecture-deepening-2026-09-07/evidence/20260907-1415-ticket-27/consumer/DerivedData-InkMarkdownCoreConsumer/Build/Intermediates.noindex/cmark-gfm.build/Debug-iphonesimulator/cmark-gfm.build/Objects-normal/arm64/references.o /Users/shizihan/DailyUse/Github/InkMarkdown/Packages/Caches/swift-cmark/src/references.c normal arm64 c com.apple.compilers.llvm.clang.1_0.compiler (in target 'cmark-gfm' from project 'cmark-gfm')
    cd /Users/shizihan/DailyUse/Github/InkMarkdown/.github/fixtures/consumer-smoke/.swiftpm/xcode
    
    Using response file: /Users/shizihan/DailyUse/Github/InkMarkdown/.scratch/architecture-deepening-2026-09-07/evidence/20260907-1415-ticket-27/consumer/DerivedData-InkMarkdownCoreConsumer/Build/Intermediates.noindex/cmark-gfm.build/Debug-iphonesimulator/cmark-gfm.build/Objects-normal/arm64/7187679823f38a2a940e0043cdf9d637-common-args.resp
    
    builtin-ScanDependencies -o /Users/shizihan/DailyUse/Github/InkMarkdown/.scratch/architecture-deepening-2026-09-07/evidence/20260907-1415-ticket-27/consumer/DerivedData-InkMarkdownCoreConsumer/Build/Intermediates.noindex/cmark-gfm.build/Debug-iphonesimulator/cmark-gfm.build/Objects-normal/arm64/references.o.scan -- /Applications/Xcode.app/Contents/Developer/Toolchains/XcodeDefault.xctoolchain/usr/bin/clang -x c -ivfsstatcache /Users/shizihan/DailyUse/Github/InkMarkdown/.scratch/architecture-deepening-2026-09-07/evidence/20260907-1415-ticket-27/consumer/DerivedData-InkMarkdownCoreConsumer/SDKStatCaches.noindex/iphonesimulator26.5-23F81a-6cfe768891a92b912361537c460fe42b.sdkstatcache -target arm64-apple-ios12.0-simulator -fmessage-length\=0 -fdiagnostics-show-note-include-stack -fmacro-backtrace-limit\=0 -fno-color-diagnostics -fmodules-prune-interval\=86400 -fmodules-prune-after\=345600 -fbuild-session-file\=/Users/shizihan/DailyUse/Github/InkMarkdown/.scratch/architecture-deepening-2026-09-07/evidence/20260907-1415-ticket-27/consumer/DerivedData-InkMarkdownCoreConsumer/ModuleCache.noindex/Session.modulevalidation -fmodules-validate-once-per-build-session -Wnon-modular-include-in-framework-module -Werror\=non-modular-include-in-framework-module -Wno-trigraphs -Wno-missing-field-initializers -Wno-missing-prototypes -Wno-return-type -Wno-missing-braces -Wparentheses -Wswitch -Wno-unused-function -Wno-unused-label -Wno-unused-parameter -Wno-unused-variable -Wunused-value -Wno-empty-body -Wno-uninitialized -Wno-unknown-pragmas -w -Wno-shadow -Wno-four-char-constants -Wno-conversion -Wno-constant-conversion -Wno-int-conversion -Wno-bool-conversion -Wno-enum-conversion -Wno-float-conversion -Wno-non-literal-null-conversion -Wno-objc-literal-conversion -Wshorten-64-to-32 -Wpointer-sign -Wno-newline-eof -Wno-implicit-fallthrough -isysroot /Applications/Xcode.app/Contents/Developer/Platforms/iPhoneSimulator.platform/Developer/SDKs/iPhoneSimulator26.5.sdk -fstrict-aliasing -Wdeprecated-declarations -Wno-sign-conversion -Wno-infinite-recursion -Wno-comma -Wno-block-capture-autoreleasing -Wno-strict-prototypes -Wno-semicolon-before-method-body -index-store-path /Users/shizihan/DailyUse/Github/InkMarkdown/.scratch/architecture-deepening-2026-09-07/evidence/20260907-1415-ticket-27/consumer/DerivedData-InkMarkdownCoreConsumer/Index.noindex/DataStore @/Users/shizihan/DailyUse/Github/InkMarkdown/.scratch/architecture-deepening-2026-09-07/evidence/20260907-1415-ticket-27/consumer/DerivedData-InkMarkdownCoreConsumer/Build/Intermediates.noindex/cmark-gfm.build/Debug-iphonesimulator/cmark-gfm.build/Objects-normal/arm64/7187679823f38a2a940e0043cdf9d637-common-args.resp -MMD -MT dependencies -MF /Users/shizihan/DailyUse/Github/InkMarkdown/.scratch/architecture-deepening-2026-09-07/evidence/20260907-1415-ticket-27/consumer/DerivedData-InkMarkdownCoreConsumer/Build/Intermediates.noindex/cmark-gfm.build/Debug-iphonesimulator/cmark-gfm.build/Objects-normal/arm64/references.d --serialize-diagnostics /Users/shizihan/DailyUse/Github/InkMarkdown/.scratch/architecture-deepening-2026-09-07/evidence/20260907-1415-ticket-27/consumer/DerivedData-InkMarkdownCoreConsumer/Build/Intermediates.noindex/cmark-gfm.build/Debug-iphonesimulator/cmark-gfm.build/Objects-normal/arm64/references.dia -c /Users/shizihan/DailyUse/Github/InkMarkdown/Packages/Caches/swift-cmark/src/references.c -o /Users/shizihan/DailyUse/Github/InkMarkdown/.scratch/architecture-deepening-2026-09-07/evidence/20260907-1415-ticket-27/consumer/DerivedData-InkMarkdownCoreConsumer/Build/Intermediates.noindex/cmark-gfm.build/Debug-iphonesimulator/cmark-gfm.build/Objects-normal/arm64/references.o -index-unit-output-path /cmark-gfm.build/Debug-iphonesimulator/cmark-gfm.build/Objects-normal/arm64/references.o

ScanDependencies /Users/shizihan/DailyUse/Github/InkMarkdown/.scratch/architecture-deepening-2026-09-07/evidence/20260907-1415-ticket-27/consumer/DerivedData-InkMarkdownCoreConsumer/Build/Intermediates.noindex/cmark-gfm.build/Debug-iphonesimulator/cmark-gfm-extensions.build/Objects-normal/arm64/table.o /Users/shizihan/DailyUse/Github/InkMarkdown/Packages/Caches/swift-cmark/extensions/table.c normal arm64 c com.apple.compilers.llvm.clang.1_0.compiler (in target 'cmark-gfm-extensions' from project 'cmark-gfm')
    cd /Users/shizihan/DailyUse/Github/InkMarkdown/.github/fixtures/consumer-smoke/.swiftpm/xcode
    
    Using response file: /Users/shizihan/DailyUse/Github/InkMarkdown/.scratch/architecture-deepening-2026-09-07/evidence/20260907-1415-ticket-27/consumer/DerivedData-InkMarkdownCoreConsumer/Build/Intermediates.noindex/cmark-gfm.build/Debug-iphonesimulator/cmark-gfm-extensions.build/Objects-normal/arm64/7187679823f38a2a940e0043cdf9d637-common-args.resp
    
    builtin-ScanDependencies -o /Users/shizihan/DailyUse/Github/InkMarkdown/.scratch/architecture-deepening-2026-09-07/evidence/20260907-1415-ticket-27/consumer/DerivedData-InkMarkdownCoreConsumer/Build/Intermediates.noindex/cmark-gfm.build/Debug-iphonesimulator/cmark-gfm-extensions.build/Objects-normal/arm64/table.o.scan -- /Applications/Xcode.app/Contents/Developer/Toolchains/XcodeDefault.xctoolchain/usr/bin/clang -x c -ivfsstatcache /Users/shizihan/DailyUse/Github/InkMarkdown/.scratch/architecture-deepening-2026-09-07/evidence/20260907-1415-ticket-27/consumer/DerivedData-InkMarkdownCoreConsumer/SDKStatCaches.noindex/iphonesimulator26.5-23F81a-6cfe768891a92b912361537c460fe42b.sdkstatcache -target arm64-apple-ios12.0-simulator -fmessage-length\=0 -fdiagnostics-show-note-include-stack -fmacro-backtrace-limit\=0 -fno-color-diagnostics -fmodules-prune-interval\=86400 -fmodules-prune-after\=345600 -fbuild-session-file\=/Users/shizihan/DailyUse/Github/InkMarkdown/.scratch/architecture-deepening-2026-09-07/evidence/20260907-1415-ticket-27/consumer/DerivedData-InkMarkdownCoreConsumer/ModuleCache.noindex/Session.modulevalidation -fmodules-validate-once-per-build-session -Wnon-modular-include-in-framework-module -Werror\=non-modular-include-in-framework-module -Wno-trigraphs -Wno-missing-field-initializers -Wno-missing-prototypes -Wno-return-type -Wno-missing-braces -Wparentheses -Wswitch -Wno-unused-function -Wno-unused-label -Wno-unused-parameter -Wno-unused-variable -Wunused-value -Wno-empty-body -Wno-uninitialized -Wno-unknown-pragmas -w -Wno-shadow -Wno-four-char-constants -Wno-conversion -Wno-constant-conversion -Wno-int-conversion -Wno-bool-conversion -Wno-enum-conversion -Wno-float-conversion -Wno-non-literal-null-conversion -Wno-objc-literal-conversion -Wshorten-64-to-32 -Wpointer-sign -Wno-newline-eof -Wno-implicit-fallthrough -isysroot /Applications/Xcode.app/Contents/Developer/Platforms/iPhoneSimulator.platform/Developer/SDKs/iPhoneSimulator26.5.sdk -fstrict-aliasing -Wdeprecated-declarations -Wno-sign-conversion -Wno-infinite-recursion -Wno-comma -Wno-block-capture-autoreleasing -Wno-strict-prototypes -Wno-semicolon-before-method-body -index-store-path /Users/shizihan/DailyUse/Github/InkMarkdown/.scratch/architecture-deepening-2026-09-07/evidence/20260907-1415-ticket-27/consumer/DerivedData-InkMarkdownCoreConsumer/Index.noindex/DataStore @/Users/shizihan/DailyUse/Github/InkMarkdown/.scratch/architecture-deepening-2026-09-07/evidence/20260907-1415-ticket-27/consumer/DerivedData-InkMarkdownCoreConsumer/Build/Intermediates.noindex/cmark-gfm.build/Debug-iphonesimulator/cmark-gfm-extensions.build/Objects-normal/arm64/7187679823f38a2a940e0043cdf9d637-common-args.resp -MMD -MT dependencies -MF /Users/shizihan/DailyUse/Github/InkMarkdown/.scratch/architecture-deepening-2026-09-07/evidence/20260907-1415-ticket-27/consumer/DerivedData-InkMarkdownCoreConsumer/Build/Intermediates.noindex/cmark-gfm.build/Debug-iphonesimulator/cmark-gfm-extensions.build/Objects-normal/arm64/table.d --serialize-diagnostics /Users/shizihan/DailyUse/Github/InkMarkdown/.scratch/architecture-deepening-2026-09-07/evidence/20260907-1415-ticket-27/consumer/DerivedData-InkMarkdownCoreConsumer/Build/Intermediates.noindex/cmark-gfm.build/Debug-iphonesimulator/cmark-gfm-extensions.build/Objects-normal/arm64/table.dia -c /Users/shizihan/DailyUse/Github/InkMarkdown/Packages/Caches/swift-cmark/extensions/table.c -o /Users/shizihan/DailyUse/Github/InkMarkdown/.scratch/architecture-deepening-2026-09-07/evidence/20260907-1415-ticket-27/consumer/DerivedData-InkMarkdownCoreConsumer/Build/Intermediates.noindex/cmark-gfm.build/Debug-iphonesimulator/cmark-gfm-extensions.build/Objects-normal/arm64/table.o -index-unit-output-path /cmark-gfm.build/Debug-iphonesimulator/cmark-gfm-extensions.build/Objects-normal/arm64/table.o

ScanDependencies /Users/shizihan/DailyUse/Github/InkMarkdown/.scratch/architecture-deepening-2026-09-07/evidence/20260907-1415-ticket-27/consumer/DerivedData-InkMarkdownCoreConsumer/Build/Intermediates.noindex/cmark-gfm.build/Debug-iphonesimulator/cmark-gfm.build/Objects-normal/arm64/scanners.o /Users/shizihan/DailyUse/Github/InkMarkdown/Packages/Caches/swift-cmark/src/scanners.c normal arm64 c com.apple.compilers.llvm.clang.1_0.compiler (in target 'cmark-gfm' from project 'cmark-gfm')
    cd /Users/shizihan/DailyUse/Github/InkMarkdown/.github/fixtures/consumer-smoke/.swiftpm/xcode
    
    Using response file: /Users/shizihan/DailyUse/Github/InkMarkdown/.scratch/architecture-deepening-2026-09-07/evidence/20260907-1415-ticket-27/consumer/DerivedData-InkMarkdownCoreConsumer/Build/Intermediates.noindex/cmark-gfm.build/Debug-iphonesimulator/cmark-gfm.build/Objects-normal/arm64/7187679823f38a2a940e0043cdf9d637-common-args.resp
    
    builtin-ScanDependencies -o /Users/shizihan/DailyUse/Github/InkMarkdown/.scratch/architecture-deepening-2026-09-07/evidence/20260907-1415-ticket-27/consumer/DerivedData-InkMarkdownCoreConsumer/Build/Intermediates.noindex/cmark-gfm.build/Debug-iphonesimulator/cmark-gfm.build/Objects-normal/arm64/scanners.o.scan -- /Applications/Xcode.app/Contents/Developer/Toolchains/XcodeDefault.xctoolchain/usr/bin/clang -x c -ivfsstatcache /Users/shizihan/DailyUse/Github/InkMarkdown/.scratch/architecture-deepening-2026-09-07/evidence/20260907-1415-ticket-27/consumer/DerivedData-InkMarkdownCoreConsumer/SDKStatCaches.noindex/iphonesimulator26.5-23F81a-6cfe768891a92b912361537c460fe42b.sdkstatcache -target arm64-apple-ios12.0-simulator -fmessage-length\=0 -fdiagnostics-show-note-include-stack -fmacro-backtrace-limit\=0 -fno-color-diagnostics -fmodules-prune-interval\=86400 -fmodules-prune-after\=345600 -fbuild-session-file\=/Users/shizihan/DailyUse/Github/InkMarkdown/.scratch/architecture-deepening-2026-09-07/evidence/20260907-1415-ticket-27/consumer/DerivedData-InkMarkdownCoreConsumer/ModuleCache.noindex/Session.modulevalidation -fmodules-validate-once-per-build-session -Wnon-modular-include-in-framework-module -Werror\=non-modular-include-in-framework-module -Wno-trigraphs -Wno-missing-field-initializers -Wno-missing-prototypes -Wno-return-type -Wno-missing-braces -Wparentheses -Wswitch -Wno-unused-function -Wno-unused-label -Wno-unused-parameter -Wno-unused-variable -Wunused-value -Wno-empty-body -Wno-uninitialized -Wno-unknown-pragmas -w -Wno-shadow -Wno-four-char-constants -Wno-conversion -Wno-constant-conversion -Wno-int-conversion -Wno-bool-conversion -Wno-enum-conversion -Wno-float-conversion -Wno-non-literal-null-conversion -Wno-objc-literal-conversion -Wshorten-64-to-32 -Wpointer-sign -Wno-newline-eof -Wno-implicit-fallthrough -isysroot /Applications/Xcode.app/Contents/Developer/Platforms/iPhoneSimulator.platform/Developer/SDKs/iPhoneSimulator26.5.sdk -fstrict-aliasing -Wdeprecated-declarations -Wno-sign-conversion -Wno-infinite-recursion -Wno-comma -Wno-block-capture-autoreleasing -Wno-strict-prototypes -Wno-semicolon-before-method-body -index-store-path /Users/shizihan/DailyUse/Github/InkMarkdown/.scratch/architecture-deepening-2026-09-07/evidence/20260907-1415-ticket-27/consumer/DerivedData-InkMarkdownCoreConsumer/Index.noindex/DataStore @/Users/shizihan/DailyUse/Github/InkMarkdown/.scratch/architecture-deepening-2026-09-07/evidence/20260907-1415-ticket-27/consumer/DerivedData-InkMarkdownCoreConsumer/Build/Intermediates.noindex/cmark-gfm.build/Debug-iphonesimulator/cmark-gfm.build/Objects-normal/arm64/7187679823f38a2a940e0043cdf9d637-common-args.resp -MMD -MT dependencies -MF /Users/shizihan/DailyUse/Github/InkMarkdown/.scratch/architecture-deepening-2026-09-07/evidence/20260907-1415-ticket-27/consumer/DerivedData-InkMarkdownCoreConsumer/Build/Intermediates.noindex/cmark-gfm.build/Debug-iphonesimulator/cmark-gfm.build/Objects-normal/arm64/scanners.d --serialize-diagnostics /Users/shizihan/DailyUse/Github/InkMarkdown/.scratch/architecture-deepening-2026-09-07/evidence/20260907-1415-ticket-27/consumer/DerivedData-InkMarkdownCoreConsumer/Build/Intermediates.noindex/cmark-gfm.build/Debug-iphonesimulator/cmark-gfm.build/Objects-normal/arm64/scanners.dia -c /Users/shizihan/DailyUse/Github/InkMarkdown/Packages/Caches/swift-cmark/src/scanners.c -o /Users/shizihan/DailyUse/Github/InkMarkdown/.scratch/architecture-deepening-2026-09-07/evidence/20260907-1415-ticket-27/consumer/DerivedData-InkMarkdownCoreConsumer/Build/Intermediates.noindex/cmark-gfm.build/Debug-iphonesimulator/cmark-gfm.build/Objects-normal/arm64/scanners.o -index-unit-output-path /cmark-gfm.build/Debug-iphonesimulator/cmark-gfm.build/Objects-normal/arm64/scanners.o

ScanDependencies /Users/shizihan/DailyUse/Github/InkMarkdown/.scratch/architecture-deepening-2026-09-07/evidence/20260907-1415-ticket-27/consumer/DerivedData-InkMarkdownCoreConsumer/Build/Intermediates.noindex/cmark-gfm.build/Debug-iphonesimulator/cmark-gfm.build/Objects-normal/arm64/registry.o /Users/shizihan/DailyUse/Github/InkMarkdown/Packages/Caches/swift-cmark/src/registry.c normal arm64 c com.apple.compilers.llvm.clang.1_0.compiler (in target 'cmark-gfm' from project 'cmark-gfm')
    cd /Users/shizihan/DailyUse/Github/InkMarkdown/.github/fixtures/consumer-smoke/.swiftpm/xcode
    
    Using response file: /Users/shizihan/DailyUse/Github/InkMarkdown/.scratch/architecture-deepening-2026-09-07/evidence/20260907-1415-ticket-27/consumer/DerivedData-InkMarkdownCoreConsumer/Build/Intermediates.noindex/cmark-gfm.build/Debug-iphonesimulator/cmark-gfm.build/Objects-normal/arm64/7187679823f38a2a940e0043cdf9d637-common-args.resp
    
    builtin-ScanDependencies -o /Users/shizihan/DailyUse/Github/InkMarkdown/.scratch/architecture-deepening-2026-09-07/evidence/20260907-1415-ticket-27/consumer/DerivedData-InkMarkdownCoreConsumer/Build/Intermediates.noindex/cmark-gfm.build/Debug-iphonesimulator/cmark-gfm.build/Objects-normal/arm64/registry.o.scan -- /Applications/Xcode.app/Contents/Developer/Toolchains/XcodeDefault.xctoolchain/usr/bin/clang -x c -ivfsstatcache /Users/shizihan/DailyUse/Github/InkMarkdown/.scratch/architecture-deepening-2026-09-07/evidence/20260907-1415-ticket-27/consumer/DerivedData-InkMarkdownCoreConsumer/SDKStatCaches.noindex/iphonesimulator26.5-23F81a-6cfe768891a92b912361537c460fe42b.sdkstatcache -target arm64-apple-ios12.0-simulator -fmessage-length\=0 -fdiagnostics-show-note-include-stack -fmacro-backtrace-limit\=0 -fno-color-diagnostics -fmodules-prune-interval\=86400 -fmodules-prune-after\=345600 -fbuild-session-file\=/Users/shizihan/DailyUse/Github/InkMarkdown/.scratch/architecture-deepening-2026-09-07/evidence/20260907-1415-ticket-27/consumer/DerivedData-InkMarkdownCoreConsumer/ModuleCache.noindex/Session.modulevalidation -fmodules-validate-once-per-build-session -Wnon-modular-include-in-framework-module -Werror\=non-modular-include-in-framework-module -Wno-trigraphs -Wno-missing-field-initializers -Wno-missing-prototypes -Wno-return-type -Wno-missing-braces -Wparentheses -Wswitch -Wno-unused-function -Wno-unused-label -Wno-unused-parameter -Wno-unused-variable -Wunused-value -Wno-empty-body -Wno-uninitialized -Wno-unknown-pragmas -w -Wno-shadow -Wno-four-char-constants -Wno-conversion -Wno-constant-conversion -Wno-int-conversion -Wno-bool-conversion -Wno-enum-conversion -Wno-float-conversion -Wno-non-literal-null-conversion -Wno-objc-literal-conversion -Wshorten-64-to-32 -Wpointer-sign -Wno-newline-eof -Wno-implicit-fallthrough -isysroot /Applications/Xcode.app/Contents/Developer/Platforms/iPhoneSimulator.platform/Developer/SDKs/iPhoneSimulator26.5.sdk -fstrict-aliasing -Wdeprecated-declarations -Wno-sign-conversion -Wno-infinite-recursion -Wno-comma -Wno-block-capture-autoreleasing -Wno-strict-prototypes -Wno-semicolon-before-method-body -index-store-path /Users/shizihan/DailyUse/Github/InkMarkdown/.scratch/architecture-deepening-2026-09-07/evidence/20260907-1415-ticket-27/consumer/DerivedData-InkMarkdownCoreConsumer/Index.noindex/DataStore @/Users/shizihan/DailyUse/Github/InkMarkdown/.scratch/architecture-deepening-2026-09-07/evidence/20260907-1415-ticket-27/consumer/DerivedData-InkMarkdownCoreConsumer/Build/Intermediates.noindex/cmark-gfm.build/Debug-iphonesimulator/cmark-gfm.build/Objects-normal/arm64/7187679823f38a2a940e0043cdf9d637-common-args.resp -MMD -MT dependencies -MF /Users/shizihan/DailyUse/Github/InkMarkdown/.scratch/architecture-deepening-2026-09-07/evidence/20260907-1415-ticket-27/consumer/DerivedData-InkMarkdownCoreConsumer/Build/Intermediates.noindex/cmark-gfm.build/Debug-iphonesimulator/cmark-gfm.build/Objects-normal/arm64/registry.d --serialize-diagnostics /Users/shizihan/DailyUse/Github/InkMarkdown/.scratch/architecture-deepening-2026-09-07/evidence/20260907-1415-ticket-27/consumer/DerivedData-InkMarkdownCoreConsumer/Build/Intermediates.noindex/cmark-gfm.build/Debug-iphonesimulator/cmark-gfm.build/Objects-normal/arm64/registry.dia -c /Users/shizihan/DailyUse/Github/InkMarkdown/Packages/Caches/swift-cmark/src/registry.c -o /Users/shizihan/DailyUse/Github/InkMarkdown/.scratch/architecture-deepening-2026-09-07/evidence/20260907-1415-ticket-27/consumer/DerivedData-InkMarkdownCoreConsumer/Build/Intermediates.noindex/cmark-gfm.build/Debug-iphonesimulator/cmark-gfm.build/Objects-normal/arm64/registry.o -index-unit-output-path /cmark-gfm.build/Debug-iphonesimulator/cmark-gfm.build/Objects-normal/arm64/registry.o

ScanDependencies /Users/shizihan/DailyUse/Github/InkMarkdown/.scratch/architecture-deepening-2026-09-07/evidence/20260907-1415-ticket-27/consumer/DerivedData-InkMarkdownCoreConsumer/Build/Intermediates.noindex/cmark-gfm.build/Debug-iphonesimulator/cmark-gfm-extensions.build/Objects-normal/arm64/tagfilter.o /Users/shizihan/DailyUse/Github/InkMarkdown/Packages/Caches/swift-cmark/extensions/tagfilter.c normal arm64 c com.apple.compilers.llvm.clang.1_0.compiler (in target 'cmark-gfm-extensions' from project 'cmark-gfm')
    cd /Users/shizihan/DailyUse/Github/InkMarkdown/.github/fixtures/consumer-smoke/.swiftpm/xcode
    
    Using response file: /Users/shizihan/DailyUse/Github/InkMarkdown/.scratch/architecture-deepening-2026-09-07/evidence/20260907-1415-ticket-27/consumer/DerivedData-InkMarkdownCoreConsumer/Build/Intermediates.noindex/cmark-gfm.build/Debug-iphonesimulator/cmark-gfm-extensions.build/Objects-normal/arm64/7187679823f38a2a940e0043cdf9d637-common-args.resp
    
    builtin-ScanDependencies -o /Users/shizihan/DailyUse/Github/InkMarkdown/.scratch/architecture-deepening-2026-09-07/evidence/20260907-1415-ticket-27/consumer/DerivedData-InkMarkdownCoreConsumer/Build/Intermediates.noindex/cmark-gfm.build/Debug-iphonesimulator/cmark-gfm-extensions.build/Objects-normal/arm64/tagfilter.o.scan -- /Applications/Xcode.app/Contents/Developer/Toolchains/XcodeDefault.xctoolchain/usr/bin/clang -x c -ivfsstatcache /Users/shizihan/DailyUse/Github/InkMarkdown/.scratch/architecture-deepening-2026-09-07/evidence/20260907-1415-ticket-27/consumer/DerivedData-InkMarkdownCoreConsumer/SDKStatCaches.noindex/iphonesimulator26.5-23F81a-6cfe768891a92b912361537c460fe42b.sdkstatcache -target arm64-apple-ios12.0-simulator -fmessage-length\=0 -fdiagnostics-show-note-include-stack -fmacro-backtrace-limit\=0 -fno-color-diagnostics -fmodules-prune-interval\=86400 -fmodules-prune-after\=345600 -fbuild-session-file\=/Users/shizihan/DailyUse/Github/InkMarkdown/.scratch/architecture-deepening-2026-09-07/evidence/20260907-1415-ticket-27/consumer/DerivedData-InkMarkdownCoreConsumer/ModuleCache.noindex/Session.modulevalidation -fmodules-validate-once-per-build-session -Wnon-modular-include-in-framework-module -Werror\=non-modular-include-in-framework-module -Wno-trigraphs -Wno-missing-field-initializers -Wno-missing-prototypes -Wno-return-type -Wno-missing-braces -Wparentheses -Wswitch -Wno-unused-function -Wno-unused-label -Wno-unused-parameter -Wno-unused-variable -Wunused-value -Wno-empty-body -Wno-uninitialized -Wno-unknown-pragmas -w -Wno-shadow -Wno-four-char-constants -Wno-conversion -Wno-constant-conversion -Wno-int-conversion -Wno-bool-conversion -Wno-enum-conversion -Wno-float-conversion -Wno-non-literal-null-conversion -Wno-objc-literal-conversion -Wshorten-64-to-32 -Wpointer-sign -Wno-newline-eof -Wno-implicit-fallthrough -isysroot /Applications/Xcode.app/Contents/Developer/Platforms/iPhoneSimulator.platform/Developer/SDKs/iPhoneSimulator26.5.sdk -fstrict-aliasing -Wdeprecated-declarations -Wno-sign-conversion -Wno-infinite-recursion -Wno-comma -Wno-block-capture-autoreleasing -Wno-strict-prototypes -Wno-semicolon-before-method-body -index-store-path /Users/shizihan/DailyUse/Github/InkMarkdown/.scratch/architecture-deepening-2026-09-07/evidence/20260907-1415-ticket-27/consumer/DerivedData-InkMarkdownCoreConsumer/Index.noindex/DataStore @/Users/shizihan/DailyUse/Github/InkMarkdown/.scratch/architecture-deepening-2026-09-07/evidence/20260907-1415-ticket-27/consumer/DerivedData-InkMarkdownCoreConsumer/Build/Intermediates.noindex/cmark-gfm.build/Debug-iphonesimulator/cmark-gfm-extensions.build/Objects-normal/arm64/7187679823f38a2a940e0043cdf9d637-common-args.resp -MMD -MT dependencies -MF /Users/shizihan/DailyUse/Github/InkMarkdown/.scratch/architecture-deepening-2026-09-07/evidence/20260907-1415-ticket-27/consumer/DerivedData-InkMarkdownCoreConsumer/Build/Intermediates.noindex/cmark-gfm.build/Debug-iphonesimulator/cmark-gfm-extensions.build/Objects-normal/arm64/tagfilter.d --serialize-diagnostics /Users/shizihan/DailyUse/Github/InkMarkdown/.scratch/architecture-deepening-2026-09-07/evidence/20260907-1415-ticket-27/consumer/DerivedData-InkMarkdownCoreConsumer/Build/Intermediates.noindex/cmark-gfm.build/Debug-iphonesimulator/cmark-gfm-extensions.build/Objects-normal/arm64/tagfilter.dia -c /Users/shizihan/DailyUse/Github/InkMarkdown/Packages/Caches/swift-cmark/extensions/tagfilter.c -o /Users/shizihan/DailyUse/Github/InkMarkdown/.scratch/architecture-deepening-2026-09-07/evidence/20260907-1415-ticket-27/consumer/DerivedData-InkMarkdownCoreConsumer/Build/Intermediates.noindex/cmark-gfm.build/Debug-iphonesimulator/cmark-gfm-extensions.build/Objects-normal/arm64/tagfilter.o -index-unit-output-path /cmark-gfm.build/Debug-iphonesimulator/cmark-gfm-extensions.build/Objects-normal/arm64/tagfilter.o

SwiftDriver Markdown normal arm64 com.apple.xcode.tools.swift.compiler (in target 'Markdown' from project 'swift-markdown')
    cd /Users/shizihan/DailyUse/Github/InkMarkdown/.github/fixtures/consumer-smoke/.swiftpm/xcode
    builtin-SwiftDriver -- /Applications/Xcode.app/Contents/Developer/Toolchains/XcodeDefault.xctoolchain/usr/bin/swiftc -module-name Markdown -Onone @/Users/shizihan/DailyUse/Github/InkMarkdown/.scratch/architecture-deepening-2026-09-07/evidence/20260907-1415-ticket-27/consumer/DerivedData-InkMarkdownCoreConsumer/Build/Intermediates.noindex/swift-markdown.build/Debug-iphonesimulator/Markdown.build/Objects-normal/arm64/Markdown.SwiftFileList -DSWIFT_PACKAGE -DDEBUG -DSWIFT_MODULE_RESOURCE_BUNDLE_UNAVAILABLE -DXcode -plugin-path /Applications/Xcode.app/Contents/Developer/Toolchains/XcodeDefault.xctoolchain/usr/lib/swift/host/plugins/testing -enable-experimental-feature DebugDescriptionMacro -sdk /Applications/Xcode.app/Contents/Developer/Platforms/iPhoneSimulator.platform/Developer/SDKs/iPhoneSimulator26.5.sdk -target arm64-apple-ios12.0-simulator -g -module-cache-path /Users/shizihan/DailyUse/Github/InkMarkdown/.scratch/architecture-deepening-2026-09-07/evidence/20260907-1415-ticket-27/consumer/DerivedData-InkMarkdownCoreConsumer/ModuleCache.noindex -Xfrontend -serialize-debugging-options -enable-testing -suppress-warnings -index-store-path /Users/shizihan/DailyUse/Github/InkMarkdown/.scratch/architecture-deepening-2026-09-07/evidence/20260907-1415-ticket-27/consumer/DerivedData-InkMarkdownCoreConsumer/Index.noindex/DataStore -Xcc -D_LIBCPP_HARDENING_MODE\=_LIBCPP_HARDENING_MODE_DEBUG -swift-version 5 -I /Users/shizihan/DailyUse/Github/InkMarkdown/.scratch/architecture-deepening-2026-09-07/evidence/20260907-1415-ticket-27/consumer/DerivedData-InkMarkdownCoreConsumer/Build/Products/Debug-iphonesimulator -Isystem /Applications/Xcode.app/Contents/Developer/Platforms/iPhoneSimulator.platform/Developer/usr/lib -F /Users/shizihan/DailyUse/Github/InkMarkdown/.scratch/architecture-deepening-2026-09-07/evidence/20260907-1415-ticket-27/consumer/DerivedData-InkMarkdownCoreConsumer/Build/Products/Debug-iphonesimulator/PackageFrameworks -F /Users/shizihan/DailyUse/Github/InkMarkdown/.scratch/architecture-deepening-2026-09-07/evidence/20260907-1415-ticket-27/consumer/DerivedData-InkMarkdownCoreConsumer/Build/Products/Debug-iphonesimulator/PackageFrameworks -F /Users/shizihan/DailyUse/Github/InkMarkdown/.scratch/architecture-deepening-2026-09-07/evidence/20260907-1415-ticket-27/consumer/DerivedData-InkMarkdownCoreConsumer/Build/Products/Debug-iphonesimulator/PackageFrameworks -F /Users/shizihan/DailyUse/Github/InkMarkdown/.scratch/architecture-deepening-2026-09-07/evidence/20260907-1415-ticket-27/consumer/DerivedData-InkMarkdownCoreConsumer/Build/Products/Debug-iphonesimulator -F /Applications/Xcode.app/Contents/Developer/Platforms/iPhoneSimulator.platform/Developer/Library/Frameworks -F /Applications/Xcode.app/Contents/Developer/Platforms/iPhoneSimulator.platform/Developer/SDKs/iPhoneSimulator26.5.sdk/Developer/Library/Frameworks -c -j10 -enable-batch-mode -incremental -Xcc -ivfsstatcache -Xcc /Users/shizihan/DailyUse/Github/InkMarkdown/.scratch/architecture-deepening-2026-09-07/evidence/20260907-1415-ticket-27/consumer/DerivedData-InkMarkdownCoreConsumer/SDKStatCaches.noindex/iphonesimulator26.5-23F81a-6cfe768891a92b912361537c460fe42b.sdkstatcache -output-file-map /Users/shizihan/DailyUse/Github/InkMarkdown/.scratch/architecture-deepening-2026-09-07/evidence/20260907-1415-ticket-27/consumer/DerivedData-InkMarkdownCoreConsumer/Build/Intermediates.noindex/swift-markdown.build/Debug-iphonesimulator/Markdown.build/Objects-normal/arm64/Markdown-OutputFileMap.json -use-frontend-parseable-output -save-temps -no-color-diagnostics -explicit-module-build -module-cache-path /Users/shizihan/DailyUse/Github/InkMarkdown/.scratch/architecture-deepening-2026-09-07/evidence/20260907-1415-ticket-27/consumer/DerivedData-InkMarkdownCoreConsumer/Build/Intermediates.noindex/SwiftExplicitPrecompiledModules -clang-scanner-module-cache-path /Users/shizihan/DailyUse/Github/InkMarkdown/.scratch/architecture-deepening-2026-09-07/evidence/20260907-1415-ticket-27/consumer/DerivedData-InkMarkdownCoreConsumer/ModuleCache.noindex -sdk-module-cache-path /Users/shizihan/DailyUse/Github/InkMarkdown/.scratch/architecture-deepening-2026-09-07/evidence/20260907-1415-ticket-27/consumer/DerivedData-InkMarkdownCoreConsumer/ModuleCache.noindex -serialize-diagnostics -emit-dependencies -emit-module -emit-module-path /Users/shizihan/DailyUse/Github/InkMarkdown/.scratch/architecture-deepening-2026-09-07/evidence/20260907-1415-ticket-27/consumer/DerivedData-InkMarkdownCoreConsumer/Build/Intermediates.noindex/swift-markdown.build/Debug-iphonesimulator/Markdown.build/Objects-normal/arm64/Markdown.swiftmodule -validate-clang-modules-once -clang-build-session-file /Users/shizihan/DailyUse/Github/InkMarkdown/.scratch/architecture-deepening-2026-09-07/evidence/20260907-1415-ticket-27/consumer/DerivedData-InkMarkdownCoreConsumer/ModuleCache.noindex/Session.modulevalidation -package-name swift_markdown -Xcc -I/Users/shizihan/DailyUse/Github/InkMarkdown/.scratch/architecture-deepening-2026-09-07/evidence/20260907-1415-ticket-27/consumer/DerivedData-InkMarkdownCoreConsumer/Build/Intermediates.noindex/swift-markdown.build/Debug-iphonesimulator/Markdown.build/swift-overrides.hmap -emit-const-values -Xfrontend -const-gather-protocols-file -Xfrontend /Users/shizihan/DailyUse/Github/InkMarkdown/.scratch/architecture-deepening-2026-09-07/evidence/20260907-1415-ticket-27/consumer/DerivedData-InkMarkdownCoreConsumer/Build/Intermediates.noindex/swift-markdown.build/Debug-iphonesimulator/Markdown.build/Objects-normal/arm64/Markdown_const_extract_protocols.json -Xcc -I/Users/shizihan/DailyUse/Github/InkMarkdown/Packages/Caches/swift-cmark/src/include -Xcc -I/Users/shizihan/DailyUse/Github/InkMarkdown/Packages/Caches/swift-cmark/extensions/include -Xcc -I/Users/shizihan/DailyUse/Github/InkMarkdown/Packages/Caches/swift-markdown/Sources/CAtomic/include -Xcc -I/Users/shizihan/DailyUse/Github/InkMarkdown/.scratch/architecture-deepening-2026-09-07/evidence/20260907-1415-ticket-27/consumer/DerivedData-InkMarkdownCoreConsumer/Build/Products/Debug-iphonesimulator/include -Xcc -I/Users/shizihan/DailyUse/Github/InkMarkdown/.scratch/architecture-deepening-2026-09-07/evidence/20260907-1415-ticket-27/consumer/DerivedData-InkMarkdownCoreConsumer/Build/Intermediates.noindex/swift-markdown.build/Debug-iphonesimulator/Markdown.build/DerivedSources-normal/arm64 -Xcc -I/Users/shizihan/DailyUse/Github/InkMarkdown/.scratch/architecture-deepening-2026-09-07/evidence/20260907-1415-ticket-27/consumer/DerivedData-InkMarkdownCoreConsumer/Build/Intermediates.noindex/swift-markdown.build/Debug-iphonesimulator/Markdown.build/DerivedSources/arm64 -Xcc -I/Users/shizihan/DailyUse/Github/InkMarkdown/.scratch/architecture-deepening-2026-09-07/evidence/20260907-1415-ticket-27/consumer/DerivedData-InkMarkdownCoreConsumer/Build/Intermediates.noindex/swift-markdown.build/Debug-iphonesimulator/Markdown.build/DerivedSources -Xcc -DSWIFT_PACKAGE -Xcc -DDEBUG\=1 -emit-objc-header -emit-objc-header-path /Users/shizihan/DailyUse/Github/InkMarkdown/.scratch/architecture-deepening-2026-09-07/evidence/20260907-1415-ticket-27/consumer/DerivedData-InkMarkdownCoreConsumer/Build/Intermediates.noindex/swift-markdown.build/Debug-iphonesimulator/Markdown.build/Objects-normal/arm64/Markdown-Swift.h -working-directory /Users/shizihan/DailyUse/Github/InkMarkdown/.github/fixtures/consumer-smoke/.swiftpm/xcode -experimental-emit-module-separately -disable-cmo

ScanDependencies /Users/shizihan/DailyUse/Github/InkMarkdown/.scratch/architecture-deepening-2026-09-07/evidence/20260907-1415-ticket-27/consumer/DerivedData-InkMarkdownCoreConsumer/Build/Intermediates.noindex/cmark-gfm.build/Debug-iphonesimulator/cmark-gfm-extensions.build/Objects-normal/arm64/strikethrough.o /Users/shizihan/DailyUse/Github/InkMarkdown/Packages/Caches/swift-cmark/extensions/strikethrough.c normal arm64 c com.apple.compilers.llvm.clang.1_0.compiler (in target 'cmark-gfm-extensions' from project 'cmark-gfm')
    cd /Users/shizihan/DailyUse/Github/InkMarkdown/.github/fixtures/consumer-smoke/.swiftpm/xcode
    
    Using response file: /Users/shizihan/DailyUse/Github/InkMarkdown/.scratch/architecture-deepening-2026-09-07/evidence/20260907-1415-ticket-27/consumer/DerivedData-InkMarkdownCoreConsumer/Build/Intermediates.noindex/cmark-gfm.build/Debug-iphonesimulator/cmark-gfm-extensions.build/Objects-normal/arm64/7187679823f38a2a940e0043cdf9d637-common-args.resp
    
    builtin-ScanDependencies -o /Users/shizihan/DailyUse/Github/InkMarkdown/.scratch/architecture-deepening-2026-09-07/evidence/20260907-1415-ticket-27/consumer/DerivedData-InkMarkdownCoreConsumer/Build/Intermediates.noindex/cmark-gfm.build/Debug-iphonesimulator/cmark-gfm-extensions.build/Objects-normal/arm64/strikethrough.o.scan -- /Applications/Xcode.app/Contents/Developer/Toolchains/XcodeDefault.xctoolchain/usr/bin/clang -x c -ivfsstatcache /Users/shizihan/DailyUse/Github/InkMarkdown/.scratch/architecture-deepening-2026-09-07/evidence/20260907-1415-ticket-27/consumer/DerivedData-InkMarkdownCoreConsumer/SDKStatCaches.noindex/iphonesimulator26.5-23F81a-6cfe768891a92b912361537c460fe42b.sdkstatcache -target arm64-apple-ios12.0-simulator -fmessage-length\=0 -fdiagnostics-show-note-include-stack -fmacro-backtrace-limit\=0 -fno-color-diagnostics -fmodules-prune-interval\=86400 -fmodules-prune-after\=345600 -fbuild-session-file\=/Users/shizihan/DailyUse/Github/InkMarkdown/.scratch/architecture-deepening-2026-09-07/evidence/20260907-1415-ticket-27/consumer/DerivedData-InkMarkdownCoreConsumer/ModuleCache.noindex/Session.modulevalidation -fmodules-validate-once-per-build-session -Wnon-modular-include-in-framework-module -Werror\=non-modular-include-in-framework-module -Wno-trigraphs -Wno-missing-field-initializers -Wno-missing-prototypes -Wno-return-type -Wno-missing-braces -Wparentheses -Wswitch -Wno-unused-function -Wno-unused-label -Wno-unused-parameter -Wno-unused-variable -Wunused-value -Wno-empty-body -Wno-uninitialized -Wno-unknown-pragmas -w -Wno-shadow -Wno-four-char-constants -Wno-conversion -Wno-constant-conversion -Wno-int-conversion -Wno-bool-conversion -Wno-enum-conversion -Wno-float-conversion -Wno-non-literal-null-conversion -Wno-objc-literal-conversion -Wshorten-64-to-32 -Wpointer-sign -Wno-newline-eof -Wno-implicit-fallthrough -isysroot /Applications/Xcode.app/Contents/Developer/Platforms/iPhoneSimulator.platform/Developer/SDKs/iPhoneSimulator26.5.sdk -fstrict-aliasing -Wdeprecated-declarations -Wno-sign-conversion -Wno-infinite-recursion -Wno-comma -Wno-block-capture-autoreleasing -Wno-strict-prototypes -Wno-semicolon-before-method-body -index-store-path /Users/shizihan/DailyUse/Github/InkMarkdown/.scratch/architecture-deepening-2026-09-07/evidence/20260907-1415-ticket-27/consumer/DerivedData-InkMarkdownCoreConsumer/Index.noindex/DataStore @/Users/shizihan/DailyUse/Github/InkMarkdown/.scratch/architecture-deepening-2026-09-07/evidence/20260907-1415-ticket-27/consumer/DerivedData-InkMarkdownCoreConsumer/Build/Intermediates.noindex/cmark-gfm.build/Debug-iphonesimulator/cmark-gfm-extensions.build/Objects-normal/arm64/7187679823f38a2a940e0043cdf9d637-common-args.resp -MMD -MT dependencies -MF /Users/shizihan/DailyUse/Github/InkMarkdown/.scratch/architecture-deepening-2026-09-07/evidence/20260907-1415-ticket-27/consumer/DerivedData-InkMarkdownCoreConsumer/Build/Intermediates.noindex/cmark-gfm.build/Debug-iphonesimulator/cmark-gfm-extensions.build/Objects-normal/arm64/strikethrough.d --serialize-diagnostics /Users/shizihan/DailyUse/Github/InkMarkdown/.scratch/architecture-deepening-2026-09-07/evidence/20260907-1415-ticket-27/consumer/DerivedData-InkMarkdownCoreConsumer/Build/Intermediates.noindex/cmark-gfm.build/Debug-iphonesimulator/cmark-gfm-extensions.build/Objects-normal/arm64/strikethrough.dia -c /Users/shizihan/DailyUse/Github/InkMarkdown/Packages/Caches/swift-cmark/extensions/strikethrough.c -o /Users/shizihan/DailyUse/Github/InkMarkdown/.scratch/architecture-deepening-2026-09-07/evidence/20260907-1415-ticket-27/consumer/DerivedData-InkMarkdownCoreConsumer/Build/Intermediates.noindex/cmark-gfm.build/Debug-iphonesimulator/cmark-gfm-extensions.build/Objects-normal/arm64/strikethrough.o -index-unit-output-path /cmark-gfm.build/Debug-iphonesimulator/cmark-gfm-extensions.build/Objects-normal/arm64/strikethrough.o

ScanDependencies /Users/shizihan/DailyUse/Github/InkMarkdown/.scratch/architecture-deepening-2026-09-07/evidence/20260907-1415-ticket-27/consumer/DerivedData-InkMarkdownCoreConsumer/Build/Intermediates.noindex/cmark-gfm.build/Debug-iphonesimulator/cmark-gfm-extensions.build/Objects-normal/arm64/ext_scanners.o /Users/shizihan/DailyUse/Github/InkMarkdown/Packages/Caches/swift-cmark/extensions/ext_scanners.c normal arm64 c com.apple.compilers.llvm.clang.1_0.compiler (in target 'cmark-gfm-extensions' from project 'cmark-gfm')
    cd /Users/shizihan/DailyUse/Github/InkMarkdown/.github/fixtures/consumer-smoke/.swiftpm/xcode
    
    Using response file: /Users/shizihan/DailyUse/Github/InkMarkdown/.scratch/architecture-deepening-2026-09-07/evidence/20260907-1415-ticket-27/consumer/DerivedData-InkMarkdownCoreConsumer/Build/Intermediates.noindex/cmark-gfm.build/Debug-iphonesimulator/cmark-gfm-extensions.build/Objects-normal/arm64/7187679823f38a2a940e0043cdf9d637-common-args.resp
    
    builtin-ScanDependencies -o /Users/shizihan/DailyUse/Github/InkMarkdown/.scratch/architecture-deepening-2026-09-07/evidence/20260907-1415-ticket-27/consumer/DerivedData-InkMarkdownCoreConsumer/Build/Intermediates.noindex/cmark-gfm.build/Debug-iphonesimulator/cmark-gfm-extensions.build/Objects-normal/arm64/ext_scanners.o.scan -- /Applications/Xcode.app/Contents/Developer/Toolchains/XcodeDefault.xctoolchain/usr/bin/clang -x c -ivfsstatcache /Users/shizihan/DailyUse/Github/InkMarkdown/.scratch/architecture-deepening-2026-09-07/evidence/20260907-1415-ticket-27/consumer/DerivedData-InkMarkdownCoreConsumer/SDKStatCaches.noindex/iphonesimulator26.5-23F81a-6cfe768891a92b912361537c460fe42b.sdkstatcache -target arm64-apple-ios12.0-simulator -fmessage-length\=0 -fdiagnostics-show-note-include-stack -fmacro-backtrace-limit\=0 -fno-color-diagnostics -fmodules-prune-interval\=86400 -fmodules-prune-after\=345600 -fbuild-session-file\=/Users/shizihan/DailyUse/Github/InkMarkdown/.scratch/architecture-deepening-2026-09-07/evidence/20260907-1415-ticket-27/consumer/DerivedData-InkMarkdownCoreConsumer/ModuleCache.noindex/Session.modulevalidation -fmodules-validate-once-per-build-session -Wnon-modular-include-in-framework-module -Werror\=non-modular-include-in-framework-module -Wno-trigraphs -Wno-missing-field-initializers -Wno-missing-prototypes -Wno-return-type -Wno-missing-braces -Wparentheses -Wswitch -Wno-unused-function -Wno-unused-label -Wno-unused-parameter -Wno-unused-variable -Wunused-value -Wno-empty-body -Wno-uninitialized -Wno-unknown-pragmas -w -Wno-shadow -Wno-four-char-constants -Wno-conversion -Wno-constant-conversion -Wno-int-conversion -Wno-bool-conversion -Wno-enum-conversion -Wno-float-conversion -Wno-non-literal-null-conversion -Wno-objc-literal-conversion -Wshorten-64-to-32 -Wpointer-sign -Wno-newline-eof -Wno-implicit-fallthrough -isysroot /Applications/Xcode.app/Contents/Developer/Platforms/iPhoneSimulator.platform/Developer/SDKs/iPhoneSimulator26.5.sdk -fstrict-aliasing -Wdeprecated-declarations -Wno-sign-conversion -Wno-infinite-recursion -Wno-comma -Wno-block-capture-autoreleasing -Wno-strict-prototypes -Wno-semicolon-before-method-body -index-store-path /Users/shizihan/DailyUse/Github/InkMarkdown/.scratch/architecture-deepening-2026-09-07/evidence/20260907-1415-ticket-27/consumer/DerivedData-InkMarkdownCoreConsumer/Index.noindex/DataStore @/Users/shizihan/DailyUse/Github/InkMarkdown/.scratch/architecture-deepening-2026-09-07/evidence/20260907-1415-ticket-27/consumer/DerivedData-InkMarkdownCoreConsumer/Build/Intermediates.noindex/cmark-gfm.build/Debug-iphonesimulator/cmark-gfm-extensions.build/Objects-normal/arm64/7187679823f38a2a940e0043cdf9d637-common-args.resp -MMD -MT dependencies -MF /Users/shizihan/DailyUse/Github/InkMarkdown/.scratch/architecture-deepening-2026-09-07/evidence/20260907-1415-ticket-27/consumer/DerivedData-InkMarkdownCoreConsumer/Build/Intermediates.noindex/cmark-gfm.build/Debug-iphonesimulator/cmark-gfm-extensions.build/Objects-normal/arm64/ext_scanners.d --serialize-diagnostics /Users/shizihan/DailyUse/Github/InkMarkdown/.scratch/architecture-deepening-2026-09-07/evidence/20260907-1415-ticket-27/consumer/DerivedData-InkMarkdownCoreConsumer/Build/Intermediates.noindex/cmark-gfm.build/Debug-iphonesimulator/cmark-gfm-extensions.build/Objects-normal/arm64/ext_scanners.dia -c /Users/shizihan/DailyUse/Github/InkMarkdown/Packages/Caches/swift-cmark/extensions/ext_scanners.c -o /Users/shizihan/DailyUse/Github/InkMarkdown/.scratch/architecture-deepening-2026-09-07/evidence/20260907-1415-ticket-27/consumer/DerivedData-InkMarkdownCoreConsumer/Build/Intermediates.noindex/cmark-gfm.build/Debug-iphonesimulator/cmark-gfm-extensions.build/Objects-normal/arm64/ext_scanners.o -index-unit-output-path /cmark-gfm.build/Debug-iphonesimulator/cmark-gfm-extensions.build/Objects-normal/arm64/ext_scanners.o

ScanDependencies /Users/shizihan/DailyUse/Github/InkMarkdown/.scratch/architecture-deepening-2026-09-07/evidence/20260907-1415-ticket-27/consumer/DerivedData-InkMarkdownCoreConsumer/Build/Intermediates.noindex/cmark-gfm.build/Debug-iphonesimulator/cmark-gfm-extensions.build/Objects-normal/arm64/core-extensions.o /Users/shizihan/DailyUse/Github/InkMarkdown/Packages/Caches/swift-cmark/extensions/core-extensions.c normal arm64 c com.apple.compilers.llvm.clang.1_0.compiler (in target 'cmark-gfm-extensions' from project 'cmark-gfm')
    cd /Users/shizihan/DailyUse/Github/InkMarkdown/.github/fixtures/consumer-smoke/.swiftpm/xcode
    
    Using response file: /Users/shizihan/DailyUse/Github/InkMarkdown/.scratch/architecture-deepening-2026-09-07/evidence/20260907-1415-ticket-27/consumer/DerivedData-InkMarkdownCoreConsumer/Build/Intermediates.noindex/cmark-gfm.build/Debug-iphonesimulator/cmark-gfm-extensions.build/Objects-normal/arm64/7187679823f38a2a940e0043cdf9d637-common-args.resp
    
    builtin-ScanDependencies -o /Users/shizihan/DailyUse/Github/InkMarkdown/.scratch/architecture-deepening-2026-09-07/evidence/20260907-1415-ticket-27/consumer/DerivedData-InkMarkdownCoreConsumer/Build/Intermediates.noindex/cmark-gfm.build/Debug-iphonesimulator/cmark-gfm-extensions.build/Objects-normal/arm64/core-extensions.o.scan -- /Applications/Xcode.app/Contents/Developer/Toolchains/XcodeDefault.xctoolchain/usr/bin/clang -x c -ivfsstatcache /Users/shizihan/DailyUse/Github/InkMarkdown/.scratch/architecture-deepening-2026-09-07/evidence/20260907-1415-ticket-27/consumer/DerivedData-InkMarkdownCoreConsumer/SDKStatCaches.noindex/iphonesimulator26.5-23F81a-6cfe768891a92b912361537c460fe42b.sdkstatcache -target arm64-apple-ios12.0-simulator -fmessage-length\=0 -fdiagnostics-show-note-include-stack -fmacro-backtrace-limit\=0 -fno-color-diagnostics -fmodules-prune-interval\=86400 -fmodules-prune-after\=345600 -fbuild-session-file\=/Users/shizihan/DailyUse/Github/InkMarkdown/.scratch/architecture-deepening-2026-09-07/evidence/20260907-1415-ticket-27/consumer/DerivedData-InkMarkdownCoreConsumer/ModuleCache.noindex/Session.modulevalidation -fmodules-validate-once-per-build-session -Wnon-modular-include-in-framework-module -Werror\=non-modular-include-in-framework-module -Wno-trigraphs -Wno-missing-field-initializers -Wno-missing-prototypes -Wno-return-type -Wno-missing-braces -Wparentheses -Wswitch -Wno-unused-function -Wno-unused-label -Wno-unused-parameter -Wno-unused-variable -Wunused-value -Wno-empty-body -Wno-uninitialized -Wno-unknown-pragmas -w -Wno-shadow -Wno-four-char-constants -Wno-conversion -Wno-constant-conversion -Wno-int-conversion -Wno-bool-conversion -Wno-enum-conversion -Wno-float-conversion -Wno-non-literal-null-conversion -Wno-objc-literal-conversion -Wshorten-64-to-32 -Wpointer-sign -Wno-newline-eof -Wno-implicit-fallthrough -isysroot /Applications/Xcode.app/Contents/Developer/Platforms/iPhoneSimulator.platform/Developer/SDKs/iPhoneSimulator26.5.sdk -fstrict-aliasing -Wdeprecated-declarations -Wno-sign-conversion -Wno-infinite-recursion -Wno-comma -Wno-block-capture-autoreleasing -Wno-strict-prototypes -Wno-semicolon-before-method-body -index-store-path /Users/shizihan/DailyUse/Github/InkMarkdown/.scratch/architecture-deepening-2026-09-07/evidence/20260907-1415-ticket-27/consumer/DerivedData-InkMarkdownCoreConsumer/Index.noindex/DataStore @/Users/shizihan/DailyUse/Github/InkMarkdown/.scratch/architecture-deepening-2026-09-07/evidence/20260907-1415-ticket-27/consumer/DerivedData-InkMarkdownCoreConsumer/Build/Intermediates.noindex/cmark-gfm.build/Debug-iphonesimulator/cmark-gfm-extensions.build/Objects-normal/arm64/7187679823f38a2a940e0043cdf9d637-common-args.resp -MMD -MT dependencies -MF /Users/shizihan/DailyUse/Github/InkMarkdown/.scratch/architecture-deepening-2026-09-07/evidence/20260907-1415-ticket-27/consumer/DerivedData-InkMarkdownCoreConsumer/Build/Intermediates.noindex/cmark-gfm.build/Debug-iphonesimulator/cmark-gfm-extensions.build/Objects-normal/arm64/core-extensions.d --serialize-diagnostics /Users/shizihan/DailyUse/Github/InkMarkdown/.scratch/architecture-deepening-2026-09-07/evidence/20260907-1415-ticket-27/consumer/DerivedData-InkMarkdownCoreConsumer/Build/Intermediates.noindex/cmark-gfm.build/Debug-iphonesimulator/cmark-gfm-extensions.build/Objects-normal/arm64/core-extensions.dia -c /Users/shizihan/DailyUse/Github/InkMarkdown/Packages/Caches/swift-cmark/extensions/core-extensions.c -o /Users/shizihan/DailyUse/Github/InkMarkdown/.scratch/architecture-deepening-2026-09-07/evidence/20260907-1415-ticket-27/consumer/DerivedData-InkMarkdownCoreConsumer/Build/Intermediates.noindex/cmark-gfm.build/Debug-iphonesimulator/cmark-gfm-extensions.build/Objects-normal/arm64/core-extensions.o -index-unit-output-path /cmark-gfm.build/Debug-iphonesimulator/cmark-gfm-extensions.build/Objects-normal/arm64/core-extensions.o

ScanDependencies /Users/shizihan/DailyUse/Github/InkMarkdown/.scratch/architecture-deepening-2026-09-07/evidence/20260907-1415-ticket-27/consumer/DerivedData-InkMarkdownCoreConsumer/Build/Intermediates.noindex/cmark-gfm.build/Debug-iphonesimulator/cmark-gfm-extensions.build/Objects-normal/arm64/autolink.o /Users/shizihan/DailyUse/Github/InkMarkdown/Packages/Caches/swift-cmark/extensions/autolink.c normal arm64 c com.apple.compilers.llvm.clang.1_0.compiler (in target 'cmark-gfm-extensions' from project 'cmark-gfm')
    cd /Users/shizihan/DailyUse/Github/InkMarkdown/.github/fixtures/consumer-smoke/.swiftpm/xcode
    
    Using response file: /Users/shizihan/DailyUse/Github/InkMarkdown/.scratch/architecture-deepening-2026-09-07/evidence/20260907-1415-ticket-27/consumer/DerivedData-InkMarkdownCoreConsumer/Build/Intermediates.noindex/cmark-gfm.build/Debug-iphonesimulator/cmark-gfm-extensions.build/Objects-normal/arm64/7187679823f38a2a940e0043cdf9d637-common-args.resp
    
    builtin-ScanDependencies -o /Users/shizihan/DailyUse/Github/InkMarkdown/.scratch/architecture-deepening-2026-09-07/evidence/20260907-1415-ticket-27/consumer/DerivedData-InkMarkdownCoreConsumer/Build/Intermediates.noindex/cmark-gfm.build/Debug-iphonesimulator/cmark-gfm-extensions.build/Objects-normal/arm64/autolink.o.scan -- /Applications/Xcode.app/Contents/Developer/Toolchains/XcodeDefault.xctoolchain/usr/bin/clang -x c -ivfsstatcache /Users/shizihan/DailyUse/Github/InkMarkdown/.scratch/architecture-deepening-2026-09-07/evidence/20260907-1415-ticket-27/consumer/DerivedData-InkMarkdownCoreConsumer/SDKStatCaches.noindex/iphonesimulator26.5-23F81a-6cfe768891a92b912361537c460fe42b.sdkstatcache -target arm64-apple-ios12.0-simulator -fmessage-length\=0 -fdiagnostics-show-note-include-stack -fmacro-backtrace-limit\=0 -fno-color-diagnostics -fmodules-prune-interval\=86400 -fmodules-prune-after\=345600 -fbuild-session-file\=/Users/shizihan/DailyUse/Github/InkMarkdown/.scratch/architecture-deepening-2026-09-07/evidence/20260907-1415-ticket-27/consumer/DerivedData-InkMarkdownCoreConsumer/ModuleCache.noindex/Session.modulevalidation -fmodules-validate-once-per-build-session -Wnon-modular-include-in-framework-module -Werror\=non-modular-include-in-framework-module -Wno-trigraphs -Wno-missing-field-initializers -Wno-missing-prototypes -Wno-return-type -Wno-missing-braces -Wparentheses -Wswitch -Wno-unused-function -Wno-unused-label -Wno-unused-parameter -Wno-unused-variable -Wunused-value -Wno-empty-body -Wno-uninitialized -Wno-unknown-pragmas -w -Wno-shadow -Wno-four-char-constants -Wno-conversion -Wno-constant-conversion -Wno-int-conversion -Wno-bool-conversion -Wno-enum-conversion -Wno-float-conversion -Wno-non-literal-null-conversion -Wno-objc-literal-conversion -Wshorten-64-to-32 -Wpointer-sign -Wno-newline-eof -Wno-implicit-fallthrough -isysroot /Applications/Xcode.app/Contents/Developer/Platforms/iPhoneSimulator.platform/Developer/SDKs/iPhoneSimulator26.5.sdk -fstrict-aliasing -Wdeprecated-declarations -Wno-sign-conversion -Wno-infinite-recursion -Wno-comma -Wno-block-capture-autoreleasing -Wno-strict-prototypes -Wno-semicolon-before-method-body -index-store-path /Users/shizihan/DailyUse/Github/InkMarkdown/.scratch/architecture-deepening-2026-09-07/evidence/20260907-1415-ticket-27/consumer/DerivedData-InkMarkdownCoreConsumer/Index.noindex/DataStore @/Users/shizihan/DailyUse/Github/InkMarkdown/.scratch/architecture-deepening-2026-09-07/evidence/20260907-1415-ticket-27/consumer/DerivedData-InkMarkdownCoreConsumer/Build/Intermediates.noindex/cmark-gfm.build/Debug-iphonesimulator/cmark-gfm-extensions.build/Objects-normal/arm64/7187679823f38a2a940e0043cdf9d637-common-args.resp -MMD -MT dependencies -MF /Users/shizihan/DailyUse/Github/InkMarkdown/.scratch/architecture-deepening-2026-09-07/evidence/20260907-1415-ticket-27/consumer/DerivedData-InkMarkdownCoreConsumer/Build/Intermediates.noindex/cmark-gfm.build/Debug-iphonesimulator/cmark-gfm-extensions.build/Objects-normal/arm64/autolink.d --serialize-diagnostics /Users/shizihan/DailyUse/Github/InkMarkdown/.scratch/architecture-deepening-2026-09-07/evidence/20260907-1415-ticket-27/consumer/DerivedData-InkMarkdownCoreConsumer/Build/Intermediates.noindex/cmark-gfm.build/Debug-iphonesimulator/cmark-gfm-extensions.build/Objects-normal/arm64/autolink.dia -c /Users/shizihan/DailyUse/Github/InkMarkdown/Packages/Caches/swift-cmark/extensions/autolink.c -o /Users/shizihan/DailyUse/Github/InkMarkdown/.scratch/architecture-deepening-2026-09-07/evidence/20260907-1415-ticket-27/consumer/DerivedData-InkMarkdownCoreConsumer/Build/Intermediates.noindex/cmark-gfm.build/Debug-iphonesimulator/cmark-gfm-extensions.build/Objects-normal/arm64/autolink.o -index-unit-output-path /cmark-gfm.build/Debug-iphonesimulator/cmark-gfm-extensions.build/Objects-normal/arm64/autolink.o

ScanDependencies /Users/shizihan/DailyUse/Github/InkMarkdown/.scratch/architecture-deepening-2026-09-07/evidence/20260907-1415-ticket-27/consumer/DerivedData-InkMarkdownCoreConsumer/Build/Intermediates.noindex/cmark-gfm.build/Debug-iphonesimulator/cmark-gfm.build/Objects-normal/arm64/plugin.o /Users/shizihan/DailyUse/Github/InkMarkdown/Packages/Caches/swift-cmark/src/plugin.c normal arm64 c com.apple.compilers.llvm.clang.1_0.compiler (in target 'cmark-gfm' from project 'cmark-gfm')
    cd /Users/shizihan/DailyUse/Github/InkMarkdown/.github/fixtures/consumer-smoke/.swiftpm/xcode
    
    Using response file: /Users/shizihan/DailyUse/Github/InkMarkdown/.scratch/architecture-deepening-2026-09-07/evidence/20260907-1415-ticket-27/consumer/DerivedData-InkMarkdownCoreConsumer/Build/Intermediates.noindex/cmark-gfm.build/Debug-iphonesimulator/cmark-gfm.build/Objects-normal/arm64/7187679823f38a2a940e0043cdf9d637-common-args.resp
    
    builtin-ScanDependencies -o /Users/shizihan/DailyUse/Github/InkMarkdown/.scratch/architecture-deepening-2026-09-07/evidence/20260907-1415-ticket-27/consumer/DerivedData-InkMarkdownCoreConsumer/Build/Intermediates.noindex/cmark-gfm.build/Debug-iphonesimulator/cmark-gfm.build/Objects-normal/arm64/plugin.o.scan -- /Applications/Xcode.app/Contents/Developer/Toolchains/XcodeDefault.xctoolchain/usr/bin/clang -x c -ivfsstatcache /Users/shizihan/DailyUse/Github/InkMarkdown/.scratch/architecture-deepening-2026-09-07/evidence/20260907-1415-ticket-27/consumer/DerivedData-InkMarkdownCoreConsumer/SDKStatCaches.noindex/iphonesimulator26.5-23F81a-6cfe768891a92b912361537c460fe42b.sdkstatcache -target arm64-apple-ios12.0-simulator -fmessage-length\=0 -fdiagnostics-show-note-include-stack -fmacro-backtrace-limit\=0 -fno-color-diagnostics -fmodules-prune-interval\=86400 -fmodules-prune-after\=345600 -fbuild-session-file\=/Users/shizihan/DailyUse/Github/InkMarkdown/.scratch/architecture-deepening-2026-09-07/evidence/20260907-1415-ticket-27/consumer/DerivedData-InkMarkdownCoreConsumer/ModuleCache.noindex/Session.modulevalidation -fmodules-validate-once-per-build-session -Wnon-modular-include-in-framework-module -Werror\=non-modular-include-in-framework-module -Wno-trigraphs -Wno-missing-field-initializers -Wno-missing-prototypes -Wno-return-type -Wno-missing-braces -Wparentheses -Wswitch -Wno-unused-function -Wno-unused-label -Wno-unused-parameter -Wno-unused-variable -Wunused-value -Wno-empty-body -Wno-uninitialized -Wno-unknown-pragmas -w -Wno-shadow -Wno-four-char-constants -Wno-conversion -Wno-constant-conversion -Wno-int-conversion -Wno-bool-conversion -Wno-enum-conversion -Wno-float-conversion -Wno-non-literal-null-conversion -Wno-objc-literal-conversion -Wshorten-64-to-32 -Wpointer-sign -Wno-newline-eof -Wno-implicit-fallthrough -isysroot /Applications/Xcode.app/Contents/Developer/Platforms/iPhoneSimulator.platform/Developer/SDKs/iPhoneSimulator26.5.sdk -fstrict-aliasing -Wdeprecated-declarations -Wno-sign-conversion -Wno-infinite-recursion -Wno-comma -Wno-block-capture-autoreleasing -Wno-strict-prototypes -Wno-semicolon-before-method-body -index-store-path /Users/shizihan/DailyUse/Github/InkMarkdown/.scratch/architecture-deepening-2026-09-07/evidence/20260907-1415-ticket-27/consumer/DerivedData-InkMarkdownCoreConsumer/Index.noindex/DataStore @/Users/shizihan/DailyUse/Github/InkMarkdown/.scratch/architecture-deepening-2026-09-07/evidence/20260907-1415-ticket-27/consumer/DerivedData-InkMarkdownCoreConsumer/Build/Intermediates.noindex/cmark-gfm.build/Debug-iphonesimulator/cmark-gfm.build/Objects-normal/arm64/7187679823f38a2a940e0043cdf9d637-common-args.resp -MMD -MT dependencies -MF /Users/shizihan/DailyUse/Github/InkMarkdown/.scratch/architecture-deepening-2026-09-07/evidence/20260907-1415-ticket-27/consumer/DerivedData-InkMarkdownCoreConsumer/Build/Intermediates.noindex/cmark-gfm.build/Debug-iphonesimulator/cmark-gfm.build/Objects-normal/arm64/plugin.d --serialize-diagnostics /Users/shizihan/DailyUse/Github/InkMarkdown/.scratch/architecture-deepening-2026-09-07/evidence/20260907-1415-ticket-27/consumer/DerivedData-InkMarkdownCoreConsumer/Build/Intermediates.noindex/cmark-gfm.build/Debug-iphonesimulator/cmark-gfm.build/Objects-normal/arm64/plugin.dia -c /Users/shizihan/DailyUse/Github/InkMarkdown/Packages/Caches/swift-cmark/src/plugin.c -o /Users/shizihan/DailyUse/Github/InkMarkdown/.scratch/architecture-deepening-2026-09-07/evidence/20260907-1415-ticket-27/consumer/DerivedData-InkMarkdownCoreConsumer/Build/Intermediates.noindex/cmark-gfm.build/Debug-iphonesimulator/cmark-gfm.build/Objects-normal/arm64/plugin.o -index-unit-output-path /cmark-gfm.build/Debug-iphonesimulator/cmark-gfm.build/Objects-normal/arm64/plugin.o

ScanDependencies /Users/shizihan/DailyUse/Github/InkMarkdown/.scratch/architecture-deepening-2026-09-07/evidence/20260907-1415-ticket-27/consumer/DerivedData-InkMarkdownCoreConsumer/Build/Intermediates.noindex/cmark-gfm.build/Debug-iphonesimulator/cmark-gfm.build/Objects-normal/arm64/plaintext.o /Users/shizihan/DailyUse/Github/InkMarkdown/Packages/Caches/swift-cmark/src/plaintext.c normal arm64 c com.apple.compilers.llvm.clang.1_0.compiler (in target 'cmark-gfm' from project 'cmark-gfm')
    cd /Users/shizihan/DailyUse/Github/InkMarkdown/.github/fixtures/consumer-smoke/.swiftpm/xcode
    
    Using response file: /Users/shizihan/DailyUse/Github/InkMarkdown/.scratch/architecture-deepening-2026-09-07/evidence/20260907-1415-ticket-27/consumer/DerivedData-InkMarkdownCoreConsumer/Build/Intermediates.noindex/cmark-gfm.build/Debug-iphonesimulator/cmark-gfm.build/Objects-normal/arm64/7187679823f38a2a940e0043cdf9d637-common-args.resp
    
    builtin-ScanDependencies -o /Users/shizihan/DailyUse/Github/InkMarkdown/.scratch/architecture-deepening-2026-09-07/evidence/20260907-1415-ticket-27/consumer/DerivedData-InkMarkdownCoreConsumer/Build/Intermediates.noindex/cmark-gfm.build/Debug-iphonesimulator/cmark-gfm.build/Objects-normal/arm64/plaintext.o.scan -- /Applications/Xcode.app/Contents/Developer/Toolchains/XcodeDefault.xctoolchain/usr/bin/clang -x c -ivfsstatcache /Users/shizihan/DailyUse/Github/InkMarkdown/.scratch/architecture-deepening-2026-09-07/evidence/20260907-1415-ticket-27/consumer/DerivedData-InkMarkdownCoreConsumer/SDKStatCaches.noindex/iphonesimulator26.5-23F81a-6cfe768891a92b912361537c460fe42b.sdkstatcache -target arm64-apple-ios12.0-simulator -fmessage-length\=0 -fdiagnostics-show-note-include-stack -fmacro-backtrace-limit\=0 -fno-color-diagnostics -fmodules-prune-interval\=86400 -fmodules-prune-after\=345600 -fbuild-session-file\=/Users/shizihan/DailyUse/Github/InkMarkdown/.scratch/architecture-deepening-2026-09-07/evidence/20260907-1415-ticket-27/consumer/DerivedData-InkMarkdownCoreConsumer/ModuleCache.noindex/Session.modulevalidation -fmodules-validate-once-per-build-session -Wnon-modular-include-in-framework-module -Werror\=non-modular-include-in-framework-module -Wno-trigraphs -Wno-missing-field-initializers -Wno-missing-prototypes -Wno-return-type -Wno-missing-braces -Wparentheses -Wswitch -Wno-unused-function -Wno-unused-label -Wno-unused-parameter -Wno-unused-variable -Wunused-value -Wno-empty-body -Wno-uninitialized -Wno-unknown-pragmas -w -Wno-shadow -Wno-four-char-constants -Wno-conversion -Wno-constant-conversion -Wno-int-conversion -Wno-bool-conversion -Wno-enum-conversion -Wno-float-conversion -Wno-non-literal-null-conversion -Wno-objc-literal-conversion -Wshorten-64-to-32 -Wpointer-sign -Wno-newline-eof -Wno-implicit-fallthrough -isysroot /Applications/Xcode.app/Contents/Developer/Platforms/iPhoneSimulator.platform/Developer/SDKs/iPhoneSimulator26.5.sdk -fstrict-aliasing -Wdeprecated-declarations -Wno-sign-conversion -Wno-infinite-recursion -Wno-comma -Wno-block-capture-autoreleasing -Wno-strict-prototypes -Wno-semicolon-before-method-body -index-store-path /Users/shizihan/DailyUse/Github/InkMarkdown/.scratch/architecture-deepening-2026-09-07/evidence/20260907-1415-ticket-27/consumer/DerivedData-InkMarkdownCoreConsumer/Index.noindex/DataStore @/Users/shizihan/DailyUse/Github/InkMarkdown/.scratch/architecture-deepening-2026-09-07/evidence/20260907-1415-ticket-27/consumer/DerivedData-InkMarkdownCoreConsumer/Build/Intermediates.noindex/cmark-gfm.build/Debug-iphonesimulator/cmark-gfm.build/Objects-normal/arm64/7187679823f38a2a940e0043cdf9d637-common-args.resp -MMD -MT dependencies -MF /Users/shizihan/DailyUse/Github/InkMarkdown/.scratch/architecture-deepening-2026-09-07/evidence/20260907-1415-ticket-27/consumer/DerivedData-InkMarkdownCoreConsumer/Build/Intermediates.noindex/cmark-gfm.build/Debug-iphonesimulator/cmark-gfm.build/Objects-normal/arm64/plaintext.d --serialize-diagnostics /Users/shizihan/DailyUse/Github/InkMarkdown/.scratch/architecture-deepening-2026-09-07/evidence/20260907-1415-ticket-27/consumer/DerivedData-InkMarkdownCoreConsumer/Build/Intermediates.noindex/cmark-gfm.build/Debug-iphonesimulator/cmark-gfm.build/Objects-normal/arm64/plaintext.dia -c /Users/shizihan/DailyUse/Github/InkMarkdown/Packages/Caches/swift-cmark/src/plaintext.c -o /Users/shizihan/DailyUse/Github/InkMarkdown/.scratch/architecture-deepening-2026-09-07/evidence/20260907-1415-ticket-27/consumer/DerivedData-InkMarkdownCoreConsumer/Build/Intermediates.noindex/cmark-gfm.build/Debug-iphonesimulator/cmark-gfm.build/Objects-normal/arm64/plaintext.o -index-unit-output-path /cmark-gfm.build/Debug-iphonesimulator/cmark-gfm.build/Objects-normal/arm64/plaintext.o

PrecompileModule /Users/shizihan/DailyUse/Github/InkMarkdown/.scratch/architecture-deepening-2026-09-07/evidence/20260907-1415-ticket-27/consumer/DerivedData-InkMarkdownCoreConsumer/Build/Intermediates.noindex/ExplicitPrecompiledModules/_Builtin_stddef-28JEE1A7P0397LH78D0EJ47LZ.scan
    cd /
    builtin-precompileModule /Users/shizihan/DailyUse/Github/InkMarkdown/.scratch/architecture-deepening-2026-09-07/evidence/20260907-1415-ticket-27/consumer/DerivedData-InkMarkdownCoreConsumer/Build/Intermediates.noindex/ExplicitPrecompiledModules/_Builtin_stddef-28JEE1A7P0397LH78D0EJ47LZ.scan

PrecompileModule /Users/shizihan/DailyUse/Github/InkMarkdown/.scratch/architecture-deepening-2026-09-07/evidence/20260907-1415-ticket-27/consumer/DerivedData-InkMarkdownCoreConsumer/Build/Intermediates.noindex/ExplicitPrecompiledModules/_AvailabilityInternal-6YRV1NWHU1GSGHOIQUJ3GLEY0.scan
    cd /
    builtin-precompileModule /Users/shizihan/DailyUse/Github/InkMarkdown/.scratch/architecture-deepening-2026-09-07/evidence/20260907-1415-ticket-27/consumer/DerivedData-InkMarkdownCoreConsumer/Build/Intermediates.noindex/ExplicitPrecompiledModules/_AvailabilityInternal-6YRV1NWHU1GSGHOIQUJ3GLEY0.scan

PrecompileModule /Users/shizihan/DailyUse/Github/InkMarkdown/.scratch/architecture-deepening-2026-09-07/evidence/20260907-1415-ticket-27/consumer/DerivedData-InkMarkdownCoreConsumer/Build/Intermediates.noindex/ExplicitPrecompiledModules/ptrcheck-QR5X8BXITFBT1E23D4ZJD1ET.scan
    cd /
    builtin-precompileModule /Users/shizihan/DailyUse/Github/InkMarkdown/.scratch/architecture-deepening-2026-09-07/evidence/20260907-1415-ticket-27/consumer/DerivedData-InkMarkdownCoreConsumer/Build/Intermediates.noindex/ExplicitPrecompiledModules/ptrcheck-QR5X8BXITFBT1E23D4ZJD1ET.scan

PrecompileModule /Users/shizihan/DailyUse/Github/InkMarkdown/.scratch/architecture-deepening-2026-09-07/evidence/20260907-1415-ticket-27/consumer/DerivedData-InkMarkdownCoreConsumer/Build/Intermediates.noindex/ExplicitPrecompiledModules/_Builtin_stdarg-1TFQC0B7VQ65DFG2JEK31LO32.scan
    cd /
    builtin-precompileModule /Users/shizihan/DailyUse/Github/InkMarkdown/.scratch/architecture-deepening-2026-09-07/evidence/20260907-1415-ticket-27/consumer/DerivedData-InkMarkdownCoreConsumer/Build/Intermediates.noindex/ExplicitPrecompiledModules/_Builtin_stdarg-1TFQC0B7VQ65DFG2JEK31LO32.scan

PrecompileModule /Users/shizihan/DailyUse/Github/InkMarkdown/.scratch/architecture-deepening-2026-09-07/evidence/20260907-1415-ticket-27/consumer/DerivedData-InkMarkdownCoreConsumer/Build/Intermediates.noindex/ExplicitPrecompiledModules/_Builtin_stdbool-74TNHJ9GX4NBYCLA7H4EJK1XQ.scan
    cd /
    builtin-precompileModule /Users/shizihan/DailyUse/Github/InkMarkdown/.scratch/architecture-deepening-2026-09-07/evidence/20260907-1415-ticket-27/consumer/DerivedData-InkMarkdownCoreConsumer/Build/Intermediates.noindex/ExplicitPrecompiledModules/_Builtin_stdbool-74TNHJ9GX4NBYCLA7H4EJK1XQ.scan

ScanDependencies /Users/shizihan/DailyUse/Github/InkMarkdown/.scratch/architecture-deepening-2026-09-07/evidence/20260907-1415-ticket-27/consumer/DerivedData-InkMarkdownCoreConsumer/Build/Intermediates.noindex/cmark-gfm.build/Debug-iphonesimulator/cmark-gfm.build/Objects-normal/arm64/node.o /Users/shizihan/DailyUse/Github/InkMarkdown/Packages/Caches/swift-cmark/src/node.c normal arm64 c com.apple.compilers.llvm.clang.1_0.compiler (in target 'cmark-gfm' from project 'cmark-gfm')
    cd /Users/shizihan/DailyUse/Github/InkMarkdown/.github/fixtures/consumer-smoke/.swiftpm/xcode
    
    Using response file: /Users/shizihan/DailyUse/Github/InkMarkdown/.scratch/architecture-deepening-2026-09-07/evidence/20260907-1415-ticket-27/consumer/DerivedData-InkMarkdownCoreConsumer/Build/Intermediates.noindex/cmark-gfm.build/Debug-iphonesimulator/cmark-gfm.build/Objects-normal/arm64/7187679823f38a2a940e0043cdf9d637-common-args.resp
    
    builtin-ScanDependencies -o /Users/shizihan/DailyUse/Github/InkMarkdown/.scratch/architecture-deepening-2026-09-07/evidence/20260907-1415-ticket-27/consumer/DerivedData-InkMarkdownCoreConsumer/Build/Intermediates.noindex/cmark-gfm.build/Debug-iphonesimulator/cmark-gfm.build/Objects-normal/arm64/node.o.scan -- /Applications/Xcode.app/Contents/Developer/Toolchains/XcodeDefault.xctoolchain/usr/bin/clang -x c -ivfsstatcache /Users/shizihan/DailyUse/Github/InkMarkdown/.scratch/architecture-deepening-2026-09-07/evidence/20260907-1415-ticket-27/consumer/DerivedData-InkMarkdownCoreConsumer/SDKStatCaches.noindex/iphonesimulator26.5-23F81a-6cfe768891a92b912361537c460fe42b.sdkstatcache -target arm64-apple-ios12.0-simulator -fmessage-length\=0 -fdiagnostics-show-note-include-stack -fmacro-backtrace-limit\=0 -fno-color-diagnostics -fmodules-prune-interval\=86400 -fmodules-prune-after\=345600 -fbuild-session-file\=/Users/shizihan/DailyUse/Github/InkMarkdown/.scratch/architecture-deepening-2026-09-07/evidence/20260907-1415-ticket-27/consumer/DerivedData-InkMarkdownCoreConsumer/ModuleCache.noindex/Session.modulevalidation -fmodules-validate-once-per-build-session -Wnon-modular-include-in-framework-module -Werror\=non-modular-include-in-framework-module -Wno-trigraphs -Wno-missing-field-initializers -Wno-missing-prototypes -Wno-return-type -Wno-missing-braces -Wparentheses -Wswitch -Wno-unused-function -Wno-unused-label -Wno-unused-parameter -Wno-unused-variable -Wunused-value -Wno-empty-body -Wno-uninitialized -Wno-unknown-pragmas -w -Wno-shadow -Wno-four-char-constants -Wno-conversion -Wno-constant-conversion -Wno-int-conversion -Wno-bool-conversion -Wno-enum-conversion -Wno-float-conversion -Wno-non-literal-null-conversion -Wno-objc-literal-conversion -Wshorten-64-to-32 -Wpointer-sign -Wno-newline-eof -Wno-implicit-fallthrough -isysroot /Applications/Xcode.app/Contents/Developer/Platforms/iPhoneSimulator.platform/Developer/SDKs/iPhoneSimulator26.5.sdk -fstrict-aliasing -Wdeprecated-declarations -Wno-sign-conversion -Wno-infinite-recursion -Wno-comma -Wno-block-capture-autoreleasing -Wno-strict-prototypes -Wno-semicolon-before-method-body -index-store-path /Users/shizihan/DailyUse/Github/InkMarkdown/.scratch/architecture-deepening-2026-09-07/evidence/20260907-1415-ticket-27/consumer/DerivedData-InkMarkdownCoreConsumer/Index.noindex/DataStore @/Users/shizihan/DailyUse/Github/InkMarkdown/.scratch/architecture-deepening-2026-09-07/evidence/20260907-1415-ticket-27/consumer/DerivedData-InkMarkdownCoreConsumer/Build/Intermediates.noindex/cmark-gfm.build/Debug-iphonesimulator/cmark-gfm.build/Objects-normal/arm64/7187679823f38a2a940e0043cdf9d637-common-args.resp -MMD -MT dependencies -MF /Users/shizihan/DailyUse/Github/InkMarkdown/.scratch/architecture-deepening-2026-09-07/evidence/20260907-1415-ticket-27/consumer/DerivedData-InkMarkdownCoreConsumer/Build/Intermediates.noindex/cmark-gfm.build/Debug-iphonesimulator/cmark-gfm.build/Objects-normal/arm64/node.d --serialize-diagnostics /Users/shizihan/DailyUse/Github/InkMarkdown/.scratch/architecture-deepening-2026-09-07/evidence/20260907-1415-ticket-27/consumer/DerivedData-InkMarkdownCoreConsumer/Build/Intermediates.noindex/cmark-gfm.build/Debug-iphonesimulator/cmark-gfm.build/Objects-normal/arm64/node.dia -c /Users/shizihan/DailyUse/Github/InkMarkdown/Packages/Caches/swift-cmark/src/node.c -o /Users/shizihan/DailyUse/Github/InkMarkdown/.scratch/architecture-deepening-2026-09-07/evidence/20260907-1415-ticket-27/consumer/DerivedData-InkMarkdownCoreConsumer/Build/Intermediates.noindex/cmark-gfm.build/Debug-iphonesimulator/cmark-gfm.build/Objects-normal/arm64/node.o -index-unit-output-path /cmark-gfm.build/Debug-iphonesimulator/cmark-gfm.build/Objects-normal/arm64/node.o

ScanDependencies /Users/shizihan/DailyUse/Github/InkMarkdown/.scratch/architecture-deepening-2026-09-07/evidence/20260907-1415-ticket-27/consumer/DerivedData-InkMarkdownCoreConsumer/Build/Intermediates.noindex/cmark-gfm.build/Debug-iphonesimulator/cmark-gfm.build/Objects-normal/arm64/map.o /Users/shizihan/DailyUse/Github/InkMarkdown/Packages/Caches/swift-cmark/src/map.c normal arm64 c com.apple.compilers.llvm.clang.1_0.compiler (in target 'cmark-gfm' from project 'cmark-gfm')
    cd /Users/shizihan/DailyUse/Github/InkMarkdown/.github/fixtures/consumer-smoke/.swiftpm/xcode
    
    Using response file: /Users/shizihan/DailyUse/Github/InkMarkdown/.scratch/architecture-deepening-2026-09-07/evidence/20260907-1415-ticket-27/consumer/DerivedData-InkMarkdownCoreConsumer/Build/Intermediates.noindex/cmark-gfm.build/Debug-iphonesimulator/cmark-gfm.build/Objects-normal/arm64/7187679823f38a2a940e0043cdf9d637-common-args.resp
    
    builtin-ScanDependencies -o /Users/shizihan/DailyUse/Github/InkMarkdown/.scratch/architecture-deepening-2026-09-07/evidence/20260907-1415-ticket-27/consumer/DerivedData-InkMarkdownCoreConsumer/Build/Intermediates.noindex/cmark-gfm.build/Debug-iphonesimulator/cmark-gfm.build/Objects-normal/arm64/map.o.scan -- /Applications/Xcode.app/Contents/Developer/Toolchains/XcodeDefault.xctoolchain/usr/bin/clang -x c -ivfsstatcache /Users/shizihan/DailyUse/Github/InkMarkdown/.scratch/architecture-deepening-2026-09-07/evidence/20260907-1415-ticket-27/consumer/DerivedData-InkMarkdownCoreConsumer/SDKStatCaches.noindex/iphonesimulator26.5-23F81a-6cfe768891a92b912361537c460fe42b.sdkstatcache -target arm64-apple-ios12.0-simulator -fmessage-length\=0 -fdiagnostics-show-note-include-stack -fmacro-backtrace-limit\=0 -fno-color-diagnostics -fmodules-prune-interval\=86400 -fmodules-prune-after\=345600 -fbuild-session-file\=/Users/shizihan/DailyUse/Github/InkMarkdown/.scratch/architecture-deepening-2026-09-07/evidence/20260907-1415-ticket-27/consumer/DerivedData-InkMarkdownCoreConsumer/ModuleCache.noindex/Session.modulevalidation -fmodules-validate-once-per-build-session -Wnon-modular-include-in-framework-module -Werror\=non-modular-include-in-framework-module -Wno-trigraphs -Wno-missing-field-initializers -Wno-missing-prototypes -Wno-return-type -Wno-missing-braces -Wparentheses -Wswitch -Wno-unused-function -Wno-unused-label -Wno-unused-parameter -Wno-unused-variable -Wunused-value -Wno-empty-body -Wno-uninitialized -Wno-unknown-pragmas -w -Wno-shadow -Wno-four-char-constants -Wno-conversion -Wno-constant-conversion -Wno-int-conversion -Wno-bool-conversion -Wno-enum-conversion -Wno-float-conversion -Wno-non-literal-null-conversion -Wno-objc-literal-conversion -Wshorten-64-to-32 -Wpointer-sign -Wno-newline-eof -Wno-implicit-fallthrough -isysroot /Applications/Xcode.app/Contents/Developer/Platforms/iPhoneSimulator.platform/Developer/SDKs/iPhoneSimulator26.5.sdk -fstrict-aliasing -Wdeprecated-declarations -Wno-sign-conversion -Wno-infinite-recursion -Wno-comma -Wno-block-capture-autoreleasing -Wno-strict-prototypes -Wno-semicolon-before-method-body -index-store-path /Users/shizihan/DailyUse/Github/InkMarkdown/.scratch/architecture-deepening-2026-09-07/evidence/20260907-1415-ticket-27/consumer/DerivedData-InkMarkdownCoreConsumer/Index.noindex/DataStore @/Users/shizihan/DailyUse/Github/InkMarkdown/.scratch/architecture-deepening-2026-09-07/evidence/20260907-1415-ticket-27/consumer/DerivedData-InkMarkdownCoreConsumer/Build/Intermediates.noindex/cmark-gfm.build/Debug-iphonesimulator/cmark-gfm.build/Objects-normal/arm64/7187679823f38a2a940e0043cdf9d637-common-args.resp -MMD -MT dependencies -MF /Users/shizihan/DailyUse/Github/InkMarkdown/.scratch/architecture-deepening-2026-09-07/evidence/20260907-1415-ticket-27/consumer/DerivedData-InkMarkdownCoreConsumer/Build/Intermediates.noindex/cmark-gfm.build/Debug-iphonesimulator/cmark-gfm.build/Objects-normal/arm64/map.d --serialize-diagnostics /Users/shizihan/DailyUse/Github/InkMarkdown/.scratch/architecture-deepening-2026-09-07/evidence/20260907-1415-ticket-27/consumer/DerivedData-InkMarkdownCoreConsumer/Build/Intermediates.noindex/cmark-gfm.build/Debug-iphonesimulator/cmark-gfm.build/Objects-normal/arm64/map.dia -c /Users/shizihan/DailyUse/Github/InkMarkdown/Packages/Caches/swift-cmark/src/map.c -o /Users/shizihan/DailyUse/Github/InkMarkdown/.scratch/architecture-deepening-2026-09-07/evidence/20260907-1415-ticket-27/consumer/DerivedData-InkMarkdownCoreConsumer/Build/Intermediates.noindex/cmark-gfm.build/Debug-iphonesimulator/cmark-gfm.build/Objects-normal/arm64/map.o -index-unit-output-path /cmark-gfm.build/Debug-iphonesimulator/cmark-gfm.build/Objects-normal/arm64/map.o

ScanDependencies /Users/shizihan/DailyUse/Github/InkMarkdown/.scratch/architecture-deepening-2026-09-07/evidence/20260907-1415-ticket-27/consumer/DerivedData-InkMarkdownCoreConsumer/Build/Intermediates.noindex/cmark-gfm.build/Debug-iphonesimulator/cmark-gfm.build/Objects-normal/arm64/man.o /Users/shizihan/DailyUse/Github/InkMarkdown/Packages/Caches/swift-cmark/src/man.c normal arm64 c com.apple.compilers.llvm.clang.1_0.compiler (in target 'cmark-gfm' from project 'cmark-gfm')
    cd /Users/shizihan/DailyUse/Github/InkMarkdown/.github/fixtures/consumer-smoke/.swiftpm/xcode
    
    Using response file: /Users/shizihan/DailyUse/Github/InkMarkdown/.scratch/architecture-deepening-2026-09-07/evidence/20260907-1415-ticket-27/consumer/DerivedData-InkMarkdownCoreConsumer/Build/Intermediates.noindex/cmark-gfm.build/Debug-iphonesimulator/cmark-gfm.build/Objects-normal/arm64/7187679823f38a2a940e0043cdf9d637-common-args.resp
    
    builtin-ScanDependencies -o /Users/shizihan/DailyUse/Github/InkMarkdown/.scratch/architecture-deepening-2026-09-07/evidence/20260907-1415-ticket-27/consumer/DerivedData-InkMarkdownCoreConsumer/Build/Intermediates.noindex/cmark-gfm.build/Debug-iphonesimulator/cmark-gfm.build/Objects-normal/arm64/man.o.scan -- /Applications/Xcode.app/Contents/Developer/Toolchains/XcodeDefault.xctoolchain/usr/bin/clang -x c -ivfsstatcache /Users/shizihan/DailyUse/Github/InkMarkdown/.scratch/architecture-deepening-2026-09-07/evidence/20260907-1415-ticket-27/consumer/DerivedData-InkMarkdownCoreConsumer/SDKStatCaches.noindex/iphonesimulator26.5-23F81a-6cfe768891a92b912361537c460fe42b.sdkstatcache -target arm64-apple-ios12.0-simulator -fmessage-length\=0 -fdiagnostics-show-note-include-stack -fmacro-backtrace-limit\=0 -fno-color-diagnostics -fmodules-prune-interval\=86400 -fmodules-prune-after\=345600 -fbuild-session-file\=/Users/shizihan/DailyUse/Github/InkMarkdown/.scratch/architecture-deepening-2026-09-07/evidence/20260907-1415-ticket-27/consumer/DerivedData-InkMarkdownCoreConsumer/ModuleCache.noindex/Session.modulevalidation -fmodules-validate-once-per-build-session -Wnon-modular-include-in-framework-module -Werror\=non-modular-include-in-framework-module -Wno-trigraphs -Wno-missing-field-initializers -Wno-missing-prototypes -Wno-return-type -Wno-missing-braces -Wparentheses -Wswitch -Wno-unused-function -Wno-unused-label -Wno-unused-parameter -Wno-unused-variable -Wunused-value -Wno-empty-body -Wno-uninitialized -Wno-unknown-pragmas -w -Wno-shadow -Wno-four-char-constants -Wno-conversion -Wno-constant-conversion -Wno-int-conversion -Wno-bool-conversion -Wno-enum-conversion -Wno-float-conversion -Wno-non-literal-null-conversion -Wno-objc-literal-conversion -Wshorten-64-to-32 -Wpointer-sign -Wno-newline-eof -Wno-implicit-fallthrough -isysroot /Applications/Xcode.app/Contents/Developer/Platforms/iPhoneSimulator.platform/Developer/SDKs/iPhoneSimulator26.5.sdk -fstrict-aliasing -Wdeprecated-declarations -Wno-sign-conversion -Wno-infinite-recursion -Wno-comma -Wno-block-capture-autoreleasing -Wno-strict-prototypes -Wno-semicolon-before-method-body -index-store-path /Users/shizihan/DailyUse/Github/InkMarkdown/.scratch/architecture-deepening-2026-09-07/evidence/20260907-1415-ticket-27/consumer/DerivedData-InkMarkdownCoreConsumer/Index.noindex/DataStore @/Users/shizihan/DailyUse/Github/InkMarkdown/.scratch/architecture-deepening-2026-09-07/evidence/20260907-1415-ticket-27/consumer/DerivedData-InkMarkdownCoreConsumer/Build/Intermediates.noindex/cmark-gfm.build/Debug-iphonesimulator/cmark-gfm.build/Objects-normal/arm64/7187679823f38a2a940e0043cdf9d637-common-args.resp -MMD -MT dependencies -MF /Users/shizihan/DailyUse/Github/InkMarkdown/.scratch/architecture-deepening-2026-09-07/evidence/20260907-1415-ticket-27/consumer/DerivedData-InkMarkdownCoreConsumer/Build/Intermediates.noindex/cmark-gfm.build/Debug-iphonesimulator/cmark-gfm.build/Objects-normal/arm64/man.d --serialize-diagnostics /Users/shizihan/DailyUse/Github/InkMarkdown/.scratch/architecture-deepening-2026-09-07/evidence/20260907-1415-ticket-27/consumer/DerivedData-InkMarkdownCoreConsumer/Build/Intermediates.noindex/cmark-gfm.build/Debug-iphonesimulator/cmark-gfm.build/Objects-normal/arm64/man.dia -c /Users/shizihan/DailyUse/Github/InkMarkdown/Packages/Caches/swift-cmark/src/man.c -o /Users/shizihan/DailyUse/Github/InkMarkdown/.scratch/architecture-deepening-2026-09-07/evidence/20260907-1415-ticket-27/consumer/DerivedData-InkMarkdownCoreConsumer/Build/Intermediates.noindex/cmark-gfm.build/Debug-iphonesimulator/cmark-gfm.build/Objects-normal/arm64/man.o -index-unit-output-path /cmark-gfm.build/Debug-iphonesimulator/cmark-gfm.build/Objects-normal/arm64/man.o

ScanDependencies /Users/shizihan/DailyUse/Github/InkMarkdown/.scratch/architecture-deepening-2026-09-07/evidence/20260907-1415-ticket-27/consumer/DerivedData-InkMarkdownCoreConsumer/Build/Intermediates.noindex/cmark-gfm.build/Debug-iphonesimulator/cmark-gfm.build/Objects-normal/arm64/linked_list.o /Users/shizihan/DailyUse/Github/InkMarkdown/Packages/Caches/swift-cmark/src/linked_list.c normal arm64 c com.apple.compilers.llvm.clang.1_0.compiler (in target 'cmark-gfm' from project 'cmark-gfm')
    cd /Users/shizihan/DailyUse/Github/InkMarkdown/.github/fixtures/consumer-smoke/.swiftpm/xcode
    
    Using response file: /Users/shizihan/DailyUse/Github/InkMarkdown/.scratch/architecture-deepening-2026-09-07/evidence/20260907-1415-ticket-27/consumer/DerivedData-InkMarkdownCoreConsumer/Build/Intermediates.noindex/cmark-gfm.build/Debug-iphonesimulator/cmark-gfm.build/Objects-normal/arm64/7187679823f38a2a940e0043cdf9d637-common-args.resp
    
    builtin-ScanDependencies -o /Users/shizihan/DailyUse/Github/InkMarkdown/.scratch/architecture-deepening-2026-09-07/evidence/20260907-1415-ticket-27/consumer/DerivedData-InkMarkdownCoreConsumer/Build/Intermediates.noindex/cmark-gfm.build/Debug-iphonesimulator/cmark-gfm.build/Objects-normal/arm64/linked_list.o.scan -- /Applications/Xcode.app/Contents/Developer/Toolchains/XcodeDefault.xctoolchain/usr/bin/clang -x c -ivfsstatcache /Users/shizihan/DailyUse/Github/InkMarkdown/.scratch/architecture-deepening-2026-09-07/evidence/20260907-1415-ticket-27/consumer/DerivedData-InkMarkdownCoreConsumer/SDKStatCaches.noindex/iphonesimulator26.5-23F81a-6cfe768891a92b912361537c460fe42b.sdkstatcache -target arm64-apple-ios12.0-simulator -fmessage-length\=0 -fdiagnostics-show-note-include-stack -fmacro-backtrace-limit\=0 -fno-color-diagnostics -fmodules-prune-interval\=86400 -fmodules-prune-after\=345600 -fbuild-session-file\=/Users/shizihan/DailyUse/Github/InkMarkdown/.scratch/architecture-deepening-2026-09-07/evidence/20260907-1415-ticket-27/consumer/DerivedData-InkMarkdownCoreConsumer/ModuleCache.noindex/Session.modulevalidation -fmodules-validate-once-per-build-session -Wnon-modular-include-in-framework-module -Werror\=non-modular-include-in-framework-module -Wno-trigraphs -Wno-missing-field-initializers -Wno-missing-prototypes -Wno-return-type -Wno-missing-braces -Wparentheses -Wswitch -Wno-unused-function -Wno-unused-label -Wno-unused-parameter -Wno-unused-variable -Wunused-value -Wno-empty-body -Wno-uninitialized -Wno-unknown-pragmas -w -Wno-shadow -Wno-four-char-constants -Wno-conversion -Wno-constant-conversion -Wno-int-conversion -Wno-bool-conversion -Wno-enum-conversion -Wno-float-conversion -Wno-non-literal-null-conversion -Wno-objc-literal-conversion -Wshorten-64-to-32 -Wpointer-sign -Wno-newline-eof -Wno-implicit-fallthrough -isysroot /Applications/Xcode.app/Contents/Developer/Platforms/iPhoneSimulator.platform/Developer/SDKs/iPhoneSimulator26.5.sdk -fstrict-aliasing -Wdeprecated-declarations -Wno-sign-conversion -Wno-infinite-recursion -Wno-comma -Wno-block-capture-autoreleasing -Wno-strict-prototypes -Wno-semicolon-before-method-body -index-store-path /Users/shizihan/DailyUse/Github/InkMarkdown/.scratch/architecture-deepening-2026-09-07/evidence/20260907-1415-ticket-27/consumer/DerivedData-InkMarkdownCoreConsumer/Index.noindex/DataStore @/Users/shizihan/DailyUse/Github/InkMarkdown/.scratch/architecture-deepening-2026-09-07/evidence/20260907-1415-ticket-27/consumer/DerivedData-InkMarkdownCoreConsumer/Build/Intermediates.noindex/cmark-gfm.build/Debug-iphonesimulator/cmark-gfm.build/Objects-normal/arm64/7187679823f38a2a940e0043cdf9d637-common-args.resp -MMD -MT dependencies -MF /Users/shizihan/DailyUse/Github/InkMarkdown/.scratch/architecture-deepening-2026-09-07/evidence/20260907-1415-ticket-27/consumer/DerivedData-InkMarkdownCoreConsumer/Build/Intermediates.noindex/cmark-gfm.build/Debug-iphonesimulator/cmark-gfm.build/Objects-normal/arm64/linked_list.d --serialize-diagnostics /Users/shizihan/DailyUse/Github/InkMarkdown/.scratch/architecture-deepening-2026-09-07/evidence/20260907-1415-ticket-27/consumer/DerivedData-InkMarkdownCoreConsumer/Build/Intermediates.noindex/cmark-gfm.build/Debug-iphonesimulator/cmark-gfm.build/Objects-normal/arm64/linked_list.dia -c /Users/shizihan/DailyUse/Github/InkMarkdown/Packages/Caches/swift-cmark/src/linked_list.c -o /Users/shizihan/DailyUse/Github/InkMarkdown/.scratch/architecture-deepening-2026-09-07/evidence/20260907-1415-ticket-27/consumer/DerivedData-InkMarkdownCoreConsumer/Build/Intermediates.noindex/cmark-gfm.build/Debug-iphonesimulator/cmark-gfm.build/Objects-normal/arm64/linked_list.o -index-unit-output-path /cmark-gfm.build/Debug-iphonesimulator/cmark-gfm.build/Objects-normal/arm64/linked_list.o

ScanDependencies /Users/shizihan/DailyUse/Github/InkMarkdown/.scratch/architecture-deepening-2026-09-07/evidence/20260907-1415-ticket-27/consumer/DerivedData-InkMarkdownCoreConsumer/Build/Intermediates.noindex/cmark-gfm.build/Debug-iphonesimulator/cmark-gfm.build/Objects-normal/arm64/latex.o /Users/shizihan/DailyUse/Github/InkMarkdown/Packages/Caches/swift-cmark/src/latex.c normal arm64 c com.apple.compilers.llvm.clang.1_0.compiler (in target 'cmark-gfm' from project 'cmark-gfm')
    cd /Users/shizihan/DailyUse/Github/InkMarkdown/.github/fixtures/consumer-smoke/.swiftpm/xcode
    
    Using response file: /Users/shizihan/DailyUse/Github/InkMarkdown/.scratch/architecture-deepening-2026-09-07/evidence/20260907-1415-ticket-27/consumer/DerivedData-InkMarkdownCoreConsumer/Build/Intermediates.noindex/cmark-gfm.build/Debug-iphonesimulator/cmark-gfm.build/Objects-normal/arm64/7187679823f38a2a940e0043cdf9d637-common-args.resp
    
    builtin-ScanDependencies -o /Users/shizihan/DailyUse/Github/InkMarkdown/.scratch/architecture-deepening-2026-09-07/evidence/20260907-1415-ticket-27/consumer/DerivedData-InkMarkdownCoreConsumer/Build/Intermediates.noindex/cmark-gfm.build/Debug-iphonesimulator/cmark-gfm.build/Objects-normal/arm64/latex.o.scan -- /Applications/Xcode.app/Contents/Developer/Toolchains/XcodeDefault.xctoolchain/usr/bin/clang -x c -ivfsstatcache /Users/shizihan/DailyUse/Github/InkMarkdown/.scratch/architecture-deepening-2026-09-07/evidence/20260907-1415-ticket-27/consumer/DerivedData-InkMarkdownCoreConsumer/SDKStatCaches.noindex/iphonesimulator26.5-23F81a-6cfe768891a92b912361537c460fe42b.sdkstatcache -target arm64-apple-ios12.0-simulator -fmessage-length\=0 -fdiagnostics-show-note-include-stack -fmacro-backtrace-limit\=0 -fno-color-diagnostics -fmodules-prune-interval\=86400 -fmodules-prune-after\=345600 -fbuild-session-file\=/Users/shizihan/DailyUse/Github/InkMarkdown/.scratch/architecture-deepening-2026-09-07/evidence/20260907-1415-ticket-27/consumer/DerivedData-InkMarkdownCoreConsumer/ModuleCache.noindex/Session.modulevalidation -fmodules-validate-once-per-build-session -Wnon-modular-include-in-framework-module -Werror\=non-modular-include-in-framework-module -Wno-trigraphs -Wno-missing-field-initializers -Wno-missing-prototypes -Wno-return-type -Wno-missing-braces -Wparentheses -Wswitch -Wno-unused-function -Wno-unused-label -Wno-unused-parameter -Wno-unused-variable -Wunused-value -Wno-empty-body -Wno-uninitialized -Wno-unknown-pragmas -w -Wno-shadow -Wno-four-char-constants -Wno-conversion -Wno-constant-conversion -Wno-int-conversion -Wno-bool-conversion -Wno-enum-conversion -Wno-float-conversion -Wno-non-literal-null-conversion -Wno-objc-literal-conversion -Wshorten-64-to-32 -Wpointer-sign -Wno-newline-eof -Wno-implicit-fallthrough -isysroot /Applications/Xcode.app/Contents/Developer/Platforms/iPhoneSimulator.platform/Developer/SDKs/iPhoneSimulator26.5.sdk -fstrict-aliasing -Wdeprecated-declarations -Wno-sign-conversion -Wno-infinite-recursion -Wno-comma -Wno-block-capture-autoreleasing -Wno-strict-prototypes -Wno-semicolon-before-method-body -index-store-path /Users/shizihan/DailyUse/Github/InkMarkdown/.scratch/architecture-deepening-2026-09-07/evidence/20260907-1415-ticket-27/consumer/DerivedData-InkMarkdownCoreConsumer/Index.noindex/DataStore @/Users/shizihan/DailyUse/Github/InkMarkdown/.scratch/architecture-deepening-2026-09-07/evidence/20260907-1415-ticket-27/consumer/DerivedData-InkMarkdownCoreConsumer/Build/Intermediates.noindex/cmark-gfm.build/Debug-iphonesimulator/cmark-gfm.build/Objects-normal/arm64/7187679823f38a2a940e0043cdf9d637-common-args.resp -MMD -MT dependencies -MF /Users/shizihan/DailyUse/Github/InkMarkdown/.scratch/architecture-deepening-2026-09-07/evidence/20260907-1415-ticket-27/consumer/DerivedData-InkMarkdownCoreConsumer/Build/Intermediates.noindex/cmark-gfm.build/Debug-iphonesimulator/cmark-gfm.build/Objects-normal/arm64/latex.d --serialize-diagnostics /Users/shizihan/DailyUse/Github/InkMarkdown/.scratch/architecture-deepening-2026-09-07/evidence/20260907-1415-ticket-27/consumer/DerivedData-InkMarkdownCoreConsumer/Build/Intermediates.noindex/cmark-gfm.build/Debug-iphonesimulator/cmark-gfm.build/Objects-normal/arm64/latex.dia -c /Users/shizihan/DailyUse/Github/InkMarkdown/Packages/Caches/swift-cmark/src/latex.c -o /Users/shizihan/DailyUse/Github/InkMarkdown/.scratch/architecture-deepening-2026-09-07/evidence/20260907-1415-ticket-27/consumer/DerivedData-InkMarkdownCoreConsumer/Build/Intermediates.noindex/cmark-gfm.build/Debug-iphonesimulator/cmark-gfm.build/Objects-normal/arm64/latex.o -index-unit-output-path /cmark-gfm.build/Debug-iphonesimulator/cmark-gfm.build/Objects-normal/arm64/latex.o

ScanDependencies /Users/shizihan/DailyUse/Github/InkMarkdown/.scratch/architecture-deepening-2026-09-07/evidence/20260907-1415-ticket-27/consumer/DerivedData-InkMarkdownCoreConsumer/Build/Intermediates.noindex/cmark-gfm.build/Debug-iphonesimulator/cmark-gfm.build/Objects-normal/arm64/iterator.o /Users/shizihan/DailyUse/Github/InkMarkdown/Packages/Caches/swift-cmark/src/iterator.c normal arm64 c com.apple.compilers.llvm.clang.1_0.compiler (in target 'cmark-gfm' from project 'cmark-gfm')
    cd /Users/shizihan/DailyUse/Github/InkMarkdown/.github/fixtures/consumer-smoke/.swiftpm/xcode
    
    Using response file: /Users/shizihan/DailyUse/Github/InkMarkdown/.scratch/architecture-deepening-2026-09-07/evidence/20260907-1415-ticket-27/consumer/DerivedData-InkMarkdownCoreConsumer/Build/Intermediates.noindex/cmark-gfm.build/Debug-iphonesimulator/cmark-gfm.build/Objects-normal/arm64/7187679823f38a2a940e0043cdf9d637-common-args.resp
    
    builtin-ScanDependencies -o /Users/shizihan/DailyUse/Github/InkMarkdown/.scratch/architecture-deepening-2026-09-07/evidence/20260907-1415-ticket-27/consumer/DerivedData-InkMarkdownCoreConsumer/Build/Intermediates.noindex/cmark-gfm.build/Debug-iphonesimulator/cmark-gfm.build/Objects-normal/arm64/iterator.o.scan -- /Applications/Xcode.app/Contents/Developer/Toolchains/XcodeDefault.xctoolchain/usr/bin/clang -x c -ivfsstatcache /Users/shizihan/DailyUse/Github/InkMarkdown/.scratch/architecture-deepening-2026-09-07/evidence/20260907-1415-ticket-27/consumer/DerivedData-InkMarkdownCoreConsumer/SDKStatCaches.noindex/iphonesimulator26.5-23F81a-6cfe768891a92b912361537c460fe42b.sdkstatcache -target arm64-apple-ios12.0-simulator -fmessage-length\=0 -fdiagnostics-show-note-include-stack -fmacro-backtrace-limit\=0 -fno-color-diagnostics -fmodules-prune-interval\=86400 -fmodules-prune-after\=345600 -fbuild-session-file\=/Users/shizihan/DailyUse/Github/InkMarkdown/.scratch/architecture-deepening-2026-09-07/evidence/20260907-1415-ticket-27/consumer/DerivedData-InkMarkdownCoreConsumer/ModuleCache.noindex/Session.modulevalidation -fmodules-validate-once-per-build-session -Wnon-modular-include-in-framework-module -Werror\=non-modular-include-in-framework-module -Wno-trigraphs -Wno-missing-field-initializers -Wno-missing-prototypes -Wno-return-type -Wno-missing-braces -Wparentheses -Wswitch -Wno-unused-function -Wno-unused-label -Wno-unused-parameter -Wno-unused-variable -Wunused-value -Wno-empty-body -Wno-uninitialized -Wno-unknown-pragmas -w -Wno-shadow -Wno-four-char-constants -Wno-conversion -Wno-constant-conversion -Wno-int-conversion -Wno-bool-conversion -Wno-enum-conversion -Wno-float-conversion -Wno-non-literal-null-conversion -Wno-objc-literal-conversion -Wshorten-64-to-32 -Wpointer-sign -Wno-newline-eof -Wno-implicit-fallthrough -isysroot /Applications/Xcode.app/Contents/Developer/Platforms/iPhoneSimulator.platform/Developer/SDKs/iPhoneSimulator26.5.sdk -fstrict-aliasing -Wdeprecated-declarations -Wno-sign-conversion -Wno-infinite-recursion -Wno-comma -Wno-block-capture-autoreleasing -Wno-strict-prototypes -Wno-semicolon-before-method-body -index-store-path /Users/shizihan/DailyUse/Github/InkMarkdown/.scratch/architecture-deepening-2026-09-07/evidence/20260907-1415-ticket-27/consumer/DerivedData-InkMarkdownCoreConsumer/Index.noindex/DataStore @/Users/shizihan/DailyUse/Github/InkMarkdown/.scratch/architecture-deepening-2026-09-07/evidence/20260907-1415-ticket-27/consumer/DerivedData-InkMarkdownCoreConsumer/Build/Intermediates.noindex/cmark-gfm.build/Debug-iphonesimulator/cmark-gfm.build/Objects-normal/arm64/7187679823f38a2a940e0043cdf9d637-common-args.resp -MMD -MT dependencies -MF /Users/shizihan/DailyUse/Github/InkMarkdown/.scratch/architecture-deepening-2026-09-07/evidence/20260907-1415-ticket-27/consumer/DerivedData-InkMarkdownCoreConsumer/Build/Intermediates.noindex/cmark-gfm.build/Debug-iphonesimulator/cmark-gfm.build/Objects-normal/arm64/iterator.d --serialize-diagnostics /Users/shizihan/DailyUse/Github/InkMarkdown/.scratch/architecture-deepening-2026-09-07/evidence/20260907-1415-ticket-27/consumer/DerivedData-InkMarkdownCoreConsumer/Build/Intermediates.noindex/cmark-gfm.build/Debug-iphonesimulator/cmark-gfm.build/Objects-normal/arm64/iterator.dia -c /Users/shizihan/DailyUse/Github/InkMarkdown/Packages/Caches/swift-cmark/src/iterator.c -o /Users/shizihan/DailyUse/Github/InkMarkdown/.scratch/architecture-deepening-2026-09-07/evidence/20260907-1415-ticket-27/consumer/DerivedData-InkMarkdownCoreConsumer/Build/Intermediates.noindex/cmark-gfm.build/Debug-iphonesimulator/cmark-gfm.build/Objects-normal/arm64/iterator.o -index-unit-output-path /cmark-gfm.build/Debug-iphonesimulator/cmark-gfm.build/Objects-normal/arm64/iterator.o

ScanDependencies /Users/shizihan/DailyUse/Github/InkMarkdown/.scratch/architecture-deepening-2026-09-07/evidence/20260907-1415-ticket-27/consumer/DerivedData-InkMarkdownCoreConsumer/Build/Intermediates.noindex/cmark-gfm.build/Debug-iphonesimulator/cmark-gfm.build/Objects-normal/arm64/inlines.o /Users/shizihan/DailyUse/Github/InkMarkdown/Packages/Caches/swift-cmark/src/inlines.c normal arm64 c com.apple.compilers.llvm.clang.1_0.compiler (in target 'cmark-gfm' from project 'cmark-gfm')
    cd /Users/shizihan/DailyUse/Github/InkMarkdown/.github/fixtures/consumer-smoke/.swiftpm/xcode
    
    Using response file: /Users/shizihan/DailyUse/Github/InkMarkdown/.scratch/architecture-deepening-2026-09-07/evidence/20260907-1415-ticket-27/consumer/DerivedData-InkMarkdownCoreConsumer/Build/Intermediates.noindex/cmark-gfm.build/Debug-iphonesimulator/cmark-gfm.build/Objects-normal/arm64/7187679823f38a2a940e0043cdf9d637-common-args.resp
    
    builtin-ScanDependencies -o /Users/shizihan/DailyUse/Github/InkMarkdown/.scratch/architecture-deepening-2026-09-07/evidence/20260907-1415-ticket-27/consumer/DerivedData-InkMarkdownCoreConsumer/Build/Intermediates.noindex/cmark-gfm.build/Debug-iphonesimulator/cmark-gfm.build/Objects-normal/arm64/inlines.o.scan -- /Applications/Xcode.app/Contents/Developer/Toolchains/XcodeDefault.xctoolchain/usr/bin/clang -x c -ivfsstatcache /Users/shizihan/DailyUse/Github/InkMarkdown/.scratch/architecture-deepening-2026-09-07/evidence/20260907-1415-ticket-27/consumer/DerivedData-InkMarkdownCoreConsumer/SDKStatCaches.noindex/iphonesimulator26.5-23F81a-6cfe768891a92b912361537c460fe42b.sdkstatcache -target arm64-apple-ios12.0-simulator -fmessage-length\=0 -fdiagnostics-show-note-include-stack -fmacro-backtrace-limit\=0 -fno-color-diagnostics -fmodules-prune-interval\=86400 -fmodules-prune-after\=345600 -fbuild-session-file\=/Users/shizihan/DailyUse/Github/InkMarkdown/.scratch/architecture-deepening-2026-09-07/evidence/20260907-1415-ticket-27/consumer/DerivedData-InkMarkdownCoreConsumer/ModuleCache.noindex/Session.modulevalidation -fmodules-validate-once-per-build-session -Wnon-modular-include-in-framework-module -Werror\=non-modular-include-in-framework-module -Wno-trigraphs -Wno-missing-field-initializers -Wno-missing-prototypes -Wno-return-type -Wno-missing-braces -Wparentheses -Wswitch -Wno-unused-function -Wno-unused-label -Wno-unused-parameter -Wno-unused-variable -Wunused-value -Wno-empty-body -Wno-uninitialized -Wno-unknown-pragmas -w -Wno-shadow -Wno-four-char-constants -Wno-conversion -Wno-constant-conversion -Wno-int-conversion -Wno-bool-conversion -Wno-enum-conversion -Wno-float-conversion -Wno-non-literal-null-conversion -Wno-objc-literal-conversion -Wshorten-64-to-32 -Wpointer-sign -Wno-newline-eof -Wno-implicit-fallthrough -isysroot /Applications/Xcode.app/Contents/Developer/Platforms/iPhoneSimulator.platform/Developer/SDKs/iPhoneSimulator26.5.sdk -fstrict-aliasing -Wdeprecated-declarations -Wno-sign-conversion -Wno-infinite-recursion -Wno-comma -Wno-block-capture-autoreleasing -Wno-strict-prototypes -Wno-semicolon-before-method-body -index-store-path /Users/shizihan/DailyUse/Github/InkMarkdown/.scratch/architecture-deepening-2026-09-07/evidence/20260907-1415-ticket-27/consumer/DerivedData-InkMarkdownCoreConsumer/Index.noindex/DataStore @/Users/shizihan/DailyUse/Github/InkMarkdown/.scratch/architecture-deepening-2026-09-07/evidence/20260907-1415-ticket-27/consumer/DerivedData-InkMarkdownCoreConsumer/Build/Intermediates.noindex/cmark-gfm.build/Debug-iphonesimulator/cmark-gfm.build/Objects-normal/arm64/7187679823f38a2a940e0043cdf9d637-common-args.resp -MMD -MT dependencies -MF /Users/shizihan/DailyUse/Github/InkMarkdown/.scratch/architecture-deepening-2026-09-07/evidence/20260907-1415-ticket-27/consumer/DerivedData-InkMarkdownCoreConsumer/Build/Intermediates.noindex/cmark-gfm.build/Debug-iphonesimulator/cmark-gfm.build/Objects-normal/arm64/inlines.d --serialize-diagnostics /Users/shizihan/DailyUse/Github/InkMarkdown/.scratch/architecture-deepening-2026-09-07/evidence/20260907-1415-ticket-27/consumer/DerivedData-InkMarkdownCoreConsumer/Build/Intermediates.noindex/cmark-gfm.build/Debug-iphonesimulator/cmark-gfm.build/Objects-normal/arm64/inlines.dia -c /Users/shizihan/DailyUse/Github/InkMarkdown/Packages/Caches/swift-cmark/src/inlines.c -o /Users/shizihan/DailyUse/Github/InkMarkdown/.scratch/architecture-deepening-2026-09-07/evidence/20260907-1415-ticket-27/consumer/DerivedData-InkMarkdownCoreConsumer/Build/Intermediates.noindex/cmark-gfm.build/Debug-iphonesimulator/cmark-gfm.build/Objects-normal/arm64/inlines.o -index-unit-output-path /cmark-gfm.build/Debug-iphonesimulator/cmark-gfm.build/Objects-normal/arm64/inlines.o

ScanDependencies /Users/shizihan/DailyUse/Github/InkMarkdown/.scratch/architecture-deepening-2026-09-07/evidence/20260907-1415-ticket-27/consumer/DerivedData-InkMarkdownCoreConsumer/Build/Intermediates.noindex/cmark-gfm.build/Debug-iphonesimulator/cmark-gfm.build/Objects-normal/arm64/html.o /Users/shizihan/DailyUse/Github/InkMarkdown/Packages/Caches/swift-cmark/src/html.c normal arm64 c com.apple.compilers.llvm.clang.1_0.compiler (in target 'cmark-gfm' from project 'cmark-gfm')
    cd /Users/shizihan/DailyUse/Github/InkMarkdown/.github/fixtures/consumer-smoke/.swiftpm/xcode
    
    Using response file: /Users/shizihan/DailyUse/Github/InkMarkdown/.scratch/architecture-deepening-2026-09-07/evidence/20260907-1415-ticket-27/consumer/DerivedData-InkMarkdownCoreConsumer/Build/Intermediates.noindex/cmark-gfm.build/Debug-iphonesimulator/cmark-gfm.build/Objects-normal/arm64/7187679823f38a2a940e0043cdf9d637-common-args.resp
    
    builtin-ScanDependencies -o /Users/shizihan/DailyUse/Github/InkMarkdown/.scratch/architecture-deepening-2026-09-07/evidence/20260907-1415-ticket-27/consumer/DerivedData-InkMarkdownCoreConsumer/Build/Intermediates.noindex/cmark-gfm.build/Debug-iphonesimulator/cmark-gfm.build/Objects-normal/arm64/html.o.scan -- /Applications/Xcode.app/Contents/Developer/Toolchains/XcodeDefault.xctoolchain/usr/bin/clang -x c -ivfsstatcache /Users/shizihan/DailyUse/Github/InkMarkdown/.scratch/architecture-deepening-2026-09-07/evidence/20260907-1415-ticket-27/consumer/DerivedData-InkMarkdownCoreConsumer/SDKStatCaches.noindex/iphonesimulator26.5-23F81a-6cfe768891a92b912361537c460fe42b.sdkstatcache -target arm64-apple-ios12.0-simulator -fmessage-length\=0 -fdiagnostics-show-note-include-stack -fmacro-backtrace-limit\=0 -fno-color-diagnostics -fmodules-prune-interval\=86400 -fmodules-prune-after\=345600 -fbuild-session-file\=/Users/shizihan/DailyUse/Github/InkMarkdown/.scratch/architecture-deepening-2026-09-07/evidence/20260907-1415-ticket-27/consumer/DerivedData-InkMarkdownCoreConsumer/ModuleCache.noindex/Session.modulevalidation -fmodules-validate-once-per-build-session -Wnon-modular-include-in-framework-module -Werror\=non-modular-include-in-framework-module -Wno-trigraphs -Wno-missing-field-initializers -Wno-missing-prototypes -Wno-return-type -Wno-missing-braces -Wparentheses -Wswitch -Wno-unused-function -Wno-unused-label -Wno-unused-parameter -Wno-unused-variable -Wunused-value -Wno-empty-body -Wno-uninitialized -Wno-unknown-pragmas -w -Wno-shadow -Wno-four-char-constants -Wno-conversion -Wno-constant-conversion -Wno-int-conversion -Wno-bool-conversion -Wno-enum-conversion -Wno-float-conversion -Wno-non-literal-null-conversion -Wno-objc-literal-conversion -Wshorten-64-to-32 -Wpointer-sign -Wno-newline-eof -Wno-implicit-fallthrough -isysroot /Applications/Xcode.app/Contents/Developer/Platforms/iPhoneSimulator.platform/Developer/SDKs/iPhoneSimulator26.5.sdk -fstrict-aliasing -Wdeprecated-declarations -Wno-sign-conversion -Wno-infinite-recursion -Wno-comma -Wno-block-capture-autoreleasing -Wno-strict-prototypes -Wno-semicolon-before-method-body -index-store-path /Users/shizihan/DailyUse/Github/InkMarkdown/.scratch/architecture-deepening-2026-09-07/evidence/20260907-1415-ticket-27/consumer/DerivedData-InkMarkdownCoreConsumer/Index.noindex/DataStore @/Users/shizihan/DailyUse/Github/InkMarkdown/.scratch/architecture-deepening-2026-09-07/evidence/20260907-1415-ticket-27/consumer/DerivedData-InkMarkdownCoreConsumer/Build/Intermediates.noindex/cmark-gfm.build/Debug-iphonesimulator/cmark-gfm.build/Objects-normal/arm64/7187679823f38a2a940e0043cdf9d637-common-args.resp -MMD -MT dependencies -MF /Users/shizihan/DailyUse/Github/InkMarkdown/.scratch/architecture-deepening-2026-09-07/evidence/20260907-1415-ticket-27/consumer/DerivedData-InkMarkdownCoreConsumer/Build/Intermediates.noindex/cmark-gfm.build/Debug-iphonesimulator/cmark-gfm.build/Objects-normal/arm64/html.d --serialize-diagnostics /Users/shizihan/DailyUse/Github/InkMarkdown/.scratch/architecture-deepening-2026-09-07/evidence/20260907-1415-ticket-27/consumer/DerivedData-InkMarkdownCoreConsumer/Build/Intermediates.noindex/cmark-gfm.build/Debug-iphonesimulator/cmark-gfm.build/Objects-normal/arm64/html.dia -c /Users/shizihan/DailyUse/Github/InkMarkdown/Packages/Caches/swift-cmark/src/html.c -o /Users/shizihan/DailyUse/Github/InkMarkdown/.scratch/architecture-deepening-2026-09-07/evidence/20260907-1415-ticket-27/consumer/DerivedData-InkMarkdownCoreConsumer/Build/Intermediates.noindex/cmark-gfm.build/Debug-iphonesimulator/cmark-gfm.build/Objects-normal/arm64/html.o -index-unit-output-path /cmark-gfm.build/Debug-iphonesimulator/cmark-gfm.build/Objects-normal/arm64/html.o

ScanDependencies /Users/shizihan/DailyUse/Github/InkMarkdown/.scratch/architecture-deepening-2026-09-07/evidence/20260907-1415-ticket-27/consumer/DerivedData-InkMarkdownCoreConsumer/Build/Intermediates.noindex/cmark-gfm.build/Debug-iphonesimulator/cmark-gfm.build/Objects-normal/arm64/houdini_html_u.o /Users/shizihan/DailyUse/Github/InkMarkdown/Packages/Caches/swift-cmark/src/houdini_html_u.c normal arm64 c com.apple.compilers.llvm.clang.1_0.compiler (in target 'cmark-gfm' from project 'cmark-gfm')
    cd /Users/shizihan/DailyUse/Github/InkMarkdown/.github/fixtures/consumer-smoke/.swiftpm/xcode
    
    Using response file: /Users/shizihan/DailyUse/Github/InkMarkdown/.scratch/architecture-deepening-2026-09-07/evidence/20260907-1415-ticket-27/consumer/DerivedData-InkMarkdownCoreConsumer/Build/Intermediates.noindex/cmark-gfm.build/Debug-iphonesimulator/cmark-gfm.build/Objects-normal/arm64/7187679823f38a2a940e0043cdf9d637-common-args.resp
    
    builtin-ScanDependencies -o /Users/shizihan/DailyUse/Github/InkMarkdown/.scratch/architecture-deepening-2026-09-07/evidence/20260907-1415-ticket-27/consumer/DerivedData-InkMarkdownCoreConsumer/Build/Intermediates.noindex/cmark-gfm.build/Debug-iphonesimulator/cmark-gfm.build/Objects-normal/arm64/houdini_html_u.o.scan -- /Applications/Xcode.app/Contents/Developer/Toolchains/XcodeDefault.xctoolchain/usr/bin/clang -x c -ivfsstatcache /Users/shizihan/DailyUse/Github/InkMarkdown/.scratch/architecture-deepening-2026-09-07/evidence/20260907-1415-ticket-27/consumer/DerivedData-InkMarkdownCoreConsumer/SDKStatCaches.noindex/iphonesimulator26.5-23F81a-6cfe768891a92b912361537c460fe42b.sdkstatcache -target arm64-apple-ios12.0-simulator -fmessage-length\=0 -fdiagnostics-show-note-include-stack -fmacro-backtrace-limit\=0 -fno-color-diagnostics -fmodules-prune-interval\=86400 -fmodules-prune-after\=345600 -fbuild-session-file\=/Users/shizihan/DailyUse/Github/InkMarkdown/.scratch/architecture-deepening-2026-09-07/evidence/20260907-1415-ticket-27/consumer/DerivedData-InkMarkdownCoreConsumer/ModuleCache.noindex/Session.modulevalidation -fmodules-validate-once-per-build-session -Wnon-modular-include-in-framework-module -Werror\=non-modular-include-in-framework-module -Wno-trigraphs -Wno-missing-field-initializers -Wno-missing-prototypes -Wno-return-type -Wno-missing-braces -Wparentheses -Wswitch -Wno-unused-function -Wno-unused-label -Wno-unused-parameter -Wno-unused-variable -Wunused-value -Wno-empty-body -Wno-uninitialized -Wno-unknown-pragmas -w -Wno-shadow -Wno-four-char-constants -Wno-conversion -Wno-constant-conversion -Wno-int-conversion -Wno-bool-conversion -Wno-enum-conversion -Wno-float-conversion -Wno-non-literal-null-conversion -Wno-objc-literal-conversion -Wshorten-64-to-32 -Wpointer-sign -Wno-newline-eof -Wno-implicit-fallthrough -isysroot /Applications/Xcode.app/Contents/Developer/Platforms/iPhoneSimulator.platform/Developer/SDKs/iPhoneSimulator26.5.sdk -fstrict-aliasing -Wdeprecated-declarations -Wno-sign-conversion -Wno-infinite-recursion -Wno-comma -Wno-block-capture-autoreleasing -Wno-strict-prototypes -Wno-semicolon-before-method-body -index-store-path /Users/shizihan/DailyUse/Github/InkMarkdown/.scratch/architecture-deepening-2026-09-07/evidence/20260907-1415-ticket-27/consumer/DerivedData-InkMarkdownCoreConsumer/Index.noindex/DataStore @/Users/shizihan/DailyUse/Github/InkMarkdown/.scratch/architecture-deepening-2026-09-07/evidence/20260907-1415-ticket-27/consumer/DerivedData-InkMarkdownCoreConsumer/Build/Intermediates.noindex/cmark-gfm.build/Debug-iphonesimulator/cmark-gfm.build/Objects-normal/arm64/7187679823f38a2a940e0043cdf9d637-common-args.resp -MMD -MT dependencies -MF /Users/shizihan/DailyUse/Github/InkMarkdown/.scratch/architecture-deepening-2026-09-07/evidence/20260907-1415-ticket-27/consumer/DerivedData-InkMarkdownCoreConsumer/Build/Intermediates.noindex/cmark-gfm.build/Debug-iphonesimulator/cmark-gfm.build/Objects-normal/arm64/houdini_html_u.d --serialize-diagnostics /Users/shizihan/DailyUse/Github/InkMarkdown/.scratch/architecture-deepening-2026-09-07/evidence/20260907-1415-ticket-27/consumer/DerivedData-InkMarkdownCoreConsumer/Build/Intermediates.noindex/cmark-gfm.build/Debug-iphonesimulator/cmark-gfm.build/Objects-normal/arm64/houdini_html_u.dia -c /Users/shizihan/DailyUse/Github/InkMarkdown/Packages/Caches/swift-cmark/src/houdini_html_u.c -o /Users/shizihan/DailyUse/Github/InkMarkdown/.scratch/architecture-deepening-2026-09-07/evidence/20260907-1415-ticket-27/consumer/DerivedData-InkMarkdownCoreConsumer/Build/Intermediates.noindex/cmark-gfm.build/Debug-iphonesimulator/cmark-gfm.build/Objects-normal/arm64/houdini_html_u.o -index-unit-output-path /cmark-gfm.build/Debug-iphonesimulator/cmark-gfm.build/Objects-normal/arm64/houdini_html_u.o

ScanDependencies /Users/shizihan/DailyUse/Github/InkMarkdown/.scratch/architecture-deepening-2026-09-07/evidence/20260907-1415-ticket-27/consumer/DerivedData-InkMarkdownCoreConsumer/Build/Intermediates.noindex/cmark-gfm.build/Debug-iphonesimulator/cmark-gfm.build/Objects-normal/arm64/houdini_html_e.o /Users/shizihan/DailyUse/Github/InkMarkdown/Packages/Caches/swift-cmark/src/houdini_html_e.c normal arm64 c com.apple.compilers.llvm.clang.1_0.compiler (in target 'cmark-gfm' from project 'cmark-gfm')
    cd /Users/shizihan/DailyUse/Github/InkMarkdown/.github/fixtures/consumer-smoke/.swiftpm/xcode
    
    Using response file: /Users/shizihan/DailyUse/Github/InkMarkdown/.scratch/architecture-deepening-2026-09-07/evidence/20260907-1415-ticket-27/consumer/DerivedData-InkMarkdownCoreConsumer/Build/Intermediates.noindex/cmark-gfm.build/Debug-iphonesimulator/cmark-gfm.build/Objects-normal/arm64/7187679823f38a2a940e0043cdf9d637-common-args.resp
    
    builtin-ScanDependencies -o /Users/shizihan/DailyUse/Github/InkMarkdown/.scratch/architecture-deepening-2026-09-07/evidence/20260907-1415-ticket-27/consumer/DerivedData-InkMarkdownCoreConsumer/Build/Intermediates.noindex/cmark-gfm.build/Debug-iphonesimulator/cmark-gfm.build/Objects-normal/arm64/houdini_html_e.o.scan -- /Applications/Xcode.app/Contents/Developer/Toolchains/XcodeDefault.xctoolchain/usr/bin/clang -x c -ivfsstatcache /Users/shizihan/DailyUse/Github/InkMarkdown/.scratch/architecture-deepening-2026-09-07/evidence/20260907-1415-ticket-27/consumer/DerivedData-InkMarkdownCoreConsumer/SDKStatCaches.noindex/iphonesimulator26.5-23F81a-6cfe768891a92b912361537c460fe42b.sdkstatcache -target arm64-apple-ios12.0-simulator -fmessage-length\=0 -fdiagnostics-show-note-include-stack -fmacro-backtrace-limit\=0 -fno-color-diagnostics -fmodules-prune-interval\=86400 -fmodules-prune-after\=345600 -fbuild-session-file\=/Users/shizihan/DailyUse/Github/InkMarkdown/.scratch/architecture-deepening-2026-09-07/evidence/20260907-1415-ticket-27/consumer/DerivedData-InkMarkdownCoreConsumer/ModuleCache.noindex/Session.modulevalidation -fmodules-validate-once-per-build-session -Wnon-modular-include-in-framework-module -Werror\=non-modular-include-in-framework-module -Wno-trigraphs -Wno-missing-field-initializers -Wno-missing-prototypes -Wno-return-type -Wno-missing-braces -Wparentheses -Wswitch -Wno-unused-function -Wno-unused-label -Wno-unused-parameter -Wno-unused-variable -Wunused-value -Wno-empty-body -Wno-uninitialized -Wno-unknown-pragmas -w -Wno-shadow -Wno-four-char-constants -Wno-conversion -Wno-constant-conversion -Wno-int-conversion -Wno-bool-conversion -Wno-enum-conversion -Wno-float-conversion -Wno-non-literal-null-conversion -Wno-objc-literal-conversion -Wshorten-64-to-32 -Wpointer-sign -Wno-newline-eof -Wno-implicit-fallthrough -isysroot /Applications/Xcode.app/Contents/Developer/Platforms/iPhoneSimulator.platform/Developer/SDKs/iPhoneSimulator26.5.sdk -fstrict-aliasing -Wdeprecated-declarations -Wno-sign-conversion -Wno-infinite-recursion -Wno-comma -Wno-block-capture-autoreleasing -Wno-strict-prototypes -Wno-semicolon-before-method-body -index-store-path /Users/shizihan/DailyUse/Github/InkMarkdown/.scratch/architecture-deepening-2026-09-07/evidence/20260907-1415-ticket-27/consumer/DerivedData-InkMarkdownCoreConsumer/Index.noindex/DataStore @/Users/shizihan/DailyUse/Github/InkMarkdown/.scratch/architecture-deepening-2026-09-07/evidence/20260907-1415-ticket-27/consumer/DerivedData-InkMarkdownCoreConsumer/Build/Intermediates.noindex/cmark-gfm.build/Debug-iphonesimulator/cmark-gfm.build/Objects-normal/arm64/7187679823f38a2a940e0043cdf9d637-common-args.resp -MMD -MT dependencies -MF /Users/shizihan/DailyUse/Github/InkMarkdown/.scratch/architecture-deepening-2026-09-07/evidence/20260907-1415-ticket-27/consumer/DerivedData-InkMarkdownCoreConsumer/Build/Intermediates.noindex/cmark-gfm.build/Debug-iphonesimulator/cmark-gfm.build/Objects-normal/arm64/houdini_html_e.d --serialize-diagnostics /Users/shizihan/DailyUse/Github/InkMarkdown/.scratch/architecture-deepening-2026-09-07/evidence/20260907-1415-ticket-27/consumer/DerivedData-InkMarkdownCoreConsumer/Build/Intermediates.noindex/cmark-gfm.build/Debug-iphonesimulator/cmark-gfm.build/Objects-normal/arm64/houdini_html_e.dia -c /Users/shizihan/DailyUse/Github/InkMarkdown/Packages/Caches/swift-cmark/src/houdini_html_e.c -o /Users/shizihan/DailyUse/Github/InkMarkdown/.scratch/architecture-deepening-2026-09-07/evidence/20260907-1415-ticket-27/consumer/DerivedData-InkMarkdownCoreConsumer/Build/Intermediates.noindex/cmark-gfm.build/Debug-iphonesimulator/cmark-gfm.build/Objects-normal/arm64/houdini_html_e.o -index-unit-output-path /cmark-gfm.build/Debug-iphonesimulator/cmark-gfm.build/Objects-normal/arm64/houdini_html_e.o

ScanDependencies /Users/shizihan/DailyUse/Github/InkMarkdown/.scratch/architecture-deepening-2026-09-07/evidence/20260907-1415-ticket-27/consumer/DerivedData-InkMarkdownCoreConsumer/Build/Intermediates.noindex/cmark-gfm.build/Debug-iphonesimulator/cmark-gfm.build/Objects-normal/arm64/houdini_href_e.o /Users/shizihan/DailyUse/Github/InkMarkdown/Packages/Caches/swift-cmark/src/houdini_href_e.c normal arm64 c com.apple.compilers.llvm.clang.1_0.compiler (in target 'cmark-gfm' from project 'cmark-gfm')
    cd /Users/shizihan/DailyUse/Github/InkMarkdown/.github/fixtures/consumer-smoke/.swiftpm/xcode
    
    Using response file: /Users/shizihan/DailyUse/Github/InkMarkdown/.scratch/architecture-deepening-2026-09-07/evidence/20260907-1415-ticket-27/consumer/DerivedData-InkMarkdownCoreConsumer/Build/Intermediates.noindex/cmark-gfm.build/Debug-iphonesimulator/cmark-gfm.build/Objects-normal/arm64/7187679823f38a2a940e0043cdf9d637-common-args.resp
    
    builtin-ScanDependencies -o /Users/shizihan/DailyUse/Github/InkMarkdown/.scratch/architecture-deepening-2026-09-07/evidence/20260907-1415-ticket-27/consumer/DerivedData-InkMarkdownCoreConsumer/Build/Intermediates.noindex/cmark-gfm.build/Debug-iphonesimulator/cmark-gfm.build/Objects-normal/arm64/houdini_href_e.o.scan -- /Applications/Xcode.app/Contents/Developer/Toolchains/XcodeDefault.xctoolchain/usr/bin/clang -x c -ivfsstatcache /Users/shizihan/DailyUse/Github/InkMarkdown/.scratch/architecture-deepening-2026-09-07/evidence/20260907-1415-ticket-27/consumer/DerivedData-InkMarkdownCoreConsumer/SDKStatCaches.noindex/iphonesimulator26.5-23F81a-6cfe768891a92b912361537c460fe42b.sdkstatcache -target arm64-apple-ios12.0-simulator -fmessage-length\=0 -fdiagnostics-show-note-include-stack -fmacro-backtrace-limit\=0 -fno-color-diagnostics -fmodules-prune-interval\=86400 -fmodules-prune-after\=345600 -fbuild-session-file\=/Users/shizihan/DailyUse/Github/InkMarkdown/.scratch/architecture-deepening-2026-09-07/evidence/20260907-1415-ticket-27/consumer/DerivedData-InkMarkdownCoreConsumer/ModuleCache.noindex/Session.modulevalidation -fmodules-validate-once-per-build-session -Wnon-modular-include-in-framework-module -Werror\=non-modular-include-in-framework-module -Wno-trigraphs -Wno-missing-field-initializers -Wno-missing-prototypes -Wno-return-type -Wno-missing-braces -Wparentheses -Wswitch -Wno-unused-function -Wno-unused-label -Wno-unused-parameter -Wno-unused-variable -Wunused-value -Wno-empty-body -Wno-uninitialized -Wno-unknown-pragmas -w -Wno-shadow -Wno-four-char-constants -Wno-conversion -Wno-constant-conversion -Wno-int-conversion -Wno-bool-conversion -Wno-enum-conversion -Wno-float-conversion -Wno-non-literal-null-conversion -Wno-objc-literal-conversion -Wshorten-64-to-32 -Wpointer-sign -Wno-newline-eof -Wno-implicit-fallthrough -isysroot /Applications/Xcode.app/Contents/Developer/Platforms/iPhoneSimulator.platform/Developer/SDKs/iPhoneSimulator26.5.sdk -fstrict-aliasing -Wdeprecated-declarations -Wno-sign-conversion -Wno-infinite-recursion -Wno-comma -Wno-block-capture-autoreleasing -Wno-strict-prototypes -Wno-semicolon-before-method-body -index-store-path /Users/shizihan/DailyUse/Github/InkMarkdown/.scratch/architecture-deepening-2026-09-07/evidence/20260907-1415-ticket-27/consumer/DerivedData-InkMarkdownCoreConsumer/Index.noindex/DataStore @/Users/shizihan/DailyUse/Github/InkMarkdown/.scratch/architecture-deepening-2026-09-07/evidence/20260907-1415-ticket-27/consumer/DerivedData-InkMarkdownCoreConsumer/Build/Intermediates.noindex/cmark-gfm.build/Debug-iphonesimulator/cmark-gfm.build/Objects-normal/arm64/7187679823f38a2a940e0043cdf9d637-common-args.resp -MMD -MT dependencies -MF /Users/shizihan/DailyUse/Github/InkMarkdown/.scratch/architecture-deepening-2026-09-07/evidence/20260907-1415-ticket-27/consumer/DerivedData-InkMarkdownCoreConsumer/Build/Intermediates.noindex/cmark-gfm.build/Debug-iphonesimulator/cmark-gfm.build/Objects-normal/arm64/houdini_href_e.d --serialize-diagnostics /Users/shizihan/DailyUse/Github/InkMarkdown/.scratch/architecture-deepening-2026-09-07/evidence/20260907-1415-ticket-27/consumer/DerivedData-InkMarkdownCoreConsumer/Build/Intermediates.noindex/cmark-gfm.build/Debug-iphonesimulator/cmark-gfm.build/Objects-normal/arm64/houdini_href_e.dia -c /Users/shizihan/DailyUse/Github/InkMarkdown/Packages/Caches/swift-cmark/src/houdini_href_e.c -o /Users/shizihan/DailyUse/Github/InkMarkdown/.scratch/architecture-deepening-2026-09-07/evidence/20260907-1415-ticket-27/consumer/DerivedData-InkMarkdownCoreConsumer/Build/Intermediates.noindex/cmark-gfm.build/Debug-iphonesimulator/cmark-gfm.build/Objects-normal/arm64/houdini_href_e.o -index-unit-output-path /cmark-gfm.build/Debug-iphonesimulator/cmark-gfm.build/Objects-normal/arm64/houdini_href_e.o

ScanDependencies /Users/shizihan/DailyUse/Github/InkMarkdown/.scratch/architecture-deepening-2026-09-07/evidence/20260907-1415-ticket-27/consumer/DerivedData-InkMarkdownCoreConsumer/Build/Intermediates.noindex/cmark-gfm.build/Debug-iphonesimulator/cmark-gfm.build/Objects-normal/arm64/footnotes.o /Users/shizihan/DailyUse/Github/InkMarkdown/Packages/Caches/swift-cmark/src/footnotes.c normal arm64 c com.apple.compilers.llvm.clang.1_0.compiler (in target 'cmark-gfm' from project 'cmark-gfm')
    cd /Users/shizihan/DailyUse/Github/InkMarkdown/.github/fixtures/consumer-smoke/.swiftpm/xcode
    
    Using response file: /Users/shizihan/DailyUse/Github/InkMarkdown/.scratch/architecture-deepening-2026-09-07/evidence/20260907-1415-ticket-27/consumer/DerivedData-InkMarkdownCoreConsumer/Build/Intermediates.noindex/cmark-gfm.build/Debug-iphonesimulator/cmark-gfm.build/Objects-normal/arm64/7187679823f38a2a940e0043cdf9d637-common-args.resp
    
    builtin-ScanDependencies -o /Users/shizihan/DailyUse/Github/InkMarkdown/.scratch/architecture-deepening-2026-09-07/evidence/20260907-1415-ticket-27/consumer/DerivedData-InkMarkdownCoreConsumer/Build/Intermediates.noindex/cmark-gfm.build/Debug-iphonesimulator/cmark-gfm.build/Objects-normal/arm64/footnotes.o.scan -- /Applications/Xcode.app/Contents/Developer/Toolchains/XcodeDefault.xctoolchain/usr/bin/clang -x c -ivfsstatcache /Users/shizihan/DailyUse/Github/InkMarkdown/.scratch/architecture-deepening-2026-09-07/evidence/20260907-1415-ticket-27/consumer/DerivedData-InkMarkdownCoreConsumer/SDKStatCaches.noindex/iphonesimulator26.5-23F81a-6cfe768891a92b912361537c460fe42b.sdkstatcache -target arm64-apple-ios12.0-simulator -fmessage-length\=0 -fdiagnostics-show-note-include-stack -fmacro-backtrace-limit\=0 -fno-color-diagnostics -fmodules-prune-interval\=86400 -fmodules-prune-after\=345600 -fbuild-session-file\=/Users/shizihan/DailyUse/Github/InkMarkdown/.scratch/architecture-deepening-2026-09-07/evidence/20260907-1415-ticket-27/consumer/DerivedData-InkMarkdownCoreConsumer/ModuleCache.noindex/Session.modulevalidation -fmodules-validate-once-per-build-session -Wnon-modular-include-in-framework-module -Werror\=non-modular-include-in-framework-module -Wno-trigraphs -Wno-missing-field-initializers -Wno-missing-prototypes -Wno-return-type -Wno-missing-braces -Wparentheses -Wswitch -Wno-unused-function -Wno-unused-label -Wno-unused-parameter -Wno-unused-variable -Wunused-value -Wno-empty-body -Wno-uninitialized -Wno-unknown-pragmas -w -Wno-shadow -Wno-four-char-constants -Wno-conversion -Wno-constant-conversion -Wno-int-conversion -Wno-bool-conversion -Wno-enum-conversion -Wno-float-conversion -Wno-non-literal-null-conversion -Wno-objc-literal-conversion -Wshorten-64-to-32 -Wpointer-sign -Wno-newline-eof -Wno-implicit-fallthrough -isysroot /Applications/Xcode.app/Contents/Developer/Platforms/iPhoneSimulator.platform/Developer/SDKs/iPhoneSimulator26.5.sdk -fstrict-aliasing -Wdeprecated-declarations -Wno-sign-conversion -Wno-infinite-recursion -Wno-comma -Wno-block-capture-autoreleasing -Wno-strict-prototypes -Wno-semicolon-before-method-body -index-store-path /Users/shizihan/DailyUse/Github/InkMarkdown/.scratch/architecture-deepening-2026-09-07/evidence/20260907-1415-ticket-27/consumer/DerivedData-InkMarkdownCoreConsumer/Index.noindex/DataStore @/Users/shizihan/DailyUse/Github/InkMarkdown/.scratch/architecture-deepening-2026-09-07/evidence/20260907-1415-ticket-27/consumer/DerivedData-InkMarkdownCoreConsumer/Build/Intermediates.noindex/cmark-gfm.build/Debug-iphonesimulator/cmark-gfm.build/Objects-normal/arm64/7187679823f38a2a940e0043cdf9d637-common-args.resp -MMD -MT dependencies -MF /Users/shizihan/DailyUse/Github/InkMarkdown/.scratch/architecture-deepening-2026-09-07/evidence/20260907-1415-ticket-27/consumer/DerivedData-InkMarkdownCoreConsumer/Build/Intermediates.noindex/cmark-gfm.build/Debug-iphonesimulator/cmark-gfm.build/Objects-normal/arm64/footnotes.d --serialize-diagnostics /Users/shizihan/DailyUse/Github/InkMarkdown/.scratch/architecture-deepening-2026-09-07/evidence/20260907-1415-ticket-27/consumer/DerivedData-InkMarkdownCoreConsumer/Build/Intermediates.noindex/cmark-gfm.build/Debug-iphonesimulator/cmark-gfm.build/Objects-normal/arm64/footnotes.dia -c /Users/shizihan/DailyUse/Github/InkMarkdown/Packages/Caches/swift-cmark/src/footnotes.c -o /Users/shizihan/DailyUse/Github/InkMarkdown/.scratch/architecture-deepening-2026-09-07/evidence/20260907-1415-ticket-27/consumer/DerivedData-InkMarkdownCoreConsumer/Build/Intermediates.noindex/cmark-gfm.build/Debug-iphonesimulator/cmark-gfm.build/Objects-normal/arm64/footnotes.o -index-unit-output-path /cmark-gfm.build/Debug-iphonesimulator/cmark-gfm.build/Objects-normal/arm64/footnotes.o

ScanDependencies /Users/shizihan/DailyUse/Github/InkMarkdown/.scratch/architecture-deepening-2026-09-07/evidence/20260907-1415-ticket-27/consumer/DerivedData-InkMarkdownCoreConsumer/Build/Intermediates.noindex/cmark-gfm.build/Debug-iphonesimulator/cmark-gfm.build/Objects-normal/arm64/commonmark.o /Users/shizihan/DailyUse/Github/InkMarkdown/Packages/Caches/swift-cmark/src/commonmark.c normal arm64 c com.apple.compilers.llvm.clang.1_0.compiler (in target 'cmark-gfm' from project 'cmark-gfm')
    cd /Users/shizihan/DailyUse/Github/InkMarkdown/.github/fixtures/consumer-smoke/.swiftpm/xcode
    
    Using response file: /Users/shizihan/DailyUse/Github/InkMarkdown/.scratch/architecture-deepening-2026-09-07/evidence/20260907-1415-ticket-27/consumer/DerivedData-InkMarkdownCoreConsumer/Build/Intermediates.noindex/cmark-gfm.build/Debug-iphonesimulator/cmark-gfm.build/Objects-normal/arm64/7187679823f38a2a940e0043cdf9d637-common-args.resp
    
    builtin-ScanDependencies -o /Users/shizihan/DailyUse/Github/InkMarkdown/.scratch/architecture-deepening-2026-09-07/evidence/20260907-1415-ticket-27/consumer/DerivedData-InkMarkdownCoreConsumer/Build/Intermediates.noindex/cmark-gfm.build/Debug-iphonesimulator/cmark-gfm.build/Objects-normal/arm64/commonmark.o.scan -- /Applications/Xcode.app/Contents/Developer/Toolchains/XcodeDefault.xctoolchain/usr/bin/clang -x c -ivfsstatcache /Users/shizihan/DailyUse/Github/InkMarkdown/.scratch/architecture-deepening-2026-09-07/evidence/20260907-1415-ticket-27/consumer/DerivedData-InkMarkdownCoreConsumer/SDKStatCaches.noindex/iphonesimulator26.5-23F81a-6cfe768891a92b912361537c460fe42b.sdkstatcache -target arm64-apple-ios12.0-simulator -fmessage-length\=0 -fdiagnostics-show-note-include-stack -fmacro-backtrace-limit\=0 -fno-color-diagnostics -fmodules-prune-interval\=86400 -fmodules-prune-after\=345600 -fbuild-session-file\=/Users/shizihan/DailyUse/Github/InkMarkdown/.scratch/architecture-deepening-2026-09-07/evidence/20260907-1415-ticket-27/consumer/DerivedData-InkMarkdownCoreConsumer/ModuleCache.noindex/Session.modulevalidation -fmodules-validate-once-per-build-session -Wnon-modular-include-in-framework-module -Werror\=non-modular-include-in-framework-module -Wno-trigraphs -Wno-missing-field-initializers -Wno-missing-prototypes -Wno-return-type -Wno-missing-braces -Wparentheses -Wswitch -Wno-unused-function -Wno-unused-label -Wno-unused-parameter -Wno-unused-variable -Wunused-value -Wno-empty-body -Wno-uninitialized -Wno-unknown-pragmas -w -Wno-shadow -Wno-four-char-constants -Wno-conversion -Wno-constant-conversion -Wno-int-conversion -Wno-bool-conversion -Wno-enum-conversion -Wno-float-conversion -Wno-non-literal-null-conversion -Wno-objc-literal-conversion -Wshorten-64-to-32 -Wpointer-sign -Wno-newline-eof -Wno-implicit-fallthrough -isysroot /Applications/Xcode.app/Contents/Developer/Platforms/iPhoneSimulator.platform/Developer/SDKs/iPhoneSimulator26.5.sdk -fstrict-aliasing -Wdeprecated-declarations -Wno-sign-conversion -Wno-infinite-recursion -Wno-comma -Wno-block-capture-autoreleasing -Wno-strict-prototypes -Wno-semicolon-before-method-body -index-store-path /Users/shizihan/DailyUse/Github/InkMarkdown/.scratch/architecture-deepening-2026-09-07/evidence/20260907-1415-ticket-27/consumer/DerivedData-InkMarkdownCoreConsumer/Index.noindex/DataStore @/Users/shizihan/DailyUse/Github/InkMarkdown/.scratch/architecture-deepening-2026-09-07/evidence/20260907-1415-ticket-27/consumer/DerivedData-InkMarkdownCoreConsumer/Build/Intermediates.noindex/cmark-gfm.build/Debug-iphonesimulator/cmark-gfm.build/Objects-normal/arm64/7187679823f38a2a940e0043cdf9d637-common-args.resp -MMD -MT dependencies -MF /Users/shizihan/DailyUse/Github/InkMarkdown/.scratch/architecture-deepening-2026-09-07/evidence/20260907-1415-ticket-27/consumer/DerivedData-InkMarkdownCoreConsumer/Build/Intermediates.noindex/cmark-gfm.build/Debug-iphonesimulator/cmark-gfm.build/Objects-normal/arm64/commonmark.d --serialize-diagnostics /Users/shizihan/DailyUse/Github/InkMarkdown/.scratch/architecture-deepening-2026-09-07/evidence/20260907-1415-ticket-27/consumer/DerivedData-InkMarkdownCoreConsumer/Build/Intermediates.noindex/cmark-gfm.build/Debug-iphonesimulator/cmark-gfm.build/Objects-normal/arm64/commonmark.dia -c /Users/shizihan/DailyUse/Github/InkMarkdown/Packages/Caches/swift-cmark/src/commonmark.c -o /Users/shizihan/DailyUse/Github/InkMarkdown/.scratch/architecture-deepening-2026-09-07/evidence/20260907-1415-ticket-27/consumer/DerivedData-InkMarkdownCoreConsumer/Build/Intermediates.noindex/cmark-gfm.build/Debug-iphonesimulator/cmark-gfm.build/Objects-normal/arm64/commonmark.o -index-unit-output-path /cmark-gfm.build/Debug-iphonesimulator/cmark-gfm.build/Objects-normal/arm64/commonmark.o

ScanDependencies /Users/shizihan/DailyUse/Github/InkMarkdown/.scratch/architecture-deepening-2026-09-07/evidence/20260907-1415-ticket-27/consumer/DerivedData-InkMarkdownCoreConsumer/Build/Intermediates.noindex/cmark-gfm.build/Debug-iphonesimulator/cmark-gfm.build/Objects-normal/arm64/cmark_ctype.o /Users/shizihan/DailyUse/Github/InkMarkdown/Packages/Caches/swift-cmark/src/cmark_ctype.c normal arm64 c com.apple.compilers.llvm.clang.1_0.compiler (in target 'cmark-gfm' from project 'cmark-gfm')
    cd /Users/shizihan/DailyUse/Github/InkMarkdown/.github/fixtures/consumer-smoke/.swiftpm/xcode
    
    Using response file: /Users/shizihan/DailyUse/Github/InkMarkdown/.scratch/architecture-deepening-2026-09-07/evidence/20260907-1415-ticket-27/consumer/DerivedData-InkMarkdownCoreConsumer/Build/Intermediates.noindex/cmark-gfm.build/Debug-iphonesimulator/cmark-gfm.build/Objects-normal/arm64/7187679823f38a2a940e0043cdf9d637-common-args.resp
    
    builtin-ScanDependencies -o /Users/shizihan/DailyUse/Github/InkMarkdown/.scratch/architecture-deepening-2026-09-07/evidence/20260907-1415-ticket-27/consumer/DerivedData-InkMarkdownCoreConsumer/Build/Intermediates.noindex/cmark-gfm.build/Debug-iphonesimulator/cmark-gfm.build/Objects-normal/arm64/cmark_ctype.o.scan -- /Applications/Xcode.app/Contents/Developer/Toolchains/XcodeDefault.xctoolchain/usr/bin/clang -x c -ivfsstatcache /Users/shizihan/DailyUse/Github/InkMarkdown/.scratch/architecture-deepening-2026-09-07/evidence/20260907-1415-ticket-27/consumer/DerivedData-InkMarkdownCoreConsumer/SDKStatCaches.noindex/iphonesimulator26.5-23F81a-6cfe768891a92b912361537c460fe42b.sdkstatcache -target arm64-apple-ios12.0-simulator -fmessage-length\=0 -fdiagnostics-show-note-include-stack -fmacro-backtrace-limit\=0 -fno-color-diagnostics -fmodules-prune-interval\=86400 -fmodules-prune-after\=345600 -fbuild-session-file\=/Users/shizihan/DailyUse/Github/InkMarkdown/.scratch/architecture-deepening-2026-09-07/evidence/20260907-1415-ticket-27/consumer/DerivedData-InkMarkdownCoreConsumer/ModuleCache.noindex/Session.modulevalidation -fmodules-validate-once-per-build-session -Wnon-modular-include-in-framework-module -Werror\=non-modular-include-in-framework-module -Wno-trigraphs -Wno-missing-field-initializers -Wno-missing-prototypes -Wno-return-type -Wno-missing-braces -Wparentheses -Wswitch -Wno-unused-function -Wno-unused-label -Wno-unused-parameter -Wno-unused-variable -Wunused-value -Wno-empty-body -Wno-uninitialized -Wno-unknown-pragmas -w -Wno-shadow -Wno-four-char-constants -Wno-conversion -Wno-constant-conversion -Wno-int-conversion -Wno-bool-conversion -Wno-enum-conversion -Wno-float-conversion -Wno-non-literal-null-conversion -Wno-objc-literal-conversion -Wshorten-64-to-32 -Wpointer-sign -Wno-newline-eof -Wno-implicit-fallthrough -isysroot /Applications/Xcode.app/Contents/Developer/Platforms/iPhoneSimulator.platform/Developer/SDKs/iPhoneSimulator26.5.sdk -fstrict-aliasing -Wdeprecated-declarations -Wno-sign-conversion -Wno-infinite-recursion -Wno-comma -Wno-block-capture-autoreleasing -Wno-strict-prototypes -Wno-semicolon-before-method-body -index-store-path /Users/shizihan/DailyUse/Github/InkMarkdown/.scratch/architecture-deepening-2026-09-07/evidence/20260907-1415-ticket-27/consumer/DerivedData-InkMarkdownCoreConsumer/Index.noindex/DataStore @/Users/shizihan/DailyUse/Github/InkMarkdown/.scratch/architecture-deepening-2026-09-07/evidence/20260907-1415-ticket-27/consumer/DerivedData-InkMarkdownCoreConsumer/Build/Intermediates.noindex/cmark-gfm.build/Debug-iphonesimulator/cmark-gfm.build/Objects-normal/arm64/7187679823f38a2a940e0043cdf9d637-common-args.resp -MMD -MT dependencies -MF /Users/shizihan/DailyUse/Github/InkMarkdown/.scratch/architecture-deepening-2026-09-07/evidence/20260907-1415-ticket-27/consumer/DerivedData-InkMarkdownCoreConsumer/Build/Intermediates.noindex/cmark-gfm.build/Debug-iphonesimulator/cmark-gfm.build/Objects-normal/arm64/cmark_ctype.d --serialize-diagnostics /Users/shizihan/DailyUse/Github/InkMarkdown/.scratch/architecture-deepening-2026-09-07/evidence/20260907-1415-ticket-27/consumer/DerivedData-InkMarkdownCoreConsumer/Build/Intermediates.noindex/cmark-gfm.build/Debug-iphonesimulator/cmark-gfm.build/Objects-normal/arm64/cmark_ctype.dia -c /Users/shizihan/DailyUse/Github/InkMarkdown/Packages/Caches/swift-cmark/src/cmark_ctype.c -o /Users/shizihan/DailyUse/Github/InkMarkdown/.scratch/architecture-deepening-2026-09-07/evidence/20260907-1415-ticket-27/consumer/DerivedData-InkMarkdownCoreConsumer/Build/Intermediates.noindex/cmark-gfm.build/Debug-iphonesimulator/cmark-gfm.build/Objects-normal/arm64/cmark_ctype.o -index-unit-output-path /cmark-gfm.build/Debug-iphonesimulator/cmark-gfm.build/Objects-normal/arm64/cmark_ctype.o

ScanDependencies /Users/shizihan/DailyUse/Github/InkMarkdown/.scratch/architecture-deepening-2026-09-07/evidence/20260907-1415-ticket-27/consumer/DerivedData-InkMarkdownCoreConsumer/Build/Intermediates.noindex/cmark-gfm.build/Debug-iphonesimulator/cmark-gfm.build/Objects-normal/arm64/cmark.o /Users/shizihan/DailyUse/Github/InkMarkdown/Packages/Caches/swift-cmark/src/cmark.c normal arm64 c com.apple.compilers.llvm.clang.1_0.compiler (in target 'cmark-gfm' from project 'cmark-gfm')
    cd /Users/shizihan/DailyUse/Github/InkMarkdown/.github/fixtures/consumer-smoke/.swiftpm/xcode
    
    Using response file: /Users/shizihan/DailyUse/Github/InkMarkdown/.scratch/architecture-deepening-2026-09-07/evidence/20260907-1415-ticket-27/consumer/DerivedData-InkMarkdownCoreConsumer/Build/Intermediates.noindex/cmark-gfm.build/Debug-iphonesimulator/cmark-gfm.build/Objects-normal/arm64/7187679823f38a2a940e0043cdf9d637-common-args.resp
    
    builtin-ScanDependencies -o /Users/shizihan/DailyUse/Github/InkMarkdown/.scratch/architecture-deepening-2026-09-07/evidence/20260907-1415-ticket-27/consumer/DerivedData-InkMarkdownCoreConsumer/Build/Intermediates.noindex/cmark-gfm.build/Debug-iphonesimulator/cmark-gfm.build/Objects-normal/arm64/cmark.o.scan -- /Applications/Xcode.app/Contents/Developer/Toolchains/XcodeDefault.xctoolchain/usr/bin/clang -x c -ivfsstatcache /Users/shizihan/DailyUse/Github/InkMarkdown/.scratch/architecture-deepening-2026-09-07/evidence/20260907-1415-ticket-27/consumer/DerivedData-InkMarkdownCoreConsumer/SDKStatCaches.noindex/iphonesimulator26.5-23F81a-6cfe768891a92b912361537c460fe42b.sdkstatcache -target arm64-apple-ios12.0-simulator -fmessage-length\=0 -fdiagnostics-show-note-include-stack -fmacro-backtrace-limit\=0 -fno-color-diagnostics -fmodules-prune-interval\=86400 -fmodules-prune-after\=345600 -fbuild-session-file\=/Users/shizihan/DailyUse/Github/InkMarkdown/.scratch/architecture-deepening-2026-09-07/evidence/20260907-1415-ticket-27/consumer/DerivedData-InkMarkdownCoreConsumer/ModuleCache.noindex/Session.modulevalidation -fmodules-validate-once-per-build-session -Wnon-modular-include-in-framework-module -Werror\=non-modular-include-in-framework-module -Wno-trigraphs -Wno-missing-field-initializers -Wno-missing-prototypes -Wno-return-type -Wno-missing-braces -Wparentheses -Wswitch -Wno-unused-function -Wno-unused-label -Wno-unused-parameter -Wno-unused-variable -Wunused-value -Wno-empty-body -Wno-uninitialized -Wno-unknown-pragmas -w -Wno-shadow -Wno-four-char-constants -Wno-conversion -Wno-constant-conversion -Wno-int-conversion -Wno-bool-conversion -Wno-enum-conversion -Wno-float-conversion -Wno-non-literal-null-conversion -Wno-objc-literal-conversion -Wshorten-64-to-32 -Wpointer-sign -Wno-newline-eof -Wno-implicit-fallthrough -isysroot /Applications/Xcode.app/Contents/Developer/Platforms/iPhoneSimulator.platform/Developer/SDKs/iPhoneSimulator26.5.sdk -fstrict-aliasing -Wdeprecated-declarations -Wno-sign-conversion -Wno-infinite-recursion -Wno-comma -Wno-block-capture-autoreleasing -Wno-strict-prototypes -Wno-semicolon-before-method-body -index-store-path /Users/shizihan/DailyUse/Github/InkMarkdown/.scratch/architecture-deepening-2026-09-07/evidence/20260907-1415-ticket-27/consumer/DerivedData-InkMarkdownCoreConsumer/Index.noindex/DataStore @/Users/shizihan/DailyUse/Github/InkMarkdown/.scratch/architecture-deepening-2026-09-07/evidence/20260907-1415-ticket-27/consumer/DerivedData-InkMarkdownCoreConsumer/Build/Intermediates.noindex/cmark-gfm.build/Debug-iphonesimulator/cmark-gfm.build/Objects-normal/arm64/7187679823f38a2a940e0043cdf9d637-common-args.resp -MMD -MT dependencies -MF /Users/shizihan/DailyUse/Github/InkMarkdown/.scratch/architecture-deepening-2026-09-07/evidence/20260907-1415-ticket-27/consumer/DerivedData-InkMarkdownCoreConsumer/Build/Intermediates.noindex/cmark-gfm.build/Debug-iphonesimulator/cmark-gfm.build/Objects-normal/arm64/cmark.d --serialize-diagnostics /Users/shizihan/DailyUse/Github/InkMarkdown/.scratch/architecture-deepening-2026-09-07/evidence/20260907-1415-ticket-27/consumer/DerivedData-InkMarkdownCoreConsumer/Build/Intermediates.noindex/cmark-gfm.build/Debug-iphonesimulator/cmark-gfm.build/Objects-normal/arm64/cmark.dia -c /Users/shizihan/DailyUse/Github/InkMarkdown/Packages/Caches/swift-cmark/src/cmark.c -o /Users/shizihan/DailyUse/Github/InkMarkdown/.scratch/architecture-deepening-2026-09-07/evidence/20260907-1415-ticket-27/consumer/DerivedData-InkMarkdownCoreConsumer/Build/Intermediates.noindex/cmark-gfm.build/Debug-iphonesimulator/cmark-gfm.build/Objects-normal/arm64/cmark.o -index-unit-output-path /cmark-gfm.build/Debug-iphonesimulator/cmark-gfm.build/Objects-normal/arm64/cmark.o

ScanDependencies /Users/shizihan/DailyUse/Github/InkMarkdown/.scratch/architecture-deepening-2026-09-07/evidence/20260907-1415-ticket-27/consumer/DerivedData-InkMarkdownCoreConsumer/Build/Intermediates.noindex/cmark-gfm.build/Debug-iphonesimulator/cmark-gfm.build/Objects-normal/arm64/buffer.o /Users/shizihan/DailyUse/Github/InkMarkdown/Packages/Caches/swift-cmark/src/buffer.c normal arm64 c com.apple.compilers.llvm.clang.1_0.compiler (in target 'cmark-gfm' from project 'cmark-gfm')
    cd /Users/shizihan/DailyUse/Github/InkMarkdown/.github/fixtures/consumer-smoke/.swiftpm/xcode
    
    Using response file: /Users/shizihan/DailyUse/Github/InkMarkdown/.scratch/architecture-deepening-2026-09-07/evidence/20260907-1415-ticket-27/consumer/DerivedData-InkMarkdownCoreConsumer/Build/Intermediates.noindex/cmark-gfm.build/Debug-iphonesimulator/cmark-gfm.build/Objects-normal/arm64/7187679823f38a2a940e0043cdf9d637-common-args.resp
    
    builtin-ScanDependencies -o /Users/shizihan/DailyUse/Github/InkMarkdown/.scratch/architecture-deepening-2026-09-07/evidence/20260907-1415-ticket-27/consumer/DerivedData-InkMarkdownCoreConsumer/Build/Intermediates.noindex/cmark-gfm.build/Debug-iphonesimulator/cmark-gfm.build/Objects-normal/arm64/buffer.o.scan -- /Applications/Xcode.app/Contents/Developer/Toolchains/XcodeDefault.xctoolchain/usr/bin/clang -x c -ivfsstatcache /Users/shizihan/DailyUse/Github/InkMarkdown/.scratch/architecture-deepening-2026-09-07/evidence/20260907-1415-ticket-27/consumer/DerivedData-InkMarkdownCoreConsumer/SDKStatCaches.noindex/iphonesimulator26.5-23F81a-6cfe768891a92b912361537c460fe42b.sdkstatcache -target arm64-apple-ios12.0-simulator -fmessage-length\=0 -fdiagnostics-show-note-include-stack -fmacro-backtrace-limit\=0 -fno-color-diagnostics -fmodules-prune-interval\=86400 -fmodules-prune-after\=345600 -fbuild-session-file\=/Users/shizihan/DailyUse/Github/InkMarkdown/.scratch/architecture-deepening-2026-09-07/evidence/20260907-1415-ticket-27/consumer/DerivedData-InkMarkdownCoreConsumer/ModuleCache.noindex/Session.modulevalidation -fmodules-validate-once-per-build-session -Wnon-modular-include-in-framework-module -Werror\=non-modular-include-in-framework-module -Wno-trigraphs -Wno-missing-field-initializers -Wno-missing-prototypes -Wno-return-type -Wno-missing-braces -Wparentheses -Wswitch -Wno-unused-function -Wno-unused-label -Wno-unused-parameter -Wno-unused-variable -Wunused-value -Wno-empty-body -Wno-uninitialized -Wno-unknown-pragmas -w -Wno-shadow -Wno-four-char-constants -Wno-conversion -Wno-constant-conversion -Wno-int-conversion -Wno-bool-conversion -Wno-enum-conversion -Wno-float-conversion -Wno-non-literal-null-conversion -Wno-objc-literal-conversion -Wshorten-64-to-32 -Wpointer-sign -Wno-newline-eof -Wno-implicit-fallthrough -isysroot /Applications/Xcode.app/Contents/Developer/Platforms/iPhoneSimulator.platform/Developer/SDKs/iPhoneSimulator26.5.sdk -fstrict-aliasing -Wdeprecated-declarations -Wno-sign-conversion -Wno-infinite-recursion -Wno-comma -Wno-block-capture-autoreleasing -Wno-strict-prototypes -Wno-semicolon-before-method-body -index-store-path /Users/shizihan/DailyUse/Github/InkMarkdown/.scratch/architecture-deepening-2026-09-07/evidence/20260907-1415-ticket-27/consumer/DerivedData-InkMarkdownCoreConsumer/Index.noindex/DataStore @/Users/shizihan/DailyUse/Github/InkMarkdown/.scratch/architecture-deepening-2026-09-07/evidence/20260907-1415-ticket-27/consumer/DerivedData-InkMarkdownCoreConsumer/Build/Intermediates.noindex/cmark-gfm.build/Debug-iphonesimulator/cmark-gfm.build/Objects-normal/arm64/7187679823f38a2a940e0043cdf9d637-common-args.resp -MMD -MT dependencies -MF /Users/shizihan/DailyUse/Github/InkMarkdown/.scratch/architecture-deepening-2026-09-07/evidence/20260907-1415-ticket-27/consumer/DerivedData-InkMarkdownCoreConsumer/Build/Intermediates.noindex/cmark-gfm.build/Debug-iphonesimulator/cmark-gfm.build/Objects-normal/arm64/buffer.d --serialize-diagnostics /Users/shizihan/DailyUse/Github/InkMarkdown/.scratch/architecture-deepening-2026-09-07/evidence/20260907-1415-ticket-27/consumer/DerivedData-InkMarkdownCoreConsumer/Build/Intermediates.noindex/cmark-gfm.build/Debug-iphonesimulator/cmark-gfm.build/Objects-normal/arm64/buffer.dia -c /Users/shizihan/DailyUse/Github/InkMarkdown/Packages/Caches/swift-cmark/src/buffer.c -o /Users/shizihan/DailyUse/Github/InkMarkdown/.scratch/architecture-deepening-2026-09-07/evidence/20260907-1415-ticket-27/consumer/DerivedData-InkMarkdownCoreConsumer/Build/Intermediates.noindex/cmark-gfm.build/Debug-iphonesimulator/cmark-gfm.build/Objects-normal/arm64/buffer.o -index-unit-output-path /cmark-gfm.build/Debug-iphonesimulator/cmark-gfm.build/Objects-normal/arm64/buffer.o

ScanDependencies /Users/shizihan/DailyUse/Github/InkMarkdown/.scratch/architecture-deepening-2026-09-07/evidence/20260907-1415-ticket-27/consumer/DerivedData-InkMarkdownCoreConsumer/Build/Intermediates.noindex/cmark-gfm.build/Debug-iphonesimulator/cmark-gfm.build/Objects-normal/arm64/blocks.o /Users/shizihan/DailyUse/Github/InkMarkdown/Packages/Caches/swift-cmark/src/blocks.c normal arm64 c com.apple.compilers.llvm.clang.1_0.compiler (in target 'cmark-gfm' from project 'cmark-gfm')
    cd /Users/shizihan/DailyUse/Github/InkMarkdown/.github/fixtures/consumer-smoke/.swiftpm/xcode
    
    Using response file: /Users/shizihan/DailyUse/Github/InkMarkdown/.scratch/architecture-deepening-2026-09-07/evidence/20260907-1415-ticket-27/consumer/DerivedData-InkMarkdownCoreConsumer/Build/Intermediates.noindex/cmark-gfm.build/Debug-iphonesimulator/cmark-gfm.build/Objects-normal/arm64/7187679823f38a2a940e0043cdf9d637-common-args.resp
    
    builtin-ScanDependencies -o /Users/shizihan/DailyUse/Github/InkMarkdown/.scratch/architecture-deepening-2026-09-07/evidence/20260907-1415-ticket-27/consumer/DerivedData-InkMarkdownCoreConsumer/Build/Intermediates.noindex/cmark-gfm.build/Debug-iphonesimulator/cmark-gfm.build/Objects-normal/arm64/blocks.o.scan -- /Applications/Xcode.app/Contents/Developer/Toolchains/XcodeDefault.xctoolchain/usr/bin/clang -x c -ivfsstatcache /Users/shizihan/DailyUse/Github/InkMarkdown/.scratch/architecture-deepening-2026-09-07/evidence/20260907-1415-ticket-27/consumer/DerivedData-InkMarkdownCoreConsumer/SDKStatCaches.noindex/iphonesimulator26.5-23F81a-6cfe768891a92b912361537c460fe42b.sdkstatcache -target arm64-apple-ios12.0-simulator -fmessage-length\=0 -fdiagnostics-show-note-include-stack -fmacro-backtrace-limit\=0 -fno-color-diagnostics -fmodules-prune-interval\=86400 -fmodules-prune-after\=345600 -fbuild-session-file\=/Users/shizihan/DailyUse/Github/InkMarkdown/.scratch/architecture-deepening-2026-09-07/evidence/20260907-1415-ticket-27/consumer/DerivedData-InkMarkdownCoreConsumer/ModuleCache.noindex/Session.modulevalidation -fmodules-validate-once-per-build-session -Wnon-modular-include-in-framework-module -Werror\=non-modular-include-in-framework-module -Wno-trigraphs -Wno-missing-field-initializers -Wno-missing-prototypes -Wno-return-type -Wno-missing-braces -Wparentheses -Wswitch -Wno-unused-function -Wno-unused-label -Wno-unused-parameter -Wno-unused-variable -Wunused-value -Wno-empty-body -Wno-uninitialized -Wno-unknown-pragmas -w -Wno-shadow -Wno-four-char-constants -Wno-conversion -Wno-constant-conversion -Wno-int-conversion -Wno-bool-conversion -Wno-enum-conversion -Wno-float-conversion -Wno-non-literal-null-conversion -Wno-objc-literal-conversion -Wshorten-64-to-32 -Wpointer-sign -Wno-newline-eof -Wno-implicit-fallthrough -isysroot /Applications/Xcode.app/Contents/Developer/Platforms/iPhoneSimulator.platform/Developer/SDKs/iPhoneSimulator26.5.sdk -fstrict-aliasing -Wdeprecated-declarations -Wno-sign-conversion -Wno-infinite-recursion -Wno-comma -Wno-block-capture-autoreleasing -Wno-strict-prototypes -Wno-semicolon-before-method-body -index-store-path /Users/shizihan/DailyUse/Github/InkMarkdown/.scratch/architecture-deepening-2026-09-07/evidence/20260907-1415-ticket-27/consumer/DerivedData-InkMarkdownCoreConsumer/Index.noindex/DataStore @/Users/shizihan/DailyUse/Github/InkMarkdown/.scratch/architecture-deepening-2026-09-07/evidence/20260907-1415-ticket-27/consumer/DerivedData-InkMarkdownCoreConsumer/Build/Intermediates.noindex/cmark-gfm.build/Debug-iphonesimulator/cmark-gfm.build/Objects-normal/arm64/7187679823f38a2a940e0043cdf9d637-common-args.resp -MMD -MT dependencies -MF /Users/shizihan/DailyUse/Github/InkMarkdown/.scratch/architecture-deepening-2026-09-07/evidence/20260907-1415-ticket-27/consumer/DerivedData-InkMarkdownCoreConsumer/Build/Intermediates.noindex/cmark-gfm.build/Debug-iphonesimulator/cmark-gfm.build/Objects-normal/arm64/blocks.d --serialize-diagnostics /Users/shizihan/DailyUse/Github/InkMarkdown/.scratch/architecture-deepening-2026-09-07/evidence/20260907-1415-ticket-27/consumer/DerivedData-InkMarkdownCoreConsumer/Build/Intermediates.noindex/cmark-gfm.build/Debug-iphonesimulator/cmark-gfm.build/Objects-normal/arm64/blocks.dia -c /Users/shizihan/DailyUse/Github/InkMarkdown/Packages/Caches/swift-cmark/src/blocks.c -o /Users/shizihan/DailyUse/Github/InkMarkdown/.scratch/architecture-deepening-2026-09-07/evidence/20260907-1415-ticket-27/consumer/DerivedData-InkMarkdownCoreConsumer/Build/Intermediates.noindex/cmark-gfm.build/Debug-iphonesimulator/cmark-gfm.build/Objects-normal/arm64/blocks.o -index-unit-output-path /cmark-gfm.build/Debug-iphonesimulator/cmark-gfm.build/Objects-normal/arm64/blocks.o

ScanDependencies /Users/shizihan/DailyUse/Github/InkMarkdown/.scratch/architecture-deepening-2026-09-07/evidence/20260907-1415-ticket-27/consumer/DerivedData-InkMarkdownCoreConsumer/Build/Intermediates.noindex/cmark-gfm.build/Debug-iphonesimulator/cmark-gfm.build/Objects-normal/arm64/arena.o /Users/shizihan/DailyUse/Github/InkMarkdown/Packages/Caches/swift-cmark/src/arena.c normal arm64 c com.apple.compilers.llvm.clang.1_0.compiler (in target 'cmark-gfm' from project 'cmark-gfm')
    cd /Users/shizihan/DailyUse/Github/InkMarkdown/.github/fixtures/consumer-smoke/.swiftpm/xcode
    
    Using response file: /Users/shizihan/DailyUse/Github/InkMarkdown/.scratch/architecture-deepening-2026-09-07/evidence/20260907-1415-ticket-27/consumer/DerivedData-InkMarkdownCoreConsumer/Build/Intermediates.noindex/cmark-gfm.build/Debug-iphonesimulator/cmark-gfm.build/Objects-normal/arm64/7187679823f38a2a940e0043cdf9d637-common-args.resp
    
    builtin-ScanDependencies -o /Users/shizihan/DailyUse/Github/InkMarkdown/.scratch/architecture-deepening-2026-09-07/evidence/20260907-1415-ticket-27/consumer/DerivedData-InkMarkdownCoreConsumer/Build/Intermediates.noindex/cmark-gfm.build/Debug-iphonesimulator/cmark-gfm.build/Objects-normal/arm64/arena.o.scan -- /Applications/Xcode.app/Contents/Developer/Toolchains/XcodeDefault.xctoolchain/usr/bin/clang -x c -ivfsstatcache /Users/shizihan/DailyUse/Github/InkMarkdown/.scratch/architecture-deepening-2026-09-07/evidence/20260907-1415-ticket-27/consumer/DerivedData-InkMarkdownCoreConsumer/SDKStatCaches.noindex/iphonesimulator26.5-23F81a-6cfe768891a92b912361537c460fe42b.sdkstatcache -target arm64-apple-ios12.0-simulator -fmessage-length\=0 -fdiagnostics-show-note-include-stack -fmacro-backtrace-limit\=0 -fno-color-diagnostics -fmodules-prune-interval\=86400 -fmodules-prune-after\=345600 -fbuild-session-file\=/Users/shizihan/DailyUse/Github/InkMarkdown/.scratch/architecture-deepening-2026-09-07/evidence/20260907-1415-ticket-27/consumer/DerivedData-InkMarkdownCoreConsumer/ModuleCache.noindex/Session.modulevalidation -fmodules-validate-once-per-build-session -Wnon-modular-include-in-framework-module -Werror\=non-modular-include-in-framework-module -Wno-trigraphs -Wno-missing-field-initializers -Wno-missing-prototypes -Wno-return-type -Wno-missing-braces -Wparentheses -Wswitch -Wno-unused-function -Wno-unused-label -Wno-unused-parameter -Wno-unused-variable -Wunused-value -Wno-empty-body -Wno-uninitialized -Wno-unknown-pragmas -w -Wno-shadow -Wno-four-char-constants -Wno-conversion -Wno-constant-conversion -Wno-int-conversion -Wno-bool-conversion -Wno-enum-conversion -Wno-float-conversion -Wno-non-literal-null-conversion -Wno-objc-literal-conversion -Wshorten-64-to-32 -Wpointer-sign -Wno-newline-eof -Wno-implicit-fallthrough -isysroot /Applications/Xcode.app/Contents/Developer/Platforms/iPhoneSimulator.platform/Developer/SDKs/iPhoneSimulator26.5.sdk -fstrict-aliasing -Wdeprecated-declarations -Wno-sign-conversion -Wno-infinite-recursion -Wno-comma -Wno-block-capture-autoreleasing -Wno-strict-prototypes -Wno-semicolon-before-method-body -index-store-path /Users/shizihan/DailyUse/Github/InkMarkdown/.scratch/architecture-deepening-2026-09-07/evidence/20260907-1415-ticket-27/consumer/DerivedData-InkMarkdownCoreConsumer/Index.noindex/DataStore @/Users/shizihan/DailyUse/Github/InkMarkdown/.scratch/architecture-deepening-2026-09-07/evidence/20260907-1415-ticket-27/consumer/DerivedData-InkMarkdownCoreConsumer/Build/Intermediates.noindex/cmark-gfm.build/Debug-iphonesimulator/cmark-gfm.build/Objects-normal/arm64/7187679823f38a2a940e0043cdf9d637-common-args.resp -MMD -MT dependencies -MF /Users/shizihan/DailyUse/Github/InkMarkdown/.scratch/architecture-deepening-2026-09-07/evidence/20260907-1415-ticket-27/consumer/DerivedData-InkMarkdownCoreConsumer/Build/Intermediates.noindex/cmark-gfm.build/Debug-iphonesimulator/cmark-gfm.build/Objects-normal/arm64/arena.d --serialize-diagnostics /Users/shizihan/DailyUse/Github/InkMarkdown/.scratch/architecture-deepening-2026-09-07/evidence/20260907-1415-ticket-27/consumer/DerivedData-InkMarkdownCoreConsumer/Build/Intermediates.noindex/cmark-gfm.build/Debug-iphonesimulator/cmark-gfm.build/Objects-normal/arm64/arena.dia -c /Users/shizihan/DailyUse/Github/InkMarkdown/Packages/Caches/swift-cmark/src/arena.c -o /Users/shizihan/DailyUse/Github/InkMarkdown/.scratch/architecture-deepening-2026-09-07/evidence/20260907-1415-ticket-27/consumer/DerivedData-InkMarkdownCoreConsumer/Build/Intermediates.noindex/cmark-gfm.build/Debug-iphonesimulator/cmark-gfm.build/Objects-normal/arm64/arena.o -index-unit-output-path /cmark-gfm.build/Debug-iphonesimulator/cmark-gfm.build/Objects-normal/arm64/arena.o

ScanDependencies /Users/shizihan/DailyUse/Github/InkMarkdown/.scratch/architecture-deepening-2026-09-07/evidence/20260907-1415-ticket-27/consumer/DerivedData-InkMarkdownCoreConsumer/Build/Intermediates.noindex/swift-markdown.build/Debug-iphonesimulator/CAtomic.build/Objects-normal/arm64/CAtomic.o /Users/shizihan/DailyUse/Github/InkMarkdown/Packages/Caches/swift-markdown/Sources/CAtomic/CAtomic.c normal arm64 c com.apple.compilers.llvm.clang.1_0.compiler (in target 'CAtomic' from project 'swift-markdown')
    cd /Users/shizihan/DailyUse/Github/InkMarkdown/.github/fixtures/consumer-smoke/.swiftpm/xcode
    
    Using response file: /Users/shizihan/DailyUse/Github/InkMarkdown/.scratch/architecture-deepening-2026-09-07/evidence/20260907-1415-ticket-27/consumer/DerivedData-InkMarkdownCoreConsumer/Build/Intermediates.noindex/swift-markdown.build/Debug-iphonesimulator/CAtomic.build/Objects-normal/arm64/7187679823f38a2a940e0043cdf9d637-common-args.resp
    
    builtin-ScanDependencies -o /Users/shizihan/DailyUse/Github/InkMarkdown/.scratch/architecture-deepening-2026-09-07/evidence/20260907-1415-ticket-27/consumer/DerivedData-InkMarkdownCoreConsumer/Build/Intermediates.noindex/swift-markdown.build/Debug-iphonesimulator/CAtomic.build/Objects-normal/arm64/CAtomic.o.scan -- /Applications/Xcode.app/Contents/Developer/Toolchains/XcodeDefault.xctoolchain/usr/bin/clang -x c -ivfsstatcache /Users/shizihan/DailyUse/Github/InkMarkdown/.scratch/architecture-deepening-2026-09-07/evidence/20260907-1415-ticket-27/consumer/DerivedData-InkMarkdownCoreConsumer/SDKStatCaches.noindex/iphonesimulator26.5-23F81a-6cfe768891a92b912361537c460fe42b.sdkstatcache -target arm64-apple-ios12.0-simulator -fmessage-length\=0 -fdiagnostics-show-note-include-stack -fmacro-backtrace-limit\=0 -fno-color-diagnostics -fmodules-prune-interval\=86400 -fmodules-prune-after\=345600 -fbuild-session-file\=/Users/shizihan/DailyUse/Github/InkMarkdown/.scratch/architecture-deepening-2026-09-07/evidence/20260907-1415-ticket-27/consumer/DerivedData-InkMarkdownCoreConsumer/ModuleCache.noindex/Session.modulevalidation -fmodules-validate-once-per-build-session -Wnon-modular-include-in-framework-module -Werror\=non-modular-include-in-framework-module -Wno-trigraphs -Wno-missing-field-initializers -Wno-missing-prototypes -Wno-return-type -Wno-missing-braces -Wparentheses -Wswitch -Wno-unused-function -Wno-unused-label -Wno-unused-parameter -Wno-unused-variable -Wunused-value -Wno-empty-body -Wno-uninitialized -Wno-unknown-pragmas -w -Wno-shadow -Wno-four-char-constants -Wno-conversion -Wno-constant-conversion -Wno-int-conversion -Wno-bool-conversion -Wno-enum-conversion -Wno-float-conversion -Wno-non-literal-null-conversion -Wno-objc-literal-conversion -Wshorten-64-to-32 -Wpointer-sign -Wno-newline-eof -Wno-implicit-fallthrough -isysroot /Applications/Xcode.app/Contents/Developer/Platforms/iPhoneSimulator.platform/Developer/SDKs/iPhoneSimulator26.5.sdk -fstrict-aliasing -Wdeprecated-declarations -Wno-sign-conversion -Wno-infinite-recursion -Wno-comma -Wno-block-capture-autoreleasing -Wno-strict-prototypes -Wno-semicolon-before-method-body -index-store-path /Users/shizihan/DailyUse/Github/InkMarkdown/.scratch/architecture-deepening-2026-09-07/evidence/20260907-1415-ticket-27/consumer/DerivedData-InkMarkdownCoreConsumer/Index.noindex/DataStore @/Users/shizihan/DailyUse/Github/InkMarkdown/.scratch/architecture-deepening-2026-09-07/evidence/20260907-1415-ticket-27/consumer/DerivedData-InkMarkdownCoreConsumer/Build/Intermediates.noindex/swift-markdown.build/Debug-iphonesimulator/CAtomic.build/Objects-normal/arm64/7187679823f38a2a940e0043cdf9d637-common-args.resp -MMD -MT dependencies -MF /Users/shizihan/DailyUse/Github/InkMarkdown/.scratch/architecture-deepening-2026-09-07/evidence/20260907-1415-ticket-27/consumer/DerivedData-InkMarkdownCoreConsumer/Build/Intermediates.noindex/swift-markdown.build/Debug-iphonesimulator/CAtomic.build/Objects-normal/arm64/CAtomic.d --serialize-diagnostics /Users/shizihan/DailyUse/Github/InkMarkdown/.scratch/architecture-deepening-2026-09-07/evidence/20260907-1415-ticket-27/consumer/DerivedData-InkMarkdownCoreConsumer/Build/Intermediates.noindex/swift-markdown.build/Debug-iphonesimulator/CAtomic.build/Objects-normal/arm64/CAtomic.dia -c /Users/shizihan/DailyUse/Github/InkMarkdown/Packages/Caches/swift-markdown/Sources/CAtomic/CAtomic.c -o /Users/shizihan/DailyUse/Github/InkMarkdown/.scratch/architecture-deepening-2026-09-07/evidence/20260907-1415-ticket-27/consumer/DerivedData-InkMarkdownCoreConsumer/Build/Intermediates.noindex/swift-markdown.build/Debug-iphonesimulator/CAtomic.build/Objects-normal/arm64/CAtomic.o -index-unit-output-path /swift-markdown.build/Debug-iphonesimulator/CAtomic.build/Objects-normal/arm64/CAtomic.o

PrecompileModule /Users/shizihan/DailyUse/Github/InkMarkdown/.scratch/architecture-deepening-2026-09-07/evidence/20260907-1415-ticket-27/consumer/DerivedData-InkMarkdownCoreConsumer/Build/Intermediates.noindex/ExplicitPrecompiledModules/_DarwinFoundation1-EXVR8L6K8APKFRJEPPHICXV18.scan
    cd /
    builtin-precompileModule /Users/shizihan/DailyUse/Github/InkMarkdown/.scratch/architecture-deepening-2026-09-07/evidence/20260907-1415-ticket-27/consumer/DerivedData-InkMarkdownCoreConsumer/Build/Intermediates.noindex/ExplicitPrecompiledModules/_DarwinFoundation1-EXVR8L6K8APKFRJEPPHICXV18.scan

PrecompileModule /Users/shizihan/DailyUse/Github/InkMarkdown/.scratch/architecture-deepening-2026-09-07/evidence/20260907-1415-ticket-27/consumer/DerivedData-InkMarkdownCoreConsumer/Build/Intermediates.noindex/ExplicitPrecompiledModules/_DarwinFoundation2-88Z33NOHSYBTRFBDQW6LSYF94.scan
    cd /
    builtin-precompileModule /Users/shizihan/DailyUse/Github/InkMarkdown/.scratch/architecture-deepening-2026-09-07/evidence/20260907-1415-ticket-27/consumer/DerivedData-InkMarkdownCoreConsumer/Build/Intermediates.noindex/ExplicitPrecompiledModules/_DarwinFoundation2-88Z33NOHSYBTRFBDQW6LSYF94.scan

PrecompileModule /Users/shizihan/DailyUse/Github/InkMarkdown/.scratch/architecture-deepening-2026-09-07/evidence/20260907-1415-ticket-27/consumer/DerivedData-InkMarkdownCoreConsumer/Build/Intermediates.noindex/ExplicitPrecompiledModules/_Builtin_limits-4FELE0V6LNA0ZY9WCQZMQLMHT.scan
    cd /
    builtin-precompileModule /Users/shizihan/DailyUse/Github/InkMarkdown/.scratch/architecture-deepening-2026-09-07/evidence/20260907-1415-ticket-27/consumer/DerivedData-InkMarkdownCoreConsumer/Build/Intermediates.noindex/ExplicitPrecompiledModules/_Builtin_limits-4FELE0V6LNA0ZY9WCQZMQLMHT.scan

PrecompileModule /Users/shizihan/DailyUse/Github/InkMarkdown/.scratch/architecture-deepening-2026-09-07/evidence/20260907-1415-ticket-27/consumer/DerivedData-InkMarkdownCoreConsumer/Build/Intermediates.noindex/ExplicitPrecompiledModules/_Builtin_stdint-DP81D7UJVVTDS5BZMA57NXXI5.scan
    cd /
    builtin-precompileModule /Users/shizihan/DailyUse/Github/InkMarkdown/.scratch/architecture-deepening-2026-09-07/evidence/20260907-1415-ticket-27/consumer/DerivedData-InkMarkdownCoreConsumer/Build/Intermediates.noindex/ExplicitPrecompiledModules/_Builtin_stdint-DP81D7UJVVTDS5BZMA57NXXI5.scan

CompileC /Users/shizihan/DailyUse/Github/InkMarkdown/.scratch/architecture-deepening-2026-09-07/evidence/20260907-1415-ticket-27/consumer/DerivedData-InkMarkdownCoreConsumer/Build/Intermediates.noindex/cmark-gfm.build/Debug-iphonesimulator/cmark-gfm.build/Objects-normal/arm64/houdini_html_e.o /Users/shizihan/DailyUse/Github/InkMarkdown/Packages/Caches/swift-cmark/src/houdini_html_e.c normal arm64 c com.apple.compilers.llvm.clang.1_0.compiler (in target 'cmark-gfm' from project 'cmark-gfm')
    cd /Users/shizihan/DailyUse/Github/InkMarkdown/.github/fixtures/consumer-smoke/.swiftpm/xcode
    
    Using response file: /Users/shizihan/DailyUse/Github/InkMarkdown/.scratch/architecture-deepening-2026-09-07/evidence/20260907-1415-ticket-27/consumer/DerivedData-InkMarkdownCoreConsumer/Build/Intermediates.noindex/cmark-gfm.build/Debug-iphonesimulator/cmark-gfm.build/Objects-normal/arm64/7187679823f38a2a940e0043cdf9d637-common-args.resp
    
    /Applications/Xcode.app/Contents/Developer/Toolchains/XcodeDefault.xctoolchain/usr/bin/clang -x c -ivfsstatcache /Users/shizihan/DailyUse/Github/InkMarkdown/.scratch/architecture-deepening-2026-09-07/evidence/20260907-1415-ticket-27/consumer/DerivedData-InkMarkdownCoreConsumer/SDKStatCaches.noindex/iphonesimulator26.5-23F81a-6cfe768891a92b912361537c460fe42b.sdkstatcache -target arm64-apple-ios12.0-simulator -fmessage-length\=0 -fdiagnostics-show-note-include-stack -fmacro-backtrace-limit\=0 -fno-color-diagnostics -fmodules-prune-interval\=86400 -fmodules-prune-after\=345600 -fbuild-session-file\=/Users/shizihan/DailyUse/Github/InkMarkdown/.scratch/architecture-deepening-2026-09-07/evidence/20260907-1415-ticket-27/consumer/DerivedData-InkMarkdownCoreConsumer/ModuleCache.noindex/Session.modulevalidation -fmodules-validate-once-per-build-session -Wnon-modular-include-in-framework-module -Werror\=non-modular-include-in-framework-module -Wno-trigraphs -Wno-missing-field-initializers -Wno-missing-prototypes -Wno-return-type -Wno-missing-braces -Wparentheses -Wswitch -Wno-unused-function -Wno-unused-label -Wno-unused-parameter -Wno-unused-variable -Wunused-value -Wno-empty-body -Wno-uninitialized -Wno-unknown-pragmas -w -Wno-shadow -Wno-four-char-constants -Wno-conversion -Wno-constant-conversion -Wno-int-conversion -Wno-bool-conversion -Wno-enum-conversion -Wno-float-conversion -Wno-non-literal-null-conversion -Wno-objc-literal-conversion -Wshorten-64-to-32 -Wpointer-sign -Wno-newline-eof -Wno-implicit-fallthrough -isysroot /Applications/Xcode.app/Contents/Developer/Platforms/iPhoneSimulator.platform/Developer/SDKs/iPhoneSimulator26.5.sdk -fstrict-aliasing -Wdeprecated-declarations -Wno-sign-conversion -Wno-infinite-recursion -Wno-comma -Wno-block-capture-autoreleasing -Wno-strict-prototypes -Wno-semicolon-before-method-body -index-store-path /Users/shizihan/DailyUse/Github/InkMarkdown/.scratch/architecture-deepening-2026-09-07/evidence/20260907-1415-ticket-27/consumer/DerivedData-InkMarkdownCoreConsumer/Index.noindex/DataStore @/Users/shizihan/DailyUse/Github/InkMarkdown/.scratch/architecture-deepening-2026-09-07/evidence/20260907-1415-ticket-27/consumer/DerivedData-InkMarkdownCoreConsumer/Build/Intermediates.noindex/cmark-gfm.build/Debug-iphonesimulator/cmark-gfm.build/Objects-normal/arm64/7187679823f38a2a940e0043cdf9d637-common-args.resp -MMD -MT dependencies -MF /Users/shizihan/DailyUse/Github/InkMarkdown/.scratch/architecture-deepening-2026-09-07/evidence/20260907-1415-ticket-27/consumer/DerivedData-InkMarkdownCoreConsumer/Build/Intermediates.noindex/cmark-gfm.build/Debug-iphonesimulator/cmark-gfm.build/Objects-normal/arm64/houdini_html_e.d --serialize-diagnostics /Users/shizihan/DailyUse/Github/InkMarkdown/.scratch/architecture-deepening-2026-09-07/evidence/20260907-1415-ticket-27/consumer/DerivedData-InkMarkdownCoreConsumer/Build/Intermediates.noindex/cmark-gfm.build/Debug-iphonesimulator/cmark-gfm.build/Objects-normal/arm64/houdini_html_e.dia -c /Users/shizihan/DailyUse/Github/InkMarkdown/Packages/Caches/swift-cmark/src/houdini_html_e.c -o /Users/shizihan/DailyUse/Github/InkMarkdown/.scratch/architecture-deepening-2026-09-07/evidence/20260907-1415-ticket-27/consumer/DerivedData-InkMarkdownCoreConsumer/Build/Intermediates.noindex/cmark-gfm.build/Debug-iphonesimulator/cmark-gfm.build/Objects-normal/arm64/houdini_html_e.o -index-unit-output-path /cmark-gfm.build/Debug-iphonesimulator/cmark-gfm.build/Objects-normal/arm64/houdini_html_e.o

PrecompileModule /Users/shizihan/DailyUse/Github/InkMarkdown/.scratch/architecture-deepening-2026-09-07/evidence/20260907-1415-ticket-27/consumer/DerivedData-InkMarkdownCoreConsumer/Build/Intermediates.noindex/ExplicitPrecompiledModules/_DarwinFoundation3-5NL2DS0WCC1A7MITZMKT8RCIH.scan
    cd /
    builtin-precompileModule /Users/shizihan/DailyUse/Github/InkMarkdown/.scratch/architecture-deepening-2026-09-07/evidence/20260907-1415-ticket-27/consumer/DerivedData-InkMarkdownCoreConsumer/Build/Intermediates.noindex/ExplicitPrecompiledModules/_DarwinFoundation3-5NL2DS0WCC1A7MITZMKT8RCIH.scan

CompileC /Users/shizihan/DailyUse/Github/InkMarkdown/.scratch/architecture-deepening-2026-09-07/evidence/20260907-1415-ticket-27/consumer/DerivedData-InkMarkdownCoreConsumer/Build/Intermediates.noindex/cmark-gfm.build/Debug-iphonesimulator/cmark-gfm.build/Objects-normal/arm64/houdini_html_u.o /Users/shizihan/DailyUse/Github/InkMarkdown/Packages/Caches/swift-cmark/src/houdini_html_u.c normal arm64 c com.apple.compilers.llvm.clang.1_0.compiler (in target 'cmark-gfm' from project 'cmark-gfm')
    cd /Users/shizihan/DailyUse/Github/InkMarkdown/.github/fixtures/consumer-smoke/.swiftpm/xcode
    
    Using response file: /Users/shizihan/DailyUse/Github/InkMarkdown/.scratch/architecture-deepening-2026-09-07/evidence/20260907-1415-ticket-27/consumer/DerivedData-InkMarkdownCoreConsumer/Build/Intermediates.noindex/cmark-gfm.build/Debug-iphonesimulator/cmark-gfm.build/Objects-normal/arm64/7187679823f38a2a940e0043cdf9d637-common-args.resp
    
    /Applications/Xcode.app/Contents/Developer/Toolchains/XcodeDefault.xctoolchain/usr/bin/clang -x c -ivfsstatcache /Users/shizihan/DailyUse/Github/InkMarkdown/.scratch/architecture-deepening-2026-09-07/evidence/20260907-1415-ticket-27/consumer/DerivedData-InkMarkdownCoreConsumer/SDKStatCaches.noindex/iphonesimulator26.5-23F81a-6cfe768891a92b912361537c460fe42b.sdkstatcache -target arm64-apple-ios12.0-simulator -fmessage-length\=0 -fdiagnostics-show-note-include-stack -fmacro-backtrace-limit\=0 -fno-color-diagnostics -fmodules-prune-interval\=86400 -fmodules-prune-after\=345600 -fbuild-session-file\=/Users/shizihan/DailyUse/Github/InkMarkdown/.scratch/architecture-deepening-2026-09-07/evidence/20260907-1415-ticket-27/consumer/DerivedData-InkMarkdownCoreConsumer/ModuleCache.noindex/Session.modulevalidation -fmodules-validate-once-per-build-session -Wnon-modular-include-in-framework-module -Werror\=non-modular-include-in-framework-module -Wno-trigraphs -Wno-missing-field-initializers -Wno-missing-prototypes -Wno-return-type -Wno-missing-braces -Wparentheses -Wswitch -Wno-unused-function -Wno-unused-label -Wno-unused-parameter -Wno-unused-variable -Wunused-value -Wno-empty-body -Wno-uninitialized -Wno-unknown-pragmas -w -Wno-shadow -Wno-four-char-constants -Wno-conversion -Wno-constant-conversion -Wno-int-conversion -Wno-bool-conversion -Wno-enum-conversion -Wno-float-conversion -Wno-non-literal-null-conversion -Wno-objc-literal-conversion -Wshorten-64-to-32 -Wpointer-sign -Wno-newline-eof -Wno-implicit-fallthrough -isysroot /Applications/Xcode.app/Contents/Developer/Platforms/iPhoneSimulator.platform/Developer/SDKs/iPhoneSimulator26.5.sdk -fstrict-aliasing -Wdeprecated-declarations -Wno-sign-conversion -Wno-infinite-recursion -Wno-comma -Wno-block-capture-autoreleasing -Wno-strict-prototypes -Wno-semicolon-before-method-body -index-store-path /Users/shizihan/DailyUse/Github/InkMarkdown/.scratch/architecture-deepening-2026-09-07/evidence/20260907-1415-ticket-27/consumer/DerivedData-InkMarkdownCoreConsumer/Index.noindex/DataStore @/Users/shizihan/DailyUse/Github/InkMarkdown/.scratch/architecture-deepening-2026-09-07/evidence/20260907-1415-ticket-27/consumer/DerivedData-InkMarkdownCoreConsumer/Build/Intermediates.noindex/cmark-gfm.build/Debug-iphonesimulator/cmark-gfm.build/Objects-normal/arm64/7187679823f38a2a940e0043cdf9d637-common-args.resp -MMD -MT dependencies -MF /Users/shizihan/DailyUse/Github/InkMarkdown/.scratch/architecture-deepening-2026-09-07/evidence/20260907-1415-ticket-27/consumer/DerivedData-InkMarkdownCoreConsumer/Build/Intermediates.noindex/cmark-gfm.build/Debug-iphonesimulator/cmark-gfm.build/Objects-normal/arm64/houdini_html_u.d --serialize-diagnostics /Users/shizihan/DailyUse/Github/InkMarkdown/.scratch/architecture-deepening-2026-09-07/evidence/20260907-1415-ticket-27/consumer/DerivedData-InkMarkdownCoreConsumer/Build/Intermediates.noindex/cmark-gfm.build/Debug-iphonesimulator/cmark-gfm.build/Objects-normal/arm64/houdini_html_u.dia -c /Users/shizihan/DailyUse/Github/InkMarkdown/Packages/Caches/swift-cmark/src/houdini_html_u.c -o /Users/shizihan/DailyUse/Github/InkMarkdown/.scratch/architecture-deepening-2026-09-07/evidence/20260907-1415-ticket-27/consumer/DerivedData-InkMarkdownCoreConsumer/Build/Intermediates.noindex/cmark-gfm.build/Debug-iphonesimulator/cmark-gfm.build/Objects-normal/arm64/houdini_html_u.o -index-unit-output-path /cmark-gfm.build/Debug-iphonesimulator/cmark-gfm.build/Objects-normal/arm64/houdini_html_u.o

CompileC /Users/shizihan/DailyUse/Github/InkMarkdown/.scratch/architecture-deepening-2026-09-07/evidence/20260907-1415-ticket-27/consumer/DerivedData-InkMarkdownCoreConsumer/Build/Intermediates.noindex/cmark-gfm.build/Debug-iphonesimulator/cmark-gfm.build/Objects-normal/arm64/cmark_ctype.o /Users/shizihan/DailyUse/Github/InkMarkdown/Packages/Caches/swift-cmark/src/cmark_ctype.c normal arm64 c com.apple.compilers.llvm.clang.1_0.compiler (in target 'cmark-gfm' from project 'cmark-gfm')
    cd /Users/shizihan/DailyUse/Github/InkMarkdown/.github/fixtures/consumer-smoke/.swiftpm/xcode
    
    Using response file: /Users/shizihan/DailyUse/Github/InkMarkdown/.scratch/architecture-deepening-2026-09-07/evidence/20260907-1415-ticket-27/consumer/DerivedData-InkMarkdownCoreConsumer/Build/Intermediates.noindex/cmark-gfm.build/Debug-iphonesimulator/cmark-gfm.build/Objects-normal/arm64/7187679823f38a2a940e0043cdf9d637-common-args.resp
    
    /Applications/Xcode.app/Contents/Developer/Toolchains/XcodeDefault.xctoolchain/usr/bin/clang -x c -ivfsstatcache /Users/shizihan/DailyUse/Github/InkMarkdown/.scratch/architecture-deepening-2026-09-07/evidence/20260907-1415-ticket-27/consumer/DerivedData-InkMarkdownCoreConsumer/SDKStatCaches.noindex/iphonesimulator26.5-23F81a-6cfe768891a92b912361537c460fe42b.sdkstatcache -target arm64-apple-ios12.0-simulator -fmessage-length\=0 -fdiagnostics-show-note-include-stack -fmacro-backtrace-limit\=0 -fno-color-diagnostics -fmodules-prune-interval\=86400 -fmodules-prune-after\=345600 -fbuild-session-file\=/Users/shizihan/DailyUse/Github/InkMarkdown/.scratch/architecture-deepening-2026-09-07/evidence/20260907-1415-ticket-27/consumer/DerivedData-InkMarkdownCoreConsumer/ModuleCache.noindex/Session.modulevalidation -fmodules-validate-once-per-build-session -Wnon-modular-include-in-framework-module -Werror\=non-modular-include-in-framework-module -Wno-trigraphs -Wno-missing-field-initializers -Wno-missing-prototypes -Wno-return-type -Wno-missing-braces -Wparentheses -Wswitch -Wno-unused-function -Wno-unused-label -Wno-unused-parameter -Wno-unused-variable -Wunused-value -Wno-empty-body -Wno-uninitialized -Wno-unknown-pragmas -w -Wno-shadow -Wno-four-char-constants -Wno-conversion -Wno-constant-conversion -Wno-int-conversion -Wno-bool-conversion -Wno-enum-conversion -Wno-float-conversion -Wno-non-literal-null-conversion -Wno-objc-literal-conversion -Wshorten-64-to-32 -Wpointer-sign -Wno-newline-eof -Wno-implicit-fallthrough -isysroot /Applications/Xcode.app/Contents/Developer/Platforms/iPhoneSimulator.platform/Developer/SDKs/iPhoneSimulator26.5.sdk -fstrict-aliasing -Wdeprecated-declarations -Wno-sign-conversion -Wno-infinite-recursion -Wno-comma -Wno-block-capture-autoreleasing -Wno-strict-prototypes -Wno-semicolon-before-method-body -index-store-path /Users/shizihan/DailyUse/Github/InkMarkdown/.scratch/architecture-deepening-2026-09-07/evidence/20260907-1415-ticket-27/consumer/DerivedData-InkMarkdownCoreConsumer/Index.noindex/DataStore @/Users/shizihan/DailyUse/Github/InkMarkdown/.scratch/architecture-deepening-2026-09-07/evidence/20260907-1415-ticket-27/consumer/DerivedData-InkMarkdownCoreConsumer/Build/Intermediates.noindex/cmark-gfm.build/Debug-iphonesimulator/cmark-gfm.build/Objects-normal/arm64/7187679823f38a2a940e0043cdf9d637-common-args.resp -MMD -MT dependencies -MF /Users/shizihan/DailyUse/Github/InkMarkdown/.scratch/architecture-deepening-2026-09-07/evidence/20260907-1415-ticket-27/consumer/DerivedData-InkMarkdownCoreConsumer/Build/Intermediates.noindex/cmark-gfm.build/Debug-iphonesimulator/cmark-gfm.build/Objects-normal/arm64/cmark_ctype.d --serialize-diagnostics /Users/shizihan/DailyUse/Github/InkMarkdown/.scratch/architecture-deepening-2026-09-07/evidence/20260907-1415-ticket-27/consumer/DerivedData-InkMarkdownCoreConsumer/Build/Intermediates.noindex/cmark-gfm.build/Debug-iphonesimulator/cmark-gfm.build/Objects-normal/arm64/cmark_ctype.dia -c /Users/shizihan/DailyUse/Github/InkMarkdown/Packages/Caches/swift-cmark/src/cmark_ctype.c -o /Users/shizihan/DailyUse/Github/InkMarkdown/.scratch/architecture-deepening-2026-09-07/evidence/20260907-1415-ticket-27/consumer/DerivedData-InkMarkdownCoreConsumer/Build/Intermediates.noindex/cmark-gfm.build/Debug-iphonesimulator/cmark-gfm.build/Objects-normal/arm64/cmark_ctype.o -index-unit-output-path /cmark-gfm.build/Debug-iphonesimulator/cmark-gfm.build/Objects-normal/arm64/cmark_ctype.o

CompileC /Users/shizihan/DailyUse/Github/InkMarkdown/.scratch/architecture-deepening-2026-09-07/evidence/20260907-1415-ticket-27/consumer/DerivedData-InkMarkdownCoreConsumer/Build/Intermediates.noindex/swift-markdown.build/Debug-iphonesimulator/CAtomic.build/Objects-normal/arm64/CAtomic.o /Users/shizihan/DailyUse/Github/InkMarkdown/Packages/Caches/swift-markdown/Sources/CAtomic/CAtomic.c normal arm64 c com.apple.compilers.llvm.clang.1_0.compiler (in target 'CAtomic' from project 'swift-markdown')
    cd /Users/shizihan/DailyUse/Github/InkMarkdown/.github/fixtures/consumer-smoke/.swiftpm/xcode
    
    Using response file: /Users/shizihan/DailyUse/Github/InkMarkdown/.scratch/architecture-deepening-2026-09-07/evidence/20260907-1415-ticket-27/consumer/DerivedData-InkMarkdownCoreConsumer/Build/Intermediates.noindex/swift-markdown.build/Debug-iphonesimulator/CAtomic.build/Objects-normal/arm64/7187679823f38a2a940e0043cdf9d637-common-args.resp
    
    /Applications/Xcode.app/Contents/Developer/Toolchains/XcodeDefault.xctoolchain/usr/bin/clang -x c -ivfsstatcache /Users/shizihan/DailyUse/Github/InkMarkdown/.scratch/architecture-deepening-2026-09-07/evidence/20260907-1415-ticket-27/consumer/DerivedData-InkMarkdownCoreConsumer/SDKStatCaches.noindex/iphonesimulator26.5-23F81a-6cfe768891a92b912361537c460fe42b.sdkstatcache -target arm64-apple-ios12.0-simulator -fmessage-length\=0 -fdiagnostics-show-note-include-stack -fmacro-backtrace-limit\=0 -fno-color-diagnostics -fmodules-prune-interval\=86400 -fmodules-prune-after\=345600 -fbuild-session-file\=/Users/shizihan/DailyUse/Github/InkMarkdown/.scratch/architecture-deepening-2026-09-07/evidence/20260907-1415-ticket-27/consumer/DerivedData-InkMarkdownCoreConsumer/ModuleCache.noindex/Session.modulevalidation -fmodules-validate-once-per-build-session -Wnon-modular-include-in-framework-module -Werror\=non-modular-include-in-framework-module -Wno-trigraphs -Wno-missing-field-initializers -Wno-missing-prototypes -Wno-return-type -Wno-missing-braces -Wparentheses -Wswitch -Wno-unused-function -Wno-unused-label -Wno-unused-parameter -Wno-unused-variable -Wunused-value -Wno-empty-body -Wno-uninitialized -Wno-unknown-pragmas -w -Wno-shadow -Wno-four-char-constants -Wno-conversion -Wno-constant-conversion -Wno-int-conversion -Wno-bool-conversion -Wno-enum-conversion -Wno-float-conversion -Wno-non-literal-null-conversion -Wno-objc-literal-conversion -Wshorten-64-to-32 -Wpointer-sign -Wno-newline-eof -Wno-implicit-fallthrough -isysroot /Applications/Xcode.app/Contents/Developer/Platforms/iPhoneSimulator.platform/Developer/SDKs/iPhoneSimulator26.5.sdk -fstrict-aliasing -Wdeprecated-declarations -Wno-sign-conversion -Wno-infinite-recursion -Wno-comma -Wno-block-capture-autoreleasing -Wno-strict-prototypes -Wno-semicolon-before-method-body -index-store-path /Users/shizihan/DailyUse/Github/InkMarkdown/.scratch/architecture-deepening-2026-09-07/evidence/20260907-1415-ticket-27/consumer/DerivedData-InkMarkdownCoreConsumer/Index.noindex/DataStore @/Users/shizihan/DailyUse/Github/InkMarkdown/.scratch/architecture-deepening-2026-09-07/evidence/20260907-1415-ticket-27/consumer/DerivedData-InkMarkdownCoreConsumer/Build/Intermediates.noindex/swift-markdown.build/Debug-iphonesimulator/CAtomic.build/Objects-normal/arm64/7187679823f38a2a940e0043cdf9d637-common-args.resp -MMD -MT dependencies -MF /Users/shizihan/DailyUse/Github/InkMarkdown/.scratch/architecture-deepening-2026-09-07/evidence/20260907-1415-ticket-27/consumer/DerivedData-InkMarkdownCoreConsumer/Build/Intermediates.noindex/swift-markdown.build/Debug-iphonesimulator/CAtomic.build/Objects-normal/arm64/CAtomic.d --serialize-diagnostics /Users/shizihan/DailyUse/Github/InkMarkdown/.scratch/architecture-deepening-2026-09-07/evidence/20260907-1415-ticket-27/consumer/DerivedData-InkMarkdownCoreConsumer/Build/Intermediates.noindex/swift-markdown.build/Debug-iphonesimulator/CAtomic.build/Objects-normal/arm64/CAtomic.dia -c /Users/shizihan/DailyUse/Github/InkMarkdown/Packages/Caches/swift-markdown/Sources/CAtomic/CAtomic.c -o /Users/shizihan/DailyUse/Github/InkMarkdown/.scratch/architecture-deepening-2026-09-07/evidence/20260907-1415-ticket-27/consumer/DerivedData-InkMarkdownCoreConsumer/Build/Intermediates.noindex/swift-markdown.build/Debug-iphonesimulator/CAtomic.build/Objects-normal/arm64/CAtomic.o -index-unit-output-path /swift-markdown.build/Debug-iphonesimulator/CAtomic.build/Objects-normal/arm64/CAtomic.o

CompileC /Users/shizihan/DailyUse/Github/InkMarkdown/.scratch/architecture-deepening-2026-09-07/evidence/20260907-1415-ticket-27/consumer/DerivedData-InkMarkdownCoreConsumer/Build/Intermediates.noindex/cmark-gfm.build/Debug-iphonesimulator/cmark-gfm.build/Objects-normal/arm64/houdini_href_e.o /Users/shizihan/DailyUse/Github/InkMarkdown/Packages/Caches/swift-cmark/src/houdini_href_e.c normal arm64 c com.apple.compilers.llvm.clang.1_0.compiler (in target 'cmark-gfm' from project 'cmark-gfm')
    cd /Users/shizihan/DailyUse/Github/InkMarkdown/.github/fixtures/consumer-smoke/.swiftpm/xcode
    
    Using response file: /Users/shizihan/DailyUse/Github/InkMarkdown/.scratch/architecture-deepening-2026-09-07/evidence/20260907-1415-ticket-27/consumer/DerivedData-InkMarkdownCoreConsumer/Build/Intermediates.noindex/cmark-gfm.build/Debug-iphonesimulator/cmark-gfm.build/Objects-normal/arm64/7187679823f38a2a940e0043cdf9d637-common-args.resp
    
    /Applications/Xcode.app/Contents/Developer/Toolchains/XcodeDefault.xctoolchain/usr/bin/clang -x c -ivfsstatcache /Users/shizihan/DailyUse/Github/InkMarkdown/.scratch/architecture-deepening-2026-09-07/evidence/20260907-1415-ticket-27/consumer/DerivedData-InkMarkdownCoreConsumer/SDKStatCaches.noindex/iphonesimulator26.5-23F81a-6cfe768891a92b912361537c460fe42b.sdkstatcache -target arm64-apple-ios12.0-simulator -fmessage-length\=0 -fdiagnostics-show-note-include-stack -fmacro-backtrace-limit\=0 -fno-color-diagnostics -fmodules-prune-interval\=86400 -fmodules-prune-after\=345600 -fbuild-session-file\=/Users/shizihan/DailyUse/Github/InkMarkdown/.scratch/architecture-deepening-2026-09-07/evidence/20260907-1415-ticket-27/consumer/DerivedData-InkMarkdownCoreConsumer/ModuleCache.noindex/Session.modulevalidation -fmodules-validate-once-per-build-session -Wnon-modular-include-in-framework-module -Werror\=non-modular-include-in-framework-module -Wno-trigraphs -Wno-missing-field-initializers -Wno-missing-prototypes -Wno-return-type -Wno-missing-braces -Wparentheses -Wswitch -Wno-unused-function -Wno-unused-label -Wno-unused-parameter -Wno-unused-variable -Wunused-value -Wno-empty-body -Wno-uninitialized -Wno-unknown-pragmas -w -Wno-shadow -Wno-four-char-constants -Wno-conversion -Wno-constant-conversion -Wno-int-conversion -Wno-bool-conversion -Wno-enum-conversion -Wno-float-conversion -Wno-non-literal-null-conversion -Wno-objc-literal-conversion -Wshorten-64-to-32 -Wpointer-sign -Wno-newline-eof -Wno-implicit-fallthrough -isysroot /Applications/Xcode.app/Contents/Developer/Platforms/iPhoneSimulator.platform/Developer/SDKs/iPhoneSimulator26.5.sdk -fstrict-aliasing -Wdeprecated-declarations -Wno-sign-conversion -Wno-infinite-recursion -Wno-comma -Wno-block-capture-autoreleasing -Wno-strict-prototypes -Wno-semicolon-before-method-body -index-store-path /Users/shizihan/DailyUse/Github/InkMarkdown/.scratch/architecture-deepening-2026-09-07/evidence/20260907-1415-ticket-27/consumer/DerivedData-InkMarkdownCoreConsumer/Index.noindex/DataStore @/Users/shizihan/DailyUse/Github/InkMarkdown/.scratch/architecture-deepening-2026-09-07/evidence/20260907-1415-ticket-27/consumer/DerivedData-InkMarkdownCoreConsumer/Build/Intermediates.noindex/cmark-gfm.build/Debug-iphonesimulator/cmark-gfm.build/Objects-normal/arm64/7187679823f38a2a940e0043cdf9d637-common-args.resp -MMD -MT dependencies -MF /Users/shizihan/DailyUse/Github/InkMarkdown/.scratch/architecture-deepening-2026-09-07/evidence/20260907-1415-ticket-27/consumer/DerivedData-InkMarkdownCoreConsumer/Build/Intermediates.noindex/cmark-gfm.build/Debug-iphonesimulator/cmark-gfm.build/Objects-normal/arm64/houdini_href_e.d --serialize-diagnostics /Users/shizihan/DailyUse/Github/InkMarkdown/.scratch/architecture-deepening-2026-09-07/evidence/20260907-1415-ticket-27/consumer/DerivedData-InkMarkdownCoreConsumer/Build/Intermediates.noindex/cmark-gfm.build/Debug-iphonesimulator/cmark-gfm.build/Objects-normal/arm64/houdini_href_e.dia -c /Users/shizihan/DailyUse/Github/InkMarkdown/Packages/Caches/swift-cmark/src/houdini_href_e.c -o /Users/shizihan/DailyUse/Github/InkMarkdown/.scratch/architecture-deepening-2026-09-07/evidence/20260907-1415-ticket-27/consumer/DerivedData-InkMarkdownCoreConsumer/Build/Intermediates.noindex/cmark-gfm.build/Debug-iphonesimulator/cmark-gfm.build/Objects-normal/arm64/houdini_href_e.o -index-unit-output-path /cmark-gfm.build/Debug-iphonesimulator/cmark-gfm.build/Objects-normal/arm64/houdini_href_e.o

Ld /Users/shizihan/DailyUse/Github/InkMarkdown/.scratch/architecture-deepening-2026-09-07/evidence/20260907-1415-ticket-27/consumer/DerivedData-InkMarkdownCoreConsumer/Build/Products/Debug-iphonesimulator/CAtomic.o normal (in target 'CAtomic' from project 'swift-markdown')
    cd /Users/shizihan/DailyUse/Github/InkMarkdown/Packages/Caches/swift-markdown
    /Applications/Xcode.app/Contents/Developer/Toolchains/XcodeDefault.xctoolchain/usr/bin/clang -Xlinker -reproducible -target arm64-apple-ios12.0-simulator -r -isysroot /Applications/Xcode.app/Contents/Developer/Platforms/iPhoneSimulator.platform/Developer/SDKs/iPhoneSimulator26.5.sdk -O0 -w -F/Users/shizihan/DailyUse/Github/InkMarkdown/.scratch/architecture-deepening-2026-09-07/evidence/20260907-1415-ticket-27/consumer/DerivedData-InkMarkdownCoreConsumer/Build/Intermediates.noindex/EagerLinkingTBDs/Debug-iphonesimulator -F/Users/shizihan/DailyUse/Github/InkMarkdown/.scratch/architecture-deepening-2026-09-07/evidence/20260907-1415-ticket-27/consumer/DerivedData-InkMarkdownCoreConsumer/Build/Products/Debug-iphonesimulator -iframework /Applications/Xcode.app/Contents/Developer/Platforms/iPhoneSimulator.platform/Developer/Library/Frameworks -iframework /Applications/Xcode.app/Contents/Developer/Platforms/iPhoneSimulator.platform/Developer/SDKs/iPhoneSimulator26.5.sdk/Developer/Library/Frameworks -filelist /Users/shizihan/DailyUse/Github/InkMarkdown/.scratch/architecture-deepening-2026-09-07/evidence/20260907-1415-ticket-27/consumer/DerivedData-InkMarkdownCoreConsumer/Build/Intermediates.noindex/swift-markdown.build/Debug-iphonesimulator/CAtomic.build/Objects-normal/arm64/CAtomic.LinkFileList -nostdlib -Xlinker -object_path_lto -Xlinker /Users/shizihan/DailyUse/Github/InkMarkdown/.scratch/architecture-deepening-2026-09-07/evidence/20260907-1415-ticket-27/consumer/DerivedData-InkMarkdownCoreConsumer/Build/Intermediates.noindex/swift-markdown.build/Debug-iphonesimulator/CAtomic.build/Objects-normal/arm64/CAtomic_lto.o -Xlinker -no_deduplicate -Xlinker -objc_abi_version -Xlinker 2 -Xlinker -dependency_info -Xlinker /Users/shizihan/DailyUse/Github/InkMarkdown/.scratch/architecture-deepening-2026-09-07/evidence/20260907-1415-ticket-27/consumer/DerivedData-InkMarkdownCoreConsumer/Build/Intermediates.noindex/swift-markdown.build/Debug-iphonesimulator/CAtomic.build/Objects-normal/arm64/CAtomic_dependency_info.dat -o /Users/shizihan/DailyUse/Github/InkMarkdown/.scratch/architecture-deepening-2026-09-07/evidence/20260907-1415-ticket-27/consumer/DerivedData-InkMarkdownCoreConsumer/Build/Products/Debug-iphonesimulator/CAtomic.o

CompileC /Users/shizihan/DailyUse/Github/InkMarkdown/.scratch/architecture-deepening-2026-09-07/evidence/20260907-1415-ticket-27/consumer/DerivedData-InkMarkdownCoreConsumer/Build/Intermediates.noindex/cmark-gfm.build/Debug-iphonesimulator/cmark-gfm.build/Objects-normal/arm64/xml.o /Users/shizihan/DailyUse/Github/InkMarkdown/Packages/Caches/swift-cmark/src/xml.c normal arm64 c com.apple.compilers.llvm.clang.1_0.compiler (in target 'cmark-gfm' from project 'cmark-gfm')
    cd /Users/shizihan/DailyUse/Github/InkMarkdown/.github/fixtures/consumer-smoke/.swiftpm/xcode
    
    Using response file: /Users/shizihan/DailyUse/Github/InkMarkdown/.scratch/architecture-deepening-2026-09-07/evidence/20260907-1415-ticket-27/consumer/DerivedData-InkMarkdownCoreConsumer/Build/Intermediates.noindex/cmark-gfm.build/Debug-iphonesimulator/cmark-gfm.build/Objects-normal/arm64/7187679823f38a2a940e0043cdf9d637-common-args.resp
    
    /Applications/Xcode.app/Contents/Developer/Toolchains/XcodeDefault.xctoolchain/usr/bin/clang -x c -ivfsstatcache /Users/shizihan/DailyUse/Github/InkMarkdown/.scratch/architecture-deepening-2026-09-07/evidence/20260907-1415-ticket-27/consumer/DerivedData-InkMarkdownCoreConsumer/SDKStatCaches.noindex/iphonesimulator26.5-23F81a-6cfe768891a92b912361537c460fe42b.sdkstatcache -target arm64-apple-ios12.0-simulator -fmessage-length\=0 -fdiagnostics-show-note-include-stack -fmacro-backtrace-limit\=0 -fno-color-diagnostics -fmodules-prune-interval\=86400 -fmodules-prune-after\=345600 -fbuild-session-file\=/Users/shizihan/DailyUse/Github/InkMarkdown/.scratch/architecture-deepening-2026-09-07/evidence/20260907-1415-ticket-27/consumer/DerivedData-InkMarkdownCoreConsumer/ModuleCache.noindex/Session.modulevalidation -fmodules-validate-once-per-build-session -Wnon-modular-include-in-framework-module -Werror\=non-modular-include-in-framework-module -Wno-trigraphs -Wno-missing-field-initializers -Wno-missing-prototypes -Wno-return-type -Wno-missing-braces -Wparentheses -Wswitch -Wno-unused-function -Wno-unused-label -Wno-unused-parameter -Wno-unused-variable -Wunused-value -Wno-empty-body -Wno-uninitialized -Wno-unknown-pragmas -w -Wno-shadow -Wno-four-char-constants -Wno-conversion -Wno-constant-conversion -Wno-int-conversion -Wno-bool-conversion -Wno-enum-conversion -Wno-float-conversion -Wno-non-literal-null-conversion -Wno-objc-literal-conversion -Wshorten-64-to-32 -Wpointer-sign -Wno-newline-eof -Wno-implicit-fallthrough -isysroot /Applications/Xcode.app/Contents/Developer/Platforms/iPhoneSimulator.platform/Developer/SDKs/iPhoneSimulator26.5.sdk -fstrict-aliasing -Wdeprecated-declarations -Wno-sign-conversion -Wno-infinite-recursion -Wno-comma -Wno-block-capture-autoreleasing -Wno-strict-prototypes -Wno-semicolon-before-method-body -index-store-path /Users/shizihan/DailyUse/Github/InkMarkdown/.scratch/architecture-deepening-2026-09-07/evidence/20260907-1415-ticket-27/consumer/DerivedData-InkMarkdownCoreConsumer/Index.noindex/DataStore @/Users/shizihan/DailyUse/Github/InkMarkdown/.scratch/architecture-deepening-2026-09-07/evidence/20260907-1415-ticket-27/consumer/DerivedData-InkMarkdownCoreConsumer/Build/Intermediates.noindex/cmark-gfm.build/Debug-iphonesimulator/cmark-gfm.build/Objects-normal/arm64/7187679823f38a2a940e0043cdf9d637-common-args.resp -MMD -MT dependencies -MF /Users/shizihan/DailyUse/Github/InkMarkdown/.scratch/architecture-deepening-2026-09-07/evidence/20260907-1415-ticket-27/consumer/DerivedData-InkMarkdownCoreConsumer/Build/Intermediates.noindex/cmark-gfm.build/Debug-iphonesimulator/cmark-gfm.build/Objects-normal/arm64/xml.d --serialize-diagnostics /Users/shizihan/DailyUse/Github/InkMarkdown/.scratch/architecture-deepening-2026-09-07/evidence/20260907-1415-ticket-27/consumer/DerivedData-InkMarkdownCoreConsumer/Build/Intermediates.noindex/cmark-gfm.build/Debug-iphonesimulator/cmark-gfm.build/Objects-normal/arm64/xml.dia -c /Users/shizihan/DailyUse/Github/InkMarkdown/Packages/Caches/swift-cmark/src/xml.c -o /Users/shizihan/DailyUse/Github/InkMarkdown/.scratch/architecture-deepening-2026-09-07/evidence/20260907-1415-ticket-27/consumer/DerivedData-InkMarkdownCoreConsumer/Build/Intermediates.noindex/cmark-gfm.build/Debug-iphonesimulator/cmark-gfm.build/Objects-normal/arm64/xml.o -index-unit-output-path /cmark-gfm.build/Debug-iphonesimulator/cmark-gfm.build/Objects-normal/arm64/xml.o

CompileC /Users/shizihan/DailyUse/Github/InkMarkdown/.scratch/architecture-deepening-2026-09-07/evidence/20260907-1415-ticket-27/consumer/DerivedData-InkMarkdownCoreConsumer/Build/Intermediates.noindex/cmark-gfm.build/Debug-iphonesimulator/cmark-gfm.build/Objects-normal/arm64/utf8.o /Users/shizihan/DailyUse/Github/InkMarkdown/Packages/Caches/swift-cmark/src/utf8.c normal arm64 c com.apple.compilers.llvm.clang.1_0.compiler (in target 'cmark-gfm' from project 'cmark-gfm')
    cd /Users/shizihan/DailyUse/Github/InkMarkdown/.github/fixtures/consumer-smoke/.swiftpm/xcode
    
    Using response file: /Users/shizihan/DailyUse/Github/InkMarkdown/.scratch/architecture-deepening-2026-09-07/evidence/20260907-1415-ticket-27/consumer/DerivedData-InkMarkdownCoreConsumer/Build/Intermediates.noindex/cmark-gfm.build/Debug-iphonesimulator/cmark-gfm.build/Objects-normal/arm64/7187679823f38a2a940e0043cdf9d637-common-args.resp
    
    /Applications/Xcode.app/Contents/Developer/Toolchains/XcodeDefault.xctoolchain/usr/bin/clang -x c -ivfsstatcache /Users/shizihan/DailyUse/Github/InkMarkdown/.scratch/architecture-deepening-2026-09-07/evidence/20260907-1415-ticket-27/consumer/DerivedData-InkMarkdownCoreConsumer/SDKStatCaches.noindex/iphonesimulator26.5-23F81a-6cfe768891a92b912361537c460fe42b.sdkstatcache -target arm64-apple-ios12.0-simulator -fmessage-length\=0 -fdiagnostics-show-note-include-stack -fmacro-backtrace-limit\=0 -fno-color-diagnostics -fmodules-prune-interval\=86400 -fmodules-prune-after\=345600 -fbuild-session-file\=/Users/shizihan/DailyUse/Github/InkMarkdown/.scratch/architecture-deepening-2026-09-07/evidence/20260907-1415-ticket-27/consumer/DerivedData-InkMarkdownCoreConsumer/ModuleCache.noindex/Session.modulevalidation -fmodules-validate-once-per-build-session -Wnon-modular-include-in-framework-module -Werror\=non-modular-include-in-framework-module -Wno-trigraphs -Wno-missing-field-initializers -Wno-missing-prototypes -Wno-return-type -Wno-missing-braces -Wparentheses -Wswitch -Wno-unused-function -Wno-unused-label -Wno-unused-parameter -Wno-unused-variable -Wunused-value -Wno-empty-body -Wno-uninitialized -Wno-unknown-pragmas -w -Wno-shadow -Wno-four-char-constants -Wno-conversion -Wno-constant-conversion -Wno-int-conversion -Wno-bool-conversion -Wno-enum-conversion -Wno-float-conversion -Wno-non-literal-null-conversion -Wno-objc-literal-conversion -Wshorten-64-to-32 -Wpointer-sign -Wno-newline-eof -Wno-implicit-fallthrough -isysroot /Applications/Xcode.app/Contents/Developer/Platforms/iPhoneSimulator.platform/Developer/SDKs/iPhoneSimulator26.5.sdk -fstrict-aliasing -Wdeprecated-declarations -Wno-sign-conversion -Wno-infinite-recursion -Wno-comma -Wno-block-capture-autoreleasing -Wno-strict-prototypes -Wno-semicolon-before-method-body -index-store-path /Users/shizihan/DailyUse/Github/InkMarkdown/.scratch/architecture-deepening-2026-09-07/evidence/20260907-1415-ticket-27/consumer/DerivedData-InkMarkdownCoreConsumer/Index.noindex/DataStore @/Users/shizihan/DailyUse/Github/InkMarkdown/.scratch/architecture-deepening-2026-09-07/evidence/20260907-1415-ticket-27/consumer/DerivedData-InkMarkdownCoreConsumer/Build/Intermediates.noindex/cmark-gfm.build/Debug-iphonesimulator/cmark-gfm.build/Objects-normal/arm64/7187679823f38a2a940e0043cdf9d637-common-args.resp -MMD -MT dependencies -MF /Users/shizihan/DailyUse/Github/InkMarkdown/.scratch/architecture-deepening-2026-09-07/evidence/20260907-1415-ticket-27/consumer/DerivedData-InkMarkdownCoreConsumer/Build/Intermediates.noindex/cmark-gfm.build/Debug-iphonesimulator/cmark-gfm.build/Objects-normal/arm64/utf8.d --serialize-diagnostics /Users/shizihan/DailyUse/Github/InkMarkdown/.scratch/architecture-deepening-2026-09-07/evidence/20260907-1415-ticket-27/consumer/DerivedData-InkMarkdownCoreConsumer/Build/Intermediates.noindex/cmark-gfm.build/Debug-iphonesimulator/cmark-gfm.build/Objects-normal/arm64/utf8.dia -c /Users/shizihan/DailyUse/Github/InkMarkdown/Packages/Caches/swift-cmark/src/utf8.c -o /Users/shizihan/DailyUse/Github/InkMarkdown/.scratch/architecture-deepening-2026-09-07/evidence/20260907-1415-ticket-27/consumer/DerivedData-InkMarkdownCoreConsumer/Build/Intermediates.noindex/cmark-gfm.build/Debug-iphonesimulator/cmark-gfm.build/Objects-normal/arm64/utf8.o -index-unit-output-path /cmark-gfm.build/Debug-iphonesimulator/cmark-gfm.build/Objects-normal/arm64/utf8.o

CompileC /Users/shizihan/DailyUse/Github/InkMarkdown/.scratch/architecture-deepening-2026-09-07/evidence/20260907-1415-ticket-27/consumer/DerivedData-InkMarkdownCoreConsumer/Build/Intermediates.noindex/cmark-gfm.build/Debug-iphonesimulator/cmark-gfm.build/Objects-normal/arm64/syntax_extension.o /Users/shizihan/DailyUse/Github/InkMarkdown/Packages/Caches/swift-cmark/src/syntax_extension.c normal arm64 c com.apple.compilers.llvm.clang.1_0.compiler (in target 'cmark-gfm' from project 'cmark-gfm')
    cd /Users/shizihan/DailyUse/Github/InkMarkdown/.github/fixtures/consumer-smoke/.swiftpm/xcode
    
    Using response file: /Users/shizihan/DailyUse/Github/InkMarkdown/.scratch/architecture-deepening-2026-09-07/evidence/20260907-1415-ticket-27/consumer/DerivedData-InkMarkdownCoreConsumer/Build/Intermediates.noindex/cmark-gfm.build/Debug-iphonesimulator/cmark-gfm.build/Objects-normal/arm64/7187679823f38a2a940e0043cdf9d637-common-args.resp
    
    /Applications/Xcode.app/Contents/Developer/Toolchains/XcodeDefault.xctoolchain/usr/bin/clang -x c -ivfsstatcache /Users/shizihan/DailyUse/Github/InkMarkdown/.scratch/architecture-deepening-2026-09-07/evidence/20260907-1415-ticket-27/consumer/DerivedData-InkMarkdownCoreConsumer/SDKStatCaches.noindex/iphonesimulator26.5-23F81a-6cfe768891a92b912361537c460fe42b.sdkstatcache -target arm64-apple-ios12.0-simulator -fmessage-length\=0 -fdiagnostics-show-note-include-stack -fmacro-backtrace-limit\=0 -fno-color-diagnostics -fmodules-prune-interval\=86400 -fmodules-prune-after\=345600 -fbuild-session-file\=/Users/shizihan/DailyUse/Github/InkMarkdown/.scratch/architecture-deepening-2026-09-07/evidence/20260907-1415-ticket-27/consumer/DerivedData-InkMarkdownCoreConsumer/ModuleCache.noindex/Session.modulevalidation -fmodules-validate-once-per-build-session -Wnon-modular-include-in-framework-module -Werror\=non-modular-include-in-framework-module -Wno-trigraphs -Wno-missing-field-initializers -Wno-missing-prototypes -Wno-return-type -Wno-missing-braces -Wparentheses -Wswitch -Wno-unused-function -Wno-unused-label -Wno-unused-parameter -Wno-unused-variable -Wunused-value -Wno-empty-body -Wno-uninitialized -Wno-unknown-pragmas -w -Wno-shadow -Wno-four-char-constants -Wno-conversion -Wno-constant-conversion -Wno-int-conversion -Wno-bool-conversion -Wno-enum-conversion -Wno-float-conversion -Wno-non-literal-null-conversion -Wno-objc-literal-conversion -Wshorten-64-to-32 -Wpointer-sign -Wno-newline-eof -Wno-implicit-fallthrough -isysroot /Applications/Xcode.app/Contents/Developer/Platforms/iPhoneSimulator.platform/Developer/SDKs/iPhoneSimulator26.5.sdk -fstrict-aliasing -Wdeprecated-declarations -Wno-sign-conversion -Wno-infinite-recursion -Wno-comma -Wno-block-capture-autoreleasing -Wno-strict-prototypes -Wno-semicolon-before-method-body -index-store-path /Users/shizihan/DailyUse/Github/InkMarkdown/.scratch/architecture-deepening-2026-09-07/evidence/20260907-1415-ticket-27/consumer/DerivedData-InkMarkdownCoreConsumer/Index.noindex/DataStore @/Users/shizihan/DailyUse/Github/InkMarkdown/.scratch/architecture-deepening-2026-09-07/evidence/20260907-1415-ticket-27/consumer/DerivedData-InkMarkdownCoreConsumer/Build/Intermediates.noindex/cmark-gfm.build/Debug-iphonesimulator/cmark-gfm.build/Objects-normal/arm64/7187679823f38a2a940e0043cdf9d637-common-args.resp -MMD -MT dependencies -MF /Users/shizihan/DailyUse/Github/InkMarkdown/.scratch/architecture-deepening-2026-09-07/evidence/20260907-1415-ticket-27/consumer/DerivedData-InkMarkdownCoreConsumer/Build/Intermediates.noindex/cmark-gfm.build/Debug-iphonesimulator/cmark-gfm.build/Objects-normal/arm64/syntax_extension.d --serialize-diagnostics /Users/shizihan/DailyUse/Github/InkMarkdown/.scratch/architecture-deepening-2026-09-07/evidence/20260907-1415-ticket-27/consumer/DerivedData-InkMarkdownCoreConsumer/Build/Intermediates.noindex/cmark-gfm.build/Debug-iphonesimulator/cmark-gfm.build/Objects-normal/arm64/syntax_extension.dia -c /Users/shizihan/DailyUse/Github/InkMarkdown/Packages/Caches/swift-cmark/src/syntax_extension.c -o /Users/shizihan/DailyUse/Github/InkMarkdown/.scratch/architecture-deepening-2026-09-07/evidence/20260907-1415-ticket-27/consumer/DerivedData-InkMarkdownCoreConsumer/Build/Intermediates.noindex/cmark-gfm.build/Debug-iphonesimulator/cmark-gfm.build/Objects-normal/arm64/syntax_extension.o -index-unit-output-path /cmark-gfm.build/Debug-iphonesimulator/cmark-gfm.build/Objects-normal/arm64/syntax_extension.o

CompileC /Users/shizihan/DailyUse/Github/InkMarkdown/.scratch/architecture-deepening-2026-09-07/evidence/20260907-1415-ticket-27/consumer/DerivedData-InkMarkdownCoreConsumer/Build/Intermediates.noindex/cmark-gfm.build/Debug-iphonesimulator/cmark-gfm.build/Objects-normal/arm64/scanners.o /Users/shizihan/DailyUse/Github/InkMarkdown/Packages/Caches/swift-cmark/src/scanners.c normal arm64 c com.apple.compilers.llvm.clang.1_0.compiler (in target 'cmark-gfm' from project 'cmark-gfm')
    cd /Users/shizihan/DailyUse/Github/InkMarkdown/.github/fixtures/consumer-smoke/.swiftpm/xcode
    
    Using response file: /Users/shizihan/DailyUse/Github/InkMarkdown/.scratch/architecture-deepening-2026-09-07/evidence/20260907-1415-ticket-27/consumer/DerivedData-InkMarkdownCoreConsumer/Build/Intermediates.noindex/cmark-gfm.build/Debug-iphonesimulator/cmark-gfm.build/Objects-normal/arm64/7187679823f38a2a940e0043cdf9d637-common-args.resp
    
    /Applications/Xcode.app/Contents/Developer/Toolchains/XcodeDefault.xctoolchain/usr/bin/clang -x c -ivfsstatcache /Users/shizihan/DailyUse/Github/InkMarkdown/.scratch/architecture-deepening-2026-09-07/evidence/20260907-1415-ticket-27/consumer/DerivedData-InkMarkdownCoreConsumer/SDKStatCaches.noindex/iphonesimulator26.5-23F81a-6cfe768891a92b912361537c460fe42b.sdkstatcache -target arm64-apple-ios12.0-simulator -fmessage-length\=0 -fdiagnostics-show-note-include-stack -fmacro-backtrace-limit\=0 -fno-color-diagnostics -fmodules-prune-interval\=86400 -fmodules-prune-after\=345600 -fbuild-session-file\=/Users/shizihan/DailyUse/Github/InkMarkdown/.scratch/architecture-deepening-2026-09-07/evidence/20260907-1415-ticket-27/consumer/DerivedData-InkMarkdownCoreConsumer/ModuleCache.noindex/Session.modulevalidation -fmodules-validate-once-per-build-session -Wnon-modular-include-in-framework-module -Werror\=non-modular-include-in-framework-module -Wno-trigraphs -Wno-missing-field-initializers -Wno-missing-prototypes -Wno-return-type -Wno-missing-braces -Wparentheses -Wswitch -Wno-unused-function -Wno-unused-label -Wno-unused-parameter -Wno-unused-variable -Wunused-value -Wno-empty-body -Wno-uninitialized -Wno-unknown-pragmas -w -Wno-shadow -Wno-four-char-constants -Wno-conversion -Wno-constant-conversion -Wno-int-conversion -Wno-bool-conversion -Wno-enum-conversion -Wno-float-conversion -Wno-non-literal-null-conversion -Wno-objc-literal-conversion -Wshorten-64-to-32 -Wpointer-sign -Wno-newline-eof -Wno-implicit-fallthrough -isysroot /Applications/Xcode.app/Contents/Developer/Platforms/iPhoneSimulator.platform/Developer/SDKs/iPhoneSimulator26.5.sdk -fstrict-aliasing -Wdeprecated-declarations -Wno-sign-conversion -Wno-infinite-recursion -Wno-comma -Wno-block-capture-autoreleasing -Wno-strict-prototypes -Wno-semicolon-before-method-body -index-store-path /Users/shizihan/DailyUse/Github/InkMarkdown/.scratch/architecture-deepening-2026-09-07/evidence/20260907-1415-ticket-27/consumer/DerivedData-InkMarkdownCoreConsumer/Index.noindex/DataStore @/Users/shizihan/DailyUse/Github/InkMarkdown/.scratch/architecture-deepening-2026-09-07/evidence/20260907-1415-ticket-27/consumer/DerivedData-InkMarkdownCoreConsumer/Build/Intermediates.noindex/cmark-gfm.build/Debug-iphonesimulator/cmark-gfm.build/Objects-normal/arm64/7187679823f38a2a940e0043cdf9d637-common-args.resp -MMD -MT dependencies -MF /Users/shizihan/DailyUse/Github/InkMarkdown/.scratch/architecture-deepening-2026-09-07/evidence/20260907-1415-ticket-27/consumer/DerivedData-InkMarkdownCoreConsumer/Build/Intermediates.noindex/cmark-gfm.build/Debug-iphonesimulator/cmark-gfm.build/Objects-normal/arm64/scanners.d --serialize-diagnostics /Users/shizihan/DailyUse/Github/InkMarkdown/.scratch/architecture-deepening-2026-09-07/evidence/20260907-1415-ticket-27/consumer/DerivedData-InkMarkdownCoreConsumer/Build/Intermediates.noindex/cmark-gfm.build/Debug-iphonesimulator/cmark-gfm.build/Objects-normal/arm64/scanners.dia -c /Users/shizihan/DailyUse/Github/InkMarkdown/Packages/Caches/swift-cmark/src/scanners.c -o /Users/shizihan/DailyUse/Github/InkMarkdown/.scratch/architecture-deepening-2026-09-07/evidence/20260907-1415-ticket-27/consumer/DerivedData-InkMarkdownCoreConsumer/Build/Intermediates.noindex/cmark-gfm.build/Debug-iphonesimulator/cmark-gfm.build/Objects-normal/arm64/scanners.o -index-unit-output-path /cmark-gfm.build/Debug-iphonesimulator/cmark-gfm.build/Objects-normal/arm64/scanners.o

CompileC /Users/shizihan/DailyUse/Github/InkMarkdown/.scratch/architecture-deepening-2026-09-07/evidence/20260907-1415-ticket-27/consumer/DerivedData-InkMarkdownCoreConsumer/Build/Intermediates.noindex/cmark-gfm.build/Debug-iphonesimulator/cmark-gfm.build/Objects-normal/arm64/render.o /Users/shizihan/DailyUse/Github/InkMarkdown/Packages/Caches/swift-cmark/src/render.c normal arm64 c com.apple.compilers.llvm.clang.1_0.compiler (in target 'cmark-gfm' from project 'cmark-gfm')
    cd /Users/shizihan/DailyUse/Github/InkMarkdown/.github/fixtures/consumer-smoke/.swiftpm/xcode
    
    Using response file: /Users/shizihan/DailyUse/Github/InkMarkdown/.scratch/architecture-deepening-2026-09-07/evidence/20260907-1415-ticket-27/consumer/DerivedData-InkMarkdownCoreConsumer/Build/Intermediates.noindex/cmark-gfm.build/Debug-iphonesimulator/cmark-gfm.build/Objects-normal/arm64/7187679823f38a2a940e0043cdf9d637-common-args.resp
    
    /Applications/Xcode.app/Contents/Developer/Toolchains/XcodeDefault.xctoolchain/usr/bin/clang -x c -ivfsstatcache /Users/shizihan/DailyUse/Github/InkMarkdown/.scratch/architecture-deepening-2026-09-07/evidence/20260907-1415-ticket-27/consumer/DerivedData-InkMarkdownCoreConsumer/SDKStatCaches.noindex/iphonesimulator26.5-23F81a-6cfe768891a92b912361537c460fe42b.sdkstatcache -target arm64-apple-ios12.0-simulator -fmessage-length\=0 -fdiagnostics-show-note-include-stack -fmacro-backtrace-limit\=0 -fno-color-diagnostics -fmodules-prune-interval\=86400 -fmodules-prune-after\=345600 -fbuild-session-file\=/Users/shizihan/DailyUse/Github/InkMarkdown/.scratch/architecture-deepening-2026-09-07/evidence/20260907-1415-ticket-27/consumer/DerivedData-InkMarkdownCoreConsumer/ModuleCache.noindex/Session.modulevalidation -fmodules-validate-once-per-build-session -Wnon-modular-include-in-framework-module -Werror\=non-modular-include-in-framework-module -Wno-trigraphs -Wno-missing-field-initializers -Wno-missing-prototypes -Wno-return-type -Wno-missing-braces -Wparentheses -Wswitch -Wno-unused-function -Wno-unused-label -Wno-unused-parameter -Wno-unused-variable -Wunused-value -Wno-empty-body -Wno-uninitialized -Wno-unknown-pragmas -w -Wno-shadow -Wno-four-char-constants -Wno-conversion -Wno-constant-conversion -Wno-int-conversion -Wno-bool-conversion -Wno-enum-conversion -Wno-float-conversion -Wno-non-literal-null-conversion -Wno-objc-literal-conversion -Wshorten-64-to-32 -Wpointer-sign -Wno-newline-eof -Wno-implicit-fallthrough -isysroot /Applications/Xcode.app/Contents/Developer/Platforms/iPhoneSimulator.platform/Developer/SDKs/iPhoneSimulator26.5.sdk -fstrict-aliasing -Wdeprecated-declarations -Wno-sign-conversion -Wno-infinite-recursion -Wno-comma -Wno-block-capture-autoreleasing -Wno-strict-prototypes -Wno-semicolon-before-method-body -index-store-path /Users/shizihan/DailyUse/Github/InkMarkdown/.scratch/architecture-deepening-2026-09-07/evidence/20260907-1415-ticket-27/consumer/DerivedData-InkMarkdownCoreConsumer/Index.noindex/DataStore @/Users/shizihan/DailyUse/Github/InkMarkdown/.scratch/architecture-deepening-2026-09-07/evidence/20260907-1415-ticket-27/consumer/DerivedData-InkMarkdownCoreConsumer/Build/Intermediates.noindex/cmark-gfm.build/Debug-iphonesimulator/cmark-gfm.build/Objects-normal/arm64/7187679823f38a2a940e0043cdf9d637-common-args.resp -MMD -MT dependencies -MF /Users/shizihan/DailyUse/Github/InkMarkdown/.scratch/architecture-deepening-2026-09-07/evidence/20260907-1415-ticket-27/consumer/DerivedData-InkMarkdownCoreConsumer/Build/Intermediates.noindex/cmark-gfm.build/Debug-iphonesimulator/cmark-gfm.build/Objects-normal/arm64/render.d --serialize-diagnostics /Users/shizihan/DailyUse/Github/InkMarkdown/.scratch/architecture-deepening-2026-09-07/evidence/20260907-1415-ticket-27/consumer/DerivedData-InkMarkdownCoreConsumer/Build/Intermediates.noindex/cmark-gfm.build/Debug-iphonesimulator/cmark-gfm.build/Objects-normal/arm64/render.dia -c /Users/shizihan/DailyUse/Github/InkMarkdown/Packages/Caches/swift-cmark/src/render.c -o /Users/shizihan/DailyUse/Github/InkMarkdown/.scratch/architecture-deepening-2026-09-07/evidence/20260907-1415-ticket-27/consumer/DerivedData-InkMarkdownCoreConsumer/Build/Intermediates.noindex/cmark-gfm.build/Debug-iphonesimulator/cmark-gfm.build/Objects-normal/arm64/render.o -index-unit-output-path /cmark-gfm.build/Debug-iphonesimulator/cmark-gfm.build/Objects-normal/arm64/render.o

CompileC /Users/shizihan/DailyUse/Github/InkMarkdown/.scratch/architecture-deepening-2026-09-07/evidence/20260907-1415-ticket-27/consumer/DerivedData-InkMarkdownCoreConsumer/Build/Intermediates.noindex/cmark-gfm.build/Debug-iphonesimulator/cmark-gfm.build/Objects-normal/arm64/registry.o /Users/shizihan/DailyUse/Github/InkMarkdown/Packages/Caches/swift-cmark/src/registry.c normal arm64 c com.apple.compilers.llvm.clang.1_0.compiler (in target 'cmark-gfm' from project 'cmark-gfm')
    cd /Users/shizihan/DailyUse/Github/InkMarkdown/.github/fixtures/consumer-smoke/.swiftpm/xcode
    
    Using response file: /Users/shizihan/DailyUse/Github/InkMarkdown/.scratch/architecture-deepening-2026-09-07/evidence/20260907-1415-ticket-27/consumer/DerivedData-InkMarkdownCoreConsumer/Build/Intermediates.noindex/cmark-gfm.build/Debug-iphonesimulator/cmark-gfm.build/Objects-normal/arm64/7187679823f38a2a940e0043cdf9d637-common-args.resp
    
    /Applications/Xcode.app/Contents/Developer/Toolchains/XcodeDefault.xctoolchain/usr/bin/clang -x c -ivfsstatcache /Users/shizihan/DailyUse/Github/InkMarkdown/.scratch/architecture-deepening-2026-09-07/evidence/20260907-1415-ticket-27/consumer/DerivedData-InkMarkdownCoreConsumer/SDKStatCaches.noindex/iphonesimulator26.5-23F81a-6cfe768891a92b912361537c460fe42b.sdkstatcache -target arm64-apple-ios12.0-simulator -fmessage-length\=0 -fdiagnostics-show-note-include-stack -fmacro-backtrace-limit\=0 -fno-color-diagnostics -fmodules-prune-interval\=86400 -fmodules-prune-after\=345600 -fbuild-session-file\=/Users/shizihan/DailyUse/Github/InkMarkdown/.scratch/architecture-deepening-2026-09-07/evidence/20260907-1415-ticket-27/consumer/DerivedData-InkMarkdownCoreConsumer/ModuleCache.noindex/Session.modulevalidation -fmodules-validate-once-per-build-session -Wnon-modular-include-in-framework-module -Werror\=non-modular-include-in-framework-module -Wno-trigraphs -Wno-missing-field-initializers -Wno-missing-prototypes -Wno-return-type -Wno-missing-braces -Wparentheses -Wswitch -Wno-unused-function -Wno-unused-label -Wno-unused-parameter -Wno-unused-variable -Wunused-value -Wno-empty-body -Wno-uninitialized -Wno-unknown-pragmas -w -Wno-shadow -Wno-four-char-constants -Wno-conversion -Wno-constant-conversion -Wno-int-conversion -Wno-bool-conversion -Wno-enum-conversion -Wno-float-conversion -Wno-non-literal-null-conversion -Wno-objc-literal-conversion -Wshorten-64-to-32 -Wpointer-sign -Wno-newline-eof -Wno-implicit-fallthrough -isysroot /Applications/Xcode.app/Contents/Developer/Platforms/iPhoneSimulator.platform/Developer/SDKs/iPhoneSimulator26.5.sdk -fstrict-aliasing -Wdeprecated-declarations -Wno-sign-conversion -Wno-infinite-recursion -Wno-comma -Wno-block-capture-autoreleasing -Wno-strict-prototypes -Wno-semicolon-before-method-body -index-store-path /Users/shizihan/DailyUse/Github/InkMarkdown/.scratch/architecture-deepening-2026-09-07/evidence/20260907-1415-ticket-27/consumer/DerivedData-InkMarkdownCoreConsumer/Index.noindex/DataStore @/Users/shizihan/DailyUse/Github/InkMarkdown/.scratch/architecture-deepening-2026-09-07/evidence/20260907-1415-ticket-27/consumer/DerivedData-InkMarkdownCoreConsumer/Build/Intermediates.noindex/cmark-gfm.build/Debug-iphonesimulator/cmark-gfm.build/Objects-normal/arm64/7187679823f38a2a940e0043cdf9d637-common-args.resp -MMD -MT dependencies -MF /Users/shizihan/DailyUse/Github/InkMarkdown/.scratch/architecture-deepening-2026-09-07/evidence/20260907-1415-ticket-27/consumer/DerivedData-InkMarkdownCoreConsumer/Build/Intermediates.noindex/cmark-gfm.build/Debug-iphonesimulator/cmark-gfm.build/Objects-normal/arm64/registry.d --serialize-diagnostics /Users/shizihan/DailyUse/Github/InkMarkdown/.scratch/architecture-deepening-2026-09-07/evidence/20260907-1415-ticket-27/consumer/DerivedData-InkMarkdownCoreConsumer/Build/Intermediates.noindex/cmark-gfm.build/Debug-iphonesimulator/cmark-gfm.build/Objects-normal/arm64/registry.dia -c /Users/shizihan/DailyUse/Github/InkMarkdown/Packages/Caches/swift-cmark/src/registry.c -o /Users/shizihan/DailyUse/Github/InkMarkdown/.scratch/architecture-deepening-2026-09-07/evidence/20260907-1415-ticket-27/consumer/DerivedData-InkMarkdownCoreConsumer/Build/Intermediates.noindex/cmark-gfm.build/Debug-iphonesimulator/cmark-gfm.build/Objects-normal/arm64/registry.o -index-unit-output-path /cmark-gfm.build/Debug-iphonesimulator/cmark-gfm.build/Objects-normal/arm64/registry.o

CompileC /Users/shizihan/DailyUse/Github/InkMarkdown/.scratch/architecture-deepening-2026-09-07/evidence/20260907-1415-ticket-27/consumer/DerivedData-InkMarkdownCoreConsumer/Build/Intermediates.noindex/cmark-gfm.build/Debug-iphonesimulator/cmark-gfm.build/Objects-normal/arm64/references.o /Users/shizihan/DailyUse/Github/InkMarkdown/Packages/Caches/swift-cmark/src/references.c normal arm64 c com.apple.compilers.llvm.clang.1_0.compiler (in target 'cmark-gfm' from project 'cmark-gfm')
    cd /Users/shizihan/DailyUse/Github/InkMarkdown/.github/fixtures/consumer-smoke/.swiftpm/xcode
    
    Using response file: /Users/shizihan/DailyUse/Github/InkMarkdown/.scratch/architecture-deepening-2026-09-07/evidence/20260907-1415-ticket-27/consumer/DerivedData-InkMarkdownCoreConsumer/Build/Intermediates.noindex/cmark-gfm.build/Debug-iphonesimulator/cmark-gfm.build/Objects-normal/arm64/7187679823f38a2a940e0043cdf9d637-common-args.resp
    
    /Applications/Xcode.app/Contents/Developer/Toolchains/XcodeDefault.xctoolchain/usr/bin/clang -x c -ivfsstatcache /Users/shizihan/DailyUse/Github/InkMarkdown/.scratch/architecture-deepening-2026-09-07/evidence/20260907-1415-ticket-27/consumer/DerivedData-InkMarkdownCoreConsumer/SDKStatCaches.noindex/iphonesimulator26.5-23F81a-6cfe768891a92b912361537c460fe42b.sdkstatcache -target arm64-apple-ios12.0-simulator -fmessage-length\=0 -fdiagnostics-show-note-include-stack -fmacro-backtrace-limit\=0 -fno-color-diagnostics -fmodules-prune-interval\=86400 -fmodules-prune-after\=345600 -fbuild-session-file\=/Users/shizihan/DailyUse/Github/InkMarkdown/.scratch/architecture-deepening-2026-09-07/evidence/20260907-1415-ticket-27/consumer/DerivedData-InkMarkdownCoreConsumer/ModuleCache.noindex/Session.modulevalidation -fmodules-validate-once-per-build-session -Wnon-modular-include-in-framework-module -Werror\=non-modular-include-in-framework-module -Wno-trigraphs -Wno-missing-field-initializers -Wno-missing-prototypes -Wno-return-type -Wno-missing-braces -Wparentheses -Wswitch -Wno-unused-function -Wno-unused-label -Wno-unused-parameter -Wno-unused-variable -Wunused-value -Wno-empty-body -Wno-uninitialized -Wno-unknown-pragmas -w -Wno-shadow -Wno-four-char-constants -Wno-conversion -Wno-constant-conversion -Wno-int-conversion -Wno-bool-conversion -Wno-enum-conversion -Wno-float-conversion -Wno-non-literal-null-conversion -Wno-objc-literal-conversion -Wshorten-64-to-32 -Wpointer-sign -Wno-newline-eof -Wno-implicit-fallthrough -isysroot /Applications/Xcode.app/Contents/Developer/Platforms/iPhoneSimulator.platform/Developer/SDKs/iPhoneSimulator26.5.sdk -fstrict-aliasing -Wdeprecated-declarations -Wno-sign-conversion -Wno-infinite-recursion -Wno-comma -Wno-block-capture-autoreleasing -Wno-strict-prototypes -Wno-semicolon-before-method-body -index-store-path /Users/shizihan/DailyUse/Github/InkMarkdown/.scratch/architecture-deepening-2026-09-07/evidence/20260907-1415-ticket-27/consumer/DerivedData-InkMarkdownCoreConsumer/Index.noindex/DataStore @/Users/shizihan/DailyUse/Github/InkMarkdown/.scratch/architecture-deepening-2026-09-07/evidence/20260907-1415-ticket-27/consumer/DerivedData-InkMarkdownCoreConsumer/Build/Intermediates.noindex/cmark-gfm.build/Debug-iphonesimulator/cmark-gfm.build/Objects-normal/arm64/7187679823f38a2a940e0043cdf9d637-common-args.resp -MMD -MT dependencies -MF /Users/shizihan/DailyUse/Github/InkMarkdown/.scratch/architecture-deepening-2026-09-07/evidence/20260907-1415-ticket-27/consumer/DerivedData-InkMarkdownCoreConsumer/Build/Intermediates.noindex/cmark-gfm.build/Debug-iphonesimulator/cmark-gfm.build/Objects-normal/arm64/references.d --serialize-diagnostics /Users/shizihan/DailyUse/Github/InkMarkdown/.scratch/architecture-deepening-2026-09-07/evidence/20260907-1415-ticket-27/consumer/DerivedData-InkMarkdownCoreConsumer/Build/Intermediates.noindex/cmark-gfm.build/Debug-iphonesimulator/cmark-gfm.build/Objects-normal/arm64/references.dia -c /Users/shizihan/DailyUse/Github/InkMarkdown/Packages/Caches/swift-cmark/src/references.c -o /Users/shizihan/DailyUse/Github/InkMarkdown/.scratch/architecture-deepening-2026-09-07/evidence/20260907-1415-ticket-27/consumer/DerivedData-InkMarkdownCoreConsumer/Build/Intermediates.noindex/cmark-gfm.build/Debug-iphonesimulator/cmark-gfm.build/Objects-normal/arm64/references.o -index-unit-output-path /cmark-gfm.build/Debug-iphonesimulator/cmark-gfm.build/Objects-normal/arm64/references.o

CompileC /Users/shizihan/DailyUse/Github/InkMarkdown/.scratch/architecture-deepening-2026-09-07/evidence/20260907-1415-ticket-27/consumer/DerivedData-InkMarkdownCoreConsumer/Build/Intermediates.noindex/cmark-gfm.build/Debug-iphonesimulator/cmark-gfm.build/Objects-normal/arm64/plugin.o /Users/shizihan/DailyUse/Github/InkMarkdown/Packages/Caches/swift-cmark/src/plugin.c normal arm64 c com.apple.compilers.llvm.clang.1_0.compiler (in target 'cmark-gfm' from project 'cmark-gfm')
    cd /Users/shizihan/DailyUse/Github/InkMarkdown/.github/fixtures/consumer-smoke/.swiftpm/xcode
    
    Using response file: /Users/shizihan/DailyUse/Github/InkMarkdown/.scratch/architecture-deepening-2026-09-07/evidence/20260907-1415-ticket-27/consumer/DerivedData-InkMarkdownCoreConsumer/Build/Intermediates.noindex/cmark-gfm.build/Debug-iphonesimulator/cmark-gfm.build/Objects-normal/arm64/7187679823f38a2a940e0043cdf9d637-common-args.resp
    
    /Applications/Xcode.app/Contents/Developer/Toolchains/XcodeDefault.xctoolchain/usr/bin/clang -x c -ivfsstatcache /Users/shizihan/DailyUse/Github/InkMarkdown/.scratch/architecture-deepening-2026-09-07/evidence/20260907-1415-ticket-27/consumer/DerivedData-InkMarkdownCoreConsumer/SDKStatCaches.noindex/iphonesimulator26.5-23F81a-6cfe768891a92b912361537c460fe42b.sdkstatcache -target arm64-apple-ios12.0-simulator -fmessage-length\=0 -fdiagnostics-show-note-include-stack -fmacro-backtrace-limit\=0 -fno-color-diagnostics -fmodules-prune-interval\=86400 -fmodules-prune-after\=345600 -fbuild-session-file\=/Users/shizihan/DailyUse/Github/InkMarkdown/.scratch/architecture-deepening-2026-09-07/evidence/20260907-1415-ticket-27/consumer/DerivedData-InkMarkdownCoreConsumer/ModuleCache.noindex/Session.modulevalidation -fmodules-validate-once-per-build-session -Wnon-modular-include-in-framework-module -Werror\=non-modular-include-in-framework-module -Wno-trigraphs -Wno-missing-field-initializers -Wno-missing-prototypes -Wno-return-type -Wno-missing-braces -Wparentheses -Wswitch -Wno-unused-function -Wno-unused-label -Wno-unused-parameter -Wno-unused-variable -Wunused-value -Wno-empty-body -Wno-uninitialized -Wno-unknown-pragmas -w -Wno-shadow -Wno-four-char-constants -Wno-conversion -Wno-constant-conversion -Wno-int-conversion -Wno-bool-conversion -Wno-enum-conversion -Wno-float-conversion -Wno-non-literal-null-conversion -Wno-objc-literal-conversion -Wshorten-64-to-32 -Wpointer-sign -Wno-newline-eof -Wno-implicit-fallthrough -isysroot /Applications/Xcode.app/Contents/Developer/Platforms/iPhoneSimulator.platform/Developer/SDKs/iPhoneSimulator26.5.sdk -fstrict-aliasing -Wdeprecated-declarations -Wno-sign-conversion -Wno-infinite-recursion -Wno-comma -Wno-block-capture-autoreleasing -Wno-strict-prototypes -Wno-semicolon-before-method-body -index-store-path /Users/shizihan/DailyUse/Github/InkMarkdown/.scratch/architecture-deepening-2026-09-07/evidence/20260907-1415-ticket-27/consumer/DerivedData-InkMarkdownCoreConsumer/Index.noindex/DataStore @/Users/shizihan/DailyUse/Github/InkMarkdown/.scratch/architecture-deepening-2026-09-07/evidence/20260907-1415-ticket-27/consumer/DerivedData-InkMarkdownCoreConsumer/Build/Intermediates.noindex/cmark-gfm.build/Debug-iphonesimulator/cmark-gfm.build/Objects-normal/arm64/7187679823f38a2a940e0043cdf9d637-common-args.resp -MMD -MT dependencies -MF /Users/shizihan/DailyUse/Github/InkMarkdown/.scratch/architecture-deepening-2026-09-07/evidence/20260907-1415-ticket-27/consumer/DerivedData-InkMarkdownCoreConsumer/Build/Intermediates.noindex/cmark-gfm.build/Debug-iphonesimulator/cmark-gfm.build/Objects-normal/arm64/plugin.d --serialize-diagnostics /Users/shizihan/DailyUse/Github/InkMarkdown/.scratch/architecture-deepening-2026-09-07/evidence/20260907-1415-ticket-27/consumer/DerivedData-InkMarkdownCoreConsumer/Build/Intermediates.noindex/cmark-gfm.build/Debug-iphonesimulator/cmark-gfm.build/Objects-normal/arm64/plugin.dia -c /Users/shizihan/DailyUse/Github/InkMarkdown/Packages/Caches/swift-cmark/src/plugin.c -o /Users/shizihan/DailyUse/Github/InkMarkdown/.scratch/architecture-deepening-2026-09-07/evidence/20260907-1415-ticket-27/consumer/DerivedData-InkMarkdownCoreConsumer/Build/Intermediates.noindex/cmark-gfm.build/Debug-iphonesimulator/cmark-gfm.build/Objects-normal/arm64/plugin.o -index-unit-output-path /cmark-gfm.build/Debug-iphonesimulator/cmark-gfm.build/Objects-normal/arm64/plugin.o

CompileC /Users/shizihan/DailyUse/Github/InkMarkdown/.scratch/architecture-deepening-2026-09-07/evidence/20260907-1415-ticket-27/consumer/DerivedData-InkMarkdownCoreConsumer/Build/Intermediates.noindex/cmark-gfm.build/Debug-iphonesimulator/cmark-gfm.build/Objects-normal/arm64/plaintext.o /Users/shizihan/DailyUse/Github/InkMarkdown/Packages/Caches/swift-cmark/src/plaintext.c normal arm64 c com.apple.compilers.llvm.clang.1_0.compiler (in target 'cmark-gfm' from project 'cmark-gfm')
    cd /Users/shizihan/DailyUse/Github/InkMarkdown/.github/fixtures/consumer-smoke/.swiftpm/xcode
    
    Using response file: /Users/shizihan/DailyUse/Github/InkMarkdown/.scratch/architecture-deepening-2026-09-07/evidence/20260907-1415-ticket-27/consumer/DerivedData-InkMarkdownCoreConsumer/Build/Intermediates.noindex/cmark-gfm.build/Debug-iphonesimulator/cmark-gfm.build/Objects-normal/arm64/7187679823f38a2a940e0043cdf9d637-common-args.resp
    
    /Applications/Xcode.app/Contents/Developer/Toolchains/XcodeDefault.xctoolchain/usr/bin/clang -x c -ivfsstatcache /Users/shizihan/DailyUse/Github/InkMarkdown/.scratch/architecture-deepening-2026-09-07/evidence/20260907-1415-ticket-27/consumer/DerivedData-InkMarkdownCoreConsumer/SDKStatCaches.noindex/iphonesimulator26.5-23F81a-6cfe768891a92b912361537c460fe42b.sdkstatcache -target arm64-apple-ios12.0-simulator -fmessage-length\=0 -fdiagnostics-show-note-include-stack -fmacro-backtrace-limit\=0 -fno-color-diagnostics -fmodules-prune-interval\=86400 -fmodules-prune-after\=345600 -fbuild-session-file\=/Users/shizihan/DailyUse/Github/InkMarkdown/.scratch/architecture-deepening-2026-09-07/evidence/20260907-1415-ticket-27/consumer/DerivedData-InkMarkdownCoreConsumer/ModuleCache.noindex/Session.modulevalidation -fmodules-validate-once-per-build-session -Wnon-modular-include-in-framework-module -Werror\=non-modular-include-in-framework-module -Wno-trigraphs -Wno-missing-field-initializers -Wno-missing-prototypes -Wno-return-type -Wno-missing-braces -Wparentheses -Wswitch -Wno-unused-function -Wno-unused-label -Wno-unused-parameter -Wno-unused-variable -Wunused-value -Wno-empty-body -Wno-uninitialized -Wno-unknown-pragmas -w -Wno-shadow -Wno-four-char-constants -Wno-conversion -Wno-constant-conversion -Wno-int-conversion -Wno-bool-conversion -Wno-enum-conversion -Wno-float-conversion -Wno-non-literal-null-conversion -Wno-objc-literal-conversion -Wshorten-64-to-32 -Wpointer-sign -Wno-newline-eof -Wno-implicit-fallthrough -isysroot /Applications/Xcode.app/Contents/Developer/Platforms/iPhoneSimulator.platform/Developer/SDKs/iPhoneSimulator26.5.sdk -fstrict-aliasing -Wdeprecated-declarations -Wno-sign-conversion -Wno-infinite-recursion -Wno-comma -Wno-block-capture-autoreleasing -Wno-strict-prototypes -Wno-semicolon-before-method-body -index-store-path /Users/shizihan/DailyUse/Github/InkMarkdown/.scratch/architecture-deepening-2026-09-07/evidence/20260907-1415-ticket-27/consumer/DerivedData-InkMarkdownCoreConsumer/Index.noindex/DataStore @/Users/shizihan/DailyUse/Github/InkMarkdown/.scratch/architecture-deepening-2026-09-07/evidence/20260907-1415-ticket-27/consumer/DerivedData-InkMarkdownCoreConsumer/Build/Intermediates.noindex/cmark-gfm.build/Debug-iphonesimulator/cmark-gfm.build/Objects-normal/arm64/7187679823f38a2a940e0043cdf9d637-common-args.resp -MMD -MT dependencies -MF /Users/shizihan/DailyUse/Github/InkMarkdown/.scratch/architecture-deepening-2026-09-07/evidence/20260907-1415-ticket-27/consumer/DerivedData-InkMarkdownCoreConsumer/Build/Intermediates.noindex/cmark-gfm.build/Debug-iphonesimulator/cmark-gfm.build/Objects-normal/arm64/plaintext.d --serialize-diagnostics /Users/shizihan/DailyUse/Github/InkMarkdown/.scratch/architecture-deepening-2026-09-07/evidence/20260907-1415-ticket-27/consumer/DerivedData-InkMarkdownCoreConsumer/Build/Intermediates.noindex/cmark-gfm.build/Debug-iphonesimulator/cmark-gfm.build/Objects-normal/arm64/plaintext.dia -c /Users/shizihan/DailyUse/Github/InkMarkdown/Packages/Caches/swift-cmark/src/plaintext.c -o /Users/shizihan/DailyUse/Github/InkMarkdown/.scratch/architecture-deepening-2026-09-07/evidence/20260907-1415-ticket-27/consumer/DerivedData-InkMarkdownCoreConsumer/Build/Intermediates.noindex/cmark-gfm.build/Debug-iphonesimulator/cmark-gfm.build/Objects-normal/arm64/plaintext.o -index-unit-output-path /cmark-gfm.build/Debug-iphonesimulator/cmark-gfm.build/Objects-normal/arm64/plaintext.o

CompileC /Users/shizihan/DailyUse/Github/InkMarkdown/.scratch/architecture-deepening-2026-09-07/evidence/20260907-1415-ticket-27/consumer/DerivedData-InkMarkdownCoreConsumer/Build/Intermediates.noindex/cmark-gfm.build/Debug-iphonesimulator/cmark-gfm.build/Objects-normal/arm64/node.o /Users/shizihan/DailyUse/Github/InkMarkdown/Packages/Caches/swift-cmark/src/node.c normal arm64 c com.apple.compilers.llvm.clang.1_0.compiler (in target 'cmark-gfm' from project 'cmark-gfm')
    cd /Users/shizihan/DailyUse/Github/InkMarkdown/.github/fixtures/consumer-smoke/.swiftpm/xcode
    
    Using response file: /Users/shizihan/DailyUse/Github/InkMarkdown/.scratch/architecture-deepening-2026-09-07/evidence/20260907-1415-ticket-27/consumer/DerivedData-InkMarkdownCoreConsumer/Build/Intermediates.noindex/cmark-gfm.build/Debug-iphonesimulator/cmark-gfm.build/Objects-normal/arm64/7187679823f38a2a940e0043cdf9d637-common-args.resp
    
    /Applications/Xcode.app/Contents/Developer/Toolchains/XcodeDefault.xctoolchain/usr/bin/clang -x c -ivfsstatcache /Users/shizihan/DailyUse/Github/InkMarkdown/.scratch/architecture-deepening-2026-09-07/evidence/20260907-1415-ticket-27/consumer/DerivedData-InkMarkdownCoreConsumer/SDKStatCaches.noindex/iphonesimulator26.5-23F81a-6cfe768891a92b912361537c460fe42b.sdkstatcache -target arm64-apple-ios12.0-simulator -fmessage-length\=0 -fdiagnostics-show-note-include-stack -fmacro-backtrace-limit\=0 -fno-color-diagnostics -fmodules-prune-interval\=86400 -fmodules-prune-after\=345600 -fbuild-session-file\=/Users/shizihan/DailyUse/Github/InkMarkdown/.scratch/architecture-deepening-2026-09-07/evidence/20260907-1415-ticket-27/consumer/DerivedData-InkMarkdownCoreConsumer/ModuleCache.noindex/Session.modulevalidation -fmodules-validate-once-per-build-session -Wnon-modular-include-in-framework-module -Werror\=non-modular-include-in-framework-module -Wno-trigraphs -Wno-missing-field-initializers -Wno-missing-prototypes -Wno-return-type -Wno-missing-braces -Wparentheses -Wswitch -Wno-unused-function -Wno-unused-label -Wno-unused-parameter -Wno-unused-variable -Wunused-value -Wno-empty-body -Wno-uninitialized -Wno-unknown-pragmas -w -Wno-shadow -Wno-four-char-constants -Wno-conversion -Wno-constant-conversion -Wno-int-conversion -Wno-bool-conversion -Wno-enum-conversion -Wno-float-conversion -Wno-non-literal-null-conversion -Wno-objc-literal-conversion -Wshorten-64-to-32 -Wpointer-sign -Wno-newline-eof -Wno-implicit-fallthrough -isysroot /Applications/Xcode.app/Contents/Developer/Platforms/iPhoneSimulator.platform/Developer/SDKs/iPhoneSimulator26.5.sdk -fstrict-aliasing -Wdeprecated-declarations -Wno-sign-conversion -Wno-infinite-recursion -Wno-comma -Wno-block-capture-autoreleasing -Wno-strict-prototypes -Wno-semicolon-before-method-body -index-store-path /Users/shizihan/DailyUse/Github/InkMarkdown/.scratch/architecture-deepening-2026-09-07/evidence/20260907-1415-ticket-27/consumer/DerivedData-InkMarkdownCoreConsumer/Index.noindex/DataStore @/Users/shizihan/DailyUse/Github/InkMarkdown/.scratch/architecture-deepening-2026-09-07/evidence/20260907-1415-ticket-27/consumer/DerivedData-InkMarkdownCoreConsumer/Build/Intermediates.noindex/cmark-gfm.build/Debug-iphonesimulator/cmark-gfm.build/Objects-normal/arm64/7187679823f38a2a940e0043cdf9d637-common-args.resp -MMD -MT dependencies -MF /Users/shizihan/DailyUse/Github/InkMarkdown/.scratch/architecture-deepening-2026-09-07/evidence/20260907-1415-ticket-27/consumer/DerivedData-InkMarkdownCoreConsumer/Build/Intermediates.noindex/cmark-gfm.build/Debug-iphonesimulator/cmark-gfm.build/Objects-normal/arm64/node.d --serialize-diagnostics /Users/shizihan/DailyUse/Github/InkMarkdown/.scratch/architecture-deepening-2026-09-07/evidence/20260907-1415-ticket-27/consumer/DerivedData-InkMarkdownCoreConsumer/Build/Intermediates.noindex/cmark-gfm.build/Debug-iphonesimulator/cmark-gfm.build/Objects-normal/arm64/node.dia -c /Users/shizihan/DailyUse/Github/InkMarkdown/Packages/Caches/swift-cmark/src/node.c -o /Users/shizihan/DailyUse/Github/InkMarkdown/.scratch/architecture-deepening-2026-09-07/evidence/20260907-1415-ticket-27/consumer/DerivedData-InkMarkdownCoreConsumer/Build/Intermediates.noindex/cmark-gfm.build/Debug-iphonesimulator/cmark-gfm.build/Objects-normal/arm64/node.o -index-unit-output-path /cmark-gfm.build/Debug-iphonesimulator/cmark-gfm.build/Objects-normal/arm64/node.o

CompileC /Users/shizihan/DailyUse/Github/InkMarkdown/.scratch/architecture-deepening-2026-09-07/evidence/20260907-1415-ticket-27/consumer/DerivedData-InkMarkdownCoreConsumer/Build/Intermediates.noindex/cmark-gfm.build/Debug-iphonesimulator/cmark-gfm.build/Objects-normal/arm64/map.o /Users/shizihan/DailyUse/Github/InkMarkdown/Packages/Caches/swift-cmark/src/map.c normal arm64 c com.apple.compilers.llvm.clang.1_0.compiler (in target 'cmark-gfm' from project 'cmark-gfm')
    cd /Users/shizihan/DailyUse/Github/InkMarkdown/.github/fixtures/consumer-smoke/.swiftpm/xcode
    
    Using response file: /Users/shizihan/DailyUse/Github/InkMarkdown/.scratch/architecture-deepening-2026-09-07/evidence/20260907-1415-ticket-27/consumer/DerivedData-InkMarkdownCoreConsumer/Build/Intermediates.noindex/cmark-gfm.build/Debug-iphonesimulator/cmark-gfm.build/Objects-normal/arm64/7187679823f38a2a940e0043cdf9d637-common-args.resp
    
    /Applications/Xcode.app/Contents/Developer/Toolchains/XcodeDefault.xctoolchain/usr/bin/clang -x c -ivfsstatcache /Users/shizihan/DailyUse/Github/InkMarkdown/.scratch/architecture-deepening-2026-09-07/evidence/20260907-1415-ticket-27/consumer/DerivedData-InkMarkdownCoreConsumer/SDKStatCaches.noindex/iphonesimulator26.5-23F81a-6cfe768891a92b912361537c460fe42b.sdkstatcache -target arm64-apple-ios12.0-simulator -fmessage-length\=0 -fdiagnostics-show-note-include-stack -fmacro-backtrace-limit\=0 -fno-color-diagnostics -fmodules-prune-interval\=86400 -fmodules-prune-after\=345600 -fbuild-session-file\=/Users/shizihan/DailyUse/Github/InkMarkdown/.scratch/architecture-deepening-2026-09-07/evidence/20260907-1415-ticket-27/consumer/DerivedData-InkMarkdownCoreConsumer/ModuleCache.noindex/Session.modulevalidation -fmodules-validate-once-per-build-session -Wnon-modular-include-in-framework-module -Werror\=non-modular-include-in-framework-module -Wno-trigraphs -Wno-missing-field-initializers -Wno-missing-prototypes -Wno-return-type -Wno-missing-braces -Wparentheses -Wswitch -Wno-unused-function -Wno-unused-label -Wno-unused-parameter -Wno-unused-variable -Wunused-value -Wno-empty-body -Wno-uninitialized -Wno-unknown-pragmas -w -Wno-shadow -Wno-four-char-constants -Wno-conversion -Wno-constant-conversion -Wno-int-conversion -Wno-bool-conversion -Wno-enum-conversion -Wno-float-conversion -Wno-non-literal-null-conversion -Wno-objc-literal-conversion -Wshorten-64-to-32 -Wpointer-sign -Wno-newline-eof -Wno-implicit-fallthrough -isysroot /Applications/Xcode.app/Contents/Developer/Platforms/iPhoneSimulator.platform/Developer/SDKs/iPhoneSimulator26.5.sdk -fstrict-aliasing -Wdeprecated-declarations -Wno-sign-conversion -Wno-infinite-recursion -Wno-comma -Wno-block-capture-autoreleasing -Wno-strict-prototypes -Wno-semicolon-before-method-body -index-store-path /Users/shizihan/DailyUse/Github/InkMarkdown/.scratch/architecture-deepening-2026-09-07/evidence/20260907-1415-ticket-27/consumer/DerivedData-InkMarkdownCoreConsumer/Index.noindex/DataStore @/Users/shizihan/DailyUse/Github/InkMarkdown/.scratch/architecture-deepening-2026-09-07/evidence/20260907-1415-ticket-27/consumer/DerivedData-InkMarkdownCoreConsumer/Build/Intermediates.noindex/cmark-gfm.build/Debug-iphonesimulator/cmark-gfm.build/Objects-normal/arm64/7187679823f38a2a940e0043cdf9d637-common-args.resp -MMD -MT dependencies -MF /Users/shizihan/DailyUse/Github/InkMarkdown/.scratch/architecture-deepening-2026-09-07/evidence/20260907-1415-ticket-27/consumer/DerivedData-InkMarkdownCoreConsumer/Build/Intermediates.noindex/cmark-gfm.build/Debug-iphonesimulator/cmark-gfm.build/Objects-normal/arm64/map.d --serialize-diagnostics /Users/shizihan/DailyUse/Github/InkMarkdown/.scratch/architecture-deepening-2026-09-07/evidence/20260907-1415-ticket-27/consumer/DerivedData-InkMarkdownCoreConsumer/Build/Intermediates.noindex/cmark-gfm.build/Debug-iphonesimulator/cmark-gfm.build/Objects-normal/arm64/map.dia -c /Users/shizihan/DailyUse/Github/InkMarkdown/Packages/Caches/swift-cmark/src/map.c -o /Users/shizihan/DailyUse/Github/InkMarkdown/.scratch/architecture-deepening-2026-09-07/evidence/20260907-1415-ticket-27/consumer/DerivedData-InkMarkdownCoreConsumer/Build/Intermediates.noindex/cmark-gfm.build/Debug-iphonesimulator/cmark-gfm.build/Objects-normal/arm64/map.o -index-unit-output-path /cmark-gfm.build/Debug-iphonesimulator/cmark-gfm.build/Objects-normal/arm64/map.o

CompileC /Users/shizihan/DailyUse/Github/InkMarkdown/.scratch/architecture-deepening-2026-09-07/evidence/20260907-1415-ticket-27/consumer/DerivedData-InkMarkdownCoreConsumer/Build/Intermediates.noindex/cmark-gfm.build/Debug-iphonesimulator/cmark-gfm.build/Objects-normal/arm64/man.o /Users/shizihan/DailyUse/Github/InkMarkdown/Packages/Caches/swift-cmark/src/man.c normal arm64 c com.apple.compilers.llvm.clang.1_0.compiler (in target 'cmark-gfm' from project 'cmark-gfm')
    cd /Users/shizihan/DailyUse/Github/InkMarkdown/.github/fixtures/consumer-smoke/.swiftpm/xcode
    
    Using response file: /Users/shizihan/DailyUse/Github/InkMarkdown/.scratch/architecture-deepening-2026-09-07/evidence/20260907-1415-ticket-27/consumer/DerivedData-InkMarkdownCoreConsumer/Build/Intermediates.noindex/cmark-gfm.build/Debug-iphonesimulator/cmark-gfm.build/Objects-normal/arm64/7187679823f38a2a940e0043cdf9d637-common-args.resp
    
    /Applications/Xcode.app/Contents/Developer/Toolchains/XcodeDefault.xctoolchain/usr/bin/clang -x c -ivfsstatcache /Users/shizihan/DailyUse/Github/InkMarkdown/.scratch/architecture-deepening-2026-09-07/evidence/20260907-1415-ticket-27/consumer/DerivedData-InkMarkdownCoreConsumer/SDKStatCaches.noindex/iphonesimulator26.5-23F81a-6cfe768891a92b912361537c460fe42b.sdkstatcache -target arm64-apple-ios12.0-simulator -fmessage-length\=0 -fdiagnostics-show-note-include-stack -fmacro-backtrace-limit\=0 -fno-color-diagnostics -fmodules-prune-interval\=86400 -fmodules-prune-after\=345600 -fbuild-session-file\=/Users/shizihan/DailyUse/Github/InkMarkdown/.scratch/architecture-deepening-2026-09-07/evidence/20260907-1415-ticket-27/consumer/DerivedData-InkMarkdownCoreConsumer/ModuleCache.noindex/Session.modulevalidation -fmodules-validate-once-per-build-session -Wnon-modular-include-in-framework-module -Werror\=non-modular-include-in-framework-module -Wno-trigraphs -Wno-missing-field-initializers -Wno-missing-prototypes -Wno-return-type -Wno-missing-braces -Wparentheses -Wswitch -Wno-unused-function -Wno-unused-label -Wno-unused-parameter -Wno-unused-variable -Wunused-value -Wno-empty-body -Wno-uninitialized -Wno-unknown-pragmas -w -Wno-shadow -Wno-four-char-constants -Wno-conversion -Wno-constant-conversion -Wno-int-conversion -Wno-bool-conversion -Wno-enum-conversion -Wno-float-conversion -Wno-non-literal-null-conversion -Wno-objc-literal-conversion -Wshorten-64-to-32 -Wpointer-sign -Wno-newline-eof -Wno-implicit-fallthrough -isysroot /Applications/Xcode.app/Contents/Developer/Platforms/iPhoneSimulator.platform/Developer/SDKs/iPhoneSimulator26.5.sdk -fstrict-aliasing -Wdeprecated-declarations -Wno-sign-conversion -Wno-infinite-recursion -Wno-comma -Wno-block-capture-autoreleasing -Wno-strict-prototypes -Wno-semicolon-before-method-body -index-store-path /Users/shizihan/DailyUse/Github/InkMarkdown/.scratch/architecture-deepening-2026-09-07/evidence/20260907-1415-ticket-27/consumer/DerivedData-InkMarkdownCoreConsumer/Index.noindex/DataStore @/Users/shizihan/DailyUse/Github/InkMarkdown/.scratch/architecture-deepening-2026-09-07/evidence/20260907-1415-ticket-27/consumer/DerivedData-InkMarkdownCoreConsumer/Build/Intermediates.noindex/cmark-gfm.build/Debug-iphonesimulator/cmark-gfm.build/Objects-normal/arm64/7187679823f38a2a940e0043cdf9d637-common-args.resp -MMD -MT dependencies -MF /Users/shizihan/DailyUse/Github/InkMarkdown/.scratch/architecture-deepening-2026-09-07/evidence/20260907-1415-ticket-27/consumer/DerivedData-InkMarkdownCoreConsumer/Build/Intermediates.noindex/cmark-gfm.build/Debug-iphonesimulator/cmark-gfm.build/Objects-normal/arm64/man.d --serialize-diagnostics /Users/shizihan/DailyUse/Github/InkMarkdown/.scratch/architecture-deepening-2026-09-07/evidence/20260907-1415-ticket-27/consumer/DerivedData-InkMarkdownCoreConsumer/Build/Intermediates.noindex/cmark-gfm.build/Debug-iphonesimulator/cmark-gfm.build/Objects-normal/arm64/man.dia -c /Users/shizihan/DailyUse/Github/InkMarkdown/Packages/Caches/swift-cmark/src/man.c -o /Users/shizihan/DailyUse/Github/InkMarkdown/.scratch/architecture-deepening-2026-09-07/evidence/20260907-1415-ticket-27/consumer/DerivedData-InkMarkdownCoreConsumer/Build/Intermediates.noindex/cmark-gfm.build/Debug-iphonesimulator/cmark-gfm.build/Objects-normal/arm64/man.o -index-unit-output-path /cmark-gfm.build/Debug-iphonesimulator/cmark-gfm.build/Objects-normal/arm64/man.o

CompileC /Users/shizihan/DailyUse/Github/InkMarkdown/.scratch/architecture-deepening-2026-09-07/evidence/20260907-1415-ticket-27/consumer/DerivedData-InkMarkdownCoreConsumer/Build/Intermediates.noindex/cmark-gfm.build/Debug-iphonesimulator/cmark-gfm.build/Objects-normal/arm64/linked_list.o /Users/shizihan/DailyUse/Github/InkMarkdown/Packages/Caches/swift-cmark/src/linked_list.c normal arm64 c com.apple.compilers.llvm.clang.1_0.compiler (in target 'cmark-gfm' from project 'cmark-gfm')
    cd /Users/shizihan/DailyUse/Github/InkMarkdown/.github/fixtures/consumer-smoke/.swiftpm/xcode
    
    Using response file: /Users/shizihan/DailyUse/Github/InkMarkdown/.scratch/architecture-deepening-2026-09-07/evidence/20260907-1415-ticket-27/consumer/DerivedData-InkMarkdownCoreConsumer/Build/Intermediates.noindex/cmark-gfm.build/Debug-iphonesimulator/cmark-gfm.build/Objects-normal/arm64/7187679823f38a2a940e0043cdf9d637-common-args.resp
    
    /Applications/Xcode.app/Contents/Developer/Toolchains/XcodeDefault.xctoolchain/usr/bin/clang -x c -ivfsstatcache /Users/shizihan/DailyUse/Github/InkMarkdown/.scratch/architecture-deepening-2026-09-07/evidence/20260907-1415-ticket-27/consumer/DerivedData-InkMarkdownCoreConsumer/SDKStatCaches.noindex/iphonesimulator26.5-23F81a-6cfe768891a92b912361537c460fe42b.sdkstatcache -target arm64-apple-ios12.0-simulator -fmessage-length\=0 -fdiagnostics-show-note-include-stack -fmacro-backtrace-limit\=0 -fno-color-diagnostics -fmodules-prune-interval\=86400 -fmodules-prune-after\=345600 -fbuild-session-file\=/Users/shizihan/DailyUse/Github/InkMarkdown/.scratch/architecture-deepening-2026-09-07/evidence/20260907-1415-ticket-27/consumer/DerivedData-InkMarkdownCoreConsumer/ModuleCache.noindex/Session.modulevalidation -fmodules-validate-once-per-build-session -Wnon-modular-include-in-framework-module -Werror\=non-modular-include-in-framework-module -Wno-trigraphs -Wno-missing-field-initializers -Wno-missing-prototypes -Wno-return-type -Wno-missing-braces -Wparentheses -Wswitch -Wno-unused-function -Wno-unused-label -Wno-unused-parameter -Wno-unused-variable -Wunused-value -Wno-empty-body -Wno-uninitialized -Wno-unknown-pragmas -w -Wno-shadow -Wno-four-char-constants -Wno-conversion -Wno-constant-conversion -Wno-int-conversion -Wno-bool-conversion -Wno-enum-conversion -Wno-float-conversion -Wno-non-literal-null-conversion -Wno-objc-literal-conversion -Wshorten-64-to-32 -Wpointer-sign -Wno-newline-eof -Wno-implicit-fallthrough -isysroot /Applications/Xcode.app/Contents/Developer/Platforms/iPhoneSimulator.platform/Developer/SDKs/iPhoneSimulator26.5.sdk -fstrict-aliasing -Wdeprecated-declarations -Wno-sign-conversion -Wno-infinite-recursion -Wno-comma -Wno-block-capture-autoreleasing -Wno-strict-prototypes -Wno-semicolon-before-method-body -index-store-path /Users/shizihan/DailyUse/Github/InkMarkdown/.scratch/architecture-deepening-2026-09-07/evidence/20260907-1415-ticket-27/consumer/DerivedData-InkMarkdownCoreConsumer/Index.noindex/DataStore @/Users/shizihan/DailyUse/Github/InkMarkdown/.scratch/architecture-deepening-2026-09-07/evidence/20260907-1415-ticket-27/consumer/DerivedData-InkMarkdownCoreConsumer/Build/Intermediates.noindex/cmark-gfm.build/Debug-iphonesimulator/cmark-gfm.build/Objects-normal/arm64/7187679823f38a2a940e0043cdf9d637-common-args.resp -MMD -MT dependencies -MF /Users/shizihan/DailyUse/Github/InkMarkdown/.scratch/architecture-deepening-2026-09-07/evidence/20260907-1415-ticket-27/consumer/DerivedData-InkMarkdownCoreConsumer/Build/Intermediates.noindex/cmark-gfm.build/Debug-iphonesimulator/cmark-gfm.build/Objects-normal/arm64/linked_list.d --serialize-diagnostics /Users/shizihan/DailyUse/Github/InkMarkdown/.scratch/architecture-deepening-2026-09-07/evidence/20260907-1415-ticket-27/consumer/DerivedData-InkMarkdownCoreConsumer/Build/Intermediates.noindex/cmark-gfm.build/Debug-iphonesimulator/cmark-gfm.build/Objects-normal/arm64/linked_list.dia -c /Users/shizihan/DailyUse/Github/InkMarkdown/Packages/Caches/swift-cmark/src/linked_list.c -o /Users/shizihan/DailyUse/Github/InkMarkdown/.scratch/architecture-deepening-2026-09-07/evidence/20260907-1415-ticket-27/consumer/DerivedData-InkMarkdownCoreConsumer/Build/Intermediates.noindex/cmark-gfm.build/Debug-iphonesimulator/cmark-gfm.build/Objects-normal/arm64/linked_list.o -index-unit-output-path /cmark-gfm.build/Debug-iphonesimulator/cmark-gfm.build/Objects-normal/arm64/linked_list.o

CompileC /Users/shizihan/DailyUse/Github/InkMarkdown/.scratch/architecture-deepening-2026-09-07/evidence/20260907-1415-ticket-27/consumer/DerivedData-InkMarkdownCoreConsumer/Build/Intermediates.noindex/cmark-gfm.build/Debug-iphonesimulator/cmark-gfm.build/Objects-normal/arm64/latex.o /Users/shizihan/DailyUse/Github/InkMarkdown/Packages/Caches/swift-cmark/src/latex.c normal arm64 c com.apple.compilers.llvm.clang.1_0.compiler (in target 'cmark-gfm' from project 'cmark-gfm')
    cd /Users/shizihan/DailyUse/Github/InkMarkdown/.github/fixtures/consumer-smoke/.swiftpm/xcode
    
    Using response file: /Users/shizihan/DailyUse/Github/InkMarkdown/.scratch/architecture-deepening-2026-09-07/evidence/20260907-1415-ticket-27/consumer/DerivedData-InkMarkdownCoreConsumer/Build/Intermediates.noindex/cmark-gfm.build/Debug-iphonesimulator/cmark-gfm.build/Objects-normal/arm64/7187679823f38a2a940e0043cdf9d637-common-args.resp
    
    /Applications/Xcode.app/Contents/Developer/Toolchains/XcodeDefault.xctoolchain/usr/bin/clang -x c -ivfsstatcache /Users/shizihan/DailyUse/Github/InkMarkdown/.scratch/architecture-deepening-2026-09-07/evidence/20260907-1415-ticket-27/consumer/DerivedData-InkMarkdownCoreConsumer/SDKStatCaches.noindex/iphonesimulator26.5-23F81a-6cfe768891a92b912361537c460fe42b.sdkstatcache -target arm64-apple-ios12.0-simulator -fmessage-length\=0 -fdiagnostics-show-note-include-stack -fmacro-backtrace-limit\=0 -fno-color-diagnostics -fmodules-prune-interval\=86400 -fmodules-prune-after\=345600 -fbuild-session-file\=/Users/shizihan/DailyUse/Github/InkMarkdown/.scratch/architecture-deepening-2026-09-07/evidence/20260907-1415-ticket-27/consumer/DerivedData-InkMarkdownCoreConsumer/ModuleCache.noindex/Session.modulevalidation -fmodules-validate-once-per-build-session -Wnon-modular-include-in-framework-module -Werror\=non-modular-include-in-framework-module -Wno-trigraphs -Wno-missing-field-initializers -Wno-missing-prototypes -Wno-return-type -Wno-missing-braces -Wparentheses -Wswitch -Wno-unused-function -Wno-unused-label -Wno-unused-parameter -Wno-unused-variable -Wunused-value -Wno-empty-body -Wno-uninitialized -Wno-unknown-pragmas -w -Wno-shadow -Wno-four-char-constants -Wno-conversion -Wno-constant-conversion -Wno-int-conversion -Wno-bool-conversion -Wno-enum-conversion -Wno-float-conversion -Wno-non-literal-null-conversion -Wno-objc-literal-conversion -Wshorten-64-to-32 -Wpointer-sign -Wno-newline-eof -Wno-implicit-fallthrough -isysroot /Applications/Xcode.app/Contents/Developer/Platforms/iPhoneSimulator.platform/Developer/SDKs/iPhoneSimulator26.5.sdk -fstrict-aliasing -Wdeprecated-declarations -Wno-sign-conversion -Wno-infinite-recursion -Wno-comma -Wno-block-capture-autoreleasing -Wno-strict-prototypes -Wno-semicolon-before-method-body -index-store-path /Users/shizihan/DailyUse/Github/InkMarkdown/.scratch/architecture-deepening-2026-09-07/evidence/20260907-1415-ticket-27/consumer/DerivedData-InkMarkdownCoreConsumer/Index.noindex/DataStore @/Users/shizihan/DailyUse/Github/InkMarkdown/.scratch/architecture-deepening-2026-09-07/evidence/20260907-1415-ticket-27/consumer/DerivedData-InkMarkdownCoreConsumer/Build/Intermediates.noindex/cmark-gfm.build/Debug-iphonesimulator/cmark-gfm.build/Objects-normal/arm64/7187679823f38a2a940e0043cdf9d637-common-args.resp -MMD -MT dependencies -MF /Users/shizihan/DailyUse/Github/InkMarkdown/.scratch/architecture-deepening-2026-09-07/evidence/20260907-1415-ticket-27/consumer/DerivedData-InkMarkdownCoreConsumer/Build/Intermediates.noindex/cmark-gfm.build/Debug-iphonesimulator/cmark-gfm.build/Objects-normal/arm64/latex.d --serialize-diagnostics /Users/shizihan/DailyUse/Github/InkMarkdown/.scratch/architecture-deepening-2026-09-07/evidence/20260907-1415-ticket-27/consumer/DerivedData-InkMarkdownCoreConsumer/Build/Intermediates.noindex/cmark-gfm.build/Debug-iphonesimulator/cmark-gfm.build/Objects-normal/arm64/latex.dia -c /Users/shizihan/DailyUse/Github/InkMarkdown/Packages/Caches/swift-cmark/src/latex.c -o /Users/shizihan/DailyUse/Github/InkMarkdown/.scratch/architecture-deepening-2026-09-07/evidence/20260907-1415-ticket-27/consumer/DerivedData-InkMarkdownCoreConsumer/Build/Intermediates.noindex/cmark-gfm.build/Debug-iphonesimulator/cmark-gfm.build/Objects-normal/arm64/latex.o -index-unit-output-path /cmark-gfm.build/Debug-iphonesimulator/cmark-gfm.build/Objects-normal/arm64/latex.o

CompileC /Users/shizihan/DailyUse/Github/InkMarkdown/.scratch/architecture-deepening-2026-09-07/evidence/20260907-1415-ticket-27/consumer/DerivedData-InkMarkdownCoreConsumer/Build/Intermediates.noindex/cmark-gfm.build/Debug-iphonesimulator/cmark-gfm.build/Objects-normal/arm64/iterator.o /Users/shizihan/DailyUse/Github/InkMarkdown/Packages/Caches/swift-cmark/src/iterator.c normal arm64 c com.apple.compilers.llvm.clang.1_0.compiler (in target 'cmark-gfm' from project 'cmark-gfm')
    cd /Users/shizihan/DailyUse/Github/InkMarkdown/.github/fixtures/consumer-smoke/.swiftpm/xcode
    
    Using response file: /Users/shizihan/DailyUse/Github/InkMarkdown/.scratch/architecture-deepening-2026-09-07/evidence/20260907-1415-ticket-27/consumer/DerivedData-InkMarkdownCoreConsumer/Build/Intermediates.noindex/cmark-gfm.build/Debug-iphonesimulator/cmark-gfm.build/Objects-normal/arm64/7187679823f38a2a940e0043cdf9d637-common-args.resp
    
    /Applications/Xcode.app/Contents/Developer/Toolchains/XcodeDefault.xctoolchain/usr/bin/clang -x c -ivfsstatcache /Users/shizihan/DailyUse/Github/InkMarkdown/.scratch/architecture-deepening-2026-09-07/evidence/20260907-1415-ticket-27/consumer/DerivedData-InkMarkdownCoreConsumer/SDKStatCaches.noindex/iphonesimulator26.5-23F81a-6cfe768891a92b912361537c460fe42b.sdkstatcache -target arm64-apple-ios12.0-simulator -fmessage-length\=0 -fdiagnostics-show-note-include-stack -fmacro-backtrace-limit\=0 -fno-color-diagnostics -fmodules-prune-interval\=86400 -fmodules-prune-after\=345600 -fbuild-session-file\=/Users/shizihan/DailyUse/Github/InkMarkdown/.scratch/architecture-deepening-2026-09-07/evidence/20260907-1415-ticket-27/consumer/DerivedData-InkMarkdownCoreConsumer/ModuleCache.noindex/Session.modulevalidation -fmodules-validate-once-per-build-session -Wnon-modular-include-in-framework-module -Werror\=non-modular-include-in-framework-module -Wno-trigraphs -Wno-missing-field-initializers -Wno-missing-prototypes -Wno-return-type -Wno-missing-braces -Wparentheses -Wswitch -Wno-unused-function -Wno-unused-label -Wno-unused-parameter -Wno-unused-variable -Wunused-value -Wno-empty-body -Wno-uninitialized -Wno-unknown-pragmas -w -Wno-shadow -Wno-four-char-constants -Wno-conversion -Wno-constant-conversion -Wno-int-conversion -Wno-bool-conversion -Wno-enum-conversion -Wno-float-conversion -Wno-non-literal-null-conversion -Wno-objc-literal-conversion -Wshorten-64-to-32 -Wpointer-sign -Wno-newline-eof -Wno-implicit-fallthrough -isysroot /Applications/Xcode.app/Contents/Developer/Platforms/iPhoneSimulator.platform/Developer/SDKs/iPhoneSimulator26.5.sdk -fstrict-aliasing -Wdeprecated-declarations -Wno-sign-conversion -Wno-infinite-recursion -Wno-comma -Wno-block-capture-autoreleasing -Wno-strict-prototypes -Wno-semicolon-before-method-body -index-store-path /Users/shizihan/DailyUse/Github/InkMarkdown/.scratch/architecture-deepening-2026-09-07/evidence/20260907-1415-ticket-27/consumer/DerivedData-InkMarkdownCoreConsumer/Index.noindex/DataStore @/Users/shizihan/DailyUse/Github/InkMarkdown/.scratch/architecture-deepening-2026-09-07/evidence/20260907-1415-ticket-27/consumer/DerivedData-InkMarkdownCoreConsumer/Build/Intermediates.noindex/cmark-gfm.build/Debug-iphonesimulator/cmark-gfm.build/Objects-normal/arm64/7187679823f38a2a940e0043cdf9d637-common-args.resp -MMD -MT dependencies -MF /Users/shizihan/DailyUse/Github/InkMarkdown/.scratch/architecture-deepening-2026-09-07/evidence/20260907-1415-ticket-27/consumer/DerivedData-InkMarkdownCoreConsumer/Build/Intermediates.noindex/cmark-gfm.build/Debug-iphonesimulator/cmark-gfm.build/Objects-normal/arm64/iterator.d --serialize-diagnostics /Users/shizihan/DailyUse/Github/InkMarkdown/.scratch/architecture-deepening-2026-09-07/evidence/20260907-1415-ticket-27/consumer/DerivedData-InkMarkdownCoreConsumer/Build/Intermediates.noindex/cmark-gfm.build/Debug-iphonesimulator/cmark-gfm.build/Objects-normal/arm64/iterator.dia -c /Users/shizihan/DailyUse/Github/InkMarkdown/Packages/Caches/swift-cmark/src/iterator.c -o /Users/shizihan/DailyUse/Github/InkMarkdown/.scratch/architecture-deepening-2026-09-07/evidence/20260907-1415-ticket-27/consumer/DerivedData-InkMarkdownCoreConsumer/Build/Intermediates.noindex/cmark-gfm.build/Debug-iphonesimulator/cmark-gfm.build/Objects-normal/arm64/iterator.o -index-unit-output-path /cmark-gfm.build/Debug-iphonesimulator/cmark-gfm.build/Objects-normal/arm64/iterator.o

CompileC /Users/shizihan/DailyUse/Github/InkMarkdown/.scratch/architecture-deepening-2026-09-07/evidence/20260907-1415-ticket-27/consumer/DerivedData-InkMarkdownCoreConsumer/Build/Intermediates.noindex/cmark-gfm.build/Debug-iphonesimulator/cmark-gfm.build/Objects-normal/arm64/html.o /Users/shizihan/DailyUse/Github/InkMarkdown/Packages/Caches/swift-cmark/src/html.c normal arm64 c com.apple.compilers.llvm.clang.1_0.compiler (in target 'cmark-gfm' from project 'cmark-gfm')
    cd /Users/shizihan/DailyUse/Github/InkMarkdown/.github/fixtures/consumer-smoke/.swiftpm/xcode
    
    Using response file: /Users/shizihan/DailyUse/Github/InkMarkdown/.scratch/architecture-deepening-2026-09-07/evidence/20260907-1415-ticket-27/consumer/DerivedData-InkMarkdownCoreConsumer/Build/Intermediates.noindex/cmark-gfm.build/Debug-iphonesimulator/cmark-gfm.build/Objects-normal/arm64/7187679823f38a2a940e0043cdf9d637-common-args.resp
    
    /Applications/Xcode.app/Contents/Developer/Toolchains/XcodeDefault.xctoolchain/usr/bin/clang -x c -ivfsstatcache /Users/shizihan/DailyUse/Github/InkMarkdown/.scratch/architecture-deepening-2026-09-07/evidence/20260907-1415-ticket-27/consumer/DerivedData-InkMarkdownCoreConsumer/SDKStatCaches.noindex/iphonesimulator26.5-23F81a-6cfe768891a92b912361537c460fe42b.sdkstatcache -target arm64-apple-ios12.0-simulator -fmessage-length\=0 -fdiagnostics-show-note-include-stack -fmacro-backtrace-limit\=0 -fno-color-diagnostics -fmodules-prune-interval\=86400 -fmodules-prune-after\=345600 -fbuild-session-file\=/Users/shizihan/DailyUse/Github/InkMarkdown/.scratch/architecture-deepening-2026-09-07/evidence/20260907-1415-ticket-27/consumer/DerivedData-InkMarkdownCoreConsumer/ModuleCache.noindex/Session.modulevalidation -fmodules-validate-once-per-build-session -Wnon-modular-include-in-framework-module -Werror\=non-modular-include-in-framework-module -Wno-trigraphs -Wno-missing-field-initializers -Wno-missing-prototypes -Wno-return-type -Wno-missing-braces -Wparentheses -Wswitch -Wno-unused-function -Wno-unused-label -Wno-unused-parameter -Wno-unused-variable -Wunused-value -Wno-empty-body -Wno-uninitialized -Wno-unknown-pragmas -w -Wno-shadow -Wno-four-char-constants -Wno-conversion -Wno-constant-conversion -Wno-int-conversion -Wno-bool-conversion -Wno-enum-conversion -Wno-float-conversion -Wno-non-literal-null-conversion -Wno-objc-literal-conversion -Wshorten-64-to-32 -Wpointer-sign -Wno-newline-eof -Wno-implicit-fallthrough -isysroot /Applications/Xcode.app/Contents/Developer/Platforms/iPhoneSimulator.platform/Developer/SDKs/iPhoneSimulator26.5.sdk -fstrict-aliasing -Wdeprecated-declarations -Wno-sign-conversion -Wno-infinite-recursion -Wno-comma -Wno-block-capture-autoreleasing -Wno-strict-prototypes -Wno-semicolon-before-method-body -index-store-path /Users/shizihan/DailyUse/Github/InkMarkdown/.scratch/architecture-deepening-2026-09-07/evidence/20260907-1415-ticket-27/consumer/DerivedData-InkMarkdownCoreConsumer/Index.noindex/DataStore @/Users/shizihan/DailyUse/Github/InkMarkdown/.scratch/architecture-deepening-2026-09-07/evidence/20260907-1415-ticket-27/consumer/DerivedData-InkMarkdownCoreConsumer/Build/Intermediates.noindex/cmark-gfm.build/Debug-iphonesimulator/cmark-gfm.build/Objects-normal/arm64/7187679823f38a2a940e0043cdf9d637-common-args.resp -MMD -MT dependencies -MF /Users/shizihan/DailyUse/Github/InkMarkdown/.scratch/architecture-deepening-2026-09-07/evidence/20260907-1415-ticket-27/consumer/DerivedData-InkMarkdownCoreConsumer/Build/Intermediates.noindex/cmark-gfm.build/Debug-iphonesimulator/cmark-gfm.build/Objects-normal/arm64/html.d --serialize-diagnostics /Users/shizihan/DailyUse/Github/InkMarkdown/.scratch/architecture-deepening-2026-09-07/evidence/20260907-1415-ticket-27/consumer/DerivedData-InkMarkdownCoreConsumer/Build/Intermediates.noindex/cmark-gfm.build/Debug-iphonesimulator/cmark-gfm.build/Objects-normal/arm64/html.dia -c /Users/shizihan/DailyUse/Github/InkMarkdown/Packages/Caches/swift-cmark/src/html.c -o /Users/shizihan/DailyUse/Github/InkMarkdown/.scratch/architecture-deepening-2026-09-07/evidence/20260907-1415-ticket-27/consumer/DerivedData-InkMarkdownCoreConsumer/Build/Intermediates.noindex/cmark-gfm.build/Debug-iphonesimulator/cmark-gfm.build/Objects-normal/arm64/html.o -index-unit-output-path /cmark-gfm.build/Debug-iphonesimulator/cmark-gfm.build/Objects-normal/arm64/html.o

CompileC /Users/shizihan/DailyUse/Github/InkMarkdown/.scratch/architecture-deepening-2026-09-07/evidence/20260907-1415-ticket-27/consumer/DerivedData-InkMarkdownCoreConsumer/Build/Intermediates.noindex/cmark-gfm.build/Debug-iphonesimulator/cmark-gfm.build/Objects-normal/arm64/inlines.o /Users/shizihan/DailyUse/Github/InkMarkdown/Packages/Caches/swift-cmark/src/inlines.c normal arm64 c com.apple.compilers.llvm.clang.1_0.compiler (in target 'cmark-gfm' from project 'cmark-gfm')
    cd /Users/shizihan/DailyUse/Github/InkMarkdown/.github/fixtures/consumer-smoke/.swiftpm/xcode
    
    Using response file: /Users/shizihan/DailyUse/Github/InkMarkdown/.scratch/architecture-deepening-2026-09-07/evidence/20260907-1415-ticket-27/consumer/DerivedData-InkMarkdownCoreConsumer/Build/Intermediates.noindex/cmark-gfm.build/Debug-iphonesimulator/cmark-gfm.build/Objects-normal/arm64/7187679823f38a2a940e0043cdf9d637-common-args.resp
    
    /Applications/Xcode.app/Contents/Developer/Toolchains/XcodeDefault.xctoolchain/usr/bin/clang -x c -ivfsstatcache /Users/shizihan/DailyUse/Github/InkMarkdown/.scratch/architecture-deepening-2026-09-07/evidence/20260907-1415-ticket-27/consumer/DerivedData-InkMarkdownCoreConsumer/SDKStatCaches.noindex/iphonesimulator26.5-23F81a-6cfe768891a92b912361537c460fe42b.sdkstatcache -target arm64-apple-ios12.0-simulator -fmessage-length\=0 -fdiagnostics-show-note-include-stack -fmacro-backtrace-limit\=0 -fno-color-diagnostics -fmodules-prune-interval\=86400 -fmodules-prune-after\=345600 -fbuild-session-file\=/Users/shizihan/DailyUse/Github/InkMarkdown/.scratch/architecture-deepening-2026-09-07/evidence/20260907-1415-ticket-27/consumer/DerivedData-InkMarkdownCoreConsumer/ModuleCache.noindex/Session.modulevalidation -fmodules-validate-once-per-build-session -Wnon-modular-include-in-framework-module -Werror\=non-modular-include-in-framework-module -Wno-trigraphs -Wno-missing-field-initializers -Wno-missing-prototypes -Wno-return-type -Wno-missing-braces -Wparentheses -Wswitch -Wno-unused-function -Wno-unused-label -Wno-unused-parameter -Wno-unused-variable -Wunused-value -Wno-empty-body -Wno-uninitialized -Wno-unknown-pragmas -w -Wno-shadow -Wno-four-char-constants -Wno-conversion -Wno-constant-conversion -Wno-int-conversion -Wno-bool-conversion -Wno-enum-conversion -Wno-float-conversion -Wno-non-literal-null-conversion -Wno-objc-literal-conversion -Wshorten-64-to-32 -Wpointer-sign -Wno-newline-eof -Wno-implicit-fallthrough -isysroot /Applications/Xcode.app/Contents/Developer/Platforms/iPhoneSimulator.platform/Developer/SDKs/iPhoneSimulator26.5.sdk -fstrict-aliasing -Wdeprecated-declarations -Wno-sign-conversion -Wno-infinite-recursion -Wno-comma -Wno-block-capture-autoreleasing -Wno-strict-prototypes -Wno-semicolon-before-method-body -index-store-path /Users/shizihan/DailyUse/Github/InkMarkdown/.scratch/architecture-deepening-2026-09-07/evidence/20260907-1415-ticket-27/consumer/DerivedData-InkMarkdownCoreConsumer/Index.noindex/DataStore @/Users/shizihan/DailyUse/Github/InkMarkdown/.scratch/architecture-deepening-2026-09-07/evidence/20260907-1415-ticket-27/consumer/DerivedData-InkMarkdownCoreConsumer/Build/Intermediates.noindex/cmark-gfm.build/Debug-iphonesimulator/cmark-gfm.build/Objects-normal/arm64/7187679823f38a2a940e0043cdf9d637-common-args.resp -MMD -MT dependencies -MF /Users/shizihan/DailyUse/Github/InkMarkdown/.scratch/architecture-deepening-2026-09-07/evidence/20260907-1415-ticket-27/consumer/DerivedData-InkMarkdownCoreConsumer/Build/Intermediates.noindex/cmark-gfm.build/Debug-iphonesimulator/cmark-gfm.build/Objects-normal/arm64/inlines.d --serialize-diagnostics /Users/shizihan/DailyUse/Github/InkMarkdown/.scratch/architecture-deepening-2026-09-07/evidence/20260907-1415-ticket-27/consumer/DerivedData-InkMarkdownCoreConsumer/Build/Intermediates.noindex/cmark-gfm.build/Debug-iphonesimulator/cmark-gfm.build/Objects-normal/arm64/inlines.dia -c /Users/shizihan/DailyUse/Github/InkMarkdown/Packages/Caches/swift-cmark/src/inlines.c -o /Users/shizihan/DailyUse/Github/InkMarkdown/.scratch/architecture-deepening-2026-09-07/evidence/20260907-1415-ticket-27/consumer/DerivedData-InkMarkdownCoreConsumer/Build/Intermediates.noindex/cmark-gfm.build/Debug-iphonesimulator/cmark-gfm.build/Objects-normal/arm64/inlines.o -index-unit-output-path /cmark-gfm.build/Debug-iphonesimulator/cmark-gfm.build/Objects-normal/arm64/inlines.o

CompileC /Users/shizihan/DailyUse/Github/InkMarkdown/.scratch/architecture-deepening-2026-09-07/evidence/20260907-1415-ticket-27/consumer/DerivedData-InkMarkdownCoreConsumer/Build/Intermediates.noindex/cmark-gfm.build/Debug-iphonesimulator/cmark-gfm.build/Objects-normal/arm64/footnotes.o /Users/shizihan/DailyUse/Github/InkMarkdown/Packages/Caches/swift-cmark/src/footnotes.c normal arm64 c com.apple.compilers.llvm.clang.1_0.compiler (in target 'cmark-gfm' from project 'cmark-gfm')
    cd /Users/shizihan/DailyUse/Github/InkMarkdown/.github/fixtures/consumer-smoke/.swiftpm/xcode
    
    Using response file: /Users/shizihan/DailyUse/Github/InkMarkdown/.scratch/architecture-deepening-2026-09-07/evidence/20260907-1415-ticket-27/consumer/DerivedData-InkMarkdownCoreConsumer/Build/Intermediates.noindex/cmark-gfm.build/Debug-iphonesimulator/cmark-gfm.build/Objects-normal/arm64/7187679823f38a2a940e0043cdf9d637-common-args.resp
    
    /Applications/Xcode.app/Contents/Developer/Toolchains/XcodeDefault.xctoolchain/usr/bin/clang -x c -ivfsstatcache /Users/shizihan/DailyUse/Github/InkMarkdown/.scratch/architecture-deepening-2026-09-07/evidence/20260907-1415-ticket-27/consumer/DerivedData-InkMarkdownCoreConsumer/SDKStatCaches.noindex/iphonesimulator26.5-23F81a-6cfe768891a92b912361537c460fe42b.sdkstatcache -target arm64-apple-ios12.0-simulator -fmessage-length\=0 -fdiagnostics-show-note-include-stack -fmacro-backtrace-limit\=0 -fno-color-diagnostics -fmodules-prune-interval\=86400 -fmodules-prune-after\=345600 -fbuild-session-file\=/Users/shizihan/DailyUse/Github/InkMarkdown/.scratch/architecture-deepening-2026-09-07/evidence/20260907-1415-ticket-27/consumer/DerivedData-InkMarkdownCoreConsumer/ModuleCache.noindex/Session.modulevalidation -fmodules-validate-once-per-build-session -Wnon-modular-include-in-framework-module -Werror\=non-modular-include-in-framework-module -Wno-trigraphs -Wno-missing-field-initializers -Wno-missing-prototypes -Wno-return-type -Wno-missing-braces -Wparentheses -Wswitch -Wno-unused-function -Wno-unused-label -Wno-unused-parameter -Wno-unused-variable -Wunused-value -Wno-empty-body -Wno-uninitialized -Wno-unknown-pragmas -w -Wno-shadow -Wno-four-char-constants -Wno-conversion -Wno-constant-conversion -Wno-int-conversion -Wno-bool-conversion -Wno-enum-conversion -Wno-float-conversion -Wno-non-literal-null-conversion -Wno-objc-literal-conversion -Wshorten-64-to-32 -Wpointer-sign -Wno-newline-eof -Wno-implicit-fallthrough -isysroot /Applications/Xcode.app/Contents/Developer/Platforms/iPhoneSimulator.platform/Developer/SDKs/iPhoneSimulator26.5.sdk -fstrict-aliasing -Wdeprecated-declarations -Wno-sign-conversion -Wno-infinite-recursion -Wno-comma -Wno-block-capture-autoreleasing -Wno-strict-prototypes -Wno-semicolon-before-method-body -index-store-path /Users/shizihan/DailyUse/Github/InkMarkdown/.scratch/architecture-deepening-2026-09-07/evidence/20260907-1415-ticket-27/consumer/DerivedData-InkMarkdownCoreConsumer/Index.noindex/DataStore @/Users/shizihan/DailyUse/Github/InkMarkdown/.scratch/architecture-deepening-2026-09-07/evidence/20260907-1415-ticket-27/consumer/DerivedData-InkMarkdownCoreConsumer/Build/Intermediates.noindex/cmark-gfm.build/Debug-iphonesimulator/cmark-gfm.build/Objects-normal/arm64/7187679823f38a2a940e0043cdf9d637-common-args.resp -MMD -MT dependencies -MF /Users/shizihan/DailyUse/Github/InkMarkdown/.scratch/architecture-deepening-2026-09-07/evidence/20260907-1415-ticket-27/consumer/DerivedData-InkMarkdownCoreConsumer/Build/Intermediates.noindex/cmark-gfm.build/Debug-iphonesimulator/cmark-gfm.build/Objects-normal/arm64/footnotes.d --serialize-diagnostics /Users/shizihan/DailyUse/Github/InkMarkdown/.scratch/architecture-deepening-2026-09-07/evidence/20260907-1415-ticket-27/consumer/DerivedData-InkMarkdownCoreConsumer/Build/Intermediates.noindex/cmark-gfm.build/Debug-iphonesimulator/cmark-gfm.build/Objects-normal/arm64/footnotes.dia -c /Users/shizihan/DailyUse/Github/InkMarkdown/Packages/Caches/swift-cmark/src/footnotes.c -o /Users/shizihan/DailyUse/Github/InkMarkdown/.scratch/architecture-deepening-2026-09-07/evidence/20260907-1415-ticket-27/consumer/DerivedData-InkMarkdownCoreConsumer/Build/Intermediates.noindex/cmark-gfm.build/Debug-iphonesimulator/cmark-gfm.build/Objects-normal/arm64/footnotes.o -index-unit-output-path /cmark-gfm.build/Debug-iphonesimulator/cmark-gfm.build/Objects-normal/arm64/footnotes.o

CompileC /Users/shizihan/DailyUse/Github/InkMarkdown/.scratch/architecture-deepening-2026-09-07/evidence/20260907-1415-ticket-27/consumer/DerivedData-InkMarkdownCoreConsumer/Build/Intermediates.noindex/cmark-gfm.build/Debug-iphonesimulator/cmark-gfm.build/Objects-normal/arm64/commonmark.o /Users/shizihan/DailyUse/Github/InkMarkdown/Packages/Caches/swift-cmark/src/commonmark.c normal arm64 c com.apple.compilers.llvm.clang.1_0.compiler (in target 'cmark-gfm' from project 'cmark-gfm')
    cd /Users/shizihan/DailyUse/Github/InkMarkdown/.github/fixtures/consumer-smoke/.swiftpm/xcode
    
    Using response file: /Users/shizihan/DailyUse/Github/InkMarkdown/.scratch/architecture-deepening-2026-09-07/evidence/20260907-1415-ticket-27/consumer/DerivedData-InkMarkdownCoreConsumer/Build/Intermediates.noindex/cmark-gfm.build/Debug-iphonesimulator/cmark-gfm.build/Objects-normal/arm64/7187679823f38a2a940e0043cdf9d637-common-args.resp
    
    /Applications/Xcode.app/Contents/Developer/Toolchains/XcodeDefault.xctoolchain/usr/bin/clang -x c -ivfsstatcache /Users/shizihan/DailyUse/Github/InkMarkdown/.scratch/architecture-deepening-2026-09-07/evidence/20260907-1415-ticket-27/consumer/DerivedData-InkMarkdownCoreConsumer/SDKStatCaches.noindex/iphonesimulator26.5-23F81a-6cfe768891a92b912361537c460fe42b.sdkstatcache -target arm64-apple-ios12.0-simulator -fmessage-length\=0 -fdiagnostics-show-note-include-stack -fmacro-backtrace-limit\=0 -fno-color-diagnostics -fmodules-prune-interval\=86400 -fmodules-prune-after\=345600 -fbuild-session-file\=/Users/shizihan/DailyUse/Github/InkMarkdown/.scratch/architecture-deepening-2026-09-07/evidence/20260907-1415-ticket-27/consumer/DerivedData-InkMarkdownCoreConsumer/ModuleCache.noindex/Session.modulevalidation -fmodules-validate-once-per-build-session -Wnon-modular-include-in-framework-module -Werror\=non-modular-include-in-framework-module -Wno-trigraphs -Wno-missing-field-initializers -Wno-missing-prototypes -Wno-return-type -Wno-missing-braces -Wparentheses -Wswitch -Wno-unused-function -Wno-unused-label -Wno-unused-parameter -Wno-unused-variable -Wunused-value -Wno-empty-body -Wno-uninitialized -Wno-unknown-pragmas -w -Wno-shadow -Wno-four-char-constants -Wno-conversion -Wno-constant-conversion -Wno-int-conversion -Wno-bool-conversion -Wno-enum-conversion -Wno-float-conversion -Wno-non-literal-null-conversion -Wno-objc-literal-conversion -Wshorten-64-to-32 -Wpointer-sign -Wno-newline-eof -Wno-implicit-fallthrough -isysroot /Applications/Xcode.app/Contents/Developer/Platforms/iPhoneSimulator.platform/Developer/SDKs/iPhoneSimulator26.5.sdk -fstrict-aliasing -Wdeprecated-declarations -Wno-sign-conversion -Wno-infinite-recursion -Wno-comma -Wno-block-capture-autoreleasing -Wno-strict-prototypes -Wno-semicolon-before-method-body -index-store-path /Users/shizihan/DailyUse/Github/InkMarkdown/.scratch/architecture-deepening-2026-09-07/evidence/20260907-1415-ticket-27/consumer/DerivedData-InkMarkdownCoreConsumer/Index.noindex/DataStore @/Users/shizihan/DailyUse/Github/InkMarkdown/.scratch/architecture-deepening-2026-09-07/evidence/20260907-1415-ticket-27/consumer/DerivedData-InkMarkdownCoreConsumer/Build/Intermediates.noindex/cmark-gfm.build/Debug-iphonesimulator/cmark-gfm.build/Objects-normal/arm64/7187679823f38a2a940e0043cdf9d637-common-args.resp -MMD -MT dependencies -MF /Users/shizihan/DailyUse/Github/InkMarkdown/.scratch/architecture-deepening-2026-09-07/evidence/20260907-1415-ticket-27/consumer/DerivedData-InkMarkdownCoreConsumer/Build/Intermediates.noindex/cmark-gfm.build/Debug-iphonesimulator/cmark-gfm.build/Objects-normal/arm64/commonmark.d --serialize-diagnostics /Users/shizihan/DailyUse/Github/InkMarkdown/.scratch/architecture-deepening-2026-09-07/evidence/20260907-1415-ticket-27/consumer/DerivedData-InkMarkdownCoreConsumer/Build/Intermediates.noindex/cmark-gfm.build/Debug-iphonesimulator/cmark-gfm.build/Objects-normal/arm64/commonmark.dia -c /Users/shizihan/DailyUse/Github/InkMarkdown/Packages/Caches/swift-cmark/src/commonmark.c -o /Users/shizihan/DailyUse/Github/InkMarkdown/.scratch/architecture-deepening-2026-09-07/evidence/20260907-1415-ticket-27/consumer/DerivedData-InkMarkdownCoreConsumer/Build/Intermediates.noindex/cmark-gfm.build/Debug-iphonesimulator/cmark-gfm.build/Objects-normal/arm64/commonmark.o -index-unit-output-path /cmark-gfm.build/Debug-iphonesimulator/cmark-gfm.build/Objects-normal/arm64/commonmark.o

CompileC /Users/shizihan/DailyUse/Github/InkMarkdown/.scratch/architecture-deepening-2026-09-07/evidence/20260907-1415-ticket-27/consumer/DerivedData-InkMarkdownCoreConsumer/Build/Intermediates.noindex/cmark-gfm.build/Debug-iphonesimulator/cmark-gfm.build/Objects-normal/arm64/cmark.o /Users/shizihan/DailyUse/Github/InkMarkdown/Packages/Caches/swift-cmark/src/cmark.c normal arm64 c com.apple.compilers.llvm.clang.1_0.compiler (in target 'cmark-gfm' from project 'cmark-gfm')
    cd /Users/shizihan/DailyUse/Github/InkMarkdown/.github/fixtures/consumer-smoke/.swiftpm/xcode
    
    Using response file: /Users/shizihan/DailyUse/Github/InkMarkdown/.scratch/architecture-deepening-2026-09-07/evidence/20260907-1415-ticket-27/consumer/DerivedData-InkMarkdownCoreConsumer/Build/Intermediates.noindex/cmark-gfm.build/Debug-iphonesimulator/cmark-gfm.build/Objects-normal/arm64/7187679823f38a2a940e0043cdf9d637-common-args.resp
    
    /Applications/Xcode.app/Contents/Developer/Toolchains/XcodeDefault.xctoolchain/usr/bin/clang -x c -ivfsstatcache /Users/shizihan/DailyUse/Github/InkMarkdown/.scratch/architecture-deepening-2026-09-07/evidence/20260907-1415-ticket-27/consumer/DerivedData-InkMarkdownCoreConsumer/SDKStatCaches.noindex/iphonesimulator26.5-23F81a-6cfe768891a92b912361537c460fe42b.sdkstatcache -target arm64-apple-ios12.0-simulator -fmessage-length\=0 -fdiagnostics-show-note-include-stack -fmacro-backtrace-limit\=0 -fno-color-diagnostics -fmodules-prune-interval\=86400 -fmodules-prune-after\=345600 -fbuild-session-file\=/Users/shizihan/DailyUse/Github/InkMarkdown/.scratch/architecture-deepening-2026-09-07/evidence/20260907-1415-ticket-27/consumer/DerivedData-InkMarkdownCoreConsumer/ModuleCache.noindex/Session.modulevalidation -fmodules-validate-once-per-build-session -Wnon-modular-include-in-framework-module -Werror\=non-modular-include-in-framework-module -Wno-trigraphs -Wno-missing-field-initializers -Wno-missing-prototypes -Wno-return-type -Wno-missing-braces -Wparentheses -Wswitch -Wno-unused-function -Wno-unused-label -Wno-unused-parameter -Wno-unused-variable -Wunused-value -Wno-empty-body -Wno-uninitialized -Wno-unknown-pragmas -w -Wno-shadow -Wno-four-char-constants -Wno-conversion -Wno-constant-conversion -Wno-int-conversion -Wno-bool-conversion -Wno-enum-conversion -Wno-float-conversion -Wno-non-literal-null-conversion -Wno-objc-literal-conversion -Wshorten-64-to-32 -Wpointer-sign -Wno-newline-eof -Wno-implicit-fallthrough -isysroot /Applications/Xcode.app/Contents/Developer/Platforms/iPhoneSimulator.platform/Developer/SDKs/iPhoneSimulator26.5.sdk -fstrict-aliasing -Wdeprecated-declarations -Wno-sign-conversion -Wno-infinite-recursion -Wno-comma -Wno-block-capture-autoreleasing -Wno-strict-prototypes -Wno-semicolon-before-method-body -index-store-path /Users/shizihan/DailyUse/Github/InkMarkdown/.scratch/architecture-deepening-2026-09-07/evidence/20260907-1415-ticket-27/consumer/DerivedData-InkMarkdownCoreConsumer/Index.noindex/DataStore @/Users/shizihan/DailyUse/Github/InkMarkdown/.scratch/architecture-deepening-2026-09-07/evidence/20260907-1415-ticket-27/consumer/DerivedData-InkMarkdownCoreConsumer/Build/Intermediates.noindex/cmark-gfm.build/Debug-iphonesimulator/cmark-gfm.build/Objects-normal/arm64/7187679823f38a2a940e0043cdf9d637-common-args.resp -MMD -MT dependencies -MF /Users/shizihan/DailyUse/Github/InkMarkdown/.scratch/architecture-deepening-2026-09-07/evidence/20260907-1415-ticket-27/consumer/DerivedData-InkMarkdownCoreConsumer/Build/Intermediates.noindex/cmark-gfm.build/Debug-iphonesimulator/cmark-gfm.build/Objects-normal/arm64/cmark.d --serialize-diagnostics /Users/shizihan/DailyUse/Github/InkMarkdown/.scratch/architecture-deepening-2026-09-07/evidence/20260907-1415-ticket-27/consumer/DerivedData-InkMarkdownCoreConsumer/Build/Intermediates.noindex/cmark-gfm.build/Debug-iphonesimulator/cmark-gfm.build/Objects-normal/arm64/cmark.dia -c /Users/shizihan/DailyUse/Github/InkMarkdown/Packages/Caches/swift-cmark/src/cmark.c -o /Users/shizihan/DailyUse/Github/InkMarkdown/.scratch/architecture-deepening-2026-09-07/evidence/20260907-1415-ticket-27/consumer/DerivedData-InkMarkdownCoreConsumer/Build/Intermediates.noindex/cmark-gfm.build/Debug-iphonesimulator/cmark-gfm.build/Objects-normal/arm64/cmark.o -index-unit-output-path /cmark-gfm.build/Debug-iphonesimulator/cmark-gfm.build/Objects-normal/arm64/cmark.o

CompileC /Users/shizihan/DailyUse/Github/InkMarkdown/.scratch/architecture-deepening-2026-09-07/evidence/20260907-1415-ticket-27/consumer/DerivedData-InkMarkdownCoreConsumer/Build/Intermediates.noindex/cmark-gfm.build/Debug-iphonesimulator/cmark-gfm.build/Objects-normal/arm64/buffer.o /Users/shizihan/DailyUse/Github/InkMarkdown/Packages/Caches/swift-cmark/src/buffer.c normal arm64 c com.apple.compilers.llvm.clang.1_0.compiler (in target 'cmark-gfm' from project 'cmark-gfm')
    cd /Users/shizihan/DailyUse/Github/InkMarkdown/.github/fixtures/consumer-smoke/.swiftpm/xcode
    
    Using response file: /Users/shizihan/DailyUse/Github/InkMarkdown/.scratch/architecture-deepening-2026-09-07/evidence/20260907-1415-ticket-27/consumer/DerivedData-InkMarkdownCoreConsumer/Build/Intermediates.noindex/cmark-gfm.build/Debug-iphonesimulator/cmark-gfm.build/Objects-normal/arm64/7187679823f38a2a940e0043cdf9d637-common-args.resp
    
    /Applications/Xcode.app/Contents/Developer/Toolchains/XcodeDefault.xctoolchain/usr/bin/clang -x c -ivfsstatcache /Users/shizihan/DailyUse/Github/InkMarkdown/.scratch/architecture-deepening-2026-09-07/evidence/20260907-1415-ticket-27/consumer/DerivedData-InkMarkdownCoreConsumer/SDKStatCaches.noindex/iphonesimulator26.5-23F81a-6cfe768891a92b912361537c460fe42b.sdkstatcache -target arm64-apple-ios12.0-simulator -fmessage-length\=0 -fdiagnostics-show-note-include-stack -fmacro-backtrace-limit\=0 -fno-color-diagnostics -fmodules-prune-interval\=86400 -fmodules-prune-after\=345600 -fbuild-session-file\=/Users/shizihan/DailyUse/Github/InkMarkdown/.scratch/architecture-deepening-2026-09-07/evidence/20260907-1415-ticket-27/consumer/DerivedData-InkMarkdownCoreConsumer/ModuleCache.noindex/Session.modulevalidation -fmodules-validate-once-per-build-session -Wnon-modular-include-in-framework-module -Werror\=non-modular-include-in-framework-module -Wno-trigraphs -Wno-missing-field-initializers -Wno-missing-prototypes -Wno-return-type -Wno-missing-braces -Wparentheses -Wswitch -Wno-unused-function -Wno-unused-label -Wno-unused-parameter -Wno-unused-variable -Wunused-value -Wno-empty-body -Wno-uninitialized -Wno-unknown-pragmas -w -Wno-shadow -Wno-four-char-constants -Wno-conversion -Wno-constant-conversion -Wno-int-conversion -Wno-bool-conversion -Wno-enum-conversion -Wno-float-conversion -Wno-non-literal-null-conversion -Wno-objc-literal-conversion -Wshorten-64-to-32 -Wpointer-sign -Wno-newline-eof -Wno-implicit-fallthrough -isysroot /Applications/Xcode.app/Contents/Developer/Platforms/iPhoneSimulator.platform/Developer/SDKs/iPhoneSimulator26.5.sdk -fstrict-aliasing -Wdeprecated-declarations -Wno-sign-conversion -Wno-infinite-recursion -Wno-comma -Wno-block-capture-autoreleasing -Wno-strict-prototypes -Wno-semicolon-before-method-body -index-store-path /Users/shizihan/DailyUse/Github/InkMarkdown/.scratch/architecture-deepening-2026-09-07/evidence/20260907-1415-ticket-27/consumer/DerivedData-InkMarkdownCoreConsumer/Index.noindex/DataStore @/Users/shizihan/DailyUse/Github/InkMarkdown/.scratch/architecture-deepening-2026-09-07/evidence/20260907-1415-ticket-27/consumer/DerivedData-InkMarkdownCoreConsumer/Build/Intermediates.noindex/cmark-gfm.build/Debug-iphonesimulator/cmark-gfm.build/Objects-normal/arm64/7187679823f38a2a940e0043cdf9d637-common-args.resp -MMD -MT dependencies -MF /Users/shizihan/DailyUse/Github/InkMarkdown/.scratch/architecture-deepening-2026-09-07/evidence/20260907-1415-ticket-27/consumer/DerivedData-InkMarkdownCoreConsumer/Build/Intermediates.noindex/cmark-gfm.build/Debug-iphonesimulator/cmark-gfm.build/Objects-normal/arm64/buffer.d --serialize-diagnostics /Users/shizihan/DailyUse/Github/InkMarkdown/.scratch/architecture-deepening-2026-09-07/evidence/20260907-1415-ticket-27/consumer/DerivedData-InkMarkdownCoreConsumer/Build/Intermediates.noindex/cmark-gfm.build/Debug-iphonesimulator/cmark-gfm.build/Objects-normal/arm64/buffer.dia -c /Users/shizihan/DailyUse/Github/InkMarkdown/Packages/Caches/swift-cmark/src/buffer.c -o /Users/shizihan/DailyUse/Github/InkMarkdown/.scratch/architecture-deepening-2026-09-07/evidence/20260907-1415-ticket-27/consumer/DerivedData-InkMarkdownCoreConsumer/Build/Intermediates.noindex/cmark-gfm.build/Debug-iphonesimulator/cmark-gfm.build/Objects-normal/arm64/buffer.o -index-unit-output-path /cmark-gfm.build/Debug-iphonesimulator/cmark-gfm.build/Objects-normal/arm64/buffer.o

CompileC /Users/shizihan/DailyUse/Github/InkMarkdown/.scratch/architecture-deepening-2026-09-07/evidence/20260907-1415-ticket-27/consumer/DerivedData-InkMarkdownCoreConsumer/Build/Intermediates.noindex/cmark-gfm.build/Debug-iphonesimulator/cmark-gfm.build/Objects-normal/arm64/blocks.o /Users/shizihan/DailyUse/Github/InkMarkdown/Packages/Caches/swift-cmark/src/blocks.c normal arm64 c com.apple.compilers.llvm.clang.1_0.compiler (in target 'cmark-gfm' from project 'cmark-gfm')
    cd /Users/shizihan/DailyUse/Github/InkMarkdown/.github/fixtures/consumer-smoke/.swiftpm/xcode
    
    Using response file: /Users/shizihan/DailyUse/Github/InkMarkdown/.scratch/architecture-deepening-2026-09-07/evidence/20260907-1415-ticket-27/consumer/DerivedData-InkMarkdownCoreConsumer/Build/Intermediates.noindex/cmark-gfm.build/Debug-iphonesimulator/cmark-gfm.build/Objects-normal/arm64/7187679823f38a2a940e0043cdf9d637-common-args.resp
    
    /Applications/Xcode.app/Contents/Developer/Toolchains/XcodeDefault.xctoolchain/usr/bin/clang -x c -ivfsstatcache /Users/shizihan/DailyUse/Github/InkMarkdown/.scratch/architecture-deepening-2026-09-07/evidence/20260907-1415-ticket-27/consumer/DerivedData-InkMarkdownCoreConsumer/SDKStatCaches.noindex/iphonesimulator26.5-23F81a-6cfe768891a92b912361537c460fe42b.sdkstatcache -target arm64-apple-ios12.0-simulator -fmessage-length\=0 -fdiagnostics-show-note-include-stack -fmacro-backtrace-limit\=0 -fno-color-diagnostics -fmodules-prune-interval\=86400 -fmodules-prune-after\=345600 -fbuild-session-file\=/Users/shizihan/DailyUse/Github/InkMarkdown/.scratch/architecture-deepening-2026-09-07/evidence/20260907-1415-ticket-27/consumer/DerivedData-InkMarkdownCoreConsumer/ModuleCache.noindex/Session.modulevalidation -fmodules-validate-once-per-build-session -Wnon-modular-include-in-framework-module -Werror\=non-modular-include-in-framework-module -Wno-trigraphs -Wno-missing-field-initializers -Wno-missing-prototypes -Wno-return-type -Wno-missing-braces -Wparentheses -Wswitch -Wno-unused-function -Wno-unused-label -Wno-unused-parameter -Wno-unused-variable -Wunused-value -Wno-empty-body -Wno-uninitialized -Wno-unknown-pragmas -w -Wno-shadow -Wno-four-char-constants -Wno-conversion -Wno-constant-conversion -Wno-int-conversion -Wno-bool-conversion -Wno-enum-conversion -Wno-float-conversion -Wno-non-literal-null-conversion -Wno-objc-literal-conversion -Wshorten-64-to-32 -Wpointer-sign -Wno-newline-eof -Wno-implicit-fallthrough -isysroot /Applications/Xcode.app/Contents/Developer/Platforms/iPhoneSimulator.platform/Developer/SDKs/iPhoneSimulator26.5.sdk -fstrict-aliasing -Wdeprecated-declarations -Wno-sign-conversion -Wno-infinite-recursion -Wno-comma -Wno-block-capture-autoreleasing -Wno-strict-prototypes -Wno-semicolon-before-method-body -index-store-path /Users/shizihan/DailyUse/Github/InkMarkdown/.scratch/architecture-deepening-2026-09-07/evidence/20260907-1415-ticket-27/consumer/DerivedData-InkMarkdownCoreConsumer/Index.noindex/DataStore @/Users/shizihan/DailyUse/Github/InkMarkdown/.scratch/architecture-deepening-2026-09-07/evidence/20260907-1415-ticket-27/consumer/DerivedData-InkMarkdownCoreConsumer/Build/Intermediates.noindex/cmark-gfm.build/Debug-iphonesimulator/cmark-gfm.build/Objects-normal/arm64/7187679823f38a2a940e0043cdf9d637-common-args.resp -MMD -MT dependencies -MF /Users/shizihan/DailyUse/Github/InkMarkdown/.scratch/architecture-deepening-2026-09-07/evidence/20260907-1415-ticket-27/consumer/DerivedData-InkMarkdownCoreConsumer/Build/Intermediates.noindex/cmark-gfm.build/Debug-iphonesimulator/cmark-gfm.build/Objects-normal/arm64/blocks.d --serialize-diagnostics /Users/shizihan/DailyUse/Github/InkMarkdown/.scratch/architecture-deepening-2026-09-07/evidence/20260907-1415-ticket-27/consumer/DerivedData-InkMarkdownCoreConsumer/Build/Intermediates.noindex/cmark-gfm.build/Debug-iphonesimulator/cmark-gfm.build/Objects-normal/arm64/blocks.dia -c /Users/shizihan/DailyUse/Github/InkMarkdown/Packages/Caches/swift-cmark/src/blocks.c -o /Users/shizihan/DailyUse/Github/InkMarkdown/.scratch/architecture-deepening-2026-09-07/evidence/20260907-1415-ticket-27/consumer/DerivedData-InkMarkdownCoreConsumer/Build/Intermediates.noindex/cmark-gfm.build/Debug-iphonesimulator/cmark-gfm.build/Objects-normal/arm64/blocks.o -index-unit-output-path /cmark-gfm.build/Debug-iphonesimulator/cmark-gfm.build/Objects-normal/arm64/blocks.o

CompileC /Users/shizihan/DailyUse/Github/InkMarkdown/.scratch/architecture-deepening-2026-09-07/evidence/20260907-1415-ticket-27/consumer/DerivedData-InkMarkdownCoreConsumer/Build/Intermediates.noindex/cmark-gfm.build/Debug-iphonesimulator/cmark-gfm.build/Objects-normal/arm64/arena.o /Users/shizihan/DailyUse/Github/InkMarkdown/Packages/Caches/swift-cmark/src/arena.c normal arm64 c com.apple.compilers.llvm.clang.1_0.compiler (in target 'cmark-gfm' from project 'cmark-gfm')
    cd /Users/shizihan/DailyUse/Github/InkMarkdown/.github/fixtures/consumer-smoke/.swiftpm/xcode
    
    Using response file: /Users/shizihan/DailyUse/Github/InkMarkdown/.scratch/architecture-deepening-2026-09-07/evidence/20260907-1415-ticket-27/consumer/DerivedData-InkMarkdownCoreConsumer/Build/Intermediates.noindex/cmark-gfm.build/Debug-iphonesimulator/cmark-gfm.build/Objects-normal/arm64/7187679823f38a2a940e0043cdf9d637-common-args.resp
    
    /Applications/Xcode.app/Contents/Developer/Toolchains/XcodeDefault.xctoolchain/usr/bin/clang -x c -ivfsstatcache /Users/shizihan/DailyUse/Github/InkMarkdown/.scratch/architecture-deepening-2026-09-07/evidence/20260907-1415-ticket-27/consumer/DerivedData-InkMarkdownCoreConsumer/SDKStatCaches.noindex/iphonesimulator26.5-23F81a-6cfe768891a92b912361537c460fe42b.sdkstatcache -target arm64-apple-ios12.0-simulator -fmessage-length\=0 -fdiagnostics-show-note-include-stack -fmacro-backtrace-limit\=0 -fno-color-diagnostics -fmodules-prune-interval\=86400 -fmodules-prune-after\=345600 -fbuild-session-file\=/Users/shizihan/DailyUse/Github/InkMarkdown/.scratch/architecture-deepening-2026-09-07/evidence/20260907-1415-ticket-27/consumer/DerivedData-InkMarkdownCoreConsumer/ModuleCache.noindex/Session.modulevalidation -fmodules-validate-once-per-build-session -Wnon-modular-include-in-framework-module -Werror\=non-modular-include-in-framework-module -Wno-trigraphs -Wno-missing-field-initializers -Wno-missing-prototypes -Wno-return-type -Wno-missing-braces -Wparentheses -Wswitch -Wno-unused-function -Wno-unused-label -Wno-unused-parameter -Wno-unused-variable -Wunused-value -Wno-empty-body -Wno-uninitialized -Wno-unknown-pragmas -w -Wno-shadow -Wno-four-char-constants -Wno-conversion -Wno-constant-conversion -Wno-int-conversion -Wno-bool-conversion -Wno-enum-conversion -Wno-float-conversion -Wno-non-literal-null-conversion -Wno-objc-literal-conversion -Wshorten-64-to-32 -Wpointer-sign -Wno-newline-eof -Wno-implicit-fallthrough -isysroot /Applications/Xcode.app/Contents/Developer/Platforms/iPhoneSimulator.platform/Developer/SDKs/iPhoneSimulator26.5.sdk -fstrict-aliasing -Wdeprecated-declarations -Wno-sign-conversion -Wno-infinite-recursion -Wno-comma -Wno-block-capture-autoreleasing -Wno-strict-prototypes -Wno-semicolon-before-method-body -index-store-path /Users/shizihan/DailyUse/Github/InkMarkdown/.scratch/architecture-deepening-2026-09-07/evidence/20260907-1415-ticket-27/consumer/DerivedData-InkMarkdownCoreConsumer/Index.noindex/DataStore @/Users/shizihan/DailyUse/Github/InkMarkdown/.scratch/architecture-deepening-2026-09-07/evidence/20260907-1415-ticket-27/consumer/DerivedData-InkMarkdownCoreConsumer/Build/Intermediates.noindex/cmark-gfm.build/Debug-iphonesimulator/cmark-gfm.build/Objects-normal/arm64/7187679823f38a2a940e0043cdf9d637-common-args.resp -MMD -MT dependencies -MF /Users/shizihan/DailyUse/Github/InkMarkdown/.scratch/architecture-deepening-2026-09-07/evidence/20260907-1415-ticket-27/consumer/DerivedData-InkMarkdownCoreConsumer/Build/Intermediates.noindex/cmark-gfm.build/Debug-iphonesimulator/cmark-gfm.build/Objects-normal/arm64/arena.d --serialize-diagnostics /Users/shizihan/DailyUse/Github/InkMarkdown/.scratch/architecture-deepening-2026-09-07/evidence/20260907-1415-ticket-27/consumer/DerivedData-InkMarkdownCoreConsumer/Build/Intermediates.noindex/cmark-gfm.build/Debug-iphonesimulator/cmark-gfm.build/Objects-normal/arm64/arena.dia -c /Users/shizihan/DailyUse/Github/InkMarkdown/Packages/Caches/swift-cmark/src/arena.c -o /Users/shizihan/DailyUse/Github/InkMarkdown/.scratch/architecture-deepening-2026-09-07/evidence/20260907-1415-ticket-27/consumer/DerivedData-InkMarkdownCoreConsumer/Build/Intermediates.noindex/cmark-gfm.build/Debug-iphonesimulator/cmark-gfm.build/Objects-normal/arm64/arena.o -index-unit-output-path /cmark-gfm.build/Debug-iphonesimulator/cmark-gfm.build/Objects-normal/arm64/arena.o

PrecompileModule /Users/shizihan/DailyUse/Github/InkMarkdown/.scratch/architecture-deepening-2026-09-07/evidence/20260907-1415-ticket-27/consumer/DerivedData-InkMarkdownCoreConsumer/Build/Intermediates.noindex/ExplicitPrecompiledModules/_Builtin_inttypes-B572BRMQ8C7ZZ11O3K60SC8V9.scan
    cd /
    builtin-precompileModule /Users/shizihan/DailyUse/Github/InkMarkdown/.scratch/architecture-deepening-2026-09-07/evidence/20260907-1415-ticket-27/consumer/DerivedData-InkMarkdownCoreConsumer/Build/Intermediates.noindex/ExplicitPrecompiledModules/_Builtin_inttypes-B572BRMQ8C7ZZ11O3K60SC8V9.scan

PrecompileModule /Users/shizihan/DailyUse/Github/InkMarkdown/.scratch/architecture-deepening-2026-09-07/evidence/20260907-1415-ticket-27/consumer/DerivedData-InkMarkdownCoreConsumer/Build/Intermediates.noindex/ExplicitPrecompiledModules/cmark_gfm-2LN6SM5L84XA4OP8M3OQN4GO7.scan
    cd /
    builtin-precompileModule /Users/shizihan/DailyUse/Github/InkMarkdown/.scratch/architecture-deepening-2026-09-07/evidence/20260907-1415-ticket-27/consumer/DerivedData-InkMarkdownCoreConsumer/Build/Intermediates.noindex/ExplicitPrecompiledModules/cmark_gfm-2LN6SM5L84XA4OP8M3OQN4GO7.scan

RegisterExecutionPolicyException /Users/shizihan/DailyUse/Github/InkMarkdown/.scratch/architecture-deepening-2026-09-07/evidence/20260907-1415-ticket-27/consumer/DerivedData-InkMarkdownCoreConsumer/Build/Products/Debug-iphonesimulator/CAtomic.o (in target 'CAtomic' from project 'swift-markdown')
    cd /Users/shizihan/DailyUse/Github/InkMarkdown/Packages/Caches/swift-markdown
    builtin-RegisterExecutionPolicyException /Users/shizihan/DailyUse/Github/InkMarkdown/.scratch/architecture-deepening-2026-09-07/evidence/20260907-1415-ticket-27/consumer/DerivedData-InkMarkdownCoreConsumer/Build/Products/Debug-iphonesimulator/CAtomic.o

PrecompileModule /Users/shizihan/DailyUse/Github/InkMarkdown/.scratch/architecture-deepening-2026-09-07/evidence/20260907-1415-ticket-27/consumer/DerivedData-InkMarkdownCoreConsumer/Build/Intermediates.noindex/ExplicitPrecompiledModules/Darwin-679KDUZU5BBK90JGG376NHAX3.scan
    cd /
    builtin-precompileModule /Users/shizihan/DailyUse/Github/InkMarkdown/.scratch/architecture-deepening-2026-09-07/evidence/20260907-1415-ticket-27/consumer/DerivedData-InkMarkdownCoreConsumer/Build/Intermediates.noindex/ExplicitPrecompiledModules/Darwin-679KDUZU5BBK90JGG376NHAX3.scan

CompileC /Users/shizihan/DailyUse/Github/InkMarkdown/.scratch/architecture-deepening-2026-09-07/evidence/20260907-1415-ticket-27/consumer/DerivedData-InkMarkdownCoreConsumer/Build/Intermediates.noindex/cmark-gfm.build/Debug-iphonesimulator/cmark-gfm-extensions.build/Objects-normal/arm64/table.o /Users/shizihan/DailyUse/Github/InkMarkdown/Packages/Caches/swift-cmark/extensions/table.c normal arm64 c com.apple.compilers.llvm.clang.1_0.compiler (in target 'cmark-gfm-extensions' from project 'cmark-gfm')
    cd /Users/shizihan/DailyUse/Github/InkMarkdown/.github/fixtures/consumer-smoke/.swiftpm/xcode
    
    Using response file: /Users/shizihan/DailyUse/Github/InkMarkdown/.scratch/architecture-deepening-2026-09-07/evidence/20260907-1415-ticket-27/consumer/DerivedData-InkMarkdownCoreConsumer/Build/Intermediates.noindex/cmark-gfm.build/Debug-iphonesimulator/cmark-gfm-extensions.build/Objects-normal/arm64/7187679823f38a2a940e0043cdf9d637-common-args.resp
    
    /Applications/Xcode.app/Contents/Developer/Toolchains/XcodeDefault.xctoolchain/usr/bin/clang -x c -ivfsstatcache /Users/shizihan/DailyUse/Github/InkMarkdown/.scratch/architecture-deepening-2026-09-07/evidence/20260907-1415-ticket-27/consumer/DerivedData-InkMarkdownCoreConsumer/SDKStatCaches.noindex/iphonesimulator26.5-23F81a-6cfe768891a92b912361537c460fe42b.sdkstatcache -target arm64-apple-ios12.0-simulator -fmessage-length\=0 -fdiagnostics-show-note-include-stack -fmacro-backtrace-limit\=0 -fno-color-diagnostics -fmodules-prune-interval\=86400 -fmodules-prune-after\=345600 -fbuild-session-file\=/Users/shizihan/DailyUse/Github/InkMarkdown/.scratch/architecture-deepening-2026-09-07/evidence/20260907-1415-ticket-27/consumer/DerivedData-InkMarkdownCoreConsumer/ModuleCache.noindex/Session.modulevalidation -fmodules-validate-once-per-build-session -Wnon-modular-include-in-framework-module -Werror\=non-modular-include-in-framework-module -Wno-trigraphs -Wno-missing-field-initializers -Wno-missing-prototypes -Wno-return-type -Wno-missing-braces -Wparentheses -Wswitch -Wno-unused-function -Wno-unused-label -Wno-unused-parameter -Wno-unused-variable -Wunused-value -Wno-empty-body -Wno-uninitialized -Wno-unknown-pragmas -w -Wno-shadow -Wno-four-char-constants -Wno-conversion -Wno-constant-conversion -Wno-int-conversion -Wno-bool-conversion -Wno-enum-conversion -Wno-float-conversion -Wno-non-literal-null-conversion -Wno-objc-literal-conversion -Wshorten-64-to-32 -Wpointer-sign -Wno-newline-eof -Wno-implicit-fallthrough -isysroot /Applications/Xcode.app/Contents/Developer/Platforms/iPhoneSimulator.platform/Developer/SDKs/iPhoneSimulator26.5.sdk -fstrict-aliasing -Wdeprecated-declarations -Wno-sign-conversion -Wno-infinite-recursion -Wno-comma -Wno-block-capture-autoreleasing -Wno-strict-prototypes -Wno-semicolon-before-method-body -index-store-path /Users/shizihan/DailyUse/Github/InkMarkdown/.scratch/architecture-deepening-2026-09-07/evidence/20260907-1415-ticket-27/consumer/DerivedData-InkMarkdownCoreConsumer/Index.noindex/DataStore @/Users/shizihan/DailyUse/Github/InkMarkdown/.scratch/architecture-deepening-2026-09-07/evidence/20260907-1415-ticket-27/consumer/DerivedData-InkMarkdownCoreConsumer/Build/Intermediates.noindex/cmark-gfm.build/Debug-iphonesimulator/cmark-gfm-extensions.build/Objects-normal/arm64/7187679823f38a2a940e0043cdf9d637-common-args.resp -MMD -MT dependencies -MF /Users/shizihan/DailyUse/Github/InkMarkdown/.scratch/architecture-deepening-2026-09-07/evidence/20260907-1415-ticket-27/consumer/DerivedData-InkMarkdownCoreConsumer/Build/Intermediates.noindex/cmark-gfm.build/Debug-iphonesimulator/cmark-gfm-extensions.build/Objects-normal/arm64/table.d --serialize-diagnostics /Users/shizihan/DailyUse/Github/InkMarkdown/.scratch/architecture-deepening-2026-09-07/evidence/20260907-1415-ticket-27/consumer/DerivedData-InkMarkdownCoreConsumer/Build/Intermediates.noindex/cmark-gfm.build/Debug-iphonesimulator/cmark-gfm-extensions.build/Objects-normal/arm64/table.dia -c /Users/shizihan/DailyUse/Github/InkMarkdown/Packages/Caches/swift-cmark/extensions/table.c -o /Users/shizihan/DailyUse/Github/InkMarkdown/.scratch/architecture-deepening-2026-09-07/evidence/20260907-1415-ticket-27/consumer/DerivedData-InkMarkdownCoreConsumer/Build/Intermediates.noindex/cmark-gfm.build/Debug-iphonesimulator/cmark-gfm-extensions.build/Objects-normal/arm64/table.o -index-unit-output-path /cmark-gfm.build/Debug-iphonesimulator/cmark-gfm-extensions.build/Objects-normal/arm64/table.o

CompileC /Users/shizihan/DailyUse/Github/InkMarkdown/.scratch/architecture-deepening-2026-09-07/evidence/20260907-1415-ticket-27/consumer/DerivedData-InkMarkdownCoreConsumer/Build/Intermediates.noindex/cmark-gfm.build/Debug-iphonesimulator/cmark-gfm-extensions.build/Objects-normal/arm64/strikethrough.o /Users/shizihan/DailyUse/Github/InkMarkdown/Packages/Caches/swift-cmark/extensions/strikethrough.c normal arm64 c com.apple.compilers.llvm.clang.1_0.compiler (in target 'cmark-gfm-extensions' from project 'cmark-gfm')
    cd /Users/shizihan/DailyUse/Github/InkMarkdown/.github/fixtures/consumer-smoke/.swiftpm/xcode
    
    Using response file: /Users/shizihan/DailyUse/Github/InkMarkdown/.scratch/architecture-deepening-2026-09-07/evidence/20260907-1415-ticket-27/consumer/DerivedData-InkMarkdownCoreConsumer/Build/Intermediates.noindex/cmark-gfm.build/Debug-iphonesimulator/cmark-gfm-extensions.build/Objects-normal/arm64/7187679823f38a2a940e0043cdf9d637-common-args.resp
    
    /Applications/Xcode.app/Contents/Developer/Toolchains/XcodeDefault.xctoolchain/usr/bin/clang -x c -ivfsstatcache /Users/shizihan/DailyUse/Github/InkMarkdown/.scratch/architecture-deepening-2026-09-07/evidence/20260907-1415-ticket-27/consumer/DerivedData-InkMarkdownCoreConsumer/SDKStatCaches.noindex/iphonesimulator26.5-23F81a-6cfe768891a92b912361537c460fe42b.sdkstatcache -target arm64-apple-ios12.0-simulator -fmessage-length\=0 -fdiagnostics-show-note-include-stack -fmacro-backtrace-limit\=0 -fno-color-diagnostics -fmodules-prune-interval\=86400 -fmodules-prune-after\=345600 -fbuild-session-file\=/Users/shizihan/DailyUse/Github/InkMarkdown/.scratch/architecture-deepening-2026-09-07/evidence/20260907-1415-ticket-27/consumer/DerivedData-InkMarkdownCoreConsumer/ModuleCache.noindex/Session.modulevalidation -fmodules-validate-once-per-build-session -Wnon-modular-include-in-framework-module -Werror\=non-modular-include-in-framework-module -Wno-trigraphs -Wno-missing-field-initializers -Wno-missing-prototypes -Wno-return-type -Wno-missing-braces -Wparentheses -Wswitch -Wno-unused-function -Wno-unused-label -Wno-unused-parameter -Wno-unused-variable -Wunused-value -Wno-empty-body -Wno-uninitialized -Wno-unknown-pragmas -w -Wno-shadow -Wno-four-char-constants -Wno-conversion -Wno-constant-conversion -Wno-int-conversion -Wno-bool-conversion -Wno-enum-conversion -Wno-float-conversion -Wno-non-literal-null-conversion -Wno-objc-literal-conversion -Wshorten-64-to-32 -Wpointer-sign -Wno-newline-eof -Wno-implicit-fallthrough -isysroot /Applications/Xcode.app/Contents/Developer/Platforms/iPhoneSimulator.platform/Developer/SDKs/iPhoneSimulator26.5.sdk -fstrict-aliasing -Wdeprecated-declarations -Wno-sign-conversion -Wno-infinite-recursion -Wno-comma -Wno-block-capture-autoreleasing -Wno-strict-prototypes -Wno-semicolon-before-method-body -index-store-path /Users/shizihan/DailyUse/Github/InkMarkdown/.scratch/architecture-deepening-2026-09-07/evidence/20260907-1415-ticket-27/consumer/DerivedData-InkMarkdownCoreConsumer/Index.noindex/DataStore @/Users/shizihan/DailyUse/Github/InkMarkdown/.scratch/architecture-deepening-2026-09-07/evidence/20260907-1415-ticket-27/consumer/DerivedData-InkMarkdownCoreConsumer/Build/Intermediates.noindex/cmark-gfm.build/Debug-iphonesimulator/cmark-gfm-extensions.build/Objects-normal/arm64/7187679823f38a2a940e0043cdf9d637-common-args.resp -MMD -MT dependencies -MF /Users/shizihan/DailyUse/Github/InkMarkdown/.scratch/architecture-deepening-2026-09-07/evidence/20260907-1415-ticket-27/consumer/DerivedData-InkMarkdownCoreConsumer/Build/Intermediates.noindex/cmark-gfm.build/Debug-iphonesimulator/cmark-gfm-extensions.build/Objects-normal/arm64/strikethrough.d --serialize-diagnostics /Users/shizihan/DailyUse/Github/InkMarkdown/.scratch/architecture-deepening-2026-09-07/evidence/20260907-1415-ticket-27/consumer/DerivedData-InkMarkdownCoreConsumer/Build/Intermediates.noindex/cmark-gfm.build/Debug-iphonesimulator/cmark-gfm-extensions.build/Objects-normal/arm64/strikethrough.dia -c /Users/shizihan/DailyUse/Github/InkMarkdown/Packages/Caches/swift-cmark/extensions/strikethrough.c -o /Users/shizihan/DailyUse/Github/InkMarkdown/.scratch/architecture-deepening-2026-09-07/evidence/20260907-1415-ticket-27/consumer/DerivedData-InkMarkdownCoreConsumer/Build/Intermediates.noindex/cmark-gfm.build/Debug-iphonesimulator/cmark-gfm-extensions.build/Objects-normal/arm64/strikethrough.o -index-unit-output-path /cmark-gfm.build/Debug-iphonesimulator/cmark-gfm-extensions.build/Objects-normal/arm64/strikethrough.o

CompileC /Users/shizihan/DailyUse/Github/InkMarkdown/.scratch/architecture-deepening-2026-09-07/evidence/20260907-1415-ticket-27/consumer/DerivedData-InkMarkdownCoreConsumer/Build/Intermediates.noindex/cmark-gfm.build/Debug-iphonesimulator/cmark-gfm-extensions.build/Objects-normal/arm64/tasklist.o /Users/shizihan/DailyUse/Github/InkMarkdown/Packages/Caches/swift-cmark/extensions/tasklist.c normal arm64 c com.apple.compilers.llvm.clang.1_0.compiler (in target 'cmark-gfm-extensions' from project 'cmark-gfm')
    cd /Users/shizihan/DailyUse/Github/InkMarkdown/.github/fixtures/consumer-smoke/.swiftpm/xcode
    
    Using response file: /Users/shizihan/DailyUse/Github/InkMarkdown/.scratch/architecture-deepening-2026-09-07/evidence/20260907-1415-ticket-27/consumer/DerivedData-InkMarkdownCoreConsumer/Build/Intermediates.noindex/cmark-gfm.build/Debug-iphonesimulator/cmark-gfm-extensions.build/Objects-normal/arm64/7187679823f38a2a940e0043cdf9d637-common-args.resp
    
    /Applications/Xcode.app/Contents/Developer/Toolchains/XcodeDefault.xctoolchain/usr/bin/clang -x c -ivfsstatcache /Users/shizihan/DailyUse/Github/InkMarkdown/.scratch/architecture-deepening-2026-09-07/evidence/20260907-1415-ticket-27/consumer/DerivedData-InkMarkdownCoreConsumer/SDKStatCaches.noindex/iphonesimulator26.5-23F81a-6cfe768891a92b912361537c460fe42b.sdkstatcache -target arm64-apple-ios12.0-simulator -fmessage-length\=0 -fdiagnostics-show-note-include-stack -fmacro-backtrace-limit\=0 -fno-color-diagnostics -fmodules-prune-interval\=86400 -fmodules-prune-after\=345600 -fbuild-session-file\=/Users/shizihan/DailyUse/Github/InkMarkdown/.scratch/architecture-deepening-2026-09-07/evidence/20260907-1415-ticket-27/consumer/DerivedData-InkMarkdownCoreConsumer/ModuleCache.noindex/Session.modulevalidation -fmodules-validate-once-per-build-session -Wnon-modular-include-in-framework-module -Werror\=non-modular-include-in-framework-module -Wno-trigraphs -Wno-missing-field-initializers -Wno-missing-prototypes -Wno-return-type -Wno-missing-braces -Wparentheses -Wswitch -Wno-unused-function -Wno-unused-label -Wno-unused-parameter -Wno-unused-variable -Wunused-value -Wno-empty-body -Wno-uninitialized -Wno-unknown-pragmas -w -Wno-shadow -Wno-four-char-constants -Wno-conversion -Wno-constant-conversion -Wno-int-conversion -Wno-bool-conversion -Wno-enum-conversion -Wno-float-conversion -Wno-non-literal-null-conversion -Wno-objc-literal-conversion -Wshorten-64-to-32 -Wpointer-sign -Wno-newline-eof -Wno-implicit-fallthrough -isysroot /Applications/Xcode.app/Contents/Developer/Platforms/iPhoneSimulator.platform/Developer/SDKs/iPhoneSimulator26.5.sdk -fstrict-aliasing -Wdeprecated-declarations -Wno-sign-conversion -Wno-infinite-recursion -Wno-comma -Wno-block-capture-autoreleasing -Wno-strict-prototypes -Wno-semicolon-before-method-body -index-store-path /Users/shizihan/DailyUse/Github/InkMarkdown/.scratch/architecture-deepening-2026-09-07/evidence/20260907-1415-ticket-27/consumer/DerivedData-InkMarkdownCoreConsumer/Index.noindex/DataStore @/Users/shizihan/DailyUse/Github/InkMarkdown/.scratch/architecture-deepening-2026-09-07/evidence/20260907-1415-ticket-27/consumer/DerivedData-InkMarkdownCoreConsumer/Build/Intermediates.noindex/cmark-gfm.build/Debug-iphonesimulator/cmark-gfm-extensions.build/Objects-normal/arm64/7187679823f38a2a940e0043cdf9d637-common-args.resp -MMD -MT dependencies -MF /Users/shizihan/DailyUse/Github/InkMarkdown/.scratch/architecture-deepening-2026-09-07/evidence/20260907-1415-ticket-27/consumer/DerivedData-InkMarkdownCoreConsumer/Build/Intermediates.noindex/cmark-gfm.build/Debug-iphonesimulator/cmark-gfm-extensions.build/Objects-normal/arm64/tasklist.d --serialize-diagnostics /Users/shizihan/DailyUse/Github/InkMarkdown/.scratch/architecture-deepening-2026-09-07/evidence/20260907-1415-ticket-27/consumer/DerivedData-InkMarkdownCoreConsumer/Build/Intermediates.noindex/cmark-gfm.build/Debug-iphonesimulator/cmark-gfm-extensions.build/Objects-normal/arm64/tasklist.dia -c /Users/shizihan/DailyUse/Github/InkMarkdown/Packages/Caches/swift-cmark/extensions/tasklist.c -o /Users/shizihan/DailyUse/Github/InkMarkdown/.scratch/architecture-deepening-2026-09-07/evidence/20260907-1415-ticket-27/consumer/DerivedData-InkMarkdownCoreConsumer/Build/Intermediates.noindex/cmark-gfm.build/Debug-iphonesimulator/cmark-gfm-extensions.build/Objects-normal/arm64/tasklist.o -index-unit-output-path /cmark-gfm.build/Debug-iphonesimulator/cmark-gfm-extensions.build/Objects-normal/arm64/tasklist.o

CompileC /Users/shizihan/DailyUse/Github/InkMarkdown/.scratch/architecture-deepening-2026-09-07/evidence/20260907-1415-ticket-27/consumer/DerivedData-InkMarkdownCoreConsumer/Build/Intermediates.noindex/cmark-gfm.build/Debug-iphonesimulator/cmark-gfm-extensions.build/Objects-normal/arm64/tagfilter.o /Users/shizihan/DailyUse/Github/InkMarkdown/Packages/Caches/swift-cmark/extensions/tagfilter.c normal arm64 c com.apple.compilers.llvm.clang.1_0.compiler (in target 'cmark-gfm-extensions' from project 'cmark-gfm')
    cd /Users/shizihan/DailyUse/Github/InkMarkdown/.github/fixtures/consumer-smoke/.swiftpm/xcode
    
    Using response file: /Users/shizihan/DailyUse/Github/InkMarkdown/.scratch/architecture-deepening-2026-09-07/evidence/20260907-1415-ticket-27/consumer/DerivedData-InkMarkdownCoreConsumer/Build/Intermediates.noindex/cmark-gfm.build/Debug-iphonesimulator/cmark-gfm-extensions.build/Objects-normal/arm64/7187679823f38a2a940e0043cdf9d637-common-args.resp
    
    /Applications/Xcode.app/Contents/Developer/Toolchains/XcodeDefault.xctoolchain/usr/bin/clang -x c -ivfsstatcache /Users/shizihan/DailyUse/Github/InkMarkdown/.scratch/architecture-deepening-2026-09-07/evidence/20260907-1415-ticket-27/consumer/DerivedData-InkMarkdownCoreConsumer/SDKStatCaches.noindex/iphonesimulator26.5-23F81a-6cfe768891a92b912361537c460fe42b.sdkstatcache -target arm64-apple-ios12.0-simulator -fmessage-length\=0 -fdiagnostics-show-note-include-stack -fmacro-backtrace-limit\=0 -fno-color-diagnostics -fmodules-prune-interval\=86400 -fmodules-prune-after\=345600 -fbuild-session-file\=/Users/shizihan/DailyUse/Github/InkMarkdown/.scratch/architecture-deepening-2026-09-07/evidence/20260907-1415-ticket-27/consumer/DerivedData-InkMarkdownCoreConsumer/ModuleCache.noindex/Session.modulevalidation -fmodules-validate-once-per-build-session -Wnon-modular-include-in-framework-module -Werror\=non-modular-include-in-framework-module -Wno-trigraphs -Wno-missing-field-initializers -Wno-missing-prototypes -Wno-return-type -Wno-missing-braces -Wparentheses -Wswitch -Wno-unused-function -Wno-unused-label -Wno-unused-parameter -Wno-unused-variable -Wunused-value -Wno-empty-body -Wno-uninitialized -Wno-unknown-pragmas -w -Wno-shadow -Wno-four-char-constants -Wno-conversion -Wno-constant-conversion -Wno-int-conversion -Wno-bool-conversion -Wno-enum-conversion -Wno-float-conversion -Wno-non-literal-null-conversion -Wno-objc-literal-conversion -Wshorten-64-to-32 -Wpointer-sign -Wno-newline-eof -Wno-implicit-fallthrough -isysroot /Applications/Xcode.app/Contents/Developer/Platforms/iPhoneSimulator.platform/Developer/SDKs/iPhoneSimulator26.5.sdk -fstrict-aliasing -Wdeprecated-declarations -Wno-sign-conversion -Wno-infinite-recursion -Wno-comma -Wno-block-capture-autoreleasing -Wno-strict-prototypes -Wno-semicolon-before-method-body -index-store-path /Users/shizihan/DailyUse/Github/InkMarkdown/.scratch/architecture-deepening-2026-09-07/evidence/20260907-1415-ticket-27/consumer/DerivedData-InkMarkdownCoreConsumer/Index.noindex/DataStore @/Users/shizihan/DailyUse/Github/InkMarkdown/.scratch/architecture-deepening-2026-09-07/evidence/20260907-1415-ticket-27/consumer/DerivedData-InkMarkdownCoreConsumer/Build/Intermediates.noindex/cmark-gfm.build/Debug-iphonesimulator/cmark-gfm-extensions.build/Objects-normal/arm64/7187679823f38a2a940e0043cdf9d637-common-args.resp -MMD -MT dependencies -MF /Users/shizihan/DailyUse/Github/InkMarkdown/.scratch/architecture-deepening-2026-09-07/evidence/20260907-1415-ticket-27/consumer/DerivedData-InkMarkdownCoreConsumer/Build/Intermediates.noindex/cmark-gfm.build/Debug-iphonesimulator/cmark-gfm-extensions.build/Objects-normal/arm64/tagfilter.d --serialize-diagnostics /Users/shizihan/DailyUse/Github/InkMarkdown/.scratch/architecture-deepening-2026-09-07/evidence/20260907-1415-ticket-27/consumer/DerivedData-InkMarkdownCoreConsumer/Build/Intermediates.noindex/cmark-gfm.build/Debug-iphonesimulator/cmark-gfm-extensions.build/Objects-normal/arm64/tagfilter.dia -c /Users/shizihan/DailyUse/Github/InkMarkdown/Packages/Caches/swift-cmark/extensions/tagfilter.c -o /Users/shizihan/DailyUse/Github/InkMarkdown/.scratch/architecture-deepening-2026-09-07/evidence/20260907-1415-ticket-27/consumer/DerivedData-InkMarkdownCoreConsumer/Build/Intermediates.noindex/cmark-gfm.build/Debug-iphonesimulator/cmark-gfm-extensions.build/Objects-normal/arm64/tagfilter.o -index-unit-output-path /cmark-gfm.build/Debug-iphonesimulator/cmark-gfm-extensions.build/Objects-normal/arm64/tagfilter.o

CompileC /Users/shizihan/DailyUse/Github/InkMarkdown/.scratch/architecture-deepening-2026-09-07/evidence/20260907-1415-ticket-27/consumer/DerivedData-InkMarkdownCoreConsumer/Build/Intermediates.noindex/cmark-gfm.build/Debug-iphonesimulator/cmark-gfm-extensions.build/Objects-normal/arm64/ext_scanners.o /Users/shizihan/DailyUse/Github/InkMarkdown/Packages/Caches/swift-cmark/extensions/ext_scanners.c normal arm64 c com.apple.compilers.llvm.clang.1_0.compiler (in target 'cmark-gfm-extensions' from project 'cmark-gfm')
    cd /Users/shizihan/DailyUse/Github/InkMarkdown/.github/fixtures/consumer-smoke/.swiftpm/xcode
    
    Using response file: /Users/shizihan/DailyUse/Github/InkMarkdown/.scratch/architecture-deepening-2026-09-07/evidence/20260907-1415-ticket-27/consumer/DerivedData-InkMarkdownCoreConsumer/Build/Intermediates.noindex/cmark-gfm.build/Debug-iphonesimulator/cmark-gfm-extensions.build/Objects-normal/arm64/7187679823f38a2a940e0043cdf9d637-common-args.resp
    
    /Applications/Xcode.app/Contents/Developer/Toolchains/XcodeDefault.xctoolchain/usr/bin/clang -x c -ivfsstatcache /Users/shizihan/DailyUse/Github/InkMarkdown/.scratch/architecture-deepening-2026-09-07/evidence/20260907-1415-ticket-27/consumer/DerivedData-InkMarkdownCoreConsumer/SDKStatCaches.noindex/iphonesimulator26.5-23F81a-6cfe768891a92b912361537c460fe42b.sdkstatcache -target arm64-apple-ios12.0-simulator -fmessage-length\=0 -fdiagnostics-show-note-include-stack -fmacro-backtrace-limit\=0 -fno-color-diagnostics -fmodules-prune-interval\=86400 -fmodules-prune-after\=345600 -fbuild-session-file\=/Users/shizihan/DailyUse/Github/InkMarkdown/.scratch/architecture-deepening-2026-09-07/evidence/20260907-1415-ticket-27/consumer/DerivedData-InkMarkdownCoreConsumer/ModuleCache.noindex/Session.modulevalidation -fmodules-validate-once-per-build-session -Wnon-modular-include-in-framework-module -Werror\=non-modular-include-in-framework-module -Wno-trigraphs -Wno-missing-field-initializers -Wno-missing-prototypes -Wno-return-type -Wno-missing-braces -Wparentheses -Wswitch -Wno-unused-function -Wno-unused-label -Wno-unused-parameter -Wno-unused-variable -Wunused-value -Wno-empty-body -Wno-uninitialized -Wno-unknown-pragmas -w -Wno-shadow -Wno-four-char-constants -Wno-conversion -Wno-constant-conversion -Wno-int-conversion -Wno-bool-conversion -Wno-enum-conversion -Wno-float-conversion -Wno-non-literal-null-conversion -Wno-objc-literal-conversion -Wshorten-64-to-32 -Wpointer-sign -Wno-newline-eof -Wno-implicit-fallthrough -isysroot /Applications/Xcode.app/Contents/Developer/Platforms/iPhoneSimulator.platform/Developer/SDKs/iPhoneSimulator26.5.sdk -fstrict-aliasing -Wdeprecated-declarations -Wno-sign-conversion -Wno-infinite-recursion -Wno-comma -Wno-block-capture-autoreleasing -Wno-strict-prototypes -Wno-semicolon-before-method-body -index-store-path /Users/shizihan/DailyUse/Github/InkMarkdown/.scratch/architecture-deepening-2026-09-07/evidence/20260907-1415-ticket-27/consumer/DerivedData-InkMarkdownCoreConsumer/Index.noindex/DataStore @/Users/shizihan/DailyUse/Github/InkMarkdown/.scratch/architecture-deepening-2026-09-07/evidence/20260907-1415-ticket-27/consumer/DerivedData-InkMarkdownCoreConsumer/Build/Intermediates.noindex/cmark-gfm.build/Debug-iphonesimulator/cmark-gfm-extensions.build/Objects-normal/arm64/7187679823f38a2a940e0043cdf9d637-common-args.resp -MMD -MT dependencies -MF /Users/shizihan/DailyUse/Github/InkMarkdown/.scratch/architecture-deepening-2026-09-07/evidence/20260907-1415-ticket-27/consumer/DerivedData-InkMarkdownCoreConsumer/Build/Intermediates.noindex/cmark-gfm.build/Debug-iphonesimulator/cmark-gfm-extensions.build/Objects-normal/arm64/ext_scanners.d --serialize-diagnostics /Users/shizihan/DailyUse/Github/InkMarkdown/.scratch/architecture-deepening-2026-09-07/evidence/20260907-1415-ticket-27/consumer/DerivedData-InkMarkdownCoreConsumer/Build/Intermediates.noindex/cmark-gfm.build/Debug-iphonesimulator/cmark-gfm-extensions.build/Objects-normal/arm64/ext_scanners.dia -c /Users/shizihan/DailyUse/Github/InkMarkdown/Packages/Caches/swift-cmark/extensions/ext_scanners.c -o /Users/shizihan/DailyUse/Github/InkMarkdown/.scratch/architecture-deepening-2026-09-07/evidence/20260907-1415-ticket-27/consumer/DerivedData-InkMarkdownCoreConsumer/Build/Intermediates.noindex/cmark-gfm.build/Debug-iphonesimulator/cmark-gfm-extensions.build/Objects-normal/arm64/ext_scanners.o -index-unit-output-path /cmark-gfm.build/Debug-iphonesimulator/cmark-gfm-extensions.build/Objects-normal/arm64/ext_scanners.o

CompileC /Users/shizihan/DailyUse/Github/InkMarkdown/.scratch/architecture-deepening-2026-09-07/evidence/20260907-1415-ticket-27/consumer/DerivedData-InkMarkdownCoreConsumer/Build/Intermediates.noindex/cmark-gfm.build/Debug-iphonesimulator/cmark-gfm-extensions.build/Objects-normal/arm64/core-extensions.o /Users/shizihan/DailyUse/Github/InkMarkdown/Packages/Caches/swift-cmark/extensions/core-extensions.c normal arm64 c com.apple.compilers.llvm.clang.1_0.compiler (in target 'cmark-gfm-extensions' from project 'cmark-gfm')
    cd /Users/shizihan/DailyUse/Github/InkMarkdown/.github/fixtures/consumer-smoke/.swiftpm/xcode
    
    Using response file: /Users/shizihan/DailyUse/Github/InkMarkdown/.scratch/architecture-deepening-2026-09-07/evidence/20260907-1415-ticket-27/consumer/DerivedData-InkMarkdownCoreConsumer/Build/Intermediates.noindex/cmark-gfm.build/Debug-iphonesimulator/cmark-gfm-extensions.build/Objects-normal/arm64/7187679823f38a2a940e0043cdf9d637-common-args.resp
    
    /Applications/Xcode.app/Contents/Developer/Toolchains/XcodeDefault.xctoolchain/usr/bin/clang -x c -ivfsstatcache /Users/shizihan/DailyUse/Github/InkMarkdown/.scratch/architecture-deepening-2026-09-07/evidence/20260907-1415-ticket-27/consumer/DerivedData-InkMarkdownCoreConsumer/SDKStatCaches.noindex/iphonesimulator26.5-23F81a-6cfe768891a92b912361537c460fe42b.sdkstatcache -target arm64-apple-ios12.0-simulator -fmessage-length\=0 -fdiagnostics-show-note-include-stack -fmacro-backtrace-limit\=0 -fno-color-diagnostics -fmodules-prune-interval\=86400 -fmodules-prune-after\=345600 -fbuild-session-file\=/Users/shizihan/DailyUse/Github/InkMarkdown/.scratch/architecture-deepening-2026-09-07/evidence/20260907-1415-ticket-27/consumer/DerivedData-InkMarkdownCoreConsumer/ModuleCache.noindex/Session.modulevalidation -fmodules-validate-once-per-build-session -Wnon-modular-include-in-framework-module -Werror\=non-modular-include-in-framework-module -Wno-trigraphs -Wno-missing-field-initializers -Wno-missing-prototypes -Wno-return-type -Wno-missing-braces -Wparentheses -Wswitch -Wno-unused-function -Wno-unused-label -Wno-unused-parameter -Wno-unused-variable -Wunused-value -Wno-empty-body -Wno-uninitialized -Wno-unknown-pragmas -w -Wno-shadow -Wno-four-char-constants -Wno-conversion -Wno-constant-conversion -Wno-int-conversion -Wno-bool-conversion -Wno-enum-conversion -Wno-float-conversion -Wno-non-literal-null-conversion -Wno-objc-literal-conversion -Wshorten-64-to-32 -Wpointer-sign -Wno-newline-eof -Wno-implicit-fallthrough -isysroot /Applications/Xcode.app/Contents/Developer/Platforms/iPhoneSimulator.platform/Developer/SDKs/iPhoneSimulator26.5.sdk -fstrict-aliasing -Wdeprecated-declarations -Wno-sign-conversion -Wno-infinite-recursion -Wno-comma -Wno-block-capture-autoreleasing -Wno-strict-prototypes -Wno-semicolon-before-method-body -index-store-path /Users/shizihan/DailyUse/Github/InkMarkdown/.scratch/architecture-deepening-2026-09-07/evidence/20260907-1415-ticket-27/consumer/DerivedData-InkMarkdownCoreConsumer/Index.noindex/DataStore @/Users/shizihan/DailyUse/Github/InkMarkdown/.scratch/architecture-deepening-2026-09-07/evidence/20260907-1415-ticket-27/consumer/DerivedData-InkMarkdownCoreConsumer/Build/Intermediates.noindex/cmark-gfm.build/Debug-iphonesimulator/cmark-gfm-extensions.build/Objects-normal/arm64/7187679823f38a2a940e0043cdf9d637-common-args.resp -MMD -MT dependencies -MF /Users/shizihan/DailyUse/Github/InkMarkdown/.scratch/architecture-deepening-2026-09-07/evidence/20260907-1415-ticket-27/consumer/DerivedData-InkMarkdownCoreConsumer/Build/Intermediates.noindex/cmark-gfm.build/Debug-iphonesimulator/cmark-gfm-extensions.build/Objects-normal/arm64/core-extensions.d --serialize-diagnostics /Users/shizihan/DailyUse/Github/InkMarkdown/.scratch/architecture-deepening-2026-09-07/evidence/20260907-1415-ticket-27/consumer/DerivedData-InkMarkdownCoreConsumer/Build/Intermediates.noindex/cmark-gfm.build/Debug-iphonesimulator/cmark-gfm-extensions.build/Objects-normal/arm64/core-extensions.dia -c /Users/shizihan/DailyUse/Github/InkMarkdown/Packages/Caches/swift-cmark/extensions/core-extensions.c -o /Users/shizihan/DailyUse/Github/InkMarkdown/.scratch/architecture-deepening-2026-09-07/evidence/20260907-1415-ticket-27/consumer/DerivedData-InkMarkdownCoreConsumer/Build/Intermediates.noindex/cmark-gfm.build/Debug-iphonesimulator/cmark-gfm-extensions.build/Objects-normal/arm64/core-extensions.o -index-unit-output-path /cmark-gfm.build/Debug-iphonesimulator/cmark-gfm-extensions.build/Objects-normal/arm64/core-extensions.o

Ld /Users/shizihan/DailyUse/Github/InkMarkdown/.scratch/architecture-deepening-2026-09-07/evidence/20260907-1415-ticket-27/consumer/DerivedData-InkMarkdownCoreConsumer/Build/Products/Debug-iphonesimulator/cmark-gfm.o normal (in target 'cmark-gfm' from project 'cmark-gfm')
    cd /Users/shizihan/DailyUse/Github/InkMarkdown/Packages/Caches/swift-cmark
    /Applications/Xcode.app/Contents/Developer/Toolchains/XcodeDefault.xctoolchain/usr/bin/clang -Xlinker -reproducible -target arm64-apple-ios12.0-simulator -r -isysroot /Applications/Xcode.app/Contents/Developer/Platforms/iPhoneSimulator.platform/Developer/SDKs/iPhoneSimulator26.5.sdk -O0 -w -F/Users/shizihan/DailyUse/Github/InkMarkdown/.scratch/architecture-deepening-2026-09-07/evidence/20260907-1415-ticket-27/consumer/DerivedData-InkMarkdownCoreConsumer/Build/Intermediates.noindex/EagerLinkingTBDs/Debug-iphonesimulator -F/Users/shizihan/DailyUse/Github/InkMarkdown/.scratch/architecture-deepening-2026-09-07/evidence/20260907-1415-ticket-27/consumer/DerivedData-InkMarkdownCoreConsumer/Build/Products/Debug-iphonesimulator -iframework /Applications/Xcode.app/Contents/Developer/Platforms/iPhoneSimulator.platform/Developer/Library/Frameworks -iframework /Applications/Xcode.app/Contents/Developer/Platforms/iPhoneSimulator.platform/Developer/SDKs/iPhoneSimulator26.5.sdk/Developer/Library/Frameworks -filelist /Users/shizihan/DailyUse/Github/InkMarkdown/.scratch/architecture-deepening-2026-09-07/evidence/20260907-1415-ticket-27/consumer/DerivedData-InkMarkdownCoreConsumer/Build/Intermediates.noindex/cmark-gfm.build/Debug-iphonesimulator/cmark-gfm.build/Objects-normal/arm64/cmark-gfm.LinkFileList -nostdlib -Xlinker -object_path_lto -Xlinker /Users/shizihan/DailyUse/Github/InkMarkdown/.scratch/architecture-deepening-2026-09-07/evidence/20260907-1415-ticket-27/consumer/DerivedData-InkMarkdownCoreConsumer/Build/Intermediates.noindex/cmark-gfm.build/Debug-iphonesimulator/cmark-gfm.build/Objects-normal/arm64/cmark-gfm_lto.o -Xlinker -no_deduplicate -Xlinker -objc_abi_version -Xlinker 2 -Xlinker -dependency_info -Xlinker /Users/shizihan/DailyUse/Github/InkMarkdown/.scratch/architecture-deepening-2026-09-07/evidence/20260907-1415-ticket-27/consumer/DerivedData-InkMarkdownCoreConsumer/Build/Intermediates.noindex/cmark-gfm.build/Debug-iphonesimulator/cmark-gfm.build/Objects-normal/arm64/cmark-gfm_dependency_info.dat -o /Users/shizihan/DailyUse/Github/InkMarkdown/.scratch/architecture-deepening-2026-09-07/evidence/20260907-1415-ticket-27/consumer/DerivedData-InkMarkdownCoreConsumer/Build/Products/Debug-iphonesimulator/cmark-gfm.o

RegisterExecutionPolicyException /Users/shizihan/DailyUse/Github/InkMarkdown/.scratch/architecture-deepening-2026-09-07/evidence/20260907-1415-ticket-27/consumer/DerivedData-InkMarkdownCoreConsumer/Build/Products/Debug-iphonesimulator/cmark-gfm.o (in target 'cmark-gfm' from project 'cmark-gfm')
    cd /Users/shizihan/DailyUse/Github/InkMarkdown/Packages/Caches/swift-cmark
    builtin-RegisterExecutionPolicyException /Users/shizihan/DailyUse/Github/InkMarkdown/.scratch/architecture-deepening-2026-09-07/evidence/20260907-1415-ticket-27/consumer/DerivedData-InkMarkdownCoreConsumer/Build/Products/Debug-iphonesimulator/cmark-gfm.o

SwiftExplicitDependencyGeneratePcm arm64 /Users/shizihan/DailyUse/Github/InkMarkdown/.scratch/architecture-deepening-2026-09-07/evidence/20260907-1415-ticket-27/consumer/DerivedData-InkMarkdownCoreConsumer/ModuleCache.noindex/_AvailabilityInternal-2RU3QNYU94CS9EO5GVE9D7WQ.pcm

SwiftExplicitDependencyGeneratePcm arm64 /Users/shizihan/DailyUse/Github/InkMarkdown/.scratch/architecture-deepening-2026-09-07/evidence/20260907-1415-ticket-27/consumer/DerivedData-InkMarkdownCoreConsumer/ModuleCache.noindex/_Builtin_stdbool-1LYVNIQOBFGB5V29B20O6378O.pcm

SwiftExplicitDependencyGeneratePcm arm64 /Users/shizihan/DailyUse/Github/InkMarkdown/.scratch/architecture-deepening-2026-09-07/evidence/20260907-1415-ticket-27/consumer/DerivedData-InkMarkdownCoreConsumer/ModuleCache.noindex/_SwiftConcurrencyShims-98OFTL6R3IKQGWX6UQOZGO3TW.pcm

SwiftExplicitDependencyGeneratePcm arm64 /Users/shizihan/DailyUse/Github/InkMarkdown/.scratch/architecture-deepening-2026-09-07/evidence/20260907-1415-ticket-27/consumer/DerivedData-InkMarkdownCoreConsumer/ModuleCache.noindex/ptrauth-7C6G5FHC0DS3UPH60N0MDO0W9.pcm

SwiftExplicitDependencyGeneratePcm arm64 /Users/shizihan/DailyUse/Github/InkMarkdown/.scratch/architecture-deepening-2026-09-07/evidence/20260907-1415-ticket-27/consumer/DerivedData-InkMarkdownCoreConsumer/ModuleCache.noindex/_Builtin_stdarg-ZN9M3G1N61P217IXFUPJIEFY.pcm

SwiftExplicitDependencyGeneratePcm arm64 /Users/shizihan/DailyUse/Github/InkMarkdown/.scratch/architecture-deepening-2026-09-07/evidence/20260907-1415-ticket-27/consumer/DerivedData-InkMarkdownCoreConsumer/ModuleCache.noindex/ptrcheck-923T12NDKS9K9EI9IXRQ3TQMH.pcm

SwiftExplicitDependencyGeneratePcm arm64 /Users/shizihan/DailyUse/Github/InkMarkdown/.scratch/architecture-deepening-2026-09-07/evidence/20260907-1415-ticket-27/consumer/DerivedData-InkMarkdownCoreConsumer/ModuleCache.noindex/SwiftShims-6SZRKQV4OPIXWYPCJ5VON1PF6.pcm

SwiftExplicitDependencyGeneratePcm arm64 /Users/shizihan/DailyUse/Github/InkMarkdown/.scratch/architecture-deepening-2026-09-07/evidence/20260907-1415-ticket-27/consumer/DerivedData-InkMarkdownCoreConsumer/ModuleCache.noindex/_Builtin_stddef-B6SRIPDW9N7QPUJHR3B1VDR14.pcm

SwiftExplicitDependencyGeneratePcm arm64 /Users/shizihan/DailyUse/Github/InkMarkdown/.scratch/architecture-deepening-2026-09-07/evidence/20260907-1415-ticket-27/consumer/DerivedData-InkMarkdownCoreConsumer/ModuleCache.noindex/_Builtin_float-7ADE5J45O7E82CACMPJPR74YQ.pcm

CompileC /Users/shizihan/DailyUse/Github/InkMarkdown/.scratch/architecture-deepening-2026-09-07/evidence/20260907-1415-ticket-27/consumer/DerivedData-InkMarkdownCoreConsumer/Build/Intermediates.noindex/cmark-gfm.build/Debug-iphonesimulator/cmark-gfm-extensions.build/Objects-normal/arm64/autolink.o /Users/shizihan/DailyUse/Github/InkMarkdown/Packages/Caches/swift-cmark/extensions/autolink.c normal arm64 c com.apple.compilers.llvm.clang.1_0.compiler (in target 'cmark-gfm-extensions' from project 'cmark-gfm')
    cd /Users/shizihan/DailyUse/Github/InkMarkdown/.github/fixtures/consumer-smoke/.swiftpm/xcode
    
    Using response file: /Users/shizihan/DailyUse/Github/InkMarkdown/.scratch/architecture-deepening-2026-09-07/evidence/20260907-1415-ticket-27/consumer/DerivedData-InkMarkdownCoreConsumer/Build/Intermediates.noindex/cmark-gfm.build/Debug-iphonesimulator/cmark-gfm-extensions.build/Objects-normal/arm64/7187679823f38a2a940e0043cdf9d637-common-args.resp
    
    /Applications/Xcode.app/Contents/Developer/Toolchains/XcodeDefault.xctoolchain/usr/bin/clang -x c -ivfsstatcache /Users/shizihan/DailyUse/Github/InkMarkdown/.scratch/architecture-deepening-2026-09-07/evidence/20260907-1415-ticket-27/consumer/DerivedData-InkMarkdownCoreConsumer/SDKStatCaches.noindex/iphonesimulator26.5-23F81a-6cfe768891a92b912361537c460fe42b.sdkstatcache -target arm64-apple-ios12.0-simulator -fmessage-length\=0 -fdiagnostics-show-note-include-stack -fmacro-backtrace-limit\=0 -fno-color-diagnostics -fmodules-prune-interval\=86400 -fmodules-prune-after\=345600 -fbuild-session-file\=/Users/shizihan/DailyUse/Github/InkMarkdown/.scratch/architecture-deepening-2026-09-07/evidence/20260907-1415-ticket-27/consumer/DerivedData-InkMarkdownCoreConsumer/ModuleCache.noindex/Session.modulevalidation -fmodules-validate-once-per-build-session -Wnon-modular-include-in-framework-module -Werror\=non-modular-include-in-framework-module -Wno-trigraphs -Wno-missing-field-initializers -Wno-missing-prototypes -Wno-return-type -Wno-missing-braces -Wparentheses -Wswitch -Wno-unused-function -Wno-unused-label -Wno-unused-parameter -Wno-unused-variable -Wunused-value -Wno-empty-body -Wno-uninitialized -Wno-unknown-pragmas -w -Wno-shadow -Wno-four-char-constants -Wno-conversion -Wno-constant-conversion -Wno-int-conversion -Wno-bool-conversion -Wno-enum-conversion -Wno-float-conversion -Wno-non-literal-null-conversion -Wno-objc-literal-conversion -Wshorten-64-to-32 -Wpointer-sign -Wno-newline-eof -Wno-implicit-fallthrough -isysroot /Applications/Xcode.app/Contents/Developer/Platforms/iPhoneSimulator.platform/Developer/SDKs/iPhoneSimulator26.5.sdk -fstrict-aliasing -Wdeprecated-declarations -Wno-sign-conversion -Wno-infinite-recursion -Wno-comma -Wno-block-capture-autoreleasing -Wno-strict-prototypes -Wno-semicolon-before-method-body -index-store-path /Users/shizihan/DailyUse/Github/InkMarkdown/.scratch/architecture-deepening-2026-09-07/evidence/20260907-1415-ticket-27/consumer/DerivedData-InkMarkdownCoreConsumer/Index.noindex/DataStore @/Users/shizihan/DailyUse/Github/InkMarkdown/.scratch/architecture-deepening-2026-09-07/evidence/20260907-1415-ticket-27/consumer/DerivedData-InkMarkdownCoreConsumer/Build/Intermediates.noindex/cmark-gfm.build/Debug-iphonesimulator/cmark-gfm-extensions.build/Objects-normal/arm64/7187679823f38a2a940e0043cdf9d637-common-args.resp -MMD -MT dependencies -MF /Users/shizihan/DailyUse/Github/InkMarkdown/.scratch/architecture-deepening-2026-09-07/evidence/20260907-1415-ticket-27/consumer/DerivedData-InkMarkdownCoreConsumer/Build/Intermediates.noindex/cmark-gfm.build/Debug-iphonesimulator/cmark-gfm-extensions.build/Objects-normal/arm64/autolink.d --serialize-diagnostics /Users/shizihan/DailyUse/Github/InkMarkdown/.scratch/architecture-deepening-2026-09-07/evidence/20260907-1415-ticket-27/consumer/DerivedData-InkMarkdownCoreConsumer/Build/Intermediates.noindex/cmark-gfm.build/Debug-iphonesimulator/cmark-gfm-extensions.build/Objects-normal/arm64/autolink.dia -c /Users/shizihan/DailyUse/Github/InkMarkdown/Packages/Caches/swift-cmark/extensions/autolink.c -o /Users/shizihan/DailyUse/Github/InkMarkdown/.scratch/architecture-deepening-2026-09-07/evidence/20260907-1415-ticket-27/consumer/DerivedData-InkMarkdownCoreConsumer/Build/Intermediates.noindex/cmark-gfm.build/Debug-iphonesimulator/cmark-gfm-extensions.build/Objects-normal/arm64/autolink.o -index-unit-output-path /cmark-gfm.build/Debug-iphonesimulator/cmark-gfm-extensions.build/Objects-normal/arm64/autolink.o

Ld /Users/shizihan/DailyUse/Github/InkMarkdown/.scratch/architecture-deepening-2026-09-07/evidence/20260907-1415-ticket-27/consumer/DerivedData-InkMarkdownCoreConsumer/Build/Products/Debug-iphonesimulator/cmark-gfm-extensions.o normal (in target 'cmark-gfm-extensions' from project 'cmark-gfm')
    cd /Users/shizihan/DailyUse/Github/InkMarkdown/Packages/Caches/swift-cmark
    /Applications/Xcode.app/Contents/Developer/Toolchains/XcodeDefault.xctoolchain/usr/bin/clang -Xlinker -reproducible -target arm64-apple-ios12.0-simulator -r -isysroot /Applications/Xcode.app/Contents/Developer/Platforms/iPhoneSimulator.platform/Developer/SDKs/iPhoneSimulator26.5.sdk -O0 -w -F/Users/shizihan/DailyUse/Github/InkMarkdown/.scratch/architecture-deepening-2026-09-07/evidence/20260907-1415-ticket-27/consumer/DerivedData-InkMarkdownCoreConsumer/Build/Intermediates.noindex/EagerLinkingTBDs/Debug-iphonesimulator -F/Users/shizihan/DailyUse/Github/InkMarkdown/.scratch/architecture-deepening-2026-09-07/evidence/20260907-1415-ticket-27/consumer/DerivedData-InkMarkdownCoreConsumer/Build/Products/Debug-iphonesimulator/PackageFrameworks -F/Users/shizihan/DailyUse/Github/InkMarkdown/.scratch/architecture-deepening-2026-09-07/evidence/20260907-1415-ticket-27/consumer/DerivedData-InkMarkdownCoreConsumer/Build/Products/Debug-iphonesimulator -iframework /Applications/Xcode.app/Contents/Developer/Platforms/iPhoneSimulator.platform/Developer/Library/Frameworks -iframework /Applications/Xcode.app/Contents/Developer/Platforms/iPhoneSimulator.platform/Developer/SDKs/iPhoneSimulator26.5.sdk/Developer/Library/Frameworks -filelist /Users/shizihan/DailyUse/Github/InkMarkdown/.scratch/architecture-deepening-2026-09-07/evidence/20260907-1415-ticket-27/consumer/DerivedData-InkMarkdownCoreConsumer/Build/Intermediates.noindex/cmark-gfm.build/Debug-iphonesimulator/cmark-gfm-extensions.build/Objects-normal/arm64/cmark-gfm-extensions.LinkFileList -nostdlib -Xlinker -object_path_lto -Xlinker /Users/shizihan/DailyUse/Github/InkMarkdown/.scratch/architecture-deepening-2026-09-07/evidence/20260907-1415-ticket-27/consumer/DerivedData-InkMarkdownCoreConsumer/Build/Intermediates.noindex/cmark-gfm.build/Debug-iphonesimulator/cmark-gfm-extensions.build/Objects-normal/arm64/cmark-gfm-extensions_lto.o -Xlinker -no_deduplicate -Xlinker -objc_abi_version -Xlinker 2 -Xlinker -dependency_info -Xlinker /Users/shizihan/DailyUse/Github/InkMarkdown/.scratch/architecture-deepening-2026-09-07/evidence/20260907-1415-ticket-27/consumer/DerivedData-InkMarkdownCoreConsumer/Build/Intermediates.noindex/cmark-gfm.build/Debug-iphonesimulator/cmark-gfm-extensions.build/Objects-normal/arm64/cmark-gfm-extensions_dependency_info.dat -o /Users/shizihan/DailyUse/Github/InkMarkdown/.scratch/architecture-deepening-2026-09-07/evidence/20260907-1415-ticket-27/consumer/DerivedData-InkMarkdownCoreConsumer/Build/Products/Debug-iphonesimulator/cmark-gfm-extensions.o

RegisterExecutionPolicyException /Users/shizihan/DailyUse/Github/InkMarkdown/.scratch/architecture-deepening-2026-09-07/evidence/20260907-1415-ticket-27/consumer/DerivedData-InkMarkdownCoreConsumer/Build/Products/Debug-iphonesimulator/cmark-gfm-extensions.o (in target 'cmark-gfm-extensions' from project 'cmark-gfm')
    cd /Users/shizihan/DailyUse/Github/InkMarkdown/Packages/Caches/swift-cmark
    builtin-RegisterExecutionPolicyException /Users/shizihan/DailyUse/Github/InkMarkdown/.scratch/architecture-deepening-2026-09-07/evidence/20260907-1415-ticket-27/consumer/DerivedData-InkMarkdownCoreConsumer/Build/Products/Debug-iphonesimulator/cmark-gfm-extensions.o

SwiftExplicitDependencyGeneratePcm arm64 /Users/shizihan/DailyUse/Github/InkMarkdown/.scratch/architecture-deepening-2026-09-07/evidence/20260907-1415-ticket-27/consumer/DerivedData-InkMarkdownCoreConsumer/ModuleCache.noindex/_DarwinFoundation1-4SQK1RLV32F7SAV3IMIWJSQDH.pcm

SwiftExplicitDependencyGeneratePcm arm64 /Users/shizihan/DailyUse/Github/InkMarkdown/.scratch/architecture-deepening-2026-09-07/evidence/20260907-1415-ticket-27/consumer/DerivedData-InkMarkdownCoreConsumer/ModuleCache.noindex/_Builtin_limits-5VJ794LU9W8V067G8C4N8P8V6.pcm

SwiftExplicitDependencyGeneratePcm arm64 /Users/shizihan/DailyUse/Github/InkMarkdown/.scratch/architecture-deepening-2026-09-07/evidence/20260907-1415-ticket-27/consumer/DerivedData-InkMarkdownCoreConsumer/ModuleCache.noindex/_DarwinFoundation2-1EXP1MBA3Y6GJ7JM2TYN9IZPJ.pcm

SwiftExplicitDependencyGeneratePcm arm64 /Users/shizihan/DailyUse/Github/InkMarkdown/.scratch/architecture-deepening-2026-09-07/evidence/20260907-1415-ticket-27/consumer/DerivedData-InkMarkdownCoreConsumer/ModuleCache.noindex/sys_types-2451ZRCN2CNXIFFJ5O1TEC0Y7.pcm

SwiftExplicitDependencyGeneratePcm arm64 /Users/shizihan/DailyUse/Github/InkMarkdown/.scratch/architecture-deepening-2026-09-07/evidence/20260907-1415-ticket-27/consumer/DerivedData-InkMarkdownCoreConsumer/ModuleCache.noindex/_Builtin_stdint-5PL61ZGE4RUMA4IIMOENZIILA.pcm

SwiftExplicitDependencyGeneratePcm arm64 /Users/shizihan/DailyUse/Github/InkMarkdown/.scratch/architecture-deepening-2026-09-07/evidence/20260907-1415-ticket-27/consumer/DerivedData-InkMarkdownCoreConsumer/Build/Intermediates.noindex/SwiftExplicitPrecompiledModules/CAtomic-DDFEL2EDTDRSY7IXNJKEFGZ6L.pcm

SwiftExplicitDependencyGeneratePcm arm64 /Users/shizihan/DailyUse/Github/InkMarkdown/.scratch/architecture-deepening-2026-09-07/evidence/20260907-1415-ticket-27/consumer/DerivedData-InkMarkdownCoreConsumer/ModuleCache.noindex/_DarwinFoundation3-8R5X63ZSK1SI3AB4ZDU8CRSTG.pcm

SwiftExplicitDependencyGeneratePcm arm64 /Users/shizihan/DailyUse/Github/InkMarkdown/.scratch/architecture-deepening-2026-09-07/evidence/20260907-1415-ticket-27/consumer/DerivedData-InkMarkdownCoreConsumer/ModuleCache.noindex/_Builtin_inttypes-EYRD0MW9I3H5B5V8K5P6IWS1I.pcm

SwiftExplicitDependencyGeneratePcm arm64 /Users/shizihan/DailyUse/Github/InkMarkdown/.scratch/architecture-deepening-2026-09-07/evidence/20260907-1415-ticket-27/consumer/DerivedData-InkMarkdownCoreConsumer/Build/Intermediates.noindex/SwiftExplicitPrecompiledModules/cmark_gfm-B58LE52GX4N85JZMVDXPOBTKT.pcm

SwiftExplicitDependencyGeneratePcm arm64 /Users/shizihan/DailyUse/Github/InkMarkdown/.scratch/architecture-deepening-2026-09-07/evidence/20260907-1415-ticket-27/consumer/DerivedData-InkMarkdownCoreConsumer/ModuleCache.noindex/Darwin-PIGO5JXN1EQILV8466ID147Q.pcm

SwiftExplicitDependencyGeneratePcm arm64 /Users/shizihan/DailyUse/Github/InkMarkdown/.scratch/architecture-deepening-2026-09-07/evidence/20260907-1415-ticket-27/consumer/DerivedData-InkMarkdownCoreConsumer/Build/Intermediates.noindex/SwiftExplicitPrecompiledModules/cmark_gfm_extensions-3ATJA79AMCZGNTMVV3ZV923F4.pcm

SwiftExplicitDependencyGeneratePcm arm64 /Users/shizihan/DailyUse/Github/InkMarkdown/.scratch/architecture-deepening-2026-09-07/evidence/20260907-1415-ticket-27/consumer/DerivedData-InkMarkdownCoreConsumer/ModuleCache.noindex/ObjectiveC-CFNEOAMJT7BK8QGUHS03S7CGJ.pcm

SwiftExplicitDependencyGeneratePcm arm64 /Users/shizihan/DailyUse/Github/InkMarkdown/.scratch/architecture-deepening-2026-09-07/evidence/20260907-1415-ticket-27/consumer/DerivedData-InkMarkdownCoreConsumer/ModuleCache.noindex/os_object-ECRGSQV9STRJFSEYLRB2F9O8J.pcm

SwiftExplicitDependencyGeneratePcm arm64 /Users/shizihan/DailyUse/Github/InkMarkdown/.scratch/architecture-deepening-2026-09-07/evidence/20260907-1415-ticket-27/consumer/DerivedData-InkMarkdownCoreConsumer/ModuleCache.noindex/os_workgroup-C3NL8G6AENDNFL5JSQI4XI1NK.pcm

SwiftExplicitDependencyGeneratePcm arm64 /Users/shizihan/DailyUse/Github/InkMarkdown/.scratch/architecture-deepening-2026-09-07/evidence/20260907-1415-ticket-27/consumer/DerivedData-InkMarkdownCoreConsumer/ModuleCache.noindex/Dispatch-4TITQQYC923U2AWQT8XN0EZ88.pcm

SwiftExplicitDependencyGeneratePcm arm64 /Users/shizihan/DailyUse/Github/InkMarkdown/.scratch/architecture-deepening-2026-09-07/evidence/20260907-1415-ticket-27/consumer/DerivedData-InkMarkdownCoreConsumer/ModuleCache.noindex/XPC-8KAF4C33I9BLEZ2YVMYLBHGD8.pcm

SwiftExplicitDependencyGeneratePcm arm64 /Users/shizihan/DailyUse/Github/InkMarkdown/.scratch/architecture-deepening-2026-09-07/evidence/20260907-1415-ticket-27/consumer/DerivedData-InkMarkdownCoreConsumer/ModuleCache.noindex/CoreFoundation-C7NKBFPEBH10Z8KTQZ1P1U4IE.pcm

SwiftExplicitDependencyGeneratePcm arm64 /Users/shizihan/DailyUse/Github/InkMarkdown/.scratch/architecture-deepening-2026-09-07/evidence/20260907-1415-ticket-27/consumer/DerivedData-InkMarkdownCoreConsumer/ModuleCache.noindex/CFNetwork-B7O7DDGSI4OWZQHVU1RIUQGMP.pcm

SwiftExplicitDependencyGeneratePcm arm64 /Users/shizihan/DailyUse/Github/InkMarkdown/.scratch/architecture-deepening-2026-09-07/evidence/20260907-1415-ticket-27/consumer/DerivedData-InkMarkdownCoreConsumer/ModuleCache.noindex/Security-25VB8G8JQERSZIIZ8FKOIYRLZ.pcm

SwiftExplicitDependencyGeneratePcm arm64 /Users/shizihan/DailyUse/Github/InkMarkdown/.scratch/architecture-deepening-2026-09-07/evidence/20260907-1415-ticket-27/consumer/DerivedData-InkMarkdownCoreConsumer/ModuleCache.noindex/Foundation-9YKUDPSO3RX3GRER83CFXUYXV.pcm

SwiftCompile normal arm64 Compiling\ CollectionExtensions.swift,\ StringExtensions.swift,\ MarkupVisitor.swift,\ MarkupWalker.swift,\ HTMLFormatter.swift,\ MarkupFormatter.swift,\ MarkupTreeDumper.swift /Users/shizihan/DailyUse/Github/InkMarkdown/Packages/Caches/swift-markdown/Sources/Markdown/Utility/CollectionExtensions.swift /Users/shizihan/DailyUse/Github/InkMarkdown/Packages/Caches/swift-markdown/Sources/Markdown/Utility/StringExtensions.swift /Users/shizihan/DailyUse/Github/InkMarkdown/Packages/Caches/swift-markdown/Sources/Markdown/Visitor/MarkupVisitor.swift /Users/shizihan/DailyUse/Github/InkMarkdown/Packages/Caches/swift-markdown/Sources/Markdown/Walker/MarkupWalker.swift /Users/shizihan/DailyUse/Github/InkMarkdown/Packages/Caches/swift-markdown/Sources/Markdown/Walker/Walkers/HTMLFormatter.swift /Users/shizihan/DailyUse/Github/InkMarkdown/Packages/Caches/swift-markdown/Sources/Markdown/Walker/Walkers/MarkupFormatter.swift /Users/shizihan/DailyUse/Github/InkMarkdown/Packages/Caches/swift-markdown/Sources/Markdown/Walker/Walkers/MarkupTreeDumper.swift (in target 'Markdown' from project 'swift-markdown')

SwiftCompile normal arm64 /Users/shizihan/DailyUse/Github/InkMarkdown/Packages/Caches/swift-markdown/Sources/Markdown/Utility/CollectionExtensions.swift (in target 'Markdown' from project 'swift-markdown')
    cd /Users/shizihan/DailyUse/Github/InkMarkdown/.github/fixtures/consumer-smoke/.swiftpm/xcode
    

SwiftCompile normal arm64 /Users/shizihan/DailyUse/Github/InkMarkdown/Packages/Caches/swift-markdown/Sources/Markdown/Utility/StringExtensions.swift (in target 'Markdown' from project 'swift-markdown')
    cd /Users/shizihan/DailyUse/Github/InkMarkdown/.github/fixtures/consumer-smoke/.swiftpm/xcode
    

SwiftCompile normal arm64 /Users/shizihan/DailyUse/Github/InkMarkdown/Packages/Caches/swift-markdown/Sources/Markdown/Visitor/MarkupVisitor.swift (in target 'Markdown' from project 'swift-markdown')
    cd /Users/shizihan/DailyUse/Github/InkMarkdown/.github/fixtures/consumer-smoke/.swiftpm/xcode
    

SwiftCompile normal arm64 /Users/shizihan/DailyUse/Github/InkMarkdown/Packages/Caches/swift-markdown/Sources/Markdown/Walker/MarkupWalker.swift (in target 'Markdown' from project 'swift-markdown')
    cd /Users/shizihan/DailyUse/Github/InkMarkdown/.github/fixtures/consumer-smoke/.swiftpm/xcode
    

SwiftCompile normal arm64 /Users/shizihan/DailyUse/Github/InkMarkdown/Packages/Caches/swift-markdown/Sources/Markdown/Walker/Walkers/HTMLFormatter.swift (in target 'Markdown' from project 'swift-markdown')
    cd /Users/shizihan/DailyUse/Github/InkMarkdown/.github/fixtures/consumer-smoke/.swiftpm/xcode
    

SwiftCompile normal arm64 /Users/shizihan/DailyUse/Github/InkMarkdown/Packages/Caches/swift-markdown/Sources/Markdown/Walker/Walkers/MarkupFormatter.swift (in target 'Markdown' from project 'swift-markdown')
    cd /Users/shizihan/DailyUse/Github/InkMarkdown/.github/fixtures/consumer-smoke/.swiftpm/xcode
    

SwiftCompile normal arm64 /Users/shizihan/DailyUse/Github/InkMarkdown/Packages/Caches/swift-markdown/Sources/Markdown/Walker/Walkers/MarkupTreeDumper.swift (in target 'Markdown' from project 'swift-markdown')
    cd /Users/shizihan/DailyUse/Github/InkMarkdown/.github/fixtures/consumer-smoke/.swiftpm/xcode
    

SwiftCompile normal arm64 Compiling\ LazySplitLines.swift,\ ParseOptions.swift,\ RangeAdjuster.swift,\ RangerTracker.swift,\ MarkupRewriter.swift,\ BasicBlockContainer.swift,\ BasicInlineContainer.swift /Users/shizihan/DailyUse/Github/InkMarkdown/Packages/Caches/swift-markdown/Sources/Markdown/Parser/LazySplitLines.swift /Users/shizihan/DailyUse/Github/InkMarkdown/Packages/Caches/swift-markdown/Sources/Markdown/Parser/ParseOptions.swift /Users/shizihan/DailyUse/Github/InkMarkdown/Packages/Caches/swift-markdown/Sources/Markdown/Parser/RangeAdjuster.swift /Users/shizihan/DailyUse/Github/InkMarkdown/Packages/Caches/swift-markdown/Sources/Markdown/Parser/RangerTracker.swift /Users/shizihan/DailyUse/Github/InkMarkdown/Packages/Caches/swift-markdown/Sources/Markdown/Rewriter/MarkupRewriter.swift /Users/shizihan/DailyUse/Github/InkMarkdown/Packages/Caches/swift-markdown/Sources/Markdown/Structural\ Restrictions/BasicBlockContainer.swift /Users/shizihan/DailyUse/Github/InkMarkdown/Packages/Caches/swift-markdown/Sources/Markdown/Structural\ Restrictions/BasicInlineContainer.swift (in target 'Markdown' from project 'swift-markdown')
SwiftCompile normal arm64 /Users/shizihan/DailyUse/Github/InkMarkdown/Packages/Caches/swift-markdown/Sources/Markdown/Parser/LazySplitLines.swift (in target 'Markdown' from project 'swift-markdown')
    cd /Users/shizihan/DailyUse/Github/InkMarkdown/.github/fixtures/consumer-smoke/.swiftpm/xcode
    

SwiftCompile normal arm64 /Users/shizihan/DailyUse/Github/InkMarkdown/Packages/Caches/swift-markdown/Sources/Markdown/Parser/ParseOptions.swift (in target 'Markdown' from project 'swift-markdown')
    cd /Users/shizihan/DailyUse/Github/InkMarkdown/.github/fixtures/consumer-smoke/.swiftpm/xcode
    

SwiftCompile normal arm64 /Users/shizihan/DailyUse/Github/InkMarkdown/Packages/Caches/swift-markdown/Sources/Markdown/Parser/RangeAdjuster.swift (in target 'Markdown' from project 'swift-markdown')
    cd /Users/shizihan/DailyUse/Github/InkMarkdown/.github/fixtures/consumer-smoke/.swiftpm/xcode
    

SwiftCompile normal arm64 /Users/shizihan/DailyUse/Github/InkMarkdown/Packages/Caches/swift-markdown/Sources/Markdown/Parser/RangerTracker.swift (in target 'Markdown' from project 'swift-markdown')
    cd /Users/shizihan/DailyUse/Github/InkMarkdown/.github/fixtures/consumer-smoke/.swiftpm/xcode
    

SwiftCompile normal arm64 /Users/shizihan/DailyUse/Github/InkMarkdown/Packages/Caches/swift-markdown/Sources/Markdown/Rewriter/MarkupRewriter.swift (in target 'Markdown' from project 'swift-markdown')
    cd /Users/shizihan/DailyUse/Github/InkMarkdown/.github/fixtures/consumer-smoke/.swiftpm/xcode
    

SwiftCompile normal arm64 /Users/shizihan/DailyUse/Github/InkMarkdown/Packages/Caches/swift-markdown/Sources/Markdown/Structural\ Restrictions/BasicBlockContainer.swift (in target 'Markdown' from project 'swift-markdown')
    cd /Users/shizihan/DailyUse/Github/InkMarkdown/.github/fixtures/consumer-smoke/.swiftpm/xcode
    

SwiftCompile normal arm64 /Users/shizihan/DailyUse/Github/InkMarkdown/Packages/Caches/swift-markdown/Sources/Markdown/Structural\ Restrictions/BasicInlineContainer.swift (in target 'Markdown' from project 'swift-markdown')
    cd /Users/shizihan/DailyUse/Github/InkMarkdown/.github/fixtures/consumer-smoke/.swiftpm/xcode
    

SwiftEmitModule normal arm64 Emitting\ module\ for\ Markdown (in target 'Markdown' from project 'swift-markdown')

EmitSwiftModule normal arm64 (in target 'Markdown' from project 'swift-markdown')
    cd /Users/shizihan/DailyUse/Github/InkMarkdown/.github/fixtures/consumer-smoke/.swiftpm/xcode
    

SwiftCompile normal arm64 Compiling\ TableCellContainer.swift,\ TableHead.swift,\ TableRow.swift,\ Replacement.swift,\ SourceLocation.swift,\ Emphasis.swift,\ Image.swift /Users/shizihan/DailyUse/Github/InkMarkdown/Packages/Caches/swift-markdown/Sources/Markdown/Block\ Nodes/Tables/TableCellContainer.swift /Users/shizihan/DailyUse/Github/InkMarkdown/Packages/Caches/swift-markdown/Sources/Markdown/Block\ Nodes/Tables/TableHead.swift /Users/shizihan/DailyUse/Github/InkMarkdown/Packages/Caches/swift-markdown/Sources/Markdown/Block\ Nodes/Tables/TableRow.swift /Users/shizihan/DailyUse/Github/InkMarkdown/Packages/Caches/swift-markdown/Sources/Markdown/Infrastructure/Replacement.swift /Users/shizihan/DailyUse/Github/InkMarkdown/Packages/Caches/swift-markdown/Sources/Markdown/Infrastructure/SourceLocation.swift /Users/shizihan/DailyUse/Github/InkMarkdown/Packages/Caches/swift-markdown/Sources/Markdown/Inline\ Nodes/Inline\ Containers/Emphasis.swift /Users/shizihan/DailyUse/Github/InkMarkdown/Packages/Caches/swift-markdown/Sources/Markdown/Inline\ Nodes/Inline\ Containers/Image.swift (in target 'Markdown' from project 'swift-markdown')

SwiftCompile normal arm64 /Users/shizihan/DailyUse/Github/InkMarkdown/Packages/Caches/swift-markdown/Sources/Markdown/Block\ Nodes/Tables/TableCellContainer.swift (in target 'Markdown' from project 'swift-markdown')
    cd /Users/shizihan/DailyUse/Github/InkMarkdown/.github/fixtures/consumer-smoke/.swiftpm/xcode
    

SwiftCompile normal arm64 /Users/shizihan/DailyUse/Github/InkMarkdown/Packages/Caches/swift-markdown/Sources/Markdown/Block\ Nodes/Tables/TableHead.swift (in target 'Markdown' from project 'swift-markdown')
    cd /Users/shizihan/DailyUse/Github/InkMarkdown/.github/fixtures/consumer-smoke/.swiftpm/xcode
    

SwiftCompile normal arm64 /Users/shizihan/DailyUse/Github/InkMarkdown/Packages/Caches/swift-markdown/Sources/Markdown/Block\ Nodes/Tables/TableRow.swift (in target 'Markdown' from project 'swift-markdown')
    cd /Users/shizihan/DailyUse/Github/InkMarkdown/.github/fixtures/consumer-smoke/.swiftpm/xcode
    

SwiftCompile normal arm64 /Users/shizihan/DailyUse/Github/InkMarkdown/Packages/Caches/swift-markdown/Sources/Markdown/Infrastructure/Replacement.swift (in target 'Markdown' from project 'swift-markdown')
    cd /Users/shizihan/DailyUse/Github/InkMarkdown/.github/fixtures/consumer-smoke/.swiftpm/xcode
    

SwiftCompile normal arm64 /Users/shizihan/DailyUse/Github/InkMarkdown/Packages/Caches/swift-markdown/Sources/Markdown/Infrastructure/SourceLocation.swift (in target 'Markdown' from project 'swift-markdown')
    cd /Users/shizihan/DailyUse/Github/InkMarkdown/.github/fixtures/consumer-smoke/.swiftpm/xcode
    

SwiftCompile normal arm64 /Users/shizihan/DailyUse/Github/InkMarkdown/Packages/Caches/swift-markdown/Sources/Markdown/Inline\ Nodes/Inline\ Containers/Emphasis.swift (in target 'Markdown' from project 'swift-markdown')
    cd /Users/shizihan/DailyUse/Github/InkMarkdown/.github/fixtures/consumer-smoke/.swiftpm/xcode
    

SwiftCompile normal arm64 /Users/shizihan/DailyUse/Github/InkMarkdown/Packages/Caches/swift-markdown/Sources/Markdown/Inline\ Nodes/Inline\ Containers/Image.swift (in target 'Markdown' from project 'swift-markdown')
    cd /Users/shizihan/DailyUse/Github/InkMarkdown/.github/fixtures/consumer-smoke/.swiftpm/xcode
    

SwiftCompile normal arm64 Compiling\ BlockContainer.swift,\ BlockMarkup.swift,\ InlineContainer.swift,\ InlineMarkup.swift,\ ListItemContainer.swift,\ AtomicCounter.swift,\ CharacterExtensions.swift /Users/shizihan/DailyUse/Github/InkMarkdown/Packages/Caches/swift-markdown/Sources/Markdown/Structural\ Restrictions/BlockContainer.swift /Users/shizihan/DailyUse/Github/InkMarkdown/Packages/Caches/swift-markdown/Sources/Markdown/Structural\ Restrictions/BlockMarkup.swift /Users/shizihan/DailyUse/Github/InkMarkdown/Packages/Caches/swift-markdown/Sources/Markdown/Structural\ Restrictions/InlineContainer.swift /Users/shizihan/DailyUse/Github/InkMarkdown/Packages/Caches/swift-markdown/Sources/Markdown/Structural\ Restrictions/InlineMarkup.swift /Users/shizihan/DailyUse/Github/InkMarkdown/Packages/Caches/swift-markdown/Sources/Markdown/Structural\ Restrictions/ListItemContainer.swift /Users/shizihan/DailyUse/Github/InkMarkdown/Packages/Caches/swift-markdown/Sources/Markdown/Utility/AtomicCounter.swift /Users/shizihan/DailyUse/Github/InkMarkdown/Packages/Caches/swift-markdown/Sources/Markdown/Utility/CharacterExtensions.swift (in target 'Markdown' from project 'swift-markdown')

SwiftCompile normal arm64 /Users/shizihan/DailyUse/Github/InkMarkdown/Packages/Caches/swift-markdown/Sources/Markdown/Structural\ Restrictions/BlockContainer.swift (in target 'Markdown' from project 'swift-markdown')
    cd /Users/shizihan/DailyUse/Github/InkMarkdown/.github/fixtures/consumer-smoke/.swiftpm/xcode
    

SwiftCompile normal arm64 /Users/shizihan/DailyUse/Github/InkMarkdown/Packages/Caches/swift-markdown/Sources/Markdown/Structural\ Restrictions/BlockMarkup.swift (in target 'Markdown' from project 'swift-markdown')
    cd /Users/shizihan/DailyUse/Github/InkMarkdown/.github/fixtures/consumer-smoke/.swiftpm/xcode
    

SwiftCompile normal arm64 /Users/shizihan/DailyUse/Github/InkMarkdown/Packages/Caches/swift-markdown/Sources/Markdown/Structural\ Restrictions/InlineContainer.swift (in target 'Markdown' from project 'swift-markdown')
    cd /Users/shizihan/DailyUse/Github/InkMarkdown/.github/fixtures/consumer-smoke/.swiftpm/xcode
    

SwiftCompile normal arm64 /Users/shizihan/DailyUse/Github/InkMarkdown/Packages/Caches/swift-markdown/Sources/Markdown/Structural\ Restrictions/InlineMarkup.swift (in target 'Markdown' from project 'swift-markdown')
    cd /Users/shizihan/DailyUse/Github/InkMarkdown/.github/fixtures/consumer-smoke/.swiftpm/xcode
    

SwiftCompile normal arm64 /Users/shizihan/DailyUse/Github/InkMarkdown/Packages/Caches/swift-markdown/Sources/Markdown/Structural\ Restrictions/ListItemContainer.swift (in target 'Markdown' from project 'swift-markdown')
    cd /Users/shizihan/DailyUse/Github/InkMarkdown/.github/fixtures/consumer-smoke/.swiftpm/xcode
    

SwiftCompile normal arm64 /Users/shizihan/DailyUse/Github/InkMarkdown/Packages/Caches/swift-markdown/Sources/Markdown/Utility/AtomicCounter.swift (in target 'Markdown' from project 'swift-markdown')
    cd /Users/shizihan/DailyUse/Github/InkMarkdown/.github/fixtures/consumer-smoke/.swiftpm/xcode
    

SwiftCompile normal arm64 /Users/shizihan/DailyUse/Github/InkMarkdown/Packages/Caches/swift-markdown/Sources/Markdown/Utility/CharacterExtensions.swift (in target 'Markdown' from project 'swift-markdown')
    cd /Users/shizihan/DailyUse/Github/InkMarkdown/.github/fixtures/consumer-smoke/.swiftpm/xcode
    

SwiftCompile normal arm64 Compiling\ LineBreak.swift,\ SoftBreak.swift,\ SymbolLink.swift,\ Text.swift,\ Aside.swift,\ BlockDirectiveParser.swift,\ CommonMarkConverter.swift /Users/shizihan/DailyUse/Github/InkMarkdown/Packages/Caches/swift-markdown/Sources/Markdown/Inline\ Nodes/Inline\ Leaves/LineBreak.swift /Users/shizihan/DailyUse/Github/InkMarkdown/Packages/Caches/swift-markdown/Sources/Markdown/Inline\ Nodes/Inline\ Leaves/SoftBreak.swift /Users/shizihan/DailyUse/Github/InkMarkdown/Packages/Caches/swift-markdown/Sources/Markdown/Inline\ Nodes/Inline\ Leaves/SymbolLink.swift /Users/shizihan/DailyUse/Github/InkMarkdown/Packages/Caches/swift-markdown/Sources/Markdown/Inline\ Nodes/Inline\ Leaves/Text.swift /Users/shizihan/DailyUse/Github/InkMarkdown/Packages/Caches/swift-markdown/Sources/Markdown/Interpretive\ Nodes/Aside.swift /Users/shizihan/DailyUse/Github/InkMarkdown/Packages/Caches/swift-markdown/Sources/Markdown/Parser/BlockDirectiveParser.swift /Users/shizihan/DailyUse/Github/InkMarkdown/Packages/Caches/swift-markdown/Sources/Markdown/Parser/CommonMarkConverter.swift (in target 'Markdown' from project 'swift-markdown')
SwiftCompile normal arm64 /Users/shizihan/DailyUse/Github/InkMarkdown/Packages/Caches/swift-markdown/Sources/Markdown/Inline\ Nodes/Inline\ Leaves/LineBreak.swift (in target 'Markdown' from project 'swift-markdown')
    cd /Users/shizihan/DailyUse/Github/InkMarkdown/.github/fixtures/consumer-smoke/.swiftpm/xcode
    

SwiftCompile normal arm64 /Users/shizihan/DailyUse/Github/InkMarkdown/Packages/Caches/swift-markdown/Sources/Markdown/Inline\ Nodes/Inline\ Leaves/SoftBreak.swift (in target 'Markdown' from project 'swift-markdown')
    cd /Users/shizihan/DailyUse/Github/InkMarkdown/.github/fixtures/consumer-smoke/.swiftpm/xcode
    

SwiftCompile normal arm64 /Users/shizihan/DailyUse/Github/InkMarkdown/Packages/Caches/swift-markdown/Sources/Markdown/Inline\ Nodes/Inline\ Leaves/SymbolLink.swift (in target 'Markdown' from project 'swift-markdown')
    cd /Users/shizihan/DailyUse/Github/InkMarkdown/.github/fixtures/consumer-smoke/.swiftpm/xcode
    

SwiftCompile normal arm64 /Users/shizihan/DailyUse/Github/InkMarkdown/Packages/Caches/swift-markdown/Sources/Markdown/Inline\ Nodes/Inline\ Leaves/Text.swift (in target 'Markdown' from project 'swift-markdown')
    cd /Users/shizihan/DailyUse/Github/InkMarkdown/.github/fixtures/consumer-smoke/.swiftpm/xcode
    

SwiftCompile normal arm64 /Users/shizihan/DailyUse/Github/InkMarkdown/Packages/Caches/swift-markdown/Sources/Markdown/Interpretive\ Nodes/Aside.swift (in target 'Markdown' from project 'swift-markdown')
    cd /Users/shizihan/DailyUse/Github/InkMarkdown/.github/fixtures/consumer-smoke/.swiftpm/xcode
    

SwiftCompile normal arm64 /Users/shizihan/DailyUse/Github/InkMarkdown/Packages/Caches/swift-markdown/Sources/Markdown/Parser/BlockDirectiveParser.swift (in target 'Markdown' from project 'swift-markdown')
    cd /Users/shizihan/DailyUse/Github/InkMarkdown/.github/fixtures/consumer-smoke/.swiftpm/xcode
    

SwiftCompile normal arm64 /Users/shizihan/DailyUse/Github/InkMarkdown/Packages/Caches/swift-markdown/Sources/Markdown/Parser/CommonMarkConverter.swift (in target 'Markdown' from project 'swift-markdown')
    cd /Users/shizihan/DailyUse/Github/InkMarkdown/.github/fixtures/consumer-smoke/.swiftpm/xcode
    

SwiftCompile normal arm64 Compiling\ InlineAttributes.swift,\ Link.swift,\ Strikethrough.swift,\ Strong.swift,\ CustomInline.swift,\ InlineCode.swift,\ InlineHTML.swift /Users/shizihan/DailyUse/Github/InkMarkdown/Packages/Caches/swift-markdown/Sources/Markdown/Inline\ Nodes/Inline\ Containers/InlineAttributes.swift /Users/shizihan/DailyUse/Github/InkMarkdown/Packages/Caches/swift-markdown/Sources/Markdown/Inline\ Nodes/Inline\ Containers/Link.swift /Users/shizihan/DailyUse/Github/InkMarkdown/Packages/Caches/swift-markdown/Sources/Markdown/Inline\ Nodes/Inline\ Containers/Strikethrough.swift /Users/shizihan/DailyUse/Github/InkMarkdown/Packages/Caches/swift-markdown/Sources/Markdown/Inline\ Nodes/Inline\ Containers/Strong.swift /Users/shizihan/DailyUse/Github/InkMarkdown/Packages/Caches/swift-markdown/Sources/Markdown/Inline\ Nodes/Inline\ Leaves/CustomInline.swift /Users/shizihan/DailyUse/Github/InkMarkdown/Packages/Caches/swift-markdown/Sources/Markdown/Inline\ Nodes/Inline\ Leaves/InlineCode.swift /Users/shizihan/DailyUse/Github/InkMarkdown/Packages/Caches/swift-markdown/Sources/Markdown/Inline\ Nodes/Inline\ Leaves/InlineHTML.swift (in target 'Markdown' from project 'swift-markdown')

SwiftCompile normal arm64 /Users/shizihan/DailyUse/Github/InkMarkdown/Packages/Caches/swift-markdown/Sources/Markdown/Inline\ Nodes/Inline\ Containers/InlineAttributes.swift (in target 'Markdown' from project 'swift-markdown')
    cd /Users/shizihan/DailyUse/Github/InkMarkdown/.github/fixtures/consumer-smoke/.swiftpm/xcode
    

SwiftCompile normal arm64 /Users/shizihan/DailyUse/Github/InkMarkdown/Packages/Caches/swift-markdown/Sources/Markdown/Inline\ Nodes/Inline\ Containers/Link.swift (in target 'Markdown' from project 'swift-markdown')
    cd /Users/shizihan/DailyUse/Github/InkMarkdown/.github/fixtures/consumer-smoke/.swiftpm/xcode
    

SwiftCompile normal arm64 /Users/shizihan/DailyUse/Github/InkMarkdown/Packages/Caches/swift-markdown/Sources/Markdown/Inline\ Nodes/Inline\ Containers/Strikethrough.swift (in target 'Markdown' from project 'swift-markdown')
    cd /Users/shizihan/DailyUse/Github/InkMarkdown/.github/fixtures/consumer-smoke/.swiftpm/xcode
    

SwiftCompile normal arm64 /Users/shizihan/DailyUse/Github/InkMarkdown/Packages/Caches/swift-markdown/Sources/Markdown/Inline\ Nodes/Inline\ Containers/Strong.swift (in target 'Markdown' from project 'swift-markdown')
    cd /Users/shizihan/DailyUse/Github/InkMarkdown/.github/fixtures/consumer-smoke/.swiftpm/xcode
    

SwiftCompile normal arm64 /Users/shizihan/DailyUse/Github/InkMarkdown/Packages/Caches/swift-markdown/Sources/Markdown/Inline\ Nodes/Inline\ Leaves/CustomInline.swift (in target 'Markdown' from project 'swift-markdown')
    cd /Users/shizihan/DailyUse/Github/InkMarkdown/.github/fixtures/consumer-smoke/.swiftpm/xcode
    

SwiftCompile normal arm64 /Users/shizihan/DailyUse/Github/InkMarkdown/Packages/Caches/swift-markdown/Sources/Markdown/Inline\ Nodes/Inline\ Leaves/InlineCode.swift (in target 'Markdown' from project 'swift-markdown')
    cd /Users/shizihan/DailyUse/Github/InkMarkdown/.github/fixtures/consumer-smoke/.swiftpm/xcode
    

SwiftCompile normal arm64 /Users/shizihan/DailyUse/Github/InkMarkdown/Packages/Caches/swift-markdown/Sources/Markdown/Inline\ Nodes/Inline\ Leaves/InlineHTML.swift (in target 'Markdown' from project 'swift-markdown')
    cd /Users/shizihan/DailyUse/Github/InkMarkdown/.github/fixtures/consumer-smoke/.swiftpm/xcode
    

SwiftCompile normal arm64 Compiling\ DoxygenNote.swift,\ DoxygenParameter.swift,\ DoxygenReturns.swift,\ ListItem.swift,\ OrderedList.swift,\ UnorderedList.swift,\ Paragraph.swift /Users/shizihan/DailyUse/Github/InkMarkdown/Packages/Caches/swift-markdown/Sources/Markdown/Block\ Nodes/Block\ Container\ Blocks/Doxygen\ Commands/DoxygenNote.swift /Users/shizihan/DailyUse/Github/InkMarkdown/Packages/Caches/swift-markdown/Sources/Markdown/Block\ Nodes/Block\ Container\ Blocks/Doxygen\ Commands/DoxygenParameter.swift /Users/shizihan/DailyUse/Github/InkMarkdown/Packages/Caches/swift-markdown/Sources/Markdown/Block\ Nodes/Block\ Container\ Blocks/Doxygen\ Commands/DoxygenReturns.swift /Users/shizihan/DailyUse/Github/InkMarkdown/Packages/Caches/swift-markdown/Sources/Markdown/Block\ Nodes/Block\ Container\ Blocks/ListItem.swift /Users/shizihan/DailyUse/Github/InkMarkdown/Packages/Caches/swift-markdown/Sources/Markdown/Block\ Nodes/Block\ Container\ Blocks/OrderedList.swift /Users/shizihan/DailyUse/Github/InkMarkdown/Packages/Caches/swift-markdown/Sources/Markdown/Block\ Nodes/Block\ Container\ Blocks/UnorderedList.swift /Users/shizihan/DailyUse/Github/InkMarkdown/Packages/Caches/swift-markdown/Sources/Markdown/Block\ Nodes/Inline\ Container\ Blocks/Paragraph.swift (in target 'Markdown' from project 'swift-markdown')

SwiftCompile normal arm64 /Users/shizihan/DailyUse/Github/InkMarkdown/Packages/Caches/swift-markdown/Sources/Markdown/Block\ Nodes/Block\ Container\ Blocks/Doxygen\ Commands/DoxygenNote.swift (in target 'Markdown' from project 'swift-markdown')
    cd /Users/shizihan/DailyUse/Github/InkMarkdown/.github/fixtures/consumer-smoke/.swiftpm/xcode
    

SwiftCompile normal arm64 /Users/shizihan/DailyUse/Github/InkMarkdown/Packages/Caches/swift-markdown/Sources/Markdown/Block\ Nodes/Block\ Container\ Blocks/Doxygen\ Commands/DoxygenParameter.swift (in target 'Markdown' from project 'swift-markdown')
    cd /Users/shizihan/DailyUse/Github/InkMarkdown/.github/fixtures/consumer-smoke/.swiftpm/xcode
    

SwiftCompile normal arm64 /Users/shizihan/DailyUse/Github/InkMarkdown/Packages/Caches/swift-markdown/Sources/Markdown/Block\ Nodes/Block\ Container\ Blocks/Doxygen\ Commands/DoxygenReturns.swift (in target 'Markdown' from project 'swift-markdown')
    cd /Users/shizihan/DailyUse/Github/InkMarkdown/.github/fixtures/consumer-smoke/.swiftpm/xcode
    

SwiftCompile normal arm64 /Users/shizihan/DailyUse/Github/InkMarkdown/Packages/Caches/swift-markdown/Sources/Markdown/Block\ Nodes/Block\ Container\ Blocks/ListItem.swift (in target 'Markdown' from project 'swift-markdown')
    cd /Users/shizihan/DailyUse/Github/InkMarkdown/.github/fixtures/consumer-smoke/.swiftpm/xcode
    

SwiftCompile normal arm64 /Users/shizihan/DailyUse/Github/InkMarkdown/Packages/Caches/swift-markdown/Sources/Markdown/Block\ Nodes/Block\ Container\ Blocks/OrderedList.swift (in target 'Markdown' from project 'swift-markdown')
    cd /Users/shizihan/DailyUse/Github/InkMarkdown/.github/fixtures/consumer-smoke/.swiftpm/xcode
    

SwiftCompile normal arm64 /Users/shizihan/DailyUse/Github/InkMarkdown/Packages/Caches/swift-markdown/Sources/Markdown/Block\ Nodes/Block\ Container\ Blocks/UnorderedList.swift (in target 'Markdown' from project 'swift-markdown')
    cd /Users/shizihan/DailyUse/Github/InkMarkdown/.github/fixtures/consumer-smoke/.swiftpm/xcode
    

SwiftCompile normal arm64 /Users/shizihan/DailyUse/Github/InkMarkdown/Packages/Caches/swift-markdown/Sources/Markdown/Block\ Nodes/Inline\ Container\ Blocks/Paragraph.swift (in target 'Markdown' from project 'swift-markdown')
    cd /Users/shizihan/DailyUse/Github/InkMarkdown/.github/fixtures/consumer-smoke/.swiftpm/xcode
    

SwiftCompile normal arm64 Compiling\ ChildIndexPath.swift,\ DirectiveArgument.swift,\ Document.swift,\ LiteralMarkup.swift,\ Markup.swift,\ MarkupChildren.swift,\ MarkupData.swift /Users/shizihan/DailyUse/Github/InkMarkdown/Packages/Caches/swift-markdown/Sources/Markdown/Base/ChildIndexPath.swift /Users/shizihan/DailyUse/Github/InkMarkdown/Packages/Caches/swift-markdown/Sources/Markdown/Base/DirectiveArgument.swift /Users/shizihan/DailyUse/Github/InkMarkdown/Packages/Caches/swift-markdown/Sources/Markdown/Base/Document.swift /Users/shizihan/DailyUse/Github/InkMarkdown/Packages/Caches/swift-markdown/Sources/Markdown/Base/LiteralMarkup.swift /Users/shizihan/DailyUse/Github/InkMarkdown/Packages/Caches/swift-markdown/Sources/Markdown/Base/Markup.swift /Users/shizihan/DailyUse/Github/InkMarkdown/Packages/Caches/swift-markdown/Sources/Markdown/Base/MarkupChildren.swift /Users/shizihan/DailyUse/Github/InkMarkdown/Packages/Caches/swift-markdown/Sources/Markdown/Base/MarkupData.swift (in target 'Markdown' from project 'swift-markdown')

SwiftCompile normal arm64 /Users/shizihan/DailyUse/Github/InkMarkdown/Packages/Caches/swift-markdown/Sources/Markdown/Base/ChildIndexPath.swift (in target 'Markdown' from project 'swift-markdown')
    cd /Users/shizihan/DailyUse/Github/InkMarkdown/.github/fixtures/consumer-smoke/.swiftpm/xcode
    

SwiftCompile normal arm64 /Users/shizihan/DailyUse/Github/InkMarkdown/Packages/Caches/swift-markdown/Sources/Markdown/Base/DirectiveArgument.swift (in target 'Markdown' from project 'swift-markdown')
    cd /Users/shizihan/DailyUse/Github/InkMarkdown/.github/fixtures/consumer-smoke/.swiftpm/xcode
    

SwiftCompile normal arm64 /Users/shizihan/DailyUse/Github/InkMarkdown/Packages/Caches/swift-markdown/Sources/Markdown/Base/Document.swift (in target 'Markdown' from project 'swift-markdown')
    cd /Users/shizihan/DailyUse/Github/InkMarkdown/.github/fixtures/consumer-smoke/.swiftpm/xcode
    

SwiftCompile normal arm64 /Users/shizihan/DailyUse/Github/InkMarkdown/Packages/Caches/swift-markdown/Sources/Markdown/Base/LiteralMarkup.swift (in target 'Markdown' from project 'swift-markdown')
    cd /Users/shizihan/DailyUse/Github/InkMarkdown/.github/fixtures/consumer-smoke/.swiftpm/xcode
    

SwiftCompile normal arm64 /Users/shizihan/DailyUse/Github/InkMarkdown/Packages/Caches/swift-markdown/Sources/Markdown/Base/Markup.swift (in target 'Markdown' from project 'swift-markdown')
    cd /Users/shizihan/DailyUse/Github/InkMarkdown/.github/fixtures/consumer-smoke/.swiftpm/xcode
    

SwiftCompile normal arm64 /Users/shizihan/DailyUse/Github/InkMarkdown/Packages/Caches/swift-markdown/Sources/Markdown/Base/MarkupChildren.swift (in target 'Markdown' from project 'swift-markdown')
    cd /Users/shizihan/DailyUse/Github/InkMarkdown/.github/fixtures/consumer-smoke/.swiftpm/xcode
    

SwiftCompile normal arm64 /Users/shizihan/DailyUse/Github/InkMarkdown/Packages/Caches/swift-markdown/Sources/Markdown/Base/MarkupData.swift (in target 'Markdown' from project 'swift-markdown')
    cd /Users/shizihan/DailyUse/Github/InkMarkdown/.github/fixtures/consumer-smoke/.swiftpm/xcode
    

SwiftCompile normal arm64 Compiling\ CodeBlock.swift,\ HTMLBlock.swift,\ Heading.swift,\ ThematicBreak.swift,\ Table.swift,\ TableBody.swift,\ TableCell.swift /Users/shizihan/DailyUse/Github/InkMarkdown/Packages/Caches/swift-markdown/Sources/Markdown/Block\ Nodes/Leaf\ Blocks/CodeBlock.swift /Users/shizihan/DailyUse/Github/InkMarkdown/Packages/Caches/swift-markdown/Sources/Markdown/Block\ Nodes/Leaf\ Blocks/HTMLBlock.swift /Users/shizihan/DailyUse/Github/InkMarkdown/Packages/Caches/swift-markdown/Sources/Markdown/Block\ Nodes/Leaf\ Blocks/Heading.swift /Users/shizihan/DailyUse/Github/InkMarkdown/Packages/Caches/swift-markdown/Sources/Markdown/Block\ Nodes/Leaf\ Blocks/ThematicBreak.swift /Users/shizihan/DailyUse/Github/InkMarkdown/Packages/Caches/swift-markdown/Sources/Markdown/Block\ Nodes/Tables/Table.swift /Users/shizihan/DailyUse/Github/InkMarkdown/Packages/Caches/swift-markdown/Sources/Markdown/Block\ Nodes/Tables/TableBody.swift /Users/shizihan/DailyUse/Github/InkMarkdown/Packages/Caches/swift-markdown/Sources/Markdown/Block\ Nodes/Tables/TableCell.swift (in target 'Markdown' from project 'swift-markdown')

SwiftCompile normal arm64 /Users/shizihan/DailyUse/Github/InkMarkdown/Packages/Caches/swift-markdown/Sources/Markdown/Block\ Nodes/Leaf\ Blocks/CodeBlock.swift (in target 'Markdown' from project 'swift-markdown')
    cd /Users/shizihan/DailyUse/Github/InkMarkdown/.github/fixtures/consumer-smoke/.swiftpm/xcode
    

SwiftCompile normal arm64 /Users/shizihan/DailyUse/Github/InkMarkdown/Packages/Caches/swift-markdown/Sources/Markdown/Block\ Nodes/Leaf\ Blocks/HTMLBlock.swift (in target 'Markdown' from project 'swift-markdown')
    cd /Users/shizihan/DailyUse/Github/InkMarkdown/.github/fixtures/consumer-smoke/.swiftpm/xcode
    

SwiftCompile normal arm64 /Users/shizihan/DailyUse/Github/InkMarkdown/Packages/Caches/swift-markdown/Sources/Markdown/Block\ Nodes/Leaf\ Blocks/Heading.swift (in target 'Markdown' from project 'swift-markdown')
    cd /Users/shizihan/DailyUse/Github/InkMarkdown/.github/fixtures/consumer-smoke/.swiftpm/xcode
    

SwiftCompile normal arm64 /Users/shizihan/DailyUse/Github/InkMarkdown/Packages/Caches/swift-markdown/Sources/Markdown/Block\ Nodes/Leaf\ Blocks/ThematicBreak.swift (in target 'Markdown' from project 'swift-markdown')
    cd /Users/shizihan/DailyUse/Github/InkMarkdown/.github/fixtures/consumer-smoke/.swiftpm/xcode
    

SwiftCompile normal arm64 /Users/shizihan/DailyUse/Github/InkMarkdown/Packages/Caches/swift-markdown/Sources/Markdown/Block\ Nodes/Tables/Table.swift (in target 'Markdown' from project 'swift-markdown')
    cd /Users/shizihan/DailyUse/Github/InkMarkdown/.github/fixtures/consumer-smoke/.swiftpm/xcode
    

SwiftCompile normal arm64 /Users/shizihan/DailyUse/Github/InkMarkdown/Packages/Caches/swift-markdown/Sources/Markdown/Block\ Nodes/Tables/TableBody.swift (in target 'Markdown' from project 'swift-markdown')
    cd /Users/shizihan/DailyUse/Github/InkMarkdown/.github/fixtures/consumer-smoke/.swiftpm/xcode
    

SwiftCompile normal arm64 /Users/shizihan/DailyUse/Github/InkMarkdown/Packages/Caches/swift-markdown/Sources/Markdown/Block\ Nodes/Tables/TableCell.swift (in target 'Markdown' from project 'swift-markdown')
    cd /Users/shizihan/DailyUse/Github/InkMarkdown/.github/fixtures/consumer-smoke/.swiftpm/xcode
    

SwiftCompile normal arm64 Compiling\ PlainTextConvertibleMarkup.swift,\ RawMarkup.swift,\ BlockDirective.swift,\ BlockQuote.swift,\ CustomBlock.swift,\ DoxygenAbstract.swift,\ DoxygenDiscussion.swift /Users/shizihan/DailyUse/Github/InkMarkdown/Packages/Caches/swift-markdown/Sources/Markdown/Base/PlainTextConvertibleMarkup.swift /Users/shizihan/DailyUse/Github/InkMarkdown/Packages/Caches/swift-markdown/Sources/Markdown/Base/RawMarkup.swift /Users/shizihan/DailyUse/Github/InkMarkdown/Packages/Caches/swift-markdown/Sources/Markdown/Block\ Nodes/Block\ Container\ Blocks/BlockDirective.swift /Users/shizihan/DailyUse/Github/InkMarkdown/Packages/Caches/swift-markdown/Sources/Markdown/Block\ Nodes/Block\ Container\ Blocks/BlockQuote.swift /Users/shizihan/DailyUse/Github/InkMarkdown/Packages/Caches/swift-markdown/Sources/Markdown/Block\ Nodes/Block\ Container\ Blocks/CustomBlock.swift /Users/shizihan/DailyUse/Github/InkMarkdown/Packages/Caches/swift-markdown/Sources/Markdown/Block\ Nodes/Block\ Container\ Blocks/Doxygen\ Commands/DoxygenAbstract.swift /Users/shizihan/DailyUse/Github/InkMarkdown/Packages/Caches/swift-markdown/Sources/Markdown/Block\ Nodes/Block\ Container\ Blocks/Doxygen\ Commands/DoxygenDiscussion.swift (in target 'Markdown' from project 'swift-markdown')

SwiftCompile normal arm64 /Users/shizihan/DailyUse/Github/InkMarkdown/Packages/Caches/swift-markdown/Sources/Markdown/Base/PlainTextConvertibleMarkup.swift (in target 'Markdown' from project 'swift-markdown')
    cd /Users/shizihan/DailyUse/Github/InkMarkdown/.github/fixtures/consumer-smoke/.swiftpm/xcode
    

SwiftCompile normal arm64 /Users/shizihan/DailyUse/Github/InkMarkdown/Packages/Caches/swift-markdown/Sources/Markdown/Base/RawMarkup.swift (in target 'Markdown' from project 'swift-markdown')
    cd /Users/shizihan/DailyUse/Github/InkMarkdown/.github/fixtures/consumer-smoke/.swiftpm/xcode
    

SwiftCompile normal arm64 /Users/shizihan/DailyUse/Github/InkMarkdown/Packages/Caches/swift-markdown/Sources/Markdown/Block\ Nodes/Block\ Container\ Blocks/BlockDirective.swift (in target 'Markdown' from project 'swift-markdown')
    cd /Users/shizihan/DailyUse/Github/InkMarkdown/.github/fixtures/consumer-smoke/.swiftpm/xcode
    

SwiftCompile normal arm64 /Users/shizihan/DailyUse/Github/InkMarkdown/Packages/Caches/swift-markdown/Sources/Markdown/Block\ Nodes/Block\ Container\ Blocks/BlockQuote.swift (in target 'Markdown' from project 'swift-markdown')
    cd /Users/shizihan/DailyUse/Github/InkMarkdown/.github/fixtures/consumer-smoke/.swiftpm/xcode
    

SwiftCompile normal arm64 /Users/shizihan/DailyUse/Github/InkMarkdown/Packages/Caches/swift-markdown/Sources/Markdown/Block\ Nodes/Block\ Container\ Blocks/CustomBlock.swift (in target 'Markdown' from project 'swift-markdown')
    cd /Users/shizihan/DailyUse/Github/InkMarkdown/.github/fixtures/consumer-smoke/.swiftpm/xcode
    

SwiftCompile normal arm64 /Users/shizihan/DailyUse/Github/InkMarkdown/Packages/Caches/swift-markdown/Sources/Markdown/Block\ Nodes/Block\ Container\ Blocks/Doxygen\ Commands/DoxygenAbstract.swift (in target 'Markdown' from project 'swift-markdown')
    cd /Users/shizihan/DailyUse/Github/InkMarkdown/.github/fixtures/consumer-smoke/.swiftpm/xcode
    

SwiftCompile normal arm64 /Users/shizihan/DailyUse/Github/InkMarkdown/Packages/Caches/swift-markdown/Sources/Markdown/Block\ Nodes/Block\ Container\ Blocks/Doxygen\ Commands/DoxygenDiscussion.swift (in target 'Markdown' from project 'swift-markdown')
    cd /Users/shizihan/DailyUse/Github/InkMarkdown/.github/fixtures/consumer-smoke/.swiftpm/xcode
    

SwiftDriverJobDiscovery normal arm64 Emitting module for Markdown (in target 'Markdown' from project 'swift-markdown')

SwiftDriver\ Compilation\ Requirements Markdown normal arm64 com.apple.xcode.tools.swift.compiler (in target 'Markdown' from project 'swift-markdown')
    cd /Users/shizihan/DailyUse/Github/InkMarkdown/.github/fixtures/consumer-smoke/.swiftpm/xcode
    builtin-Swift-Compilation-Requirements -- /Applications/Xcode.app/Contents/Developer/Toolchains/XcodeDefault.xctoolchain/usr/bin/swiftc -module-name Markdown -Onone @/Users/shizihan/DailyUse/Github/InkMarkdown/.scratch/architecture-deepening-2026-09-07/evidence/20260907-1415-ticket-27/consumer/DerivedData-InkMarkdownCoreConsumer/Build/Intermediates.noindex/swift-markdown.build/Debug-iphonesimulator/Markdown.build/Objects-normal/arm64/Markdown.SwiftFileList -DSWIFT_PACKAGE -DDEBUG -DSWIFT_MODULE_RESOURCE_BUNDLE_UNAVAILABLE -DXcode -plugin-path /Applications/Xcode.app/Contents/Developer/Toolchains/XcodeDefault.xctoolchain/usr/lib/swift/host/plugins/testing -enable-experimental-feature DebugDescriptionMacro -sdk /Applications/Xcode.app/Contents/Developer/Platforms/iPhoneSimulator.platform/Developer/SDKs/iPhoneSimulator26.5.sdk -target arm64-apple-ios12.0-simulator -g -module-cache-path /Users/shizihan/DailyUse/Github/InkMarkdown/.scratch/architecture-deepening-2026-09-07/evidence/20260907-1415-ticket-27/consumer/DerivedData-InkMarkdownCoreConsumer/ModuleCache.noindex -Xfrontend -serialize-debugging-options -enable-testing -suppress-warnings -index-store-path /Users/shizihan/DailyUse/Github/InkMarkdown/.scratch/architecture-deepening-2026-09-07/evidence/20260907-1415-ticket-27/consumer/DerivedData-InkMarkdownCoreConsumer/Index.noindex/DataStore -Xcc -D_LIBCPP_HARDENING_MODE\=_LIBCPP_HARDENING_MODE_DEBUG -swift-version 5 -I /Users/shizihan/DailyUse/Github/InkMarkdown/.scratch/architecture-deepening-2026-09-07/evidence/20260907-1415-ticket-27/consumer/DerivedData-InkMarkdownCoreConsumer/Build/Products/Debug-iphonesimulator -Isystem /Applications/Xcode.app/Contents/Developer/Platforms/iPhoneSimulator.platform/Developer/usr/lib -F /Users/shizihan/DailyUse/Github/InkMarkdown/.scratch/architecture-deepening-2026-09-07/evidence/20260907-1415-ticket-27/consumer/DerivedData-InkMarkdownCoreConsumer/Build/Products/Debug-iphonesimulator/PackageFrameworks -F /Users/shizihan/DailyUse/Github/InkMarkdown/.scratch/architecture-deepening-2026-09-07/evidence/20260907-1415-ticket-27/consumer/DerivedData-InkMarkdownCoreConsumer/Build/Products/Debug-iphonesimulator/PackageFrameworks -F /Users/shizihan/DailyUse/Github/InkMarkdown/.scratch/architecture-deepening-2026-09-07/evidence/20260907-1415-ticket-27/consumer/DerivedData-InkMarkdownCoreConsumer/Build/Products/Debug-iphonesimulator/PackageFrameworks -F /Users/shizihan/DailyUse/Github/InkMarkdown/.scratch/architecture-deepening-2026-09-07/evidence/20260907-1415-ticket-27/consumer/DerivedData-InkMarkdownCoreConsumer/Build/Products/Debug-iphonesimulator -F /Applications/Xcode.app/Contents/Developer/Platforms/iPhoneSimulator.platform/Developer/Library/Frameworks -F /Applications/Xcode.app/Contents/Developer/Platforms/iPhoneSimulator.platform/Developer/SDKs/iPhoneSimulator26.5.sdk/Developer/Library/Frameworks -c -j10 -enable-batch-mode -incremental -Xcc -ivfsstatcache -Xcc /Users/shizihan/DailyUse/Github/InkMarkdown/.scratch/architecture-deepening-2026-09-07/evidence/20260907-1415-ticket-27/consumer/DerivedData-InkMarkdownCoreConsumer/SDKStatCaches.noindex/iphonesimulator26.5-23F81a-6cfe768891a92b912361537c460fe42b.sdkstatcache -output-file-map /Users/shizihan/DailyUse/Github/InkMarkdown/.scratch/architecture-deepening-2026-09-07/evidence/20260907-1415-ticket-27/consumer/DerivedData-InkMarkdownCoreConsumer/Build/Intermediates.noindex/swift-markdown.build/Debug-iphonesimulator/Markdown.build/Objects-normal/arm64/Markdown-OutputFileMap.json -use-frontend-parseable-output -save-temps -no-color-diagnostics -explicit-module-build -module-cache-path /Users/shizihan/DailyUse/Github/InkMarkdown/.scratch/architecture-deepening-2026-09-07/evidence/20260907-1415-ticket-27/consumer/DerivedData-InkMarkdownCoreConsumer/Build/Intermediates.noindex/SwiftExplicitPrecompiledModules -clang-scanner-module-cache-path /Users/shizihan/DailyUse/Github/InkMarkdown/.scratch/architecture-deepening-2026-09-07/evidence/20260907-1415-ticket-27/consumer/DerivedData-InkMarkdownCoreConsumer/ModuleCache.noindex -sdk-module-cache-path /Users/shizihan/DailyUse/Github/InkMarkdown/.scratch/architecture-deepening-2026-09-07/evidence/20260907-1415-ticket-27/consumer/DerivedData-InkMarkdownCoreConsumer/ModuleCache.noindex -serialize-diagnostics -emit-dependencies -emit-module -emit-module-path /Users/shizihan/DailyUse/Github/InkMarkdown/.scratch/architecture-deepening-2026-09-07/evidence/20260907-1415-ticket-27/consumer/DerivedData-InkMarkdownCoreConsumer/Build/Intermediates.noindex/swift-markdown.build/Debug-iphonesimulator/Markdown.build/Objects-normal/arm64/Markdown.swiftmodule -validate-clang-modules-once -clang-build-session-file /Users/shizihan/DailyUse/Github/InkMarkdown/.scratch/architecture-deepening-2026-09-07/evidence/20260907-1415-ticket-27/consumer/DerivedData-InkMarkdownCoreConsumer/ModuleCache.noindex/Session.modulevalidation -package-name swift_markdown -Xcc -I/Users/shizihan/DailyUse/Github/InkMarkdown/.scratch/architecture-deepening-2026-09-07/evidence/20260907-1415-ticket-27/consumer/DerivedData-InkMarkdownCoreConsumer/Build/Intermediates.noindex/swift-markdown.build/Debug-iphonesimulator/Markdown.build/swift-overrides.hmap -emit-const-values -Xfrontend -const-gather-protocols-file -Xfrontend /Users/shizihan/DailyUse/Github/InkMarkdown/.scratch/architecture-deepening-2026-09-07/evidence/20260907-1415-ticket-27/consumer/DerivedData-InkMarkdownCoreConsumer/Build/Intermediates.noindex/swift-markdown.build/Debug-iphonesimulator/Markdown.build/Objects-normal/arm64/Markdown_const_extract_protocols.json -Xcc -I/Users/shizihan/DailyUse/Github/InkMarkdown/Packages/Caches/swift-cmark/src/include -Xcc -I/Users/shizihan/DailyUse/Github/InkMarkdown/Packages/Caches/swift-cmark/extensions/include -Xcc -I/Users/shizihan/DailyUse/Github/InkMarkdown/Packages/Caches/swift-markdown/Sources/CAtomic/include -Xcc -I/Users/shizihan/DailyUse/Github/InkMarkdown/.scratch/architecture-deepening-2026-09-07/evidence/20260907-1415-ticket-27/consumer/DerivedData-InkMarkdownCoreConsumer/Build/Products/Debug-iphonesimulator/include -Xcc -I/Users/shizihan/DailyUse/Github/InkMarkdown/.scratch/architecture-deepening-2026-09-07/evidence/20260907-1415-ticket-27/consumer/DerivedData-InkMarkdownCoreConsumer/Build/Intermediates.noindex/swift-markdown.build/Debug-iphonesimulator/Markdown.build/DerivedSources-normal/arm64 -Xcc -I/Users/shizihan/DailyUse/Github/InkMarkdown/.scratch/architecture-deepening-2026-09-07/evidence/20260907-1415-ticket-27/consumer/DerivedData-InkMarkdownCoreConsumer/Build/Intermediates.noindex/swift-markdown.build/Debug-iphonesimulator/Markdown.build/DerivedSources/arm64 -Xcc -I/Users/shizihan/DailyUse/Github/InkMarkdown/.scratch/architecture-deepening-2026-09-07/evidence/20260907-1415-ticket-27/consumer/DerivedData-InkMarkdownCoreConsumer/Build/Intermediates.noindex/swift-markdown.build/Debug-iphonesimulator/Markdown.build/DerivedSources -Xcc -DSWIFT_PACKAGE -Xcc -DDEBUG\=1 -emit-objc-header -emit-objc-header-path /Users/shizihan/DailyUse/Github/InkMarkdown/.scratch/architecture-deepening-2026-09-07/evidence/20260907-1415-ticket-27/consumer/DerivedData-InkMarkdownCoreConsumer/Build/Intermediates.noindex/swift-markdown.build/Debug-iphonesimulator/Markdown.build/Objects-normal/arm64/Markdown-Swift.h -working-directory /Users/shizihan/DailyUse/Github/InkMarkdown/.github/fixtures/consumer-smoke/.swiftpm/xcode -experimental-emit-module-separately -disable-cmo

SwiftDriverJobDiscovery normal arm64 Compiling CodeBlock.swift, HTMLBlock.swift, Heading.swift, ThematicBreak.swift, Table.swift, TableBody.swift, TableCell.swift (in target 'Markdown' from project 'swift-markdown')

SwiftMergeGeneratedHeaders /Users/shizihan/DailyUse/Github/InkMarkdown/.scratch/architecture-deepening-2026-09-07/evidence/20260907-1415-ticket-27/consumer/DerivedData-InkMarkdownCoreConsumer/Build/Intermediates.noindex/GeneratedModuleMaps-iphonesimulator/Markdown-Swift.h /Users/shizihan/DailyUse/Github/InkMarkdown/.scratch/architecture-deepening-2026-09-07/evidence/20260907-1415-ticket-27/consumer/DerivedData-InkMarkdownCoreConsumer/Build/Intermediates.noindex/swift-markdown.build/Debug-iphonesimulator/Markdown.build/Objects-normal/arm64/Markdown-Swift.h (in target 'Markdown' from project 'swift-markdown')
    cd /Users/shizihan/DailyUse/Github/InkMarkdown/Packages/Caches/swift-markdown
    builtin-swiftHeaderTool -arch arm64 /Users/shizihan/DailyUse/Github/InkMarkdown/.scratch/architecture-deepening-2026-09-07/evidence/20260907-1415-ticket-27/consumer/DerivedData-InkMarkdownCoreConsumer/Build/Intermediates.noindex/swift-markdown.build/Debug-iphonesimulator/Markdown.build/Objects-normal/arm64/Markdown-Swift.h -o /Users/shizihan/DailyUse/Github/InkMarkdown/.scratch/architecture-deepening-2026-09-07/evidence/20260907-1415-ticket-27/consumer/DerivedData-InkMarkdownCoreConsumer/Build/Intermediates.noindex/GeneratedModuleMaps-iphonesimulator/Markdown-Swift.h

Copy /Users/shizihan/DailyUse/Github/InkMarkdown/.scratch/architecture-deepening-2026-09-07/evidence/20260907-1415-ticket-27/consumer/DerivedData-InkMarkdownCoreConsumer/Build/Products/Debug-iphonesimulator/Markdown.swiftmodule/arm64-apple-ios-simulator.swiftmodule /Users/shizihan/DailyUse/Github/InkMarkdown/.scratch/architecture-deepening-2026-09-07/evidence/20260907-1415-ticket-27/consumer/DerivedData-InkMarkdownCoreConsumer/Build/Intermediates.noindex/swift-markdown.build/Debug-iphonesimulator/Markdown.build/Objects-normal/arm64/Markdown.swiftmodule (in target 'Markdown' from project 'swift-markdown')
    cd /Users/shizihan/DailyUse/Github/InkMarkdown/Packages/Caches/swift-markdown
    builtin-copy -exclude .DS_Store -exclude CVS -exclude .svn -exclude .git -exclude .hg -resolve-src-symlinks -rename /Users/shizihan/DailyUse/Github/InkMarkdown/.scratch/architecture-deepening-2026-09-07/evidence/20260907-1415-ticket-27/consumer/DerivedData-InkMarkdownCoreConsumer/Build/Intermediates.noindex/swift-markdown.build/Debug-iphonesimulator/Markdown.build/Objects-normal/arm64/Markdown.swiftmodule /Users/shizihan/DailyUse/Github/InkMarkdown/.scratch/architecture-deepening-2026-09-07/evidence/20260907-1415-ticket-27/consumer/DerivedData-InkMarkdownCoreConsumer/Build/Products/Debug-iphonesimulator/Markdown.swiftmodule/arm64-apple-ios-simulator.swiftmodule

Copy /Users/shizihan/DailyUse/Github/InkMarkdown/.scratch/architecture-deepening-2026-09-07/evidence/20260907-1415-ticket-27/consumer/DerivedData-InkMarkdownCoreConsumer/Build/Products/Debug-iphonesimulator/Markdown.swiftmodule/arm64-apple-ios-simulator.swiftdoc /Users/shizihan/DailyUse/Github/InkMarkdown/.scratch/architecture-deepening-2026-09-07/evidence/20260907-1415-ticket-27/consumer/DerivedData-InkMarkdownCoreConsumer/Build/Intermediates.noindex/swift-markdown.build/Debug-iphonesimulator/Markdown.build/Objects-normal/arm64/Markdown.swiftdoc (in target 'Markdown' from project 'swift-markdown')
    cd /Users/shizihan/DailyUse/Github/InkMarkdown/Packages/Caches/swift-markdown
    builtin-copy -exclude .DS_Store -exclude CVS -exclude .svn -exclude .git -exclude .hg -resolve-src-symlinks -rename /Users/shizihan/DailyUse/Github/InkMarkdown/.scratch/architecture-deepening-2026-09-07/evidence/20260907-1415-ticket-27/consumer/DerivedData-InkMarkdownCoreConsumer/Build/Intermediates.noindex/swift-markdown.build/Debug-iphonesimulator/Markdown.build/Objects-normal/arm64/Markdown.swiftdoc /Users/shizihan/DailyUse/Github/InkMarkdown/.scratch/architecture-deepening-2026-09-07/evidence/20260907-1415-ticket-27/consumer/DerivedData-InkMarkdownCoreConsumer/Build/Products/Debug-iphonesimulator/Markdown.swiftmodule/arm64-apple-ios-simulator.swiftdoc

SwiftDriverJobDiscovery normal arm64 Compiling BlockContainer.swift, BlockMarkup.swift, InlineContainer.swift, InlineMarkup.swift, ListItemContainer.swift, AtomicCounter.swift, CharacterExtensions.swift (in target 'Markdown' from project 'swift-markdown')

Copy /Users/shizihan/DailyUse/Github/InkMarkdown/.scratch/architecture-deepening-2026-09-07/evidence/20260907-1415-ticket-27/consumer/DerivedData-InkMarkdownCoreConsumer/Build/Products/Debug-iphonesimulator/Markdown.swiftmodule/arm64-apple-ios-simulator.abi.json /Users/shizihan/DailyUse/Github/InkMarkdown/.scratch/architecture-deepening-2026-09-07/evidence/20260907-1415-ticket-27/consumer/DerivedData-InkMarkdownCoreConsumer/Build/Intermediates.noindex/swift-markdown.build/Debug-iphonesimulator/Markdown.build/Objects-normal/arm64/Markdown.abi.json (in target 'Markdown' from project 'swift-markdown')
    cd /Users/shizihan/DailyUse/Github/InkMarkdown/Packages/Caches/swift-markdown
    builtin-copy -exclude .DS_Store -exclude CVS -exclude .svn -exclude .git -exclude .hg -resolve-src-symlinks -rename /Users/shizihan/DailyUse/Github/InkMarkdown/.scratch/architecture-deepening-2026-09-07/evidence/20260907-1415-ticket-27/consumer/DerivedData-InkMarkdownCoreConsumer/Build/Intermediates.noindex/swift-markdown.build/Debug-iphonesimulator/Markdown.build/Objects-normal/arm64/Markdown.abi.json /Users/shizihan/DailyUse/Github/InkMarkdown/.scratch/architecture-deepening-2026-09-07/evidence/20260907-1415-ticket-27/consumer/DerivedData-InkMarkdownCoreConsumer/Build/Products/Debug-iphonesimulator/Markdown.swiftmodule/arm64-apple-ios-simulator.abi.json

Copy /Users/shizihan/DailyUse/Github/InkMarkdown/.scratch/architecture-deepening-2026-09-07/evidence/20260907-1415-ticket-27/consumer/DerivedData-InkMarkdownCoreConsumer/Build/Products/Debug-iphonesimulator/Markdown.swiftmodule/Project/arm64-apple-ios-simulator.swiftsourceinfo /Users/shizihan/DailyUse/Github/InkMarkdown/.scratch/architecture-deepening-2026-09-07/evidence/20260907-1415-ticket-27/consumer/DerivedData-InkMarkdownCoreConsumer/Build/Intermediates.noindex/swift-markdown.build/Debug-iphonesimulator/Markdown.build/Objects-normal/arm64/Markdown.swiftsourceinfo (in target 'Markdown' from project 'swift-markdown')
    cd /Users/shizihan/DailyUse/Github/InkMarkdown/Packages/Caches/swift-markdown
    builtin-copy -exclude .DS_Store -exclude CVS -exclude .svn -exclude .git -exclude .hg -resolve-src-symlinks -rename /Users/shizihan/DailyUse/Github/InkMarkdown/.scratch/architecture-deepening-2026-09-07/evidence/20260907-1415-ticket-27/consumer/DerivedData-InkMarkdownCoreConsumer/Build/Intermediates.noindex/swift-markdown.build/Debug-iphonesimulator/Markdown.build/Objects-normal/arm64/Markdown.swiftsourceinfo /Users/shizihan/DailyUse/Github/InkMarkdown/.scratch/architecture-deepening-2026-09-07/evidence/20260907-1415-ticket-27/consumer/DerivedData-InkMarkdownCoreConsumer/Build/Products/Debug-iphonesimulator/Markdown.swiftmodule/Project/arm64-apple-ios-simulator.swiftsourceinfo

SwiftDriverJobDiscovery normal arm64 Compiling InlineAttributes.swift, Link.swift, Strikethrough.swift, Strong.swift, CustomInline.swift, InlineCode.swift, InlineHTML.swift (in target 'Markdown' from project 'swift-markdown')

SwiftDriver InkMarkdown normal arm64 com.apple.xcode.tools.swift.compiler (in target 'InkMarkdown' from project 'InkMarkdown')
    cd /Users/shizihan/DailyUse/Github/InkMarkdown/.github/fixtures/consumer-smoke/.swiftpm/xcode
    builtin-SwiftDriver -- /Applications/Xcode.app/Contents/Developer/Toolchains/XcodeDefault.xctoolchain/usr/bin/swiftc -module-name InkMarkdown -Onone @/Users/shizihan/DailyUse/Github/InkMarkdown/.scratch/architecture-deepening-2026-09-07/evidence/20260907-1415-ticket-27/consumer/DerivedData-InkMarkdownCoreConsumer/Build/Intermediates.noindex/InkMarkdown.build/Debug-iphonesimulator/InkMarkdown.build/Objects-normal/arm64/InkMarkdown.SwiftFileList -DSWIFT_PACKAGE -DDEBUG -DSWIFT_MODULE_RESOURCE_BUNDLE_UNAVAILABLE -DXcode -enable-experimental-feature StrictConcurrency -plugin-path /Applications/Xcode.app/Contents/Developer/Toolchains/XcodeDefault.xctoolchain/usr/lib/swift/host/plugins/testing -enable-experimental-feature DebugDescriptionMacro -sdk /Applications/Xcode.app/Contents/Developer/Platforms/iPhoneSimulator.platform/Developer/SDKs/iPhoneSimulator26.5.sdk -target arm64-apple-ios15.0-simulator -g -module-cache-path /Users/shizihan/DailyUse/Github/InkMarkdown/.scratch/architecture-deepening-2026-09-07/evidence/20260907-1415-ticket-27/consumer/DerivedData-InkMarkdownCoreConsumer/ModuleCache.noindex -Xfrontend -serialize-debugging-options -enable-testing -suppress-warnings -index-store-path /Users/shizihan/DailyUse/Github/InkMarkdown/.scratch/architecture-deepening-2026-09-07/evidence/20260907-1415-ticket-27/consumer/DerivedData-InkMarkdownCoreConsumer/Index.noindex/DataStore -Xcc -D_LIBCPP_HARDENING_MODE\=_LIBCPP_HARDENING_MODE_DEBUG -swift-version 5 -I /Users/shizihan/DailyUse/Github/InkMarkdown/.scratch/architecture-deepening-2026-09-07/evidence/20260907-1415-ticket-27/consumer/DerivedData-InkMarkdownCoreConsumer/Build/Products/Debug-iphonesimulator -Isystem /Applications/Xcode.app/Contents/Developer/Platforms/iPhoneSimulator.platform/Developer/usr/lib -F /Users/shizihan/DailyUse/Github/InkMarkdown/.scratch/architecture-deepening-2026-09-07/evidence/20260907-1415-ticket-27/consumer/DerivedData-InkMarkdownCoreConsumer/Build/Products/Debug-iphonesimulator/PackageFrameworks -F /Users/shizihan/DailyUse/Github/InkMarkdown/.scratch/architecture-deepening-2026-09-07/evidence/20260907-1415-ticket-27/consumer/DerivedData-InkMarkdownCoreConsumer/Build/Products/Debug-iphonesimulator/PackageFrameworks -F /Users/shizihan/DailyUse/Github/InkMarkdown/.scratch/architecture-deepening-2026-09-07/evidence/20260907-1415-ticket-27/consumer/DerivedData-InkMarkdownCoreConsumer/Build/Products/Debug-iphonesimulator/PackageFrameworks -F /Users/shizihan/DailyUse/Github/InkMarkdown/.scratch/architecture-deepening-2026-09-07/evidence/20260907-1415-ticket-27/consumer/DerivedData-InkMarkdownCoreConsumer/Build/Products/Debug-iphonesimulator/PackageFrameworks -F /Users/shizihan/DailyUse/Github/InkMarkdown/.scratch/architecture-deepening-2026-09-07/evidence/20260907-1415-ticket-27/consumer/DerivedData-InkMarkdownCoreConsumer/Build/Products/Debug-iphonesimulator -F /Applications/Xcode.app/Contents/Developer/Platforms/iPhoneSimulator.platform/Developer/Library/Frameworks -F /Applications/Xcode.app/Contents/Developer/Platforms/iPhoneSimulator.platform/Developer/SDKs/iPhoneSimulator26.5.sdk/Developer/Library/Frameworks -c -j10 -enable-batch-mode -incremental -Xcc -ivfsstatcache -Xcc /Users/shizihan/DailyUse/Github/InkMarkdown/.scratch/architecture-deepening-2026-09-07/evidence/20260907-1415-ticket-27/consumer/DerivedData-InkMarkdownCoreConsumer/SDKStatCaches.noindex/iphonesimulator26.5-23F81a-6cfe768891a92b912361537c460fe42b.sdkstatcache -output-file-map /Users/shizihan/DailyUse/Github/InkMarkdown/.scratch/architecture-deepening-2026-09-07/evidence/20260907-1415-ticket-27/consumer/DerivedData-InkMarkdownCoreConsumer/Build/Intermediates.noindex/InkMarkdown.build/Debug-iphonesimulator/InkMarkdown.build/Objects-normal/arm64/InkMarkdown-OutputFileMap.json -use-frontend-parseable-output -save-temps -no-color-diagnostics -explicit-module-build -module-cache-path /Users/shizihan/DailyUse/Github/InkMarkdown/.scratch/architecture-deepening-2026-09-07/evidence/20260907-1415-ticket-27/consumer/DerivedData-InkMarkdownCoreConsumer/Build/Intermediates.noindex/SwiftExplicitPrecompiledModules -clang-scanner-module-cache-path /Users/shizihan/DailyUse/Github/InkMarkdown/.scratch/architecture-deepening-2026-09-07/evidence/20260907-1415-ticket-27/consumer/DerivedData-InkMarkdownCoreConsumer/ModuleCache.noindex -sdk-module-cache-path /Users/shizihan/DailyUse/Github/InkMarkdown/.scratch/architecture-deepening-2026-09-07/evidence/20260907-1415-ticket-27/consumer/DerivedData-InkMarkdownCoreConsumer/ModuleCache.noindex -serialize-diagnostics -emit-dependencies -emit-module -emit-module-path /Users/shizihan/DailyUse/Github/InkMarkdown/.scratch/architecture-deepening-2026-09-07/evidence/20260907-1415-ticket-27/consumer/DerivedData-InkMarkdownCoreConsumer/Build/Intermediates.noindex/InkMarkdown.build/Debug-iphonesimulator/InkMarkdown.build/Objects-normal/arm64/InkMarkdown.swiftmodule -validate-clang-modules-once -clang-build-session-file /Users/shizihan/DailyUse/Github/InkMarkdown/.scratch/architecture-deepening-2026-09-07/evidence/20260907-1415-ticket-27/consumer/DerivedData-InkMarkdownCoreConsumer/ModuleCache.noindex/Session.modulevalidation -package-name inkmarkdown -Xcc -I/Users/shizihan/DailyUse/Github/InkMarkdown/.scratch/architecture-deepening-2026-09-07/evidence/20260907-1415-ticket-27/consumer/DerivedData-InkMarkdownCoreConsumer/Build/Intermediates.noindex/InkMarkdown.build/Debug-iphonesimulator/InkMarkdown.build/swift-overrides.hmap -emit-const-values -Xfrontend -const-gather-protocols-file -Xfrontend /Users/shizihan/DailyUse/Github/InkMarkdown/.scratch/architecture-deepening-2026-09-07/evidence/20260907-1415-ticket-27/consumer/DerivedData-InkMarkdownCoreConsumer/Build/Intermediates.noindex/InkMarkdown.build/Debug-iphonesimulator/InkMarkdown.build/Objects-normal/arm64/InkMarkdown_const_extract_protocols.json -Xcc -I/Users/shizihan/DailyUse/Github/InkMarkdown/Packages/Caches/swift-cmark/src/include -Xcc -I/Users/shizihan/DailyUse/Github/InkMarkdown/Packages/Caches/swift-cmark/extensions/include -Xcc -I/Users/shizihan/DailyUse/Github/InkMarkdown/Packages/Caches/swift-markdown/Sources/CAtomic/include -Xcc -I/Users/shizihan/DailyUse/Github/InkMarkdown/.scratch/architecture-deepening-2026-09-07/evidence/20260907-1415-ticket-27/consumer/DerivedData-InkMarkdownCoreConsumer/Build/Products/Debug-iphonesimulator/include -Xcc -I/Users/shizihan/DailyUse/Github/InkMarkdown/.scratch/architecture-deepening-2026-09-07/evidence/20260907-1415-ticket-27/consumer/DerivedData-InkMarkdownCoreConsumer/Build/Intermediates.noindex/InkMarkdown.build/Debug-iphonesimulator/InkMarkdown.build/DerivedSources-normal/arm64 -Xcc -I/Users/shizihan/DailyUse/Github/InkMarkdown/.scratch/architecture-deepening-2026-09-07/evidence/20260907-1415-ticket-27/consumer/DerivedData-InkMarkdownCoreConsumer/Build/Intermediates.noindex/InkMarkdown.build/Debug-iphonesimulator/InkMarkdown.build/DerivedSources/arm64 -Xcc -I/Users/shizihan/DailyUse/Github/InkMarkdown/.scratch/architecture-deepening-2026-09-07/evidence/20260907-1415-ticket-27/consumer/DerivedData-InkMarkdownCoreConsumer/Build/Intermediates.noindex/InkMarkdown.build/Debug-iphonesimulator/InkMarkdown.build/DerivedSources -Xcc -DSWIFT_PACKAGE -Xcc -DDEBUG\=1 -emit-objc-header -emit-objc-header-path /Users/shizihan/DailyUse/Github/InkMarkdown/.scratch/architecture-deepening-2026-09-07/evidence/20260907-1415-ticket-27/consumer/DerivedData-InkMarkdownCoreConsumer/Build/Intermediates.noindex/InkMarkdown.build/Debug-iphonesimulator/InkMarkdown.build/Objects-normal/arm64/InkMarkdown-Swift.h -working-directory /Users/shizihan/DailyUse/Github/InkMarkdown/.github/fixtures/consumer-smoke/.swiftpm/xcode -experimental-emit-module-separately -disable-cmo

SwiftDriverJobDiscovery normal arm64 Compiling PlainTextConvertibleMarkup.swift, RawMarkup.swift, BlockDirective.swift, BlockQuote.swift, CustomBlock.swift, DoxygenAbstract.swift, DoxygenDiscussion.swift (in target 'Markdown' from project 'swift-markdown')

SwiftDriverJobDiscovery normal arm64 Compiling TableCellContainer.swift, TableHead.swift, TableRow.swift, Replacement.swift, SourceLocation.swift, Emphasis.swift, Image.swift (in target 'Markdown' from project 'swift-markdown')

SwiftDriverJobDiscovery normal arm64 Compiling ChildIndexPath.swift, DirectiveArgument.swift, Document.swift, LiteralMarkup.swift, Markup.swift, MarkupChildren.swift, MarkupData.swift (in target 'Markdown' from project 'swift-markdown')

SwiftDriverJobDiscovery normal arm64 Compiling CollectionExtensions.swift, StringExtensions.swift, MarkupVisitor.swift, MarkupWalker.swift, HTMLFormatter.swift, MarkupFormatter.swift, MarkupTreeDumper.swift (in target 'Markdown' from project 'swift-markdown')

SwiftDriverJobDiscovery normal arm64 Compiling DoxygenNote.swift, DoxygenParameter.swift, DoxygenReturns.swift, ListItem.swift, OrderedList.swift, UnorderedList.swift, Paragraph.swift (in target 'Markdown' from project 'swift-markdown')

SwiftDriverJobDiscovery normal arm64 Compiling LazySplitLines.swift, ParseOptions.swift, RangeAdjuster.swift, RangerTracker.swift, MarkupRewriter.swift, BasicBlockContainer.swift, BasicInlineContainer.swift (in target 'Markdown' from project 'swift-markdown')

SwiftDriverJobDiscovery normal arm64 Compiling LineBreak.swift, SoftBreak.swift, SymbolLink.swift, Text.swift, Aside.swift, BlockDirectiveParser.swift, CommonMarkConverter.swift (in target 'Markdown' from project 'swift-markdown')

SwiftDriver\ Compilation Markdown normal arm64 com.apple.xcode.tools.swift.compiler (in target 'Markdown' from project 'swift-markdown')
    cd /Users/shizihan/DailyUse/Github/InkMarkdown/.github/fixtures/consumer-smoke/.swiftpm/xcode
    builtin-Swift-Compilation -- /Applications/Xcode.app/Contents/Developer/Toolchains/XcodeDefault.xctoolchain/usr/bin/swiftc -module-name Markdown -Onone @/Users/shizihan/DailyUse/Github/InkMarkdown/.scratch/architecture-deepening-2026-09-07/evidence/20260907-1415-ticket-27/consumer/DerivedData-InkMarkdownCoreConsumer/Build/Intermediates.noindex/swift-markdown.build/Debug-iphonesimulator/Markdown.build/Objects-normal/arm64/Markdown.SwiftFileList -DSWIFT_PACKAGE -DDEBUG -DSWIFT_MODULE_RESOURCE_BUNDLE_UNAVAILABLE -DXcode -plugin-path /Applications/Xcode.app/Contents/Developer/Toolchains/XcodeDefault.xctoolchain/usr/lib/swift/host/plugins/testing -enable-experimental-feature DebugDescriptionMacro -sdk /Applications/Xcode.app/Contents/Developer/Platforms/iPhoneSimulator.platform/Developer/SDKs/iPhoneSimulator26.5.sdk -target arm64-apple-ios12.0-simulator -g -module-cache-path /Users/shizihan/DailyUse/Github/InkMarkdown/.scratch/architecture-deepening-2026-09-07/evidence/20260907-1415-ticket-27/consumer/DerivedData-InkMarkdownCoreConsumer/ModuleCache.noindex -Xfrontend -serialize-debugging-options -enable-testing -suppress-warnings -index-store-path /Users/shizihan/DailyUse/Github/InkMarkdown/.scratch/architecture-deepening-2026-09-07/evidence/20260907-1415-ticket-27/consumer/DerivedData-InkMarkdownCoreConsumer/Index.noindex/DataStore -Xcc -D_LIBCPP_HARDENING_MODE\=_LIBCPP_HARDENING_MODE_DEBUG -swift-version 5 -I /Users/shizihan/DailyUse/Github/InkMarkdown/.scratch/architecture-deepening-2026-09-07/evidence/20260907-1415-ticket-27/consumer/DerivedData-InkMarkdownCoreConsumer/Build/Products/Debug-iphonesimulator -Isystem /Applications/Xcode.app/Contents/Developer/Platforms/iPhoneSimulator.platform/Developer/usr/lib -F /Users/shizihan/DailyUse/Github/InkMarkdown/.scratch/architecture-deepening-2026-09-07/evidence/20260907-1415-ticket-27/consumer/DerivedData-InkMarkdownCoreConsumer/Build/Products/Debug-iphonesimulator/PackageFrameworks -F /Users/shizihan/DailyUse/Github/InkMarkdown/.scratch/architecture-deepening-2026-09-07/evidence/20260907-1415-ticket-27/consumer/DerivedData-InkMarkdownCoreConsumer/Build/Products/Debug-iphonesimulator/PackageFrameworks -F /Users/shizihan/DailyUse/Github/InkMarkdown/.scratch/architecture-deepening-2026-09-07/evidence/20260907-1415-ticket-27/consumer/DerivedData-InkMarkdownCoreConsumer/Build/Products/Debug-iphonesimulator/PackageFrameworks -F /Users/shizihan/DailyUse/Github/InkMarkdown/.scratch/architecture-deepening-2026-09-07/evidence/20260907-1415-ticket-27/consumer/DerivedData-InkMarkdownCoreConsumer/Build/Products/Debug-iphonesimulator -F /Applications/Xcode.app/Contents/Developer/Platforms/iPhoneSimulator.platform/Developer/Library/Frameworks -F /Applications/Xcode.app/Contents/Developer/Platforms/iPhoneSimulator.platform/Developer/SDKs/iPhoneSimulator26.5.sdk/Developer/Library/Frameworks -c -j10 -enable-batch-mode -incremental -Xcc -ivfsstatcache -Xcc /Users/shizihan/DailyUse/Github/InkMarkdown/.scratch/architecture-deepening-2026-09-07/evidence/20260907-1415-ticket-27/consumer/DerivedData-InkMarkdownCoreConsumer/SDKStatCaches.noindex/iphonesimulator26.5-23F81a-6cfe768891a92b912361537c460fe42b.sdkstatcache -output-file-map /Users/shizihan/DailyUse/Github/InkMarkdown/.scratch/architecture-deepening-2026-09-07/evidence/20260907-1415-ticket-27/consumer/DerivedData-InkMarkdownCoreConsumer/Build/Intermediates.noindex/swift-markdown.build/Debug-iphonesimulator/Markdown.build/Objects-normal/arm64/Markdown-OutputFileMap.json -use-frontend-parseable-output -save-temps -no-color-diagnostics -explicit-module-build -module-cache-path /Users/shizihan/DailyUse/Github/InkMarkdown/.scratch/architecture-deepening-2026-09-07/evidence/20260907-1415-ticket-27/consumer/DerivedData-InkMarkdownCoreConsumer/Build/Intermediates.noindex/SwiftExplicitPrecompiledModules -clang-scanner-module-cache-path /Users/shizihan/DailyUse/Github/InkMarkdown/.scratch/architecture-deepening-2026-09-07/evidence/20260907-1415-ticket-27/consumer/DerivedData-InkMarkdownCoreConsumer/ModuleCache.noindex -sdk-module-cache-path /Users/shizihan/DailyUse/Github/InkMarkdown/.scratch/architecture-deepening-2026-09-07/evidence/20260907-1415-ticket-27/consumer/DerivedData-InkMarkdownCoreConsumer/ModuleCache.noindex -serialize-diagnostics -emit-dependencies -emit-module -emit-module-path /Users/shizihan/DailyUse/Github/InkMarkdown/.scratch/architecture-deepening-2026-09-07/evidence/20260907-1415-ticket-27/consumer/DerivedData-InkMarkdownCoreConsumer/Build/Intermediates.noindex/swift-markdown.build/Debug-iphonesimulator/Markdown.build/Objects-normal/arm64/Markdown.swiftmodule -validate-clang-modules-once -clang-build-session-file /Users/shizihan/DailyUse/Github/InkMarkdown/.scratch/architecture-deepening-2026-09-07/evidence/20260907-1415-ticket-27/consumer/DerivedData-InkMarkdownCoreConsumer/ModuleCache.noindex/Session.modulevalidation -package-name swift_markdown -Xcc -I/Users/shizihan/DailyUse/Github/InkMarkdown/.scratch/architecture-deepening-2026-09-07/evidence/20260907-1415-ticket-27/consumer/DerivedData-InkMarkdownCoreConsumer/Build/Intermediates.noindex/swift-markdown.build/Debug-iphonesimulator/Markdown.build/swift-overrides.hmap -emit-const-values -Xfrontend -const-gather-protocols-file -Xfrontend /Users/shizihan/DailyUse/Github/InkMarkdown/.scratch/architecture-deepening-2026-09-07/evidence/20260907-1415-ticket-27/consumer/DerivedData-InkMarkdownCoreConsumer/Build/Intermediates.noindex/swift-markdown.build/Debug-iphonesimulator/Markdown.build/Objects-normal/arm64/Markdown_const_extract_protocols.json -Xcc -I/Users/shizihan/DailyUse/Github/InkMarkdown/Packages/Caches/swift-cmark/src/include -Xcc -I/Users/shizihan/DailyUse/Github/InkMarkdown/Packages/Caches/swift-cmark/extensions/include -Xcc -I/Users/shizihan/DailyUse/Github/InkMarkdown/Packages/Caches/swift-markdown/Sources/CAtomic/include -Xcc -I/Users/shizihan/DailyUse/Github/InkMarkdown/.scratch/architecture-deepening-2026-09-07/evidence/20260907-1415-ticket-27/consumer/DerivedData-InkMarkdownCoreConsumer/Build/Products/Debug-iphonesimulator/include -Xcc -I/Users/shizihan/DailyUse/Github/InkMarkdown/.scratch/architecture-deepening-2026-09-07/evidence/20260907-1415-ticket-27/consumer/DerivedData-InkMarkdownCoreConsumer/Build/Intermediates.noindex/swift-markdown.build/Debug-iphonesimulator/Markdown.build/DerivedSources-normal/arm64 -Xcc -I/Users/shizihan/DailyUse/Github/InkMarkdown/.scratch/architecture-deepening-2026-09-07/evidence/20260907-1415-ticket-27/consumer/DerivedData-InkMarkdownCoreConsumer/Build/Intermediates.noindex/swift-markdown.build/Debug-iphonesimulator/Markdown.build/DerivedSources/arm64 -Xcc -I/Users/shizihan/DailyUse/Github/InkMarkdown/.scratch/architecture-deepening-2026-09-07/evidence/20260907-1415-ticket-27/consumer/DerivedData-InkMarkdownCoreConsumer/Build/Intermediates.noindex/swift-markdown.build/Debug-iphonesimulator/Markdown.build/DerivedSources -Xcc -DSWIFT_PACKAGE -Xcc -DDEBUG\=1 -emit-objc-header -emit-objc-header-path /Users/shizihan/DailyUse/Github/InkMarkdown/.scratch/architecture-deepening-2026-09-07/evidence/20260907-1415-ticket-27/consumer/DerivedData-InkMarkdownCoreConsumer/Build/Intermediates.noindex/swift-markdown.build/Debug-iphonesimulator/Markdown.build/Objects-normal/arm64/Markdown-Swift.h -working-directory /Users/shizihan/DailyUse/Github/InkMarkdown/.github/fixtures/consumer-smoke/.swiftpm/xcode -experimental-emit-module-separately -disable-cmo

Ld /Users/shizihan/DailyUse/Github/InkMarkdown/.scratch/architecture-deepening-2026-09-07/evidence/20260907-1415-ticket-27/consumer/DerivedData-InkMarkdownCoreConsumer/Build/Products/Debug-iphonesimulator/Markdown.o normal (in target 'Markdown' from project 'swift-markdown')
    cd /Users/shizihan/DailyUse/Github/InkMarkdown/Packages/Caches/swift-markdown
    /Applications/Xcode.app/Contents/Developer/Toolchains/XcodeDefault.xctoolchain/usr/bin/clang -Xlinker -reproducible -target arm64-apple-ios12.0-simulator -r -isysroot /Applications/Xcode.app/Contents/Developer/Platforms/iPhoneSimulator.platform/Developer/SDKs/iPhoneSimulator26.5.sdk -O0 -w -F/Users/shizihan/DailyUse/Github/InkMarkdown/.scratch/architecture-deepening-2026-09-07/evidence/20260907-1415-ticket-27/consumer/DerivedData-InkMarkdownCoreConsumer/Build/Intermediates.noindex/EagerLinkingTBDs/Debug-iphonesimulator -F/Users/shizihan/DailyUse/Github/InkMarkdown/.scratch/architecture-deepening-2026-09-07/evidence/20260907-1415-ticket-27/consumer/DerivedData-InkMarkdownCoreConsumer/Build/Products/Debug-iphonesimulator/PackageFrameworks -F/Users/shizihan/DailyUse/Github/InkMarkdown/.scratch/architecture-deepening-2026-09-07/evidence/20260907-1415-ticket-27/consumer/DerivedData-InkMarkdownCoreConsumer/Build/Products/Debug-iphonesimulator/PackageFrameworks -F/Users/shizihan/DailyUse/Github/InkMarkdown/.scratch/architecture-deepening-2026-09-07/evidence/20260907-1415-ticket-27/consumer/DerivedData-InkMarkdownCoreConsumer/Build/Products/Debug-iphonesimulator/PackageFrameworks -F/Users/shizihan/DailyUse/Github/InkMarkdown/.scratch/architecture-deepening-2026-09-07/evidence/20260907-1415-ticket-27/consumer/DerivedData-InkMarkdownCoreConsumer/Build/Products/Debug-iphonesimulator -iframework /Applications/Xcode.app/Contents/Developer/Platforms/iPhoneSimulator.platform/Developer/Library/Frameworks -iframework /Applications/Xcode.app/Contents/Developer/Platforms/iPhoneSimulator.platform/Developer/SDKs/iPhoneSimulator26.5.sdk/Developer/Library/Frameworks -filelist /Users/shizihan/DailyUse/Github/InkMarkdown/.scratch/architecture-deepening-2026-09-07/evidence/20260907-1415-ticket-27/consumer/DerivedData-InkMarkdownCoreConsumer/Build/Intermediates.noindex/swift-markdown.build/Debug-iphonesimulator/Markdown.build/Objects-normal/arm64/Markdown.LinkFileList -nostdlib -Xlinker -object_path_lto -Xlinker /Users/shizihan/DailyUse/Github/InkMarkdown/.scratch/architecture-deepening-2026-09-07/evidence/20260907-1415-ticket-27/consumer/DerivedData-InkMarkdownCoreConsumer/Build/Intermediates.noindex/swift-markdown.build/Debug-iphonesimulator/Markdown.build/Objects-normal/arm64/Markdown_lto.o -Xlinker -no_deduplicate -Xlinker -objc_abi_version -Xlinker 2 -Xlinker -dependency_info -Xlinker /Users/shizihan/DailyUse/Github/InkMarkdown/.scratch/architecture-deepening-2026-09-07/evidence/20260907-1415-ticket-27/consumer/DerivedData-InkMarkdownCoreConsumer/Build/Intermediates.noindex/swift-markdown.build/Debug-iphonesimulator/Markdown.build/Objects-normal/arm64/Markdown_dependency_info.dat -fobjc-link-runtime -L/Applications/Xcode.app/Contents/Developer/Toolchains/XcodeDefault.xctoolchain/usr/lib/swift/iphonesimulator -L/usr/lib/swift -Xlinker -add_ast_path -Xlinker /Users/shizihan/DailyUse/Github/InkMarkdown/.scratch/architecture-deepening-2026-09-07/evidence/20260907-1415-ticket-27/consumer/DerivedData-InkMarkdownCoreConsumer/Build/Intermediates.noindex/swift-markdown.build/Debug-iphonesimulator/Markdown.build/Objects-normal/arm64/Markdown.swiftmodule @/Users/shizihan/DailyUse/Github/InkMarkdown/.scratch/architecture-deepening-2026-09-07/evidence/20260907-1415-ticket-27/consumer/DerivedData-InkMarkdownCoreConsumer/Build/Intermediates.noindex/swift-markdown.build/Debug-iphonesimulator/Markdown.build/Objects-normal/arm64/Markdown-linker-args.resp -o /Users/shizihan/DailyUse/Github/InkMarkdown/.scratch/architecture-deepening-2026-09-07/evidence/20260907-1415-ticket-27/consumer/DerivedData-InkMarkdownCoreConsumer/Build/Products/Debug-iphonesimulator/Markdown.o

ExtractAppIntentsMetadata (in target 'Markdown' from project 'swift-markdown')
    cd /Users/shizihan/DailyUse/Github/InkMarkdown/Packages/Caches/swift-markdown
    /Applications/Xcode.app/Contents/Developer/Toolchains/XcodeDefault.xctoolchain/usr/bin/appintentsmetadataprocessor --toolchain-dir /Applications/Xcode.app/Contents/Developer/Toolchains/XcodeDefault.xctoolchain --module-name Markdown --sdk-root /Applications/Xcode.app/Contents/Developer/Platforms/iPhoneSimulator.platform/Developer/SDKs/iPhoneSimulator26.5.sdk --xcode-version 17F113 --platform-family iOS --deployment-target 12.0 --bundle-identifier swift-markdown.Markdown --output /Users/shizihan/DailyUse/Github/InkMarkdown/.scratch/architecture-deepening-2026-09-07/evidence/20260907-1415-ticket-27/consumer/DerivedData-InkMarkdownCoreConsumer/Build/Products/Debug-iphonesimulator/Markdown.appintents --target-triple arm64-apple-ios12.0-simulator --binary-file /Users/shizihan/DailyUse/Github/InkMarkdown/.scratch/architecture-deepening-2026-09-07/evidence/20260907-1415-ticket-27/consumer/DerivedData-InkMarkdownCoreConsumer/Build/Products/Debug-iphonesimulator/Markdown.o --dependency-file /Users/shizihan/DailyUse/Github/InkMarkdown/.scratch/architecture-deepening-2026-09-07/evidence/20260907-1415-ticket-27/consumer/DerivedData-InkMarkdownCoreConsumer/Build/Intermediates.noindex/swift-markdown.build/Debug-iphonesimulator/Markdown.build/Objects-normal/arm64/Markdown_dependency_info.dat --stringsdata-file /Users/shizihan/DailyUse/Github/InkMarkdown/.scratch/architecture-deepening-2026-09-07/evidence/20260907-1415-ticket-27/consumer/DerivedData-InkMarkdownCoreConsumer/Build/Intermediates.noindex/swift-markdown.build/Debug-iphonesimulator/Markdown.build/Objects-normal/arm64/ExtractedAppShortcutsMetadata.stringsdata --source-file-list /Users/shizihan/DailyUse/Github/InkMarkdown/.scratch/architecture-deepening-2026-09-07/evidence/20260907-1415-ticket-27/consumer/DerivedData-InkMarkdownCoreConsumer/Build/Intermediates.noindex/swift-markdown.build/Debug-iphonesimulator/Markdown.build/Objects-normal/arm64/Markdown.SwiftFileList --metadata-file-list /Users/shizihan/DailyUse/Github/InkMarkdown/.scratch/architecture-deepening-2026-09-07/evidence/20260907-1415-ticket-27/consumer/DerivedData-InkMarkdownCoreConsumer/Build/Intermediates.noindex/swift-markdown.build/Debug-iphonesimulator/Markdown.build/Markdown.DependencyMetadataFileList --static-metadata-file-list /Users/shizihan/DailyUse/Github/InkMarkdown/.scratch/architecture-deepening-2026-09-07/evidence/20260907-1415-ticket-27/consumer/DerivedData-InkMarkdownCoreConsumer/Build/Intermediates.noindex/swift-markdown.build/Debug-iphonesimulator/Markdown.build/Markdown.DependencyStaticMetadataFileList --swift-const-vals-list /Users/shizihan/DailyUse/Github/InkMarkdown/.scratch/architecture-deepening-2026-09-07/evidence/20260907-1415-ticket-27/consumer/DerivedData-InkMarkdownCoreConsumer/Build/Intermediates.noindex/swift-markdown.build/Debug-iphonesimulator/Markdown.build/Objects-normal/arm64/Markdown.SwiftConstValuesFileList --force --compile-time-extraction --deployment-aware-processing --validate-assistant-intents --no-app-shortcuts-localization
2026-09-07 14:40:22.453 appintentsmetadataprocessor[86633:6066030] Starting appintentsmetadataprocessor export
2026-09-07 14:40:22.497 appintentsmetadataprocessor[86633:6066030] Extracted no relevant App Intents symbols, skipping writing output

SwiftExplicitDependencyGeneratePcm arm64 /Users/shizihan/DailyUse/Github/InkMarkdown/.scratch/architecture-deepening-2026-09-07/evidence/20260907-1415-ticket-27/consumer/DerivedData-InkMarkdownCoreConsumer/ModuleCache.noindex/Symbols-82LS2S6EVZI2ER5EYDYG5B2ZY.pcm

SwiftExplicitDependencyGeneratePcm arm64 /Users/shizihan/DailyUse/Github/InkMarkdown/.scratch/architecture-deepening-2026-09-07/evidence/20260907-1415-ticket-27/consumer/DerivedData-InkMarkdownCoreConsumer/ModuleCache.noindex/_Builtin_stdatomic-4Q9OJWEX7JXWV9G8VDMUTQ1B2.pcm

SwiftExplicitDependencyGeneratePcm arm64 /Users/shizihan/DailyUse/Github/InkMarkdown/.scratch/architecture-deepening-2026-09-07/evidence/20260907-1415-ticket-27/consumer/DerivedData-InkMarkdownCoreConsumer/ModuleCache.noindex/dnssd-ETNQ3E9NV09G9YAJSMYFW3D18.pcm

SwiftExplicitDependencyGeneratePcm arm64 /Users/shizihan/DailyUse/Github/InkMarkdown/.scratch/architecture-deepening-2026-09-07/evidence/20260907-1415-ticket-27/consumer/DerivedData-InkMarkdownCoreConsumer/ModuleCache.noindex/UIUtilities-3O838FTLZHF3MPDK06TSN0AGK.pcm

SwiftExplicitDependencyGeneratePcm arm64 /Users/shizihan/DailyUse/Github/InkMarkdown/.scratch/architecture-deepening-2026-09-07/evidence/20260907-1415-ticket-27/consumer/DerivedData-InkMarkdownCoreConsumer/ModuleCache.noindex/UserNotifications-4TIQKD96AQS5D3HZNJ2RBI03M.pcm

SwiftExplicitDependencyGeneratePcm arm64 /Users/shizihan/DailyUse/Github/InkMarkdown/.scratch/architecture-deepening-2026-09-07/evidence/20260907-1415-ticket-27/consumer/DerivedData-InkMarkdownCoreConsumer/ModuleCache.noindex/IOSurface-6VC6M72SSPUTLPXOAL516Y1W7.pcm

SwiftExplicitDependencyGeneratePcm arm64 /Users/shizihan/DailyUse/Github/InkMarkdown/.scratch/architecture-deepening-2026-09-07/evidence/20260907-1415-ticket-27/consumer/DerivedData-InkMarkdownCoreConsumer/ModuleCache.noindex/_Builtin_tgmath-EGYAPMIEJCT5FX8LBPXZ4LLXX.pcm

SwiftExplicitDependencyGeneratePcm arm64 /Users/shizihan/DailyUse/Github/InkMarkdown/.scratch/architecture-deepening-2026-09-07/evidence/20260907-1415-ticket-27/consumer/DerivedData-InkMarkdownCoreConsumer/ModuleCache.noindex/DeveloperToolsSupport-5XIK3T9Q9T8H8K6RBQRUUTZYM.pcm

SwiftExplicitDependencyGeneratePcm arm64 /Users/shizihan/DailyUse/Github/InkMarkdown/.scratch/architecture-deepening-2026-09-07/evidence/20260907-1415-ticket-27/consumer/DerivedData-InkMarkdownCoreConsumer/ModuleCache.noindex/DataDetection-2FH4GYY96Y5KPEIDHBQQXSXRJ.pcm

SwiftExplicitDependencyGeneratePcm arm64 /Users/shizihan/DailyUse/Github/InkMarkdown/.scratch/architecture-deepening-2026-09-07/evidence/20260907-1415-ticket-27/consumer/DerivedData-InkMarkdownCoreConsumer/ModuleCache.noindex/CoreTransferable-9Z3E3H99PDAUG9EKHN2DS6R27.pcm

SwiftExplicitDependencyGeneratePcm arm64 /Users/shizihan/DailyUse/Github/InkMarkdown/.scratch/architecture-deepening-2026-09-07/evidence/20260907-1415-ticket-27/consumer/DerivedData-InkMarkdownCoreConsumer/ModuleCache.noindex/CoreGraphics-5NZ1RPSEDB2BVXLI0TW077BS5.pcm

SwiftExplicitDependencyGeneratePcm arm64 /Users/shizihan/DailyUse/Github/InkMarkdown/.scratch/architecture-deepening-2026-09-07/evidence/20260907-1415-ticket-27/consumer/DerivedData-InkMarkdownCoreConsumer/ModuleCache.noindex/OpenGLES-DUSHFFPN88BILWVWI94M3DH49.pcm

SwiftExplicitDependencyGeneratePcm arm64 /Users/shizihan/DailyUse/Github/InkMarkdown/.scratch/architecture-deepening-2026-09-07/evidence/20260907-1415-ticket-27/consumer/DerivedData-InkMarkdownCoreConsumer/ModuleCache.noindex/LocalAuthentication-I35FBH4CGS38R28BWP4BXT53.pcm

SwiftExplicitDependencyGeneratePcm arm64 /Users/shizihan/DailyUse/Github/InkMarkdown/.scratch/architecture-deepening-2026-09-07/evidence/20260907-1415-ticket-27/consumer/DerivedData-InkMarkdownCoreConsumer/ModuleCache.noindex/Network-8TMPVCOJSRT84C6083VOZ625S.pcm

SwiftExplicitDependencyGeneratePcm arm64 /Users/shizihan/DailyUse/Github/InkMarkdown/.scratch/architecture-deepening-2026-09-07/evidence/20260907-1415-ticket-27/consumer/DerivedData-InkMarkdownCoreConsumer/ModuleCache.noindex/MachO-5ZR0CF6LO9PCXMU7BVNARAGFQ.pcm

SwiftExplicitDependencyGeneratePcm arm64 /Users/shizihan/DailyUse/Github/InkMarkdown/.scratch/architecture-deepening-2026-09-07/evidence/20260907-1415-ticket-27/consumer/DerivedData-InkMarkdownCoreConsumer/ModuleCache.noindex/UniformTypeIdentifiers-DRRKZJKQC84KKXJ44XESPQRL0.pcm

SwiftExplicitDependencyGeneratePcm arm64 /Users/shizihan/DailyUse/Github/InkMarkdown/.scratch/architecture-deepening-2026-09-07/evidence/20260907-1415-ticket-27/consumer/DerivedData-InkMarkdownCoreConsumer/ModuleCache.noindex/_Builtin_intrinsics-2XNC1RBR1T3E1JJGMIXOWA7HS.pcm

RegisterExecutionPolicyException /Users/shizihan/DailyUse/Github/InkMarkdown/.scratch/architecture-deepening-2026-09-07/evidence/20260907-1415-ticket-27/consumer/DerivedData-InkMarkdownCoreConsumer/Build/Products/Debug-iphonesimulator/Markdown.o (in target 'Markdown' from project 'swift-markdown')
    cd /Users/shizihan/DailyUse/Github/InkMarkdown/Packages/Caches/swift-markdown
    builtin-RegisterExecutionPolicyException /Users/shizihan/DailyUse/Github/InkMarkdown/.scratch/architecture-deepening-2026-09-07/evidence/20260907-1415-ticket-27/consumer/DerivedData-InkMarkdownCoreConsumer/Build/Products/Debug-iphonesimulator/Markdown.o

SwiftExplicitDependencyGeneratePcm arm64 /Users/shizihan/DailyUse/Github/InkMarkdown/.scratch/architecture-deepening-2026-09-07/evidence/20260907-1415-ticket-27/consumer/DerivedData-InkMarkdownCoreConsumer/ModuleCache.noindex/Metal-7YQK2MWJ5W1UHBOKOD4VINX6M.pcm

SwiftExplicitDependencyGeneratePcm arm64 /Users/shizihan/DailyUse/Github/InkMarkdown/.scratch/architecture-deepening-2026-09-07/evidence/20260907-1415-ticket-27/consumer/DerivedData-InkMarkdownCoreConsumer/ModuleCache.noindex/os-7JL96TDY6OC5OY1Z0QB1COFBI.pcm

SwiftExplicitDependencyGeneratePcm arm64 /Users/shizihan/DailyUse/Github/InkMarkdown/.scratch/architecture-deepening-2026-09-07/evidence/20260907-1415-ticket-27/consumer/DerivedData-InkMarkdownCoreConsumer/ModuleCache.noindex/ImageIO-8W0AQ8IB505IVQVQJ9ZGC1DQU.pcm

SwiftExplicitDependencyGeneratePcm arm64 /Users/shizihan/DailyUse/Github/InkMarkdown/.scratch/architecture-deepening-2026-09-07/evidence/20260907-1415-ticket-27/consumer/DerivedData-InkMarkdownCoreConsumer/ModuleCache.noindex/FileProvider-K6E7RUO7LKD39EX0B17FESDX.pcm

SwiftExplicitDependencyGeneratePcm arm64 /Users/shizihan/DailyUse/Github/InkMarkdown/.scratch/architecture-deepening-2026-09-07/evidence/20260907-1415-ticket-27/consumer/DerivedData-InkMarkdownCoreConsumer/ModuleCache.noindex/Accessibility-AA13P92AHC7RJGH73GNP5M7B1.pcm

SwiftExplicitDependencyGeneratePcm arm64 /Users/shizihan/DailyUse/Github/InkMarkdown/.scratch/architecture-deepening-2026-09-07/evidence/20260907-1415-ticket-27/consumer/DerivedData-InkMarkdownCoreConsumer/ModuleCache.noindex/CoreText-2X0XTAFR5N275NS76T9ANYQKS.pcm

SwiftExplicitDependencyGeneratePcm arm64 /Users/shizihan/DailyUse/Github/InkMarkdown/.scratch/architecture-deepening-2026-09-07/evidence/20260907-1415-ticket-27/consumer/DerivedData-InkMarkdownCoreConsumer/ModuleCache.noindex/OSLog-7ATPQMAYBE5TD5SCWU64MBGQY.pcm

SwiftExplicitDependencyGeneratePcm arm64 /Users/shizihan/DailyUse/Github/InkMarkdown/.scratch/architecture-deepening-2026-09-07/evidence/20260907-1415-ticket-27/consumer/DerivedData-InkMarkdownCoreConsumer/ModuleCache.noindex/CoreVideo-2B0QPGCXVU87CQ5KN2ZF30HUD.pcm

SwiftExplicitDependencyGeneratePcm arm64 /Users/shizihan/DailyUse/Github/InkMarkdown/.scratch/architecture-deepening-2026-09-07/evidence/20260907-1415-ticket-27/consumer/DerivedData-InkMarkdownCoreConsumer/ModuleCache.noindex/simd-5MOP0PS0LT17LCOS07OVZ1ST4.pcm

SwiftExplicitDependencyGeneratePcm arm64 /Users/shizihan/DailyUse/Github/InkMarkdown/.scratch/architecture-deepening-2026-09-07/evidence/20260907-1415-ticket-27/consumer/DerivedData-InkMarkdownCoreConsumer/ModuleCache.noindex/CoreImage-2Q1UPS5ZL1BEJ2RKZLG9XGV29.pcm

SwiftExplicitDependencyGeneratePcm arm64 /Users/shizihan/DailyUse/Github/InkMarkdown/.scratch/architecture-deepening-2026-09-07/evidence/20260907-1415-ticket-27/consumer/DerivedData-InkMarkdownCoreConsumer/ModuleCache.noindex/QuartzCore-9MXIBNMNFMUEWKS2Y30UHWGQX.pcm

SwiftExplicitDependencyGeneratePcm arm64 /Users/shizihan/DailyUse/Github/InkMarkdown/.scratch/architecture-deepening-2026-09-07/evidence/20260907-1415-ticket-27/consumer/DerivedData-InkMarkdownCoreConsumer/ModuleCache.noindex/SwiftUICore-CSPON5U71YFVCER7KZ0JWEI71.pcm

SwiftExplicitDependencyGeneratePcm arm64 /Users/shizihan/DailyUse/Github/InkMarkdown/.scratch/architecture-deepening-2026-09-07/evidence/20260907-1415-ticket-27/consumer/DerivedData-InkMarkdownCoreConsumer/ModuleCache.noindex/UIKit-CGFSVOZ24PQ18Y2C94QI091Y6.pcm

SwiftExplicitDependencyGeneratePcm arm64 /Users/shizihan/DailyUse/Github/InkMarkdown/.scratch/architecture-deepening-2026-09-07/evidence/20260907-1415-ticket-27/consumer/DerivedData-InkMarkdownCoreConsumer/ModuleCache.noindex/Spatial-D30XA9VA6IRARKG5BGTYFJKOY.pcm

SwiftExplicitDependencyGeneratePcm arm64 /Users/shizihan/DailyUse/Github/InkMarkdown/.scratch/architecture-deepening-2026-09-07/evidence/20260907-1415-ticket-27/consumer/DerivedData-InkMarkdownCoreConsumer/ModuleCache.noindex/WebKit-5L6IMBGYJMSKR9AI6S3C29680.pcm

SwiftCompile normal arm64 Compiling\ InkMermaidImageRenderer.swift,\ InkMermaidPageLoadRouter.swift,\ InkMermaidRasterPlan.swift,\ InkMermaidRenderRequestState.swift,\ InkMermaidRenderScheduler.swift,\ InkMermaidTypes.swift /Users/shizihan/DailyUse/Github/InkMarkdown/Sources/InkMarkdown/Rendering/Mermaid/InkMermaidImageRenderer.swift /Users/shizihan/DailyUse/Github/InkMarkdown/Sources/InkMarkdown/Rendering/Mermaid/InkMermaidPageLoadRouter.swift /Users/shizihan/DailyUse/Github/InkMarkdown/Sources/InkMarkdown/Rendering/Mermaid/InkMermaidRasterPlan.swift /Users/shizihan/DailyUse/Github/InkMarkdown/Sources/InkMarkdown/Rendering/Mermaid/InkMermaidRenderRequestState.swift /Users/shizihan/DailyUse/Github/InkMarkdown/Sources/InkMarkdown/Rendering/Mermaid/InkMermaidRenderScheduler.swift /Users/shizihan/DailyUse/Github/InkMarkdown/Sources/InkMarkdown/Rendering/Mermaid/InkMermaidTypes.swift (in target 'InkMarkdown' from project 'InkMarkdown')

SwiftCompile normal arm64 /Users/shizihan/DailyUse/Github/InkMarkdown/Sources/InkMarkdown/Rendering/Mermaid/InkMermaidImageRenderer.swift (in target 'InkMarkdown' from project 'InkMarkdown')
    cd /Users/shizihan/DailyUse/Github/InkMarkdown/.github/fixtures/consumer-smoke/.swiftpm/xcode
    

SwiftCompile normal arm64 /Users/shizihan/DailyUse/Github/InkMarkdown/Sources/InkMarkdown/Rendering/Mermaid/InkMermaidPageLoadRouter.swift (in target 'InkMarkdown' from project 'InkMarkdown')
    cd /Users/shizihan/DailyUse/Github/InkMarkdown/.github/fixtures/consumer-smoke/.swiftpm/xcode
    

SwiftCompile normal arm64 /Users/shizihan/DailyUse/Github/InkMarkdown/Sources/InkMarkdown/Rendering/Mermaid/InkMermaidRasterPlan.swift (in target 'InkMarkdown' from project 'InkMarkdown')
    cd /Users/shizihan/DailyUse/Github/InkMarkdown/.github/fixtures/consumer-smoke/.swiftpm/xcode
    

SwiftCompile normal arm64 /Users/shizihan/DailyUse/Github/InkMarkdown/Sources/InkMarkdown/Rendering/Mermaid/InkMermaidRenderRequestState.swift (in target 'InkMarkdown' from project 'InkMarkdown')
    cd /Users/shizihan/DailyUse/Github/InkMarkdown/.github/fixtures/consumer-smoke/.swiftpm/xcode
    

SwiftCompile normal arm64 /Users/shizihan/DailyUse/Github/InkMarkdown/Sources/InkMarkdown/Rendering/Mermaid/InkMermaidRenderScheduler.swift (in target 'InkMarkdown' from project 'InkMarkdown')
    cd /Users/shizihan/DailyUse/Github/InkMarkdown/.github/fixtures/consumer-smoke/.swiftpm/xcode
    

SwiftCompile normal arm64 /Users/shizihan/DailyUse/Github/InkMarkdown/Sources/InkMarkdown/Rendering/Mermaid/InkMermaidTypes.swift (in target 'InkMarkdown' from project 'InkMarkdown')
    cd /Users/shizihan/DailyUse/Github/InkMarkdown/.github/fixtures/consumer-smoke/.swiftpm/xcode
    

SwiftCompile normal arm64 Compiling\ InkStreamRenderer.swift,\ InkTextContext.swift,\ InkLaTeXImageRenderer.swift,\ InkLaTeXRenderRequest.swift,\ InkLaTeXSourcePreservation.swift,\ InkLaTeXSyntax.swift /Users/shizihan/DailyUse/Github/InkMarkdown/Sources/InkMarkdown/Rendering/InkStreamRenderer.swift /Users/shizihan/DailyUse/Github/InkMarkdown/Sources/InkMarkdown/Rendering/InkTextContext.swift /Users/shizihan/DailyUse/Github/InkMarkdown/Sources/InkMarkdown/Rendering/LaTeX/InkLaTeXImageRenderer.swift /Users/shizihan/DailyUse/Github/InkMarkdown/Sources/InkMarkdown/Rendering/LaTeX/InkLaTeXRenderRequest.swift /Users/shizihan/DailyUse/Github/InkMarkdown/Sources/InkMarkdown/Rendering/LaTeX/InkLaTeXSourcePreservation.swift /Users/shizihan/DailyUse/Github/InkMarkdown/Sources/InkMarkdown/Rendering/LaTeX/InkLaTeXSyntax.swift (in target 'InkMarkdown' from project 'InkMarkdown')

SwiftCompile normal arm64 /Users/shizihan/DailyUse/Github/InkMarkdown/Sources/InkMarkdown/Rendering/InkStreamRenderer.swift (in target 'InkMarkdown' from project 'InkMarkdown')
    cd /Users/shizihan/DailyUse/Github/InkMarkdown/.github/fixtures/consumer-smoke/.swiftpm/xcode
    

SwiftCompile normal arm64 /Users/shizihan/DailyUse/Github/InkMarkdown/Sources/InkMarkdown/Rendering/InkTextContext.swift (in target 'InkMarkdown' from project 'InkMarkdown')
    cd /Users/shizihan/DailyUse/Github/InkMarkdown/.github/fixtures/consumer-smoke/.swiftpm/xcode
    

SwiftCompile normal arm64 /Users/shizihan/DailyUse/Github/InkMarkdown/Sources/InkMarkdown/Rendering/LaTeX/InkLaTeXImageRenderer.swift (in target 'InkMarkdown' from project 'InkMarkdown')
    cd /Users/shizihan/DailyUse/Github/InkMarkdown/.github/fixtures/consumer-smoke/.swiftpm/xcode
    

SwiftCompile normal arm64 /Users/shizihan/DailyUse/Github/InkMarkdown/Sources/InkMarkdown/Rendering/LaTeX/InkLaTeXRenderRequest.swift (in target 'InkMarkdown' from project 'InkMarkdown')
    cd /Users/shizihan/DailyUse/Github/InkMarkdown/.github/fixtures/consumer-smoke/.swiftpm/xcode
    

SwiftCompile normal arm64 /Users/shizihan/DailyUse/Github/InkMarkdown/Sources/InkMarkdown/Rendering/LaTeX/InkLaTeXSourcePreservation.swift (in target 'InkMarkdown' from project 'InkMarkdown')
    cd /Users/shizihan/DailyUse/Github/InkMarkdown/.github/fixtures/consumer-smoke/.swiftpm/xcode
    

SwiftCompile normal arm64 /Users/shizihan/DailyUse/Github/InkMarkdown/Sources/InkMarkdown/Rendering/LaTeX/InkLaTeXSyntax.swift (in target 'InkMarkdown' from project 'InkMarkdown')
    cd /Users/shizihan/DailyUse/Github/InkMarkdown/.github/fixtures/consumer-smoke/.swiftpm/xcode
    

SwiftEmitModule normal arm64 Emitting\ module\ for\ InkMarkdown (in target 'InkMarkdown' from project 'InkMarkdown')

EmitSwiftModule normal arm64 (in target 'InkMarkdown' from project 'InkMarkdown')
    cd /Users/shizihan/DailyUse/Github/InkMarkdown/.github/fixtures/consumer-smoke/.swiftpm/xcode
    

SwiftCompile normal arm64 Compiling\ InkImagePreviewController.swift,\ InkImageRendering.swift,\ InkImageSourceResolution.swift,\ InkImageStore.swift,\ InkDisplayMetrics.swift,\ InkInlineSyntax.swift /Users/shizihan/DailyUse/Github/InkMarkdown/Sources/InkMarkdown/Rendering/Image/InkImagePreviewController.swift /Users/shizihan/DailyUse/Github/InkMarkdown/Sources/InkMarkdown/Rendering/Image/InkImageRendering.swift /Users/shizihan/DailyUse/Github/InkMarkdown/Sources/InkMarkdown/Rendering/Image/InkImageSourceResolution.swift /Users/shizihan/DailyUse/Github/InkMarkdown/Sources/InkMarkdown/Rendering/Image/InkImageStore.swift /Users/shizihan/DailyUse/Github/InkMarkdown/Sources/InkMarkdown/Rendering/InkDisplayMetrics.swift /Users/shizihan/DailyUse/Github/InkMarkdown/Sources/InkMarkdown/Rendering/InkInlineSyntax.swift (in target 'InkMarkdown' from project 'InkMarkdown')

SwiftCompile normal arm64 /Users/shizihan/DailyUse/Github/InkMarkdown/Sources/InkMarkdown/Rendering/Image/InkImagePreviewController.swift (in target 'InkMarkdown' from project 'InkMarkdown')
    cd /Users/shizihan/DailyUse/Github/InkMarkdown/.github/fixtures/consumer-smoke/.swiftpm/xcode
    

SwiftCompile normal arm64 /Users/shizihan/DailyUse/Github/InkMarkdown/Sources/InkMarkdown/Rendering/Image/InkImageRendering.swift (in target 'InkMarkdown' from project 'InkMarkdown')
    cd /Users/shizihan/DailyUse/Github/InkMarkdown/.github/fixtures/consumer-smoke/.swiftpm/xcode
    

SwiftCompile normal arm64 /Users/shizihan/DailyUse/Github/InkMarkdown/Sources/InkMarkdown/Rendering/Image/InkImageSourceResolution.swift (in target 'InkMarkdown' from project 'InkMarkdown')
    cd /Users/shizihan/DailyUse/Github/InkMarkdown/.github/fixtures/consumer-smoke/.swiftpm/xcode
    

SwiftCompile normal arm64 /Users/shizihan/DailyUse/Github/InkMarkdown/Sources/InkMarkdown/Rendering/Image/InkImageStore.swift (in target 'InkMarkdown' from project 'InkMarkdown')
    cd /Users/shizihan/DailyUse/Github/InkMarkdown/.github/fixtures/consumer-smoke/.swiftpm/xcode
    

SwiftCompile normal arm64 /Users/shizihan/DailyUse/Github/InkMarkdown/Sources/InkMarkdown/Rendering/InkDisplayMetrics.swift (in target 'InkMarkdown' from project 'InkMarkdown')
    cd /Users/shizihan/DailyUse/Github/InkMarkdown/.github/fixtures/consumer-smoke/.swiftpm/xcode
    

SwiftCompile normal arm64 /Users/shizihan/DailyUse/Github/InkMarkdown/Sources/InkMarkdown/Rendering/InkInlineSyntax.swift (in target 'InkMarkdown' from project 'InkMarkdown')
    cd /Users/shizihan/DailyUse/Github/InkMarkdown/.github/fixtures/consumer-smoke/.swiftpm/xcode
    

SwiftCompile normal arm64 Compiling\ InkThoughtPresentationPolicy.swift,\ InkThoughtScanner.swift,\ InkThoughtStreamingScanner.swift,\ InkCodeBlockView.swift,\ InkMarkdownLayoutManager.swift,\ InkStreamTableView.swift,\ InkTableBlock.swift /Users/shizihan/DailyUse/Github/InkMarkdown/Sources/InkMarkdown/Rendering/Block/InkThoughtPresentationPolicy.swift /Users/shizihan/DailyUse/Github/InkMarkdown/Sources/InkMarkdown/Rendering/Block/InkThoughtScanner.swift /Users/shizihan/DailyUse/Github/InkMarkdown/Sources/InkMarkdown/Rendering/Block/InkThoughtStreamingScanner.swift /Users/shizihan/DailyUse/Github/InkMarkdown/Sources/InkMarkdown/Rendering/Components/InkCodeBlockView.swift /Users/shizihan/DailyUse/Github/InkMarkdown/Sources/InkMarkdown/Rendering/Components/InkMarkdownLayoutManager.swift /Users/shizihan/DailyUse/Github/InkMarkdown/Sources/InkMarkdown/Rendering/Components/InkStreamTableView.swift /Users/shizihan/DailyUse/Github/InkMarkdown/Sources/InkMarkdown/Rendering/Components/InkTableBlock.swift (in target 'InkMarkdown' from project 'InkMarkdown')

SwiftCompile normal arm64 /Users/shizihan/DailyUse/Github/InkMarkdown/Sources/InkMarkdown/Rendering/Block/InkThoughtPresentationPolicy.swift (in target 'InkMarkdown' from project 'InkMarkdown')
    cd /Users/shizihan/DailyUse/Github/InkMarkdown/.github/fixtures/consumer-smoke/.swiftpm/xcode
    

SwiftCompile normal arm64 /Users/shizihan/DailyUse/Github/InkMarkdown/Sources/InkMarkdown/Rendering/Block/InkThoughtScanner.swift (in target 'InkMarkdown' from project 'InkMarkdown')
    cd /Users/shizihan/DailyUse/Github/InkMarkdown/.github/fixtures/consumer-smoke/.swiftpm/xcode
    

SwiftCompile normal arm64 /Users/shizihan/DailyUse/Github/InkMarkdown/Sources/InkMarkdown/Rendering/Block/InkThoughtStreamingScanner.swift (in target 'InkMarkdown' from project 'InkMarkdown')
    cd /Users/shizihan/DailyUse/Github/InkMarkdown/.github/fixtures/consumer-smoke/.swiftpm/xcode
    

SwiftCompile normal arm64 /Users/shizihan/DailyUse/Github/InkMarkdown/Sources/InkMarkdown/Rendering/Components/InkCodeBlockView.swift (in target 'InkMarkdown' from project 'InkMarkdown')
    cd /Users/shizihan/DailyUse/Github/InkMarkdown/.github/fixtures/consumer-smoke/.swiftpm/xcode
    

SwiftCompile normal arm64 /Users/shizihan/DailyUse/Github/InkMarkdown/Sources/InkMarkdown/Rendering/Components/InkMarkdownLayoutManager.swift (in target 'InkMarkdown' from project 'InkMarkdown')
    cd /Users/shizihan/DailyUse/Github/InkMarkdown/.github/fixtures/consumer-smoke/.swiftpm/xcode
    

SwiftCompile normal arm64 /Users/shizihan/DailyUse/Github/InkMarkdown/Sources/InkMarkdown/Rendering/Components/InkStreamTableView.swift (in target 'InkMarkdown' from project 'InkMarkdown')
    cd /Users/shizihan/DailyUse/Github/InkMarkdown/.github/fixtures/consumer-smoke/.swiftpm/xcode
    

SwiftCompile normal arm64 /Users/shizihan/DailyUse/Github/InkMarkdown/Sources/InkMarkdown/Rendering/Components/InkTableBlock.swift (in target 'InkMarkdown' from project 'InkMarkdown')
    cd /Users/shizihan/DailyUse/Github/InkMarkdown/.github/fixtures/consumer-smoke/.swiftpm/xcode
    

SwiftCompile normal arm64 Compiling\ InkLaTeXIntegration.swift,\ InkMermaidIntegration.swift,\ DefaultURLSessionImageLoader.swift,\ DisplayContext.swift,\ DisplayKey.swift,\ ImageHTTPSessionDelegate.swift /Users/shizihan/DailyUse/Github/InkMarkdown/Sources/InkMarkdown/Rendering/Generated/InkLaTeXIntegration.swift /Users/shizihan/DailyUse/Github/InkMarkdown/Sources/InkMarkdown/Rendering/Generated/InkMermaidIntegration.swift /Users/shizihan/DailyUse/Github/InkMarkdown/Sources/InkMarkdown/Rendering/Image/DefaultURLSessionImageLoader.swift /Users/shizihan/DailyUse/Github/InkMarkdown/Sources/InkMarkdown/Rendering/Image/DisplayContext.swift /Users/shizihan/DailyUse/Github/InkMarkdown/Sources/InkMarkdown/Rendering/Image/DisplayKey.swift /Users/shizihan/DailyUse/Github/InkMarkdown/Sources/InkMarkdown/Rendering/Image/ImageHTTPSessionDelegate.swift (in target 'InkMarkdown' from project 'InkMarkdown')

SwiftCompile normal arm64 /Users/shizihan/DailyUse/Github/InkMarkdown/Sources/InkMarkdown/Rendering/Generated/InkLaTeXIntegration.swift (in target 'InkMarkdown' from project 'InkMarkdown')
    cd /Users/shizihan/DailyUse/Github/InkMarkdown/.github/fixtures/consumer-smoke/.swiftpm/xcode
    

SwiftCompile normal arm64 /Users/shizihan/DailyUse/Github/InkMarkdown/Sources/InkMarkdown/Rendering/Generated/InkMermaidIntegration.swift (in target 'InkMarkdown' from project 'InkMarkdown')
    cd /Users/shizihan/DailyUse/Github/InkMarkdown/.github/fixtures/consumer-smoke/.swiftpm/xcode
    

SwiftCompile normal arm64 /Users/shizihan/DailyUse/Github/InkMarkdown/Sources/InkMarkdown/Rendering/Image/DefaultURLSessionImageLoader.swift (in target 'InkMarkdown' from project 'InkMarkdown')
    cd /Users/shizihan/DailyUse/Github/InkMarkdown/.github/fixtures/consumer-smoke/.swiftpm/xcode
    

SwiftCompile normal arm64 /Users/shizihan/DailyUse/Github/InkMarkdown/Sources/InkMarkdown/Rendering/Image/DisplayContext.swift (in target 'InkMarkdown' from project 'InkMarkdown')
    cd /Users/shizihan/DailyUse/Github/InkMarkdown/.github/fixtures/consumer-smoke/.swiftpm/xcode
    

SwiftCompile normal arm64 /Users/shizihan/DailyUse/Github/InkMarkdown/Sources/InkMarkdown/Rendering/Image/DisplayKey.swift (in target 'InkMarkdown' from project 'InkMarkdown')
    cd /Users/shizihan/DailyUse/Github/InkMarkdown/.github/fixtures/consumer-smoke/.swiftpm/xcode
    

SwiftCompile normal arm64 /Users/shizihan/DailyUse/Github/InkMarkdown/Sources/InkMarkdown/Rendering/Image/ImageHTTPSessionDelegate.swift (in target 'InkMarkdown' from project 'InkMarkdown')
    cd /Users/shizihan/DailyUse/Github/InkMarkdown/.github/fixtures/consumer-smoke/.swiftpm/xcode
    

SwiftCompile normal arm64 Compiling\ InkPreparedMarkdownSource.swift,\ InkAttributedRenderer.swift,\ InkAttributedTextBlock.swift,\ InkBlockHandler.swift,\ InkBlockRenderer.swift,\ InkRenderableBlock.swift,\ InkThoughtBlockHandler.swift /Users/shizihan/DailyUse/Github/InkMarkdown/Sources/InkMarkdown/Parser/InkPreparedMarkdownSource.swift /Users/shizihan/DailyUse/Github/InkMarkdown/Sources/InkMarkdown/Rendering/AttributedString/InkAttributedRenderer.swift /Users/shizihan/DailyUse/Github/InkMarkdown/Sources/InkMarkdown/Rendering/Block/InkAttributedTextBlock.swift /Users/shizihan/DailyUse/Github/InkMarkdown/Sources/InkMarkdown/Rendering/Block/InkBlockHandler.swift /Users/shizihan/DailyUse/Github/InkMarkdown/Sources/InkMarkdown/Rendering/Block/InkBlockRenderer.swift /Users/shizihan/DailyUse/Github/InkMarkdown/Sources/InkMarkdown/Rendering/Block/InkRenderableBlock.swift /Users/shizihan/DailyUse/Github/InkMarkdown/Sources/InkMarkdown/Rendering/Block/InkThoughtBlockHandler.swift (in target 'InkMarkdown' from project 'InkMarkdown')

SwiftCompile normal arm64 /Users/shizihan/DailyUse/Github/InkMarkdown/Sources/InkMarkdown/Parser/InkPreparedMarkdownSource.swift (in target 'InkMarkdown' from project 'InkMarkdown')
    cd /Users/shizihan/DailyUse/Github/InkMarkdown/.github/fixtures/consumer-smoke/.swiftpm/xcode
    

SwiftCompile normal arm64 /Users/shizihan/DailyUse/Github/InkMarkdown/Sources/InkMarkdown/Rendering/AttributedString/InkAttributedRenderer.swift (in target 'InkMarkdown' from project 'InkMarkdown')
    cd /Users/shizihan/DailyUse/Github/InkMarkdown/.github/fixtures/consumer-smoke/.swiftpm/xcode
    

SwiftCompile normal arm64 /Users/shizihan/DailyUse/Github/InkMarkdown/Sources/InkMarkdown/Rendering/Block/InkAttributedTextBlock.swift (in target 'InkMarkdown' from project 'InkMarkdown')
    cd /Users/shizihan/DailyUse/Github/InkMarkdown/.github/fixtures/consumer-smoke/.swiftpm/xcode
    

SwiftCompile normal arm64 /Users/shizihan/DailyUse/Github/InkMarkdown/Sources/InkMarkdown/Rendering/Block/InkBlockHandler.swift (in target 'InkMarkdown' from project 'InkMarkdown')
    cd /Users/shizihan/DailyUse/Github/InkMarkdown/.github/fixtures/consumer-smoke/.swiftpm/xcode
    

SwiftCompile normal arm64 /Users/shizihan/DailyUse/Github/InkMarkdown/Sources/InkMarkdown/Rendering/Block/InkBlockRenderer.swift (in target 'InkMarkdown' from project 'InkMarkdown')
    cd /Users/shizihan/DailyUse/Github/InkMarkdown/.github/fixtures/consumer-smoke/.swiftpm/xcode
    

SwiftCompile normal arm64 /Users/shizihan/DailyUse/Github/InkMarkdown/Sources/InkMarkdown/Rendering/Block/InkRenderableBlock.swift (in target 'InkMarkdown' from project 'InkMarkdown')
    cd /Users/shizihan/DailyUse/Github/InkMarkdown/.github/fixtures/consumer-smoke/.swiftpm/xcode
    

SwiftCompile normal arm64 /Users/shizihan/DailyUse/Github/InkMarkdown/Sources/InkMarkdown/Rendering/Block/InkThoughtBlockHandler.swift (in target 'InkMarkdown' from project 'InkMarkdown')
    cd /Users/shizihan/DailyUse/Github/InkMarkdown/.github/fixtures/consumer-smoke/.swiftpm/xcode
    

SwiftCompile normal arm64 Compiling\ InkGeneratedImageRequest.swift,\ InkImageAttachment.swift,\ InkImageBlock.swift,\ InkImageBlockHandler.swift,\ InkImageLoading.swift,\ InkImagePresentationLoad.swift /Users/shizihan/DailyUse/Github/InkMarkdown/Sources/InkMarkdown/Rendering/Image/InkGeneratedImageRequest.swift /Users/shizihan/DailyUse/Github/InkMarkdown/Sources/InkMarkdown/Rendering/Image/InkImageAttachment.swift /Users/shizihan/DailyUse/Github/InkMarkdown/Sources/InkMarkdown/Rendering/Image/InkImageBlock.swift /Users/shizihan/DailyUse/Github/InkMarkdown/Sources/InkMarkdown/Rendering/Image/InkImageBlockHandler.swift /Users/shizihan/DailyUse/Github/InkMarkdown/Sources/InkMarkdown/Rendering/Image/InkImageLoading.swift /Users/shizihan/DailyUse/Github/InkMarkdown/Sources/InkMarkdown/Rendering/Image/InkImagePresentationLoad.swift (in target 'InkMarkdown' from project 'InkMarkdown')

SwiftCompile normal arm64 /Users/shizihan/DailyUse/Github/InkMarkdown/Sources/InkMarkdown/Rendering/Image/InkGeneratedImageRequest.swift (in target 'InkMarkdown' from project 'InkMarkdown')
    cd /Users/shizihan/DailyUse/Github/InkMarkdown/.github/fixtures/consumer-smoke/.swiftpm/xcode
    

SwiftCompile normal arm64 /Users/shizihan/DailyUse/Github/InkMarkdown/Sources/InkMarkdown/Rendering/Image/InkImageAttachment.swift (in target 'InkMarkdown' from project 'InkMarkdown')
    cd /Users/shizihan/DailyUse/Github/InkMarkdown/.github/fixtures/consumer-smoke/.swiftpm/xcode
    

SwiftCompile normal arm64 /Users/shizihan/DailyUse/Github/InkMarkdown/Sources/InkMarkdown/Rendering/Image/InkImageBlock.swift (in target 'InkMarkdown' from project 'InkMarkdown')
    cd /Users/shizihan/DailyUse/Github/InkMarkdown/.github/fixtures/consumer-smoke/.swiftpm/xcode
    

SwiftCompile normal arm64 /Users/shizihan/DailyUse/Github/InkMarkdown/Sources/InkMarkdown/Rendering/Image/InkImageBlockHandler.swift (in target 'InkMarkdown' from project 'InkMarkdown')
    cd /Users/shizihan/DailyUse/Github/InkMarkdown/.github/fixtures/consumer-smoke/.swiftpm/xcode
    

SwiftCompile normal arm64 /Users/shizihan/DailyUse/Github/InkMarkdown/Sources/InkMarkdown/Rendering/Image/InkImageLoading.swift (in target 'InkMarkdown' from project 'InkMarkdown')
    cd /Users/shizihan/DailyUse/Github/InkMarkdown/.github/fixtures/consumer-smoke/.swiftpm/xcode
    

SwiftCompile normal arm64 /Users/shizihan/DailyUse/Github/InkMarkdown/Sources/InkMarkdown/Rendering/Image/InkImagePresentationLoad.swift (in target 'InkMarkdown' from project 'InkMarkdown')
    cd /Users/shizihan/DailyUse/Github/InkMarkdown/.github/fixtures/consumer-smoke/.swiftpm/xcode
    

SwiftCompile normal arm64 Compiling\ ImageIODownsampler.swift,\ ImageLoadError.swift,\ ImageSecurityPolicy.swift,\ ImageSizingHelper.swift,\ ImageSource.swift,\ InkGeneratedImageLoading.swift /Users/shizihan/DailyUse/Github/InkMarkdown/Sources/InkMarkdown/Rendering/Image/ImageIODownsampler.swift /Users/shizihan/DailyUse/Github/InkMarkdown/Sources/InkMarkdown/Rendering/Image/ImageLoadError.swift /Users/shizihan/DailyUse/Github/InkMarkdown/Sources/InkMarkdown/Rendering/Image/ImageSecurityPolicy.swift /Users/shizihan/DailyUse/Github/InkMarkdown/Sources/InkMarkdown/Rendering/Image/ImageSizingHelper.swift /Users/shizihan/DailyUse/Github/InkMarkdown/Sources/InkMarkdown/Rendering/Image/ImageSource.swift /Users/shizihan/DailyUse/Github/InkMarkdown/Sources/InkMarkdown/Rendering/Image/InkGeneratedImageLoading.swift (in target 'InkMarkdown' from project 'InkMarkdown')

SwiftCompile normal arm64 /Users/shizihan/DailyUse/Github/InkMarkdown/Sources/InkMarkdown/Rendering/Image/ImageIODownsampler.swift (in target 'InkMarkdown' from project 'InkMarkdown')
    cd /Users/shizihan/DailyUse/Github/InkMarkdown/.github/fixtures/consumer-smoke/.swiftpm/xcode
    

SwiftCompile normal arm64 /Users/shizihan/DailyUse/Github/InkMarkdown/Sources/InkMarkdown/Rendering/Image/ImageLoadError.swift (in target 'InkMarkdown' from project 'InkMarkdown')
    cd /Users/shizihan/DailyUse/Github/InkMarkdown/.github/fixtures/consumer-smoke/.swiftpm/xcode
    

SwiftCompile normal arm64 /Users/shizihan/DailyUse/Github/InkMarkdown/Sources/InkMarkdown/Rendering/Image/ImageSecurityPolicy.swift (in target 'InkMarkdown' from project 'InkMarkdown')
    cd /Users/shizihan/DailyUse/Github/InkMarkdown/.github/fixtures/consumer-smoke/.swiftpm/xcode
    

SwiftCompile normal arm64 /Users/shizihan/DailyUse/Github/InkMarkdown/Sources/InkMarkdown/Rendering/Image/ImageSizingHelper.swift (in target 'InkMarkdown' from project 'InkMarkdown')
    cd /Users/shizihan/DailyUse/Github/InkMarkdown/.github/fixtures/consumer-smoke/.swiftpm/xcode
    

SwiftCompile normal arm64 /Users/shizihan/DailyUse/Github/InkMarkdown/Sources/InkMarkdown/Rendering/Image/ImageSource.swift (in target 'InkMarkdown' from project 'InkMarkdown')
    cd /Users/shizihan/DailyUse/Github/InkMarkdown/.github/fixtures/consumer-smoke/.swiftpm/xcode
    

SwiftCompile normal arm64 /Users/shizihan/DailyUse/Github/InkMarkdown/Sources/InkMarkdown/Rendering/Image/InkGeneratedImageLoading.swift (in target 'InkMarkdown' from project 'InkMarkdown')
    cd /Users/shizihan/DailyUse/Github/InkMarkdown/.github/fixtures/consumer-smoke/.swiftpm/xcode
    

SwiftCompile normal arm64 Compiling\ InkTableBlockView.swift,\ InkTableCellTextView.swift,\ InkTablePresentation.swift,\ InkTableRenderHelper.swift,\ InkThematicBreakBlock.swift,\ InkThoughtBlock.swift,\ InkGeneratedAddonRuntime.swift /Users/shizihan/DailyUse/Github/InkMarkdown/Sources/InkMarkdown/Rendering/Components/InkTableBlockView.swift /Users/shizihan/DailyUse/Github/InkMarkdown/Sources/InkMarkdown/Rendering/Components/InkTableCellTextView.swift /Users/shizihan/DailyUse/Github/InkMarkdown/Sources/InkMarkdown/Rendering/Components/InkTablePresentation.swift /Users/shizihan/DailyUse/Github/InkMarkdown/Sources/InkMarkdown/Rendering/Components/InkTableRenderHelper.swift /Users/shizihan/DailyUse/Github/InkMarkdown/Sources/InkMarkdown/Rendering/Components/InkThematicBreakBlock.swift /Users/shizihan/DailyUse/Github/InkMarkdown/Sources/InkMarkdown/Rendering/Components/InkThoughtBlock.swift /Users/shizihan/DailyUse/Github/InkMarkdown/Sources/InkMarkdown/Rendering/Generated/InkGeneratedAddonRuntime.swift (in target 'InkMarkdown' from project 'InkMarkdown')

SwiftCompile normal arm64 /Users/shizihan/DailyUse/Github/InkMarkdown/Sources/InkMarkdown/Rendering/Components/InkTableBlockView.swift (in target 'InkMarkdown' from project 'InkMarkdown')
    cd /Users/shizihan/DailyUse/Github/InkMarkdown/.github/fixtures/consumer-smoke/.swiftpm/xcode
    

SwiftCompile normal arm64 /Users/shizihan/DailyUse/Github/InkMarkdown/Sources/InkMarkdown/Rendering/Components/InkTableCellTextView.swift (in target 'InkMarkdown' from project 'InkMarkdown')
    cd /Users/shizihan/DailyUse/Github/InkMarkdown/.github/fixtures/consumer-smoke/.swiftpm/xcode
    

SwiftCompile normal arm64 /Users/shizihan/DailyUse/Github/InkMarkdown/Sources/InkMarkdown/Rendering/Components/InkTablePresentation.swift (in target 'InkMarkdown' from project 'InkMarkdown')
    cd /Users/shizihan/DailyUse/Github/InkMarkdown/.github/fixtures/consumer-smoke/.swiftpm/xcode
    

SwiftCompile normal arm64 /Users/shizihan/DailyUse/Github/InkMarkdown/Sources/InkMarkdown/Rendering/Components/InkTableRenderHelper.swift (in target 'InkMarkdown' from project 'InkMarkdown')
    cd /Users/shizihan/DailyUse/Github/InkMarkdown/.github/fixtures/consumer-smoke/.swiftpm/xcode
    

SwiftCompile normal arm64 /Users/shizihan/DailyUse/Github/InkMarkdown/Sources/InkMarkdown/Rendering/Components/InkThematicBreakBlock.swift (in target 'InkMarkdown' from project 'InkMarkdown')
    cd /Users/shizihan/DailyUse/Github/InkMarkdown/.github/fixtures/consumer-smoke/.swiftpm/xcode
    

SwiftCompile normal arm64 /Users/shizihan/DailyUse/Github/InkMarkdown/Sources/InkMarkdown/Rendering/Components/InkThoughtBlock.swift (in target 'InkMarkdown' from project 'InkMarkdown')
    cd /Users/shizihan/DailyUse/Github/InkMarkdown/.github/fixtures/consumer-smoke/.swiftpm/xcode
    

SwiftCompile normal arm64 /Users/shizihan/DailyUse/Github/InkMarkdown/Sources/InkMarkdown/Rendering/Generated/InkGeneratedAddonRuntime.swift (in target 'InkMarkdown' from project 'InkMarkdown')
    cd /Users/shizihan/DailyUse/Github/InkMarkdown/.github/fixtures/consumer-smoke/.swiftpm/xcode
    

SwiftCompile normal arm64 Compiling\ InkAppearance.swift,\ InkConfiguration.swift,\ InkRenderEnvironment.swift,\ InkSemanticIdentity.swift,\ InkMarkdown.swift,\ InkLineClassifier.swift,\ InkParser.swift /Users/shizihan/DailyUse/Github/InkMarkdown/Sources/InkMarkdown/Configuration/InkAppearance.swift /Users/shizihan/DailyUse/Github/InkMarkdown/Sources/InkMarkdown/Configuration/InkConfiguration.swift /Users/shizihan/DailyUse/Github/InkMarkdown/Sources/InkMarkdown/Configuration/InkRenderEnvironment.swift /Users/shizihan/DailyUse/Github/InkMarkdown/Sources/InkMarkdown/Configuration/InkSemanticIdentity.swift /Users/shizihan/DailyUse/Github/InkMarkdown/Sources/InkMarkdown/InkMarkdown.swift /Users/shizihan/DailyUse/Github/InkMarkdown/Sources/InkMarkdown/Parser/InkLineClassifier.swift /Users/shizihan/DailyUse/Github/InkMarkdown/Sources/InkMarkdown/Parser/InkParser.swift (in target 'InkMarkdown' from project 'InkMarkdown')

SwiftCompile normal arm64 /Users/shizihan/DailyUse/Github/InkMarkdown/Sources/InkMarkdown/Configuration/InkAppearance.swift (in target 'InkMarkdown' from project 'InkMarkdown')
    cd /Users/shizihan/DailyUse/Github/InkMarkdown/.github/fixtures/consumer-smoke/.swiftpm/xcode
    

SwiftCompile normal arm64 /Users/shizihan/DailyUse/Github/InkMarkdown/Sources/InkMarkdown/Configuration/InkConfiguration.swift (in target 'InkMarkdown' from project 'InkMarkdown')
    cd /Users/shizihan/DailyUse/Github/InkMarkdown/.github/fixtures/consumer-smoke/.swiftpm/xcode
    

SwiftCompile normal arm64 /Users/shizihan/DailyUse/Github/InkMarkdown/Sources/InkMarkdown/Configuration/InkRenderEnvironment.swift (in target 'InkMarkdown' from project 'InkMarkdown')
    cd /Users/shizihan/DailyUse/Github/InkMarkdown/.github/fixtures/consumer-smoke/.swiftpm/xcode
    

SwiftCompile normal arm64 /Users/shizihan/DailyUse/Github/InkMarkdown/Sources/InkMarkdown/Configuration/InkSemanticIdentity.swift (in target 'InkMarkdown' from project 'InkMarkdown')
    cd /Users/shizihan/DailyUse/Github/InkMarkdown/.github/fixtures/consumer-smoke/.swiftpm/xcode
    

SwiftCompile normal arm64 /Users/shizihan/DailyUse/Github/InkMarkdown/Sources/InkMarkdown/InkMarkdown.swift (in target 'InkMarkdown' from project 'InkMarkdown')
    cd /Users/shizihan/DailyUse/Github/InkMarkdown/.github/fixtures/consumer-smoke/.swiftpm/xcode
    

SwiftCompile normal arm64 /Users/shizihan/DailyUse/Github/InkMarkdown/Sources/InkMarkdown/Parser/InkLineClassifier.swift (in target 'InkMarkdown' from project 'InkMarkdown')
    cd /Users/shizihan/DailyUse/Github/InkMarkdown/.github/fixtures/consumer-smoke/.swiftpm/xcode
    

SwiftCompile normal arm64 /Users/shizihan/DailyUse/Github/InkMarkdown/Sources/InkMarkdown/Parser/InkParser.swift (in target 'InkMarkdown' from project 'InkMarkdown')
    cd /Users/shizihan/DailyUse/Github/InkMarkdown/.github/fixtures/consumer-smoke/.swiftpm/xcode
    

SwiftDriverJobDiscovery normal arm64 Emitting module for InkMarkdown (in target 'InkMarkdown' from project 'InkMarkdown')

SwiftDriver\ Compilation\ Requirements InkMarkdown normal arm64 com.apple.xcode.tools.swift.compiler (in target 'InkMarkdown' from project 'InkMarkdown')
    cd /Users/shizihan/DailyUse/Github/InkMarkdown/.github/fixtures/consumer-smoke/.swiftpm/xcode
    builtin-Swift-Compilation-Requirements -- /Applications/Xcode.app/Contents/Developer/Toolchains/XcodeDefault.xctoolchain/usr/bin/swiftc -module-name InkMarkdown -Onone @/Users/shizihan/DailyUse/Github/InkMarkdown/.scratch/architecture-deepening-2026-09-07/evidence/20260907-1415-ticket-27/consumer/DerivedData-InkMarkdownCoreConsumer/Build/Intermediates.noindex/InkMarkdown.build/Debug-iphonesimulator/InkMarkdown.build/Objects-normal/arm64/InkMarkdown.SwiftFileList -DSWIFT_PACKAGE -DDEBUG -DSWIFT_MODULE_RESOURCE_BUNDLE_UNAVAILABLE -DXcode -enable-experimental-feature StrictConcurrency -plugin-path /Applications/Xcode.app/Contents/Developer/Toolchains/XcodeDefault.xctoolchain/usr/lib/swift/host/plugins/testing -enable-experimental-feature DebugDescriptionMacro -sdk /Applications/Xcode.app/Contents/Developer/Platforms/iPhoneSimulator.platform/Developer/SDKs/iPhoneSimulator26.5.sdk -target arm64-apple-ios15.0-simulator -g -module-cache-path /Users/shizihan/DailyUse/Github/InkMarkdown/.scratch/architecture-deepening-2026-09-07/evidence/20260907-1415-ticket-27/consumer/DerivedData-InkMarkdownCoreConsumer/ModuleCache.noindex -Xfrontend -serialize-debugging-options -enable-testing -suppress-warnings -index-store-path /Users/shizihan/DailyUse/Github/InkMarkdown/.scratch/architecture-deepening-2026-09-07/evidence/20260907-1415-ticket-27/consumer/DerivedData-InkMarkdownCoreConsumer/Index.noindex/DataStore -Xcc -D_LIBCPP_HARDENING_MODE\=_LIBCPP_HARDENING_MODE_DEBUG -swift-version 5 -I /Users/shizihan/DailyUse/Github/InkMarkdown/.scratch/architecture-deepening-2026-09-07/evidence/20260907-1415-ticket-27/consumer/DerivedData-InkMarkdownCoreConsumer/Build/Products/Debug-iphonesimulator -Isystem /Applications/Xcode.app/Contents/Developer/Platforms/iPhoneSimulator.platform/Developer/usr/lib -F /Users/shizihan/DailyUse/Github/InkMarkdown/.scratch/architecture-deepening-2026-09-07/evidence/20260907-1415-ticket-27/consumer/DerivedData-InkMarkdownCoreConsumer/Build/Products/Debug-iphonesimulator/PackageFrameworks -F /Users/shizihan/DailyUse/Github/InkMarkdown/.scratch/architecture-deepening-2026-09-07/evidence/20260907-1415-ticket-27/consumer/DerivedData-InkMarkdownCoreConsumer/Build/Products/Debug-iphonesimulator/PackageFrameworks -F /Users/shizihan/DailyUse/Github/InkMarkdown/.scratch/architecture-deepening-2026-09-07/evidence/20260907-1415-ticket-27/consumer/DerivedData-InkMarkdownCoreConsumer/Build/Products/Debug-iphonesimulator/PackageFrameworks -F /Users/shizihan/DailyUse/Github/InkMarkdown/.scratch/architecture-deepening-2026-09-07/evidence/20260907-1415-ticket-27/consumer/DerivedData-InkMarkdownCoreConsumer/Build/Products/Debug-iphonesimulator/PackageFrameworks -F /Users/shizihan/DailyUse/Github/InkMarkdown/.scratch/architecture-deepening-2026-09-07/evidence/20260907-1415-ticket-27/consumer/DerivedData-InkMarkdownCoreConsumer/Build/Products/Debug-iphonesimulator -F /Applications/Xcode.app/Contents/Developer/Platforms/iPhoneSimulator.platform/Developer/Library/Frameworks -F /Applications/Xcode.app/Contents/Developer/Platforms/iPhoneSimulator.platform/Developer/SDKs/iPhoneSimulator26.5.sdk/Developer/Library/Frameworks -c -j10 -enable-batch-mode -incremental -Xcc -ivfsstatcache -Xcc /Users/shizihan/DailyUse/Github/InkMarkdown/.scratch/architecture-deepening-2026-09-07/evidence/20260907-1415-ticket-27/consumer/DerivedData-InkMarkdownCoreConsumer/SDKStatCaches.noindex/iphonesimulator26.5-23F81a-6cfe768891a92b912361537c460fe42b.sdkstatcache -output-file-map /Users/shizihan/DailyUse/Github/InkMarkdown/.scratch/architecture-deepening-2026-09-07/evidence/20260907-1415-ticket-27/consumer/DerivedData-InkMarkdownCoreConsumer/Build/Intermediates.noindex/InkMarkdown.build/Debug-iphonesimulator/InkMarkdown.build/Objects-normal/arm64/InkMarkdown-OutputFileMap.json -use-frontend-parseable-output -save-temps -no-color-diagnostics -explicit-module-build -module-cache-path /Users/shizihan/DailyUse/Github/InkMarkdown/.scratch/architecture-deepening-2026-09-07/evidence/20260907-1415-ticket-27/consumer/DerivedData-InkMarkdownCoreConsumer/Build/Intermediates.noindex/SwiftExplicitPrecompiledModules -clang-scanner-module-cache-path /Users/shizihan/DailyUse/Github/InkMarkdown/.scratch/architecture-deepening-2026-09-07/evidence/20260907-1415-ticket-27/consumer/DerivedData-InkMarkdownCoreConsumer/ModuleCache.noindex -sdk-module-cache-path /Users/shizihan/DailyUse/Github/InkMarkdown/.scratch/architecture-deepening-2026-09-07/evidence/20260907-1415-ticket-27/consumer/DerivedData-InkMarkdownCoreConsumer/ModuleCache.noindex -serialize-diagnostics -emit-dependencies -emit-module -emit-module-path /Users/shizihan/DailyUse/Github/InkMarkdown/.scratch/architecture-deepening-2026-09-07/evidence/20260907-1415-ticket-27/consumer/DerivedData-InkMarkdownCoreConsumer/Build/Intermediates.noindex/InkMarkdown.build/Debug-iphonesimulator/InkMarkdown.build/Objects-normal/arm64/InkMarkdown.swiftmodule -validate-clang-modules-once -clang-build-session-file /Users/shizihan/DailyUse/Github/InkMarkdown/.scratch/architecture-deepening-2026-09-07/evidence/20260907-1415-ticket-27/consumer/DerivedData-InkMarkdownCoreConsumer/ModuleCache.noindex/Session.modulevalidation -package-name inkmarkdown -Xcc -I/Users/shizihan/DailyUse/Github/InkMarkdown/.scratch/architecture-deepening-2026-09-07/evidence/20260907-1415-ticket-27/consumer/DerivedData-InkMarkdownCoreConsumer/Build/Intermediates.noindex/InkMarkdown.build/Debug-iphonesimulator/InkMarkdown.build/swift-overrides.hmap -emit-const-values -Xfrontend -const-gather-protocols-file -Xfrontend /Users/shizihan/DailyUse/Github/InkMarkdown/.scratch/architecture-deepening-2026-09-07/evidence/20260907-1415-ticket-27/consumer/DerivedData-InkMarkdownCoreConsumer/Build/Intermediates.noindex/InkMarkdown.build/Debug-iphonesimulator/InkMarkdown.build/Objects-normal/arm64/InkMarkdown_const_extract_protocols.json -Xcc -I/Users/shizihan/DailyUse/Github/InkMarkdown/Packages/Caches/swift-cmark/src/include -Xcc -I/Users/shizihan/DailyUse/Github/InkMarkdown/Packages/Caches/swift-cmark/extensions/include -Xcc -I/Users/shizihan/DailyUse/Github/InkMarkdown/Packages/Caches/swift-markdown/Sources/CAtomic/include -Xcc -I/Users/shizihan/DailyUse/Github/InkMarkdown/.scratch/architecture-deepening-2026-09-07/evidence/20260907-1415-ticket-27/consumer/DerivedData-InkMarkdownCoreConsumer/Build/Products/Debug-iphonesimulator/include -Xcc -I/Users/shizihan/DailyUse/Github/InkMarkdown/.scratch/architecture-deepening-2026-09-07/evidence/20260907-1415-ticket-27/consumer/DerivedData-InkMarkdownCoreConsumer/Build/Intermediates.noindex/InkMarkdown.build/Debug-iphonesimulator/InkMarkdown.build/DerivedSources-normal/arm64 -Xcc -I/Users/shizihan/DailyUse/Github/InkMarkdown/.scratch/architecture-deepening-2026-09-07/evidence/20260907-1415-ticket-27/consumer/DerivedData-InkMarkdownCoreConsumer/Build/Intermediates.noindex/InkMarkdown.build/Debug-iphonesimulator/InkMarkdown.build/DerivedSources/arm64 -Xcc -I/Users/shizihan/DailyUse/Github/InkMarkdown/.scratch/architecture-deepening-2026-09-07/evidence/20260907-1415-ticket-27/consumer/DerivedData-InkMarkdownCoreConsumer/Build/Intermediates.noindex/InkMarkdown.build/Debug-iphonesimulator/InkMarkdown.build/DerivedSources -Xcc -DSWIFT_PACKAGE -Xcc -DDEBUG\=1 -emit-objc-header -emit-objc-header-path /Users/shizihan/DailyUse/Github/InkMarkdown/.scratch/architecture-deepening-2026-09-07/evidence/20260907-1415-ticket-27/consumer/DerivedData-InkMarkdownCoreConsumer/Build/Intermediates.noindex/InkMarkdown.build/Debug-iphonesimulator/InkMarkdown.build/Objects-normal/arm64/InkMarkdown-Swift.h -working-directory /Users/shizihan/DailyUse/Github/InkMarkdown/.github/fixtures/consumer-smoke/.swiftpm/xcode -experimental-emit-module-separately -disable-cmo

SwiftDriverJobDiscovery normal arm64 Compiling ImageIODownsampler.swift, ImageLoadError.swift, ImageSecurityPolicy.swift, ImageSizingHelper.swift, ImageSource.swift, InkGeneratedImageLoading.swift (in target 'InkMarkdown' from project 'InkMarkdown')

SwiftDriverJobDiscovery normal arm64 Compiling InkImagePreviewController.swift, InkImageRendering.swift, InkImageSourceResolution.swift, InkImageStore.swift, InkDisplayMetrics.swift, InkInlineSyntax.swift (in target 'InkMarkdown' from project 'InkMarkdown')

SwiftDriverJobDiscovery normal arm64 Compiling InkLaTeXIntegration.swift, InkMermaidIntegration.swift, DefaultURLSessionImageLoader.swift, DisplayContext.swift, DisplayKey.swift, ImageHTTPSessionDelegate.swift (in target 'InkMarkdown' from project 'InkMarkdown')

SwiftDriverJobDiscovery normal arm64 Compiling InkStreamRenderer.swift, InkTextContext.swift, InkLaTeXImageRenderer.swift, InkLaTeXRenderRequest.swift, InkLaTeXSourcePreservation.swift, InkLaTeXSyntax.swift (in target 'InkMarkdown' from project 'InkMarkdown')

SwiftDriverJobDiscovery normal arm64 Compiling InkThoughtPresentationPolicy.swift, InkThoughtScanner.swift, InkThoughtStreamingScanner.swift, InkCodeBlockView.swift, InkMarkdownLayoutManager.swift, InkStreamTableView.swift, InkTableBlock.swift (in target 'InkMarkdown' from project 'InkMarkdown')

SwiftDriverJobDiscovery normal arm64 Compiling InkGeneratedImageRequest.swift, InkImageAttachment.swift, InkImageBlock.swift, InkImageBlockHandler.swift, InkImageLoading.swift, InkImagePresentationLoad.swift (in target 'InkMarkdown' from project 'InkMarkdown')

SwiftDriverJobDiscovery normal arm64 Compiling InkPreparedMarkdownSource.swift, InkAttributedRenderer.swift, InkAttributedTextBlock.swift, InkBlockHandler.swift, InkBlockRenderer.swift, InkRenderableBlock.swift, InkThoughtBlockHandler.swift (in target 'InkMarkdown' from project 'InkMarkdown')

SwiftDriverJobDiscovery normal arm64 Compiling InkAppearance.swift, InkConfiguration.swift, InkRenderEnvironment.swift, InkSemanticIdentity.swift, InkMarkdown.swift, InkLineClassifier.swift, InkParser.swift (in target 'InkMarkdown' from project 'InkMarkdown')

SwiftMergeGeneratedHeaders /Users/shizihan/DailyUse/Github/InkMarkdown/.scratch/architecture-deepening-2026-09-07/evidence/20260907-1415-ticket-27/consumer/DerivedData-InkMarkdownCoreConsumer/Build/Intermediates.noindex/GeneratedModuleMaps-iphonesimulator/InkMarkdown-Swift.h /Users/shizihan/DailyUse/Github/InkMarkdown/.scratch/architecture-deepening-2026-09-07/evidence/20260907-1415-ticket-27/consumer/DerivedData-InkMarkdownCoreConsumer/Build/Intermediates.noindex/InkMarkdown.build/Debug-iphonesimulator/InkMarkdown.build/Objects-normal/arm64/InkMarkdown-Swift.h (in target 'InkMarkdown' from project 'InkMarkdown')
    cd /Users/shizihan/DailyUse/Github/InkMarkdown
    builtin-swiftHeaderTool -arch arm64 /Users/shizihan/DailyUse/Github/InkMarkdown/.scratch/architecture-deepening-2026-09-07/evidence/20260907-1415-ticket-27/consumer/DerivedData-InkMarkdownCoreConsumer/Build/Intermediates.noindex/InkMarkdown.build/Debug-iphonesimulator/InkMarkdown.build/Objects-normal/arm64/InkMarkdown-Swift.h -o /Users/shizihan/DailyUse/Github/InkMarkdown/.scratch/architecture-deepening-2026-09-07/evidence/20260907-1415-ticket-27/consumer/DerivedData-InkMarkdownCoreConsumer/Build/Intermediates.noindex/GeneratedModuleMaps-iphonesimulator/InkMarkdown-Swift.h

Copy /Users/shizihan/DailyUse/Github/InkMarkdown/.scratch/architecture-deepening-2026-09-07/evidence/20260907-1415-ticket-27/consumer/DerivedData-InkMarkdownCoreConsumer/Build/Products/Debug-iphonesimulator/InkMarkdown.swiftmodule/arm64-apple-ios-simulator.swiftmodule /Users/shizihan/DailyUse/Github/InkMarkdown/.scratch/architecture-deepening-2026-09-07/evidence/20260907-1415-ticket-27/consumer/DerivedData-InkMarkdownCoreConsumer/Build/Intermediates.noindex/InkMarkdown.build/Debug-iphonesimulator/InkMarkdown.build/Objects-normal/arm64/InkMarkdown.swiftmodule (in target 'InkMarkdown' from project 'InkMarkdown')
    cd /Users/shizihan/DailyUse/Github/InkMarkdown
    builtin-copy -exclude .DS_Store -exclude CVS -exclude .svn -exclude .git -exclude .hg -resolve-src-symlinks -rename /Users/shizihan/DailyUse/Github/InkMarkdown/.scratch/architecture-deepening-2026-09-07/evidence/20260907-1415-ticket-27/consumer/DerivedData-InkMarkdownCoreConsumer/Build/Intermediates.noindex/InkMarkdown.build/Debug-iphonesimulator/InkMarkdown.build/Objects-normal/arm64/InkMarkdown.swiftmodule /Users/shizihan/DailyUse/Github/InkMarkdown/.scratch/architecture-deepening-2026-09-07/evidence/20260907-1415-ticket-27/consumer/DerivedData-InkMarkdownCoreConsumer/Build/Products/Debug-iphonesimulator/InkMarkdown.swiftmodule/arm64-apple-ios-simulator.swiftmodule

Copy /Users/shizihan/DailyUse/Github/InkMarkdown/.scratch/architecture-deepening-2026-09-07/evidence/20260907-1415-ticket-27/consumer/DerivedData-InkMarkdownCoreConsumer/Build/Products/Debug-iphonesimulator/InkMarkdown.swiftmodule/arm64-apple-ios-simulator.swiftdoc /Users/shizihan/DailyUse/Github/InkMarkdown/.scratch/architecture-deepening-2026-09-07/evidence/20260907-1415-ticket-27/consumer/DerivedData-InkMarkdownCoreConsumer/Build/Intermediates.noindex/InkMarkdown.build/Debug-iphonesimulator/InkMarkdown.build/Objects-normal/arm64/InkMarkdown.swiftdoc (in target 'InkMarkdown' from project 'InkMarkdown')
    cd /Users/shizihan/DailyUse/Github/InkMarkdown
    builtin-copy -exclude .DS_Store -exclude CVS -exclude .svn -exclude .git -exclude .hg -resolve-src-symlinks -rename /Users/shizihan/DailyUse/Github/InkMarkdown/.scratch/architecture-deepening-2026-09-07/evidence/20260907-1415-ticket-27/consumer/DerivedData-InkMarkdownCoreConsumer/Build/Intermediates.noindex/InkMarkdown.build/Debug-iphonesimulator/InkMarkdown.build/Objects-normal/arm64/InkMarkdown.swiftdoc /Users/shizihan/DailyUse/Github/InkMarkdown/.scratch/architecture-deepening-2026-09-07/evidence/20260907-1415-ticket-27/consumer/DerivedData-InkMarkdownCoreConsumer/Build/Products/Debug-iphonesimulator/InkMarkdown.swiftmodule/arm64-apple-ios-simulator.swiftdoc

Copy /Users/shizihan/DailyUse/Github/InkMarkdown/.scratch/architecture-deepening-2026-09-07/evidence/20260907-1415-ticket-27/consumer/DerivedData-InkMarkdownCoreConsumer/Build/Products/Debug-iphonesimulator/InkMarkdown.swiftmodule/arm64-apple-ios-simulator.abi.json /Users/shizihan/DailyUse/Github/InkMarkdown/.scratch/architecture-deepening-2026-09-07/evidence/20260907-1415-ticket-27/consumer/DerivedData-InkMarkdownCoreConsumer/Build/Intermediates.noindex/InkMarkdown.build/Debug-iphonesimulator/InkMarkdown.build/Objects-normal/arm64/InkMarkdown.abi.json (in target 'InkMarkdown' from project 'InkMarkdown')
    cd /Users/shizihan/DailyUse/Github/InkMarkdown
    builtin-copy -exclude .DS_Store -exclude CVS -exclude .svn -exclude .git -exclude .hg -resolve-src-symlinks -rename /Users/shizihan/DailyUse/Github/InkMarkdown/.scratch/architecture-deepening-2026-09-07/evidence/20260907-1415-ticket-27/consumer/DerivedData-InkMarkdownCoreConsumer/Build/Intermediates.noindex/InkMarkdown.build/Debug-iphonesimulator/InkMarkdown.build/Objects-normal/arm64/InkMarkdown.abi.json /Users/shizihan/DailyUse/Github/InkMarkdown/.scratch/architecture-deepening-2026-09-07/evidence/20260907-1415-ticket-27/consumer/DerivedData-InkMarkdownCoreConsumer/Build/Products/Debug-iphonesimulator/InkMarkdown.swiftmodule/arm64-apple-ios-simulator.abi.json

Copy /Users/shizihan/DailyUse/Github/InkMarkdown/.scratch/architecture-deepening-2026-09-07/evidence/20260907-1415-ticket-27/consumer/DerivedData-InkMarkdownCoreConsumer/Build/Products/Debug-iphonesimulator/InkMarkdown.swiftmodule/Project/arm64-apple-ios-simulator.swiftsourceinfo /Users/shizihan/DailyUse/Github/InkMarkdown/.scratch/architecture-deepening-2026-09-07/evidence/20260907-1415-ticket-27/consumer/DerivedData-InkMarkdownCoreConsumer/Build/Intermediates.noindex/InkMarkdown.build/Debug-iphonesimulator/InkMarkdown.build/Objects-normal/arm64/InkMarkdown.swiftsourceinfo (in target 'InkMarkdown' from project 'InkMarkdown')
    cd /Users/shizihan/DailyUse/Github/InkMarkdown
    builtin-copy -exclude .DS_Store -exclude CVS -exclude .svn -exclude .git -exclude .hg -resolve-src-symlinks -rename /Users/shizihan/DailyUse/Github/InkMarkdown/.scratch/architecture-deepening-2026-09-07/evidence/20260907-1415-ticket-27/consumer/DerivedData-InkMarkdownCoreConsumer/Build/Intermediates.noindex/InkMarkdown.build/Debug-iphonesimulator/InkMarkdown.build/Objects-normal/arm64/InkMarkdown.swiftsourceinfo /Users/shizihan/DailyUse/Github/InkMarkdown/.scratch/architecture-deepening-2026-09-07/evidence/20260907-1415-ticket-27/consumer/DerivedData-InkMarkdownCoreConsumer/Build/Products/Debug-iphonesimulator/InkMarkdown.swiftmodule/Project/arm64-apple-ios-simulator.swiftsourceinfo

SwiftDriver InkMarkdownCoreConsumer normal arm64 com.apple.xcode.tools.swift.compiler (in target 'InkMarkdownCoreConsumer' from project 'InkMarkdownConsumerSmoke')
    cd /Users/shizihan/DailyUse/Github/InkMarkdown/.github/fixtures/consumer-smoke/.swiftpm/xcode
    builtin-SwiftDriver -- /Applications/Xcode.app/Contents/Developer/Toolchains/XcodeDefault.xctoolchain/usr/bin/swiftc -module-name InkMarkdownCoreConsumer -Onone @/Users/shizihan/DailyUse/Github/InkMarkdown/.scratch/architecture-deepening-2026-09-07/evidence/20260907-1415-ticket-27/consumer/DerivedData-InkMarkdownCoreConsumer/Build/Intermediates.noindex/InkMarkdownConsumerSmoke.build/Debug-iphonesimulator/InkMarkdownCoreConsumer.build/Objects-normal/arm64/InkMarkdownCoreConsumer.SwiftFileList -DSWIFT_PACKAGE -DDEBUG -DSWIFT_MODULE_RESOURCE_BUNDLE_UNAVAILABLE -DXcode -plugin-path /Applications/Xcode.app/Contents/Developer/Toolchains/XcodeDefault.xctoolchain/usr/lib/swift/host/plugins/testing -enable-experimental-feature DebugDescriptionMacro -sdk /Applications/Xcode.app/Contents/Developer/Platforms/iPhoneSimulator.platform/Developer/SDKs/iPhoneSimulator26.5.sdk -target arm64-apple-ios15.0-simulator -g -module-cache-path /Users/shizihan/DailyUse/Github/InkMarkdown/.scratch/architecture-deepening-2026-09-07/evidence/20260907-1415-ticket-27/consumer/DerivedData-InkMarkdownCoreConsumer/ModuleCache.noindex -Xfrontend -serialize-debugging-options -enable-testing -index-store-path /Users/shizihan/DailyUse/Github/InkMarkdown/.scratch/architecture-deepening-2026-09-07/evidence/20260907-1415-ticket-27/consumer/DerivedData-InkMarkdownCoreConsumer/Index.noindex/DataStore -Xcc -D_LIBCPP_HARDENING_MODE\=_LIBCPP_HARDENING_MODE_DEBUG -swift-version 6 -I /Users/shizihan/DailyUse/Github/InkMarkdown/.scratch/architecture-deepening-2026-09-07/evidence/20260907-1415-ticket-27/consumer/DerivedData-InkMarkdownCoreConsumer/Build/Products/Debug-iphonesimulator -Isystem /Applications/Xcode.app/Contents/Developer/Platforms/iPhoneSimulator.platform/Developer/usr/lib -F /Users/shizihan/DailyUse/Github/InkMarkdown/.scratch/architecture-deepening-2026-09-07/evidence/20260907-1415-ticket-27/consumer/DerivedData-InkMarkdownCoreConsumer/Build/Products/Debug-iphonesimulator/PackageFrameworks -F /Users/shizihan/DailyUse/Github/InkMarkdown/.scratch/architecture-deepening-2026-09-07/evidence/20260907-1415-ticket-27/consumer/DerivedData-InkMarkdownCoreConsumer/Build/Products/Debug-iphonesimulator/PackageFrameworks -F /Users/shizihan/DailyUse/Github/InkMarkdown/.scratch/architecture-deepening-2026-09-07/evidence/20260907-1415-ticket-27/consumer/DerivedData-InkMarkdownCoreConsumer/Build/Products/Debug-iphonesimulator/PackageFrameworks -F /Users/shizihan/DailyUse/Github/InkMarkdown/.scratch/architecture-deepening-2026-09-07/evidence/20260907-1415-ticket-27/consumer/DerivedData-InkMarkdownCoreConsumer/Build/Products/Debug-iphonesimulator/PackageFrameworks -F /Users/shizihan/DailyUse/Github/InkMarkdown/.scratch/architecture-deepening-2026-09-07/evidence/20260907-1415-ticket-27/consumer/DerivedData-InkMarkdownCoreConsumer/Build/Products/Debug-iphonesimulator/PackageFrameworks -F /Users/shizihan/DailyUse/Github/InkMarkdown/.scratch/architecture-deepening-2026-09-07/evidence/20260907-1415-ticket-27/consumer/DerivedData-InkMarkdownCoreConsumer/Build/Products/Debug-iphonesimulator -F /Applications/Xcode.app/Contents/Developer/Platforms/iPhoneSimulator.platform/Developer/Library/Frameworks -F /Applications/Xcode.app/Contents/Developer/Platforms/iPhoneSimulator.platform/Developer/SDKs/iPhoneSimulator26.5.sdk/Developer/Library/Frameworks -parse-as-library -c -j10 -enable-batch-mode -incremental -Xcc -ivfsstatcache -Xcc /Users/shizihan/DailyUse/Github/InkMarkdown/.scratch/architecture-deepening-2026-09-07/evidence/20260907-1415-ticket-27/consumer/DerivedData-InkMarkdownCoreConsumer/SDKStatCaches.noindex/iphonesimulator26.5-23F81a-6cfe768891a92b912361537c460fe42b.sdkstatcache -output-file-map /Users/shizihan/DailyUse/Github/InkMarkdown/.scratch/architecture-deepening-2026-09-07/evidence/20260907-1415-ticket-27/consumer/DerivedData-InkMarkdownCoreConsumer/Build/Intermediates.noindex/InkMarkdownConsumerSmoke.build/Debug-iphonesimulator/InkMarkdownCoreConsumer.build/Objects-normal/arm64/InkMarkdownCoreConsumer-OutputFileMap.json -use-frontend-parseable-output -save-temps -no-color-diagnostics -explicit-module-build -module-cache-path /Users/shizihan/DailyUse/Github/InkMarkdown/.scratch/architecture-deepening-2026-09-07/evidence/20260907-1415-ticket-27/consumer/DerivedData-InkMarkdownCoreConsumer/Build/Intermediates.noindex/SwiftExplicitPrecompiledModules -clang-scanner-module-cache-path /Users/shizihan/DailyUse/Github/InkMarkdown/.scratch/architecture-deepening-2026-09-07/evidence/20260907-1415-ticket-27/consumer/DerivedData-InkMarkdownCoreConsumer/ModuleCache.noindex -sdk-module-cache-path /Users/shizihan/DailyUse/Github/InkMarkdown/.scratch/architecture-deepening-2026-09-07/evidence/20260907-1415-ticket-27/consumer/DerivedData-InkMarkdownCoreConsumer/ModuleCache.noindex -serialize-diagnostics -emit-dependencies -emit-module -emit-module-path /Users/shizihan/DailyUse/Github/InkMarkdown/.scratch/architecture-deepening-2026-09-07/evidence/20260907-1415-ticket-27/consumer/DerivedData-InkMarkdownCoreConsumer/Build/Intermediates.noindex/InkMarkdownConsumerSmoke.build/Debug-iphonesimulator/InkMarkdownCoreConsumer.build/Objects-normal/arm64/InkMarkdownCoreConsumer.swiftmodule -validate-clang-modules-once -clang-build-session-file /Users/shizihan/DailyUse/Github/InkMarkdown/.scratch/architecture-deepening-2026-09-07/evidence/20260907-1415-ticket-27/consumer/DerivedData-InkMarkdownCoreConsumer/ModuleCache.noindex/Session.modulevalidation -package-name consumer_smoke -Xcc -I/Users/shizihan/DailyUse/Github/InkMarkdown/.scratch/architecture-deepening-2026-09-07/evidence/20260907-1415-ticket-27/consumer/DerivedData-InkMarkdownCoreConsumer/Build/Intermediates.noindex/InkMarkdownConsumerSmoke.build/Debug-iphonesimulator/InkMarkdownCoreConsumer.build/swift-overrides.hmap -emit-const-values -Xfrontend -const-gather-protocols-file -Xfrontend /Users/shizihan/DailyUse/Github/InkMarkdown/.scratch/architecture-deepening-2026-09-07/evidence/20260907-1415-ticket-27/consumer/DerivedData-InkMarkdownCoreConsumer/Build/Intermediates.noindex/InkMarkdownConsumerSmoke.build/Debug-iphonesimulator/InkMarkdownCoreConsumer.build/Objects-normal/arm64/InkMarkdownCoreConsumer_const_extract_protocols.json -Xcc -I/Users/shizihan/DailyUse/Github/InkMarkdown/Packages/Caches/swift-cmark/src/include -Xcc -I/Users/shizihan/DailyUse/Github/InkMarkdown/Packages/Caches/swift-cmark/extensions/include -Xcc -I/Users/shizihan/DailyUse/Github/InkMarkdown/Packages/Caches/swift-markdown/Sources/CAtomic/include -Xcc -I/Users/shizihan/DailyUse/Github/InkMarkdown/.scratch/architecture-deepening-2026-09-07/evidence/20260907-1415-ticket-27/consumer/DerivedData-InkMarkdownCoreConsumer/Build/Products/Debug-iphonesimulator/include -Xcc -I/Users/shizihan/DailyUse/Github/InkMarkdown/.scratch/architecture-deepening-2026-09-07/evidence/20260907-1415-ticket-27/consumer/DerivedData-InkMarkdownCoreConsumer/Build/Intermediates.noindex/InkMarkdownConsumerSmoke.build/Debug-iphonesimulator/InkMarkdownCoreConsumer.build/DerivedSources-normal/arm64 -Xcc -I/Users/shizihan/DailyUse/Github/InkMarkdown/.scratch/architecture-deepening-2026-09-07/evidence/20260907-1415-ticket-27/consumer/DerivedData-InkMarkdownCoreConsumer/Build/Intermediates.noindex/InkMarkdownConsumerSmoke.build/Debug-iphonesimulator/InkMarkdownCoreConsumer.build/DerivedSources/arm64 -Xcc -I/Users/shizihan/DailyUse/Github/InkMarkdown/.scratch/architecture-deepening-2026-09-07/evidence/20260907-1415-ticket-27/consumer/DerivedData-InkMarkdownCoreConsumer/Build/Intermediates.noindex/InkMarkdownConsumerSmoke.build/Debug-iphonesimulator/InkMarkdownCoreConsumer.build/DerivedSources -Xcc -DSWIFT_PACKAGE -Xcc -DDEBUG\=1 -emit-objc-header -emit-objc-header-path /Users/shizihan/DailyUse/Github/InkMarkdown/.scratch/architecture-deepening-2026-09-07/evidence/20260907-1415-ticket-27/consumer/DerivedData-InkMarkdownCoreConsumer/Build/Intermediates.noindex/InkMarkdownConsumerSmoke.build/Debug-iphonesimulator/InkMarkdownCoreConsumer.build/Objects-normal/arm64/InkMarkdownCoreConsumer-Swift.h -working-directory /Users/shizihan/DailyUse/Github/InkMarkdown/.github/fixtures/consumer-smoke/.swiftpm/xcode -experimental-emit-module-separately -disable-cmo

SwiftDriverJobDiscovery normal arm64 Compiling InkTableBlockView.swift, InkTableCellTextView.swift, InkTablePresentation.swift, InkTableRenderHelper.swift, InkThematicBreakBlock.swift, InkThoughtBlock.swift, InkGeneratedAddonRuntime.swift (in target 'InkMarkdown' from project 'InkMarkdown')

SwiftDriverJobDiscovery normal arm64 Compiling InkMermaidImageRenderer.swift, InkMermaidPageLoadRouter.swift, InkMermaidRasterPlan.swift, InkMermaidRenderRequestState.swift, InkMermaidRenderScheduler.swift, InkMermaidTypes.swift (in target 'InkMarkdown' from project 'InkMarkdown')

SwiftDriver\ Compilation InkMarkdown normal arm64 com.apple.xcode.tools.swift.compiler (in target 'InkMarkdown' from project 'InkMarkdown')
    cd /Users/shizihan/DailyUse/Github/InkMarkdown/.github/fixtures/consumer-smoke/.swiftpm/xcode
    builtin-Swift-Compilation -- /Applications/Xcode.app/Contents/Developer/Toolchains/XcodeDefault.xctoolchain/usr/bin/swiftc -module-name InkMarkdown -Onone @/Users/shizihan/DailyUse/Github/InkMarkdown/.scratch/architecture-deepening-2026-09-07/evidence/20260907-1415-ticket-27/consumer/DerivedData-InkMarkdownCoreConsumer/Build/Intermediates.noindex/InkMarkdown.build/Debug-iphonesimulator/InkMarkdown.build/Objects-normal/arm64/InkMarkdown.SwiftFileList -DSWIFT_PACKAGE -DDEBUG -DSWIFT_MODULE_RESOURCE_BUNDLE_UNAVAILABLE -DXcode -enable-experimental-feature StrictConcurrency -plugin-path /Applications/Xcode.app/Contents/Developer/Toolchains/XcodeDefault.xctoolchain/usr/lib/swift/host/plugins/testing -enable-experimental-feature DebugDescriptionMacro -sdk /Applications/Xcode.app/Contents/Developer/Platforms/iPhoneSimulator.platform/Developer/SDKs/iPhoneSimulator26.5.sdk -target arm64-apple-ios15.0-simulator -g -module-cache-path /Users/shizihan/DailyUse/Github/InkMarkdown/.scratch/architecture-deepening-2026-09-07/evidence/20260907-1415-ticket-27/consumer/DerivedData-InkMarkdownCoreConsumer/ModuleCache.noindex -Xfrontend -serialize-debugging-options -enable-testing -suppress-warnings -index-store-path /Users/shizihan/DailyUse/Github/InkMarkdown/.scratch/architecture-deepening-2026-09-07/evidence/20260907-1415-ticket-27/consumer/DerivedData-InkMarkdownCoreConsumer/Index.noindex/DataStore -Xcc -D_LIBCPP_HARDENING_MODE\=_LIBCPP_HARDENING_MODE_DEBUG -swift-version 5 -I /Users/shizihan/DailyUse/Github/InkMarkdown/.scratch/architecture-deepening-2026-09-07/evidence/20260907-1415-ticket-27/consumer/DerivedData-InkMarkdownCoreConsumer/Build/Products/Debug-iphonesimulator -Isystem /Applications/Xcode.app/Contents/Developer/Platforms/iPhoneSimulator.platform/Developer/usr/lib -F /Users/shizihan/DailyUse/Github/InkMarkdown/.scratch/architecture-deepening-2026-09-07/evidence/20260907-1415-ticket-27/consumer/DerivedData-InkMarkdownCoreConsumer/Build/Products/Debug-iphonesimulator/PackageFrameworks -F /Users/shizihan/DailyUse/Github/InkMarkdown/.scratch/architecture-deepening-2026-09-07/evidence/20260907-1415-ticket-27/consumer/DerivedData-InkMarkdownCoreConsumer/Build/Products/Debug-iphonesimulator/PackageFrameworks -F /Users/shizihan/DailyUse/Github/InkMarkdown/.scratch/architecture-deepening-2026-09-07/evidence/20260907-1415-ticket-27/consumer/DerivedData-InkMarkdownCoreConsumer/Build/Products/Debug-iphonesimulator/PackageFrameworks -F /Users/shizihan/DailyUse/Github/InkMarkdown/.scratch/architecture-deepening-2026-09-07/evidence/20260907-1415-ticket-27/consumer/DerivedData-InkMarkdownCoreConsumer/Build/Products/Debug-iphonesimulator/PackageFrameworks -F /Users/shizihan/DailyUse/Github/InkMarkdown/.scratch/architecture-deepening-2026-09-07/evidence/20260907-1415-ticket-27/consumer/DerivedData-InkMarkdownCoreConsumer/Build/Products/Debug-iphonesimulator -F /Applications/Xcode.app/Contents/Developer/Platforms/iPhoneSimulator.platform/Developer/Library/Frameworks -F /Applications/Xcode.app/Contents/Developer/Platforms/iPhoneSimulator.platform/Developer/SDKs/iPhoneSimulator26.5.sdk/Developer/Library/Frameworks -c -j10 -enable-batch-mode -incremental -Xcc -ivfsstatcache -Xcc /Users/shizihan/DailyUse/Github/InkMarkdown/.scratch/architecture-deepening-2026-09-07/evidence/20260907-1415-ticket-27/consumer/DerivedData-InkMarkdownCoreConsumer/SDKStatCaches.noindex/iphonesimulator26.5-23F81a-6cfe768891a92b912361537c460fe42b.sdkstatcache -output-file-map /Users/shizihan/DailyUse/Github/InkMarkdown/.scratch/architecture-deepening-2026-09-07/evidence/20260907-1415-ticket-27/consumer/DerivedData-InkMarkdownCoreConsumer/Build/Intermediates.noindex/InkMarkdown.build/Debug-iphonesimulator/InkMarkdown.build/Objects-normal/arm64/InkMarkdown-OutputFileMap.json -use-frontend-parseable-output -save-temps -no-color-diagnostics -explicit-module-build -module-cache-path /Users/shizihan/DailyUse/Github/InkMarkdown/.scratch/architecture-deepening-2026-09-07/evidence/20260907-1415-ticket-27/consumer/DerivedData-InkMarkdownCoreConsumer/Build/Intermediates.noindex/SwiftExplicitPrecompiledModules -clang-scanner-module-cache-path /Users/shizihan/DailyUse/Github/InkMarkdown/.scratch/architecture-deepening-2026-09-07/evidence/20260907-1415-ticket-27/consumer/DerivedData-InkMarkdownCoreConsumer/ModuleCache.noindex -sdk-module-cache-path /Users/shizihan/DailyUse/Github/InkMarkdown/.scratch/architecture-deepening-2026-09-07/evidence/20260907-1415-ticket-27/consumer/DerivedData-InkMarkdownCoreConsumer/ModuleCache.noindex -serialize-diagnostics -emit-dependencies -emit-module -emit-module-path /Users/shizihan/DailyUse/Github/InkMarkdown/.scratch/architecture-deepening-2026-09-07/evidence/20260907-1415-ticket-27/consumer/DerivedData-InkMarkdownCoreConsumer/Build/Intermediates.noindex/InkMarkdown.build/Debug-iphonesimulator/InkMarkdown.build/Objects-normal/arm64/InkMarkdown.swiftmodule -validate-clang-modules-once -clang-build-session-file /Users/shizihan/DailyUse/Github/InkMarkdown/.scratch/architecture-deepening-2026-09-07/evidence/20260907-1415-ticket-27/consumer/DerivedData-InkMarkdownCoreConsumer/ModuleCache.noindex/Session.modulevalidation -package-name inkmarkdown -Xcc -I/Users/shizihan/DailyUse/Github/InkMarkdown/.scratch/architecture-deepening-2026-09-07/evidence/20260907-1415-ticket-27/consumer/DerivedData-InkMarkdownCoreConsumer/Build/Intermediates.noindex/InkMarkdown.build/Debug-iphonesimulator/InkMarkdown.build/swift-overrides.hmap -emit-const-values -Xfrontend -const-gather-protocols-file -Xfrontend /Users/shizihan/DailyUse/Github/InkMarkdown/.scratch/architecture-deepening-2026-09-07/evidence/20260907-1415-ticket-27/consumer/DerivedData-InkMarkdownCoreConsumer/Build/Intermediates.noindex/InkMarkdown.build/Debug-iphonesimulator/InkMarkdown.build/Objects-normal/arm64/InkMarkdown_const_extract_protocols.json -Xcc -I/Users/shizihan/DailyUse/Github/InkMarkdown/Packages/Caches/swift-cmark/src/include -Xcc -I/Users/shizihan/DailyUse/Github/InkMarkdown/Packages/Caches/swift-cmark/extensions/include -Xcc -I/Users/shizihan/DailyUse/Github/InkMarkdown/Packages/Caches/swift-markdown/Sources/CAtomic/include -Xcc -I/Users/shizihan/DailyUse/Github/InkMarkdown/.scratch/architecture-deepening-2026-09-07/evidence/20260907-1415-ticket-27/consumer/DerivedData-InkMarkdownCoreConsumer/Build/Products/Debug-iphonesimulator/include -Xcc -I/Users/shizihan/DailyUse/Github/InkMarkdown/.scratch/architecture-deepening-2026-09-07/evidence/20260907-1415-ticket-27/consumer/DerivedData-InkMarkdownCoreConsumer/Build/Intermediates.noindex/InkMarkdown.build/Debug-iphonesimulator/InkMarkdown.build/DerivedSources-normal/arm64 -Xcc -I/Users/shizihan/DailyUse/Github/InkMarkdown/.scratch/architecture-deepening-2026-09-07/evidence/20260907-1415-ticket-27/consumer/DerivedData-InkMarkdownCoreConsumer/Build/Intermediates.noindex/InkMarkdown.build/Debug-iphonesimulator/InkMarkdown.build/DerivedSources/arm64 -Xcc -I/Users/shizihan/DailyUse/Github/InkMarkdown/.scratch/architecture-deepening-2026-09-07/evidence/20260907-1415-ticket-27/consumer/DerivedData-InkMarkdownCoreConsumer/Build/Intermediates.noindex/InkMarkdown.build/Debug-iphonesimulator/InkMarkdown.build/DerivedSources -Xcc -DSWIFT_PACKAGE -Xcc -DDEBUG\=1 -emit-objc-header -emit-objc-header-path /Users/shizihan/DailyUse/Github/InkMarkdown/.scratch/architecture-deepening-2026-09-07/evidence/20260907-1415-ticket-27/consumer/DerivedData-InkMarkdownCoreConsumer/Build/Intermediates.noindex/InkMarkdown.build/Debug-iphonesimulator/InkMarkdown.build/Objects-normal/arm64/InkMarkdown-Swift.h -working-directory /Users/shizihan/DailyUse/Github/InkMarkdown/.github/fixtures/consumer-smoke/.swiftpm/xcode -experimental-emit-module-separately -disable-cmo

Ld /Users/shizihan/DailyUse/Github/InkMarkdown/.scratch/architecture-deepening-2026-09-07/evidence/20260907-1415-ticket-27/consumer/DerivedData-InkMarkdownCoreConsumer/Build/Products/Debug-iphonesimulator/InkMarkdown.o normal (in target 'InkMarkdown' from project 'InkMarkdown')
    cd /Users/shizihan/DailyUse/Github/InkMarkdown
    /Applications/Xcode.app/Contents/Developer/Toolchains/XcodeDefault.xctoolchain/usr/bin/clang -Xlinker -reproducible -target arm64-apple-ios15.0-simulator -r -isysroot /Applications/Xcode.app/Contents/Developer/Platforms/iPhoneSimulator.platform/Developer/SDKs/iPhoneSimulator26.5.sdk -O0 -w -F/Users/shizihan/DailyUse/Github/InkMarkdown/.scratch/architecture-deepening-2026-09-07/evidence/20260907-1415-ticket-27/consumer/DerivedData-InkMarkdownCoreConsumer/Build/Intermediates.noindex/EagerLinkingTBDs/Debug-iphonesimulator -F/Users/shizihan/DailyUse/Github/InkMarkdown/.scratch/architecture-deepening-2026-09-07/evidence/20260907-1415-ticket-27/consumer/DerivedData-InkMarkdownCoreConsumer/Build/Products/Debug-iphonesimulator/PackageFrameworks -F/Users/shizihan/DailyUse/Github/InkMarkdown/.scratch/architecture-deepening-2026-09-07/evidence/20260907-1415-ticket-27/consumer/DerivedData-InkMarkdownCoreConsumer/Build/Products/Debug-iphonesimulator/PackageFrameworks -F/Users/shizihan/DailyUse/Github/InkMarkdown/.scratch/architecture-deepening-2026-09-07/evidence/20260907-1415-ticket-27/consumer/DerivedData-InkMarkdownCoreConsumer/Build/Products/Debug-iphonesimulator/PackageFrameworks -F/Users/shizihan/DailyUse/Github/InkMarkdown/.scratch/architecture-deepening-2026-09-07/evidence/20260907-1415-ticket-27/consumer/DerivedData-InkMarkdownCoreConsumer/Build/Products/Debug-iphonesimulator/PackageFrameworks -F/Users/shizihan/DailyUse/Github/InkMarkdown/.scratch/architecture-deepening-2026-09-07/evidence/20260907-1415-ticket-27/consumer/DerivedData-InkMarkdownCoreConsumer/Build/Products/Debug-iphonesimulator -iframework /Applications/Xcode.app/Contents/Developer/Platforms/iPhoneSimulator.platform/Developer/Library/Frameworks -iframework /Applications/Xcode.app/Contents/Developer/Platforms/iPhoneSimulator.platform/Developer/SDKs/iPhoneSimulator26.5.sdk/Developer/Library/Frameworks -filelist /Users/shizihan/DailyUse/Github/InkMarkdown/.scratch/architecture-deepening-2026-09-07/evidence/20260907-1415-ticket-27/consumer/DerivedData-InkMarkdownCoreConsumer/Build/Intermediates.noindex/InkMarkdown.build/Debug-iphonesimulator/InkMarkdown.build/Objects-normal/arm64/InkMarkdown.LinkFileList -nostdlib -Xlinker -object_path_lto -Xlinker /Users/shizihan/DailyUse/Github/InkMarkdown/.scratch/architecture-deepening-2026-09-07/evidence/20260907-1415-ticket-27/consumer/DerivedData-InkMarkdownCoreConsumer/Build/Intermediates.noindex/InkMarkdown.build/Debug-iphonesimulator/InkMarkdown.build/Objects-normal/arm64/InkMarkdown_lto.o -Xlinker -no_deduplicate -Xlinker -objc_abi_version -Xlinker 2 -Xlinker -dependency_info -Xlinker /Users/shizihan/DailyUse/Github/InkMarkdown/.scratch/architecture-deepening-2026-09-07/evidence/20260907-1415-ticket-27/consumer/DerivedData-InkMarkdownCoreConsumer/Build/Intermediates.noindex/InkMarkdown.build/Debug-iphonesimulator/InkMarkdown.build/Objects-normal/arm64/InkMarkdown_dependency_info.dat -fobjc-link-runtime -L/Applications/Xcode.app/Contents/Developer/Toolchains/XcodeDefault.xctoolchain/usr/lib/swift/iphonesimulator -L/usr/lib/swift -Xlinker -add_ast_path -Xlinker /Users/shizihan/DailyUse/Github/InkMarkdown/.scratch/architecture-deepening-2026-09-07/evidence/20260907-1415-ticket-27/consumer/DerivedData-InkMarkdownCoreConsumer/Build/Intermediates.noindex/InkMarkdown.build/Debug-iphonesimulator/InkMarkdown.build/Objects-normal/arm64/InkMarkdown.swiftmodule @/Users/shizihan/DailyUse/Github/InkMarkdown/.scratch/architecture-deepening-2026-09-07/evidence/20260907-1415-ticket-27/consumer/DerivedData-InkMarkdownCoreConsumer/Build/Intermediates.noindex/InkMarkdown.build/Debug-iphonesimulator/InkMarkdown.build/Objects-normal/arm64/InkMarkdown-linker-args.resp -o /Users/shizihan/DailyUse/Github/InkMarkdown/.scratch/architecture-deepening-2026-09-07/evidence/20260907-1415-ticket-27/consumer/DerivedData-InkMarkdownCoreConsumer/Build/Products/Debug-iphonesimulator/InkMarkdown.o

SwiftExplicitDependencyGeneratePcm arm64 /Users/shizihan/DailyUse/Github/InkMarkdown/.scratch/architecture-deepening-2026-09-07/evidence/20260907-1415-ticket-27/consumer/DerivedData-InkMarkdownCoreConsumer/ModuleCache.noindex/_Builtin_stdbool-9Y6M4U9SUBLABTAFBBG1XTG0N.pcm

SwiftExplicitDependencyGeneratePcm arm64 /Users/shizihan/DailyUse/Github/InkMarkdown/.scratch/architecture-deepening-2026-09-07/evidence/20260907-1415-ticket-27/consumer/DerivedData-InkMarkdownCoreConsumer/ModuleCache.noindex/ptrauth-7WHRW7UMKMCP4W74NUGGTVI0K.pcm

SwiftExplicitDependencyGeneratePcm arm64 /Users/shizihan/DailyUse/Github/InkMarkdown/.scratch/architecture-deepening-2026-09-07/evidence/20260907-1415-ticket-27/consumer/DerivedData-InkMarkdownCoreConsumer/ModuleCache.noindex/_Builtin_stddef-9S1RVQ1WH7GQQ1DBJVAZVRA66.pcm

SwiftExplicitDependencyGeneratePcm arm64 /Users/shizihan/DailyUse/Github/InkMarkdown/.scratch/architecture-deepening-2026-09-07/evidence/20260907-1415-ticket-27/consumer/DerivedData-InkMarkdownCoreConsumer/ModuleCache.noindex/DeveloperToolsSupport-5TG6YAVL0M9U8NK8DC2VPCWA.pcm

SwiftExplicitDependencyGeneratePcm arm64 /Users/shizihan/DailyUse/Github/InkMarkdown/.scratch/architecture-deepening-2026-09-07/evidence/20260907-1415-ticket-27/consumer/DerivedData-InkMarkdownCoreConsumer/ModuleCache.noindex/SwiftShims-DXZY7DE4VBBJNMMCTNMBLDQ1Z.pcm

SwiftExplicitDependencyGeneratePcm arm64 /Users/shizihan/DailyUse/Github/InkMarkdown/.scratch/architecture-deepening-2026-09-07/evidence/20260907-1415-ticket-27/consumer/DerivedData-InkMarkdownCoreConsumer/ModuleCache.noindex/_Builtin_float-7QE9U7Y79NDPN1EUEYTQ2X30A.pcm

SwiftExplicitDependencyGeneratePcm arm64 /Users/shizihan/DailyUse/Github/InkMarkdown/.scratch/architecture-deepening-2026-09-07/evidence/20260907-1415-ticket-27/consumer/DerivedData-InkMarkdownCoreConsumer/ModuleCache.noindex/_SwiftConcurrencyShims-BN6E6ODGSWTG8FWBFAWT3YCRC.pcm

SwiftExplicitDependencyGeneratePcm arm64 /Users/shizihan/DailyUse/Github/InkMarkdown/.scratch/architecture-deepening-2026-09-07/evidence/20260907-1415-ticket-27/consumer/DerivedData-InkMarkdownCoreConsumer/ModuleCache.noindex/_AvailabilityInternal-F1229QDR2KYSVAQFZBD8RHKTQ.pcm

SwiftExplicitDependencyGeneratePcm arm64 /Users/shizihan/DailyUse/Github/InkMarkdown/.scratch/architecture-deepening-2026-09-07/evidence/20260907-1415-ticket-27/consumer/DerivedData-InkMarkdownCoreConsumer/ModuleCache.noindex/ptrcheck-6EL454CF6763DO0S0NQKNFYJ7.pcm

SwiftExplicitDependencyGeneratePcm arm64 /Users/shizihan/DailyUse/Github/InkMarkdown/.scratch/architecture-deepening-2026-09-07/evidence/20260907-1415-ticket-27/consumer/DerivedData-InkMarkdownCoreConsumer/ModuleCache.noindex/_Builtin_stdarg-53BJHRBU631HAMTXO06WTZY78.pcm

ExtractAppIntentsMetadata (in target 'InkMarkdown' from project 'InkMarkdown')
    cd /Users/shizihan/DailyUse/Github/InkMarkdown
    /Applications/Xcode.app/Contents/Developer/Toolchains/XcodeDefault.xctoolchain/usr/bin/appintentsmetadataprocessor --toolchain-dir /Applications/Xcode.app/Contents/Developer/Toolchains/XcodeDefault.xctoolchain --module-name InkMarkdown --sdk-root /Applications/Xcode.app/Contents/Developer/Platforms/iPhoneSimulator.platform/Developer/SDKs/iPhoneSimulator26.5.sdk --xcode-version 17F113 --platform-family iOS --deployment-target 15.0 --bundle-identifier inkmarkdown.InkMarkdown --output /Users/shizihan/DailyUse/Github/InkMarkdown/.scratch/architecture-deepening-2026-09-07/evidence/20260907-1415-ticket-27/consumer/DerivedData-InkMarkdownCoreConsumer/Build/Products/Debug-iphonesimulator/InkMarkdown.appintents --target-triple arm64-apple-ios15.0-simulator --binary-file /Users/shizihan/DailyUse/Github/InkMarkdown/.scratch/architecture-deepening-2026-09-07/evidence/20260907-1415-ticket-27/consumer/DerivedData-InkMarkdownCoreConsumer/Build/Products/Debug-iphonesimulator/InkMarkdown.o --dependency-file /Users/shizihan/DailyUse/Github/InkMarkdown/.scratch/architecture-deepening-2026-09-07/evidence/20260907-1415-ticket-27/consumer/DerivedData-InkMarkdownCoreConsumer/Build/Intermediates.noindex/InkMarkdown.build/Debug-iphonesimulator/InkMarkdown.build/Objects-normal/arm64/InkMarkdown_dependency_info.dat --stringsdata-file /Users/shizihan/DailyUse/Github/InkMarkdown/.scratch/architecture-deepening-2026-09-07/evidence/20260907-1415-ticket-27/consumer/DerivedData-InkMarkdownCoreConsumer/Build/Intermediates.noindex/InkMarkdown.build/Debug-iphonesimulator/InkMarkdown.build/Objects-normal/arm64/ExtractedAppShortcutsMetadata.stringsdata --source-file-list /Users/shizihan/DailyUse/Github/InkMarkdown/.scratch/architecture-deepening-2026-09-07/evidence/20260907-1415-ticket-27/consumer/DerivedData-InkMarkdownCoreConsumer/Build/Intermediates.noindex/InkMarkdown.build/Debug-iphonesimulator/InkMarkdown.build/Objects-normal/arm64/InkMarkdown.SwiftFileList --metadata-file-list /Users/shizihan/DailyUse/Github/InkMarkdown/.scratch/architecture-deepening-2026-09-07/evidence/20260907-1415-ticket-27/consumer/DerivedData-InkMarkdownCoreConsumer/Build/Intermediates.noindex/InkMarkdown.build/Debug-iphonesimulator/InkMarkdown.build/InkMarkdown.DependencyMetadataFileList --static-metadata-file-list /Users/shizihan/DailyUse/Github/InkMarkdown/.scratch/architecture-deepening-2026-09-07/evidence/20260907-1415-ticket-27/consumer/DerivedData-InkMarkdownCoreConsumer/Build/Intermediates.noindex/InkMarkdown.build/Debug-iphonesimulator/InkMarkdown.build/InkMarkdown.DependencyStaticMetadataFileList --swift-const-vals-list /Users/shizihan/DailyUse/Github/InkMarkdown/.scratch/architecture-deepening-2026-09-07/evidence/20260907-1415-ticket-27/consumer/DerivedData-InkMarkdownCoreConsumer/Build/Intermediates.noindex/InkMarkdown.build/Debug-iphonesimulator/InkMarkdown.build/Objects-normal/arm64/InkMarkdown.SwiftConstValuesFileList --force --compile-time-extraction --deployment-aware-processing --validate-assistant-intents --no-app-shortcuts-localization
2026-09-07 14:40:31.194 appintentsmetadataprocessor[86904:6066790] Starting appintentsmetadataprocessor export
2026-09-07 14:40:31.225 appintentsmetadataprocessor[86904:6066790] Extracted no relevant App Intents symbols, skipping writing output

SwiftExplicitDependencyGeneratePcm arm64 /Users/shizihan/DailyUse/Github/InkMarkdown/.scratch/architecture-deepening-2026-09-07/evidence/20260907-1415-ticket-27/consumer/DerivedData-InkMarkdownCoreConsumer/ModuleCache.noindex/_DarwinFoundation1-9L9CPIHQ841LZLFGAZQL1TT4M.pcm

SwiftExplicitDependencyGeneratePcm arm64 /Users/shizihan/DailyUse/Github/InkMarkdown/.scratch/architecture-deepening-2026-09-07/evidence/20260907-1415-ticket-27/consumer/DerivedData-InkMarkdownCoreConsumer/ModuleCache.noindex/_Builtin_limits-87DHX56EUQ3ATR2HZ1EPY9PLK.pcm

SwiftExplicitDependencyGeneratePcm arm64 /Users/shizihan/DailyUse/Github/InkMarkdown/.scratch/architecture-deepening-2026-09-07/evidence/20260907-1415-ticket-27/consumer/DerivedData-InkMarkdownCoreConsumer/ModuleCache.noindex/_DarwinFoundation2-3PUAFTT4QY8A45ACJ2N9P00XX.pcm

RegisterExecutionPolicyException /Users/shizihan/DailyUse/Github/InkMarkdown/.scratch/architecture-deepening-2026-09-07/evidence/20260907-1415-ticket-27/consumer/DerivedData-InkMarkdownCoreConsumer/Build/Products/Debug-iphonesimulator/InkMarkdown.o (in target 'InkMarkdown' from project 'InkMarkdown')
    cd /Users/shizihan/DailyUse/Github/InkMarkdown
    builtin-RegisterExecutionPolicyException /Users/shizihan/DailyUse/Github/InkMarkdown/.scratch/architecture-deepening-2026-09-07/evidence/20260907-1415-ticket-27/consumer/DerivedData-InkMarkdownCoreConsumer/Build/Products/Debug-iphonesimulator/InkMarkdown.o

SwiftExplicitDependencyGeneratePcm arm64 /Users/shizihan/DailyUse/Github/InkMarkdown/.scratch/architecture-deepening-2026-09-07/evidence/20260907-1415-ticket-27/consumer/DerivedData-InkMarkdownCoreConsumer/ModuleCache.noindex/_Builtin_tgmath-94UCZYL56X3CBYVUS098IDZAF.pcm

SwiftExplicitDependencyGeneratePcm arm64 /Users/shizihan/DailyUse/Github/InkMarkdown/.scratch/architecture-deepening-2026-09-07/evidence/20260907-1415-ticket-27/consumer/DerivedData-InkMarkdownCoreConsumer/ModuleCache.noindex/_Builtin_stdint-96JWYRK3T3A2N4OCY6PLWL1SA.pcm

SwiftExplicitDependencyGeneratePcm arm64 /Users/shizihan/DailyUse/Github/InkMarkdown/.scratch/architecture-deepening-2026-09-07/evidence/20260907-1415-ticket-27/consumer/DerivedData-InkMarkdownCoreConsumer/ModuleCache.noindex/sys_types-DB0IRPP3NMH6K3OU4ENC7D5HN.pcm

SwiftExplicitDependencyGeneratePcm arm64 /Users/shizihan/DailyUse/Github/InkMarkdown/.scratch/architecture-deepening-2026-09-07/evidence/20260907-1415-ticket-27/consumer/DerivedData-InkMarkdownCoreConsumer/Build/Intermediates.noindex/SwiftExplicitPrecompiledModules/CAtomic-EE202WW3P1O6MK4OG947CD4HY.pcm

SwiftExplicitDependencyGeneratePcm arm64 /Users/shizihan/DailyUse/Github/InkMarkdown/.scratch/architecture-deepening-2026-09-07/evidence/20260907-1415-ticket-27/consumer/DerivedData-InkMarkdownCoreConsumer/ModuleCache.noindex/_DarwinFoundation3-72E2I08UHICAJ67WGTA7H5QMR.pcm

SwiftExplicitDependencyGeneratePcm arm64 /Users/shizihan/DailyUse/Github/InkMarkdown/.scratch/architecture-deepening-2026-09-07/evidence/20260907-1415-ticket-27/consumer/DerivedData-InkMarkdownCoreConsumer/ModuleCache.noindex/_Builtin_intrinsics-3TDVY3E50L23J2S7MTUV8IYRP.pcm

SwiftExplicitDependencyGeneratePcm arm64 /Users/shizihan/DailyUse/Github/InkMarkdown/.scratch/architecture-deepening-2026-09-07/evidence/20260907-1415-ticket-27/consumer/DerivedData-InkMarkdownCoreConsumer/ModuleCache.noindex/_Builtin_stdatomic-8HYI9RW551OE151UV2GJEA5O2.pcm

SwiftExplicitDependencyGeneratePcm arm64 /Users/shizihan/DailyUse/Github/InkMarkdown/.scratch/architecture-deepening-2026-09-07/evidence/20260907-1415-ticket-27/consumer/DerivedData-InkMarkdownCoreConsumer/Build/Intermediates.noindex/SwiftExplicitPrecompiledModules/cmark_gfm-DNLJ7RYY0PV1EJ5ET2R9LJJNY.pcm

SwiftExplicitDependencyGeneratePcm arm64 /Users/shizihan/DailyUse/Github/InkMarkdown/.scratch/architecture-deepening-2026-09-07/evidence/20260907-1415-ticket-27/consumer/DerivedData-InkMarkdownCoreConsumer/ModuleCache.noindex/_Builtin_inttypes-EETSGLFMA2H5THFUWJV1ECGAT.pcm

SwiftExplicitDependencyGeneratePcm arm64 /Users/shizihan/DailyUse/Github/InkMarkdown/.scratch/architecture-deepening-2026-09-07/evidence/20260907-1415-ticket-27/consumer/DerivedData-InkMarkdownCoreConsumer/ModuleCache.noindex/Darwin-D9W923S4B8BHBPUCT36OH1L7H.pcm

SwiftExplicitDependencyGeneratePcm arm64 /Users/shizihan/DailyUse/Github/InkMarkdown/.scratch/architecture-deepening-2026-09-07/evidence/20260907-1415-ticket-27/consumer/DerivedData-InkMarkdownCoreConsumer/Build/Intermediates.noindex/SwiftExplicitPrecompiledModules/cmark_gfm_extensions-7YCDLAVFTX01HZPCBUQOLMI2L.pcm

SwiftExplicitDependencyGeneratePcm arm64 /Users/shizihan/DailyUse/Github/InkMarkdown/.scratch/architecture-deepening-2026-09-07/evidence/20260907-1415-ticket-27/consumer/DerivedData-InkMarkdownCoreConsumer/ModuleCache.noindex/simd-7Q14OX6A5H4AEQJRVNKZWZ5BB.pcm

SwiftExplicitDependencyGeneratePcm arm64 /Users/shizihan/DailyUse/Github/InkMarkdown/.scratch/architecture-deepening-2026-09-07/evidence/20260907-1415-ticket-27/consumer/DerivedData-InkMarkdownCoreConsumer/ModuleCache.noindex/MachO-ETO01U27URDSCALK5TXMVKD4J.pcm

SwiftExplicitDependencyGeneratePcm arm64 /Users/shizihan/DailyUse/Github/InkMarkdown/.scratch/architecture-deepening-2026-09-07/evidence/20260907-1415-ticket-27/consumer/DerivedData-InkMarkdownCoreConsumer/ModuleCache.noindex/ObjectiveC-9GIY4H2VHOCMTIV2S3J57MYTC.pcm

SwiftExplicitDependencyGeneratePcm arm64 /Users/shizihan/DailyUse/Github/InkMarkdown/.scratch/architecture-deepening-2026-09-07/evidence/20260907-1415-ticket-27/consumer/DerivedData-InkMarkdownCoreConsumer/ModuleCache.noindex/Spatial-BR12IVKMJPOWI7BXGFV765P94.pcm

SwiftExplicitDependencyGeneratePcm arm64 /Users/shizihan/DailyUse/Github/InkMarkdown/.scratch/architecture-deepening-2026-09-07/evidence/20260907-1415-ticket-27/consumer/DerivedData-InkMarkdownCoreConsumer/ModuleCache.noindex/os_object-8Y424531ETL66UOT71TVOCN58.pcm

SwiftExplicitDependencyGeneratePcm arm64 /Users/shizihan/DailyUse/Github/InkMarkdown/.scratch/architecture-deepening-2026-09-07/evidence/20260907-1415-ticket-27/consumer/DerivedData-InkMarkdownCoreConsumer/ModuleCache.noindex/os_workgroup-67NAMM0AUYKCBWS3JH96IHGME.pcm

SwiftExplicitDependencyGeneratePcm arm64 /Users/shizihan/DailyUse/Github/InkMarkdown/.scratch/architecture-deepening-2026-09-07/evidence/20260907-1415-ticket-27/consumer/DerivedData-InkMarkdownCoreConsumer/ModuleCache.noindex/Dispatch-E8YQF2GX5DETK4GG7P624CLXC.pcm

SwiftExplicitDependencyGeneratePcm arm64 /Users/shizihan/DailyUse/Github/InkMarkdown/.scratch/architecture-deepening-2026-09-07/evidence/20260907-1415-ticket-27/consumer/DerivedData-InkMarkdownCoreConsumer/ModuleCache.noindex/dnssd-8TUX4O9GD0RBQQ4GMP7RLCG5J.pcm

SwiftExplicitDependencyGeneratePcm arm64 /Users/shizihan/DailyUse/Github/InkMarkdown/.scratch/architecture-deepening-2026-09-07/evidence/20260907-1415-ticket-27/consumer/DerivedData-InkMarkdownCoreConsumer/ModuleCache.noindex/CoreFoundation-EHZQORHQZ0BP7OPPF84DXOAHU.pcm

SwiftExplicitDependencyGeneratePcm arm64 /Users/shizihan/DailyUse/Github/InkMarkdown/.scratch/architecture-deepening-2026-09-07/evidence/20260907-1415-ticket-27/consumer/DerivedData-InkMarkdownCoreConsumer/ModuleCache.noindex/XPC-1JITSUOOZBTO3LSZZNRKGAQAR.pcm

SwiftExplicitDependencyGeneratePcm arm64 /Users/shizihan/DailyUse/Github/InkMarkdown/.scratch/architecture-deepening-2026-09-07/evidence/20260907-1415-ticket-27/consumer/DerivedData-InkMarkdownCoreConsumer/ModuleCache.noindex/os-32N5PGMM4MK445KAYS44LCPZ2.pcm

SwiftExplicitDependencyGeneratePcm arm64 /Users/shizihan/DailyUse/Github/InkMarkdown/.scratch/architecture-deepening-2026-09-07/evidence/20260907-1415-ticket-27/consumer/DerivedData-InkMarkdownCoreConsumer/ModuleCache.noindex/CoreGraphics-5KY1CGI7TZSXE1VVH9UPSZJIZ.pcm

SwiftExplicitDependencyGeneratePcm arm64 /Users/shizihan/DailyUse/Github/InkMarkdown/.scratch/architecture-deepening-2026-09-07/evidence/20260907-1415-ticket-27/consumer/DerivedData-InkMarkdownCoreConsumer/ModuleCache.noindex/CFNetwork-5RLB9LH1MYZCCPUH1QEM5PC7V.pcm

SwiftExplicitDependencyGeneratePcm arm64 /Users/shizihan/DailyUse/Github/InkMarkdown/.scratch/architecture-deepening-2026-09-07/evidence/20260907-1415-ticket-27/consumer/DerivedData-InkMarkdownCoreConsumer/ModuleCache.noindex/Security-65L76AX2E93LZUDN38R5YZJA9.pcm

SwiftExplicitDependencyGeneratePcm arm64 /Users/shizihan/DailyUse/Github/InkMarkdown/.scratch/architecture-deepening-2026-09-07/evidence/20260907-1415-ticket-27/consumer/DerivedData-InkMarkdownCoreConsumer/ModuleCache.noindex/Foundation-50Q02PJW5PGYUTF22JPEJJ9RS.pcm

SwiftExplicitDependencyGeneratePcm arm64 /Users/shizihan/DailyUse/Github/InkMarkdown/.scratch/architecture-deepening-2026-09-07/evidence/20260907-1415-ticket-27/consumer/DerivedData-InkMarkdownCoreConsumer/ModuleCache.noindex/CoreText-ODAU17CJNYJ5TYOYCCYSSYLU.pcm

SwiftExplicitDependencyGeneratePcm arm64 /Users/shizihan/DailyUse/Github/InkMarkdown/.scratch/architecture-deepening-2026-09-07/evidence/20260907-1415-ticket-27/consumer/DerivedData-InkMarkdownCoreConsumer/ModuleCache.noindex/ImageIO-8M4QPTYAHY82SPDFVW379O0GM.pcm

SwiftExplicitDependencyGeneratePcm arm64 /Users/shizihan/DailyUse/Github/InkMarkdown/.scratch/architecture-deepening-2026-09-07/evidence/20260907-1415-ticket-27/consumer/DerivedData-InkMarkdownCoreConsumer/ModuleCache.noindex/Accessibility-7H090CGSR9X11EGXIPEE2KPBM.pcm

SwiftExplicitDependencyGeneratePcm arm64 /Users/shizihan/DailyUse/Github/InkMarkdown/.scratch/architecture-deepening-2026-09-07/evidence/20260907-1415-ticket-27/consumer/DerivedData-InkMarkdownCoreConsumer/ModuleCache.noindex/Network-3GTGD6YH6KRF0SDVGWES9IAME.pcm

SwiftExplicitDependencyGeneratePcm arm64 /Users/shizihan/DailyUse/Github/InkMarkdown/.scratch/architecture-deepening-2026-09-07/evidence/20260907-1415-ticket-27/consumer/DerivedData-InkMarkdownCoreConsumer/ModuleCache.noindex/UniformTypeIdentifiers-6I40017M3QEU1KNLZKFR088U4.pcm

SwiftExplicitDependencyGeneratePcm arm64 /Users/shizihan/DailyUse/Github/InkMarkdown/.scratch/architecture-deepening-2026-09-07/evidence/20260907-1415-ticket-27/consumer/DerivedData-InkMarkdownCoreConsumer/ModuleCache.noindex/UserNotifications-3BPV8XO7ZX9BCPCKDVSI7PVJP.pcm

SwiftExplicitDependencyGeneratePcm arm64 /Users/shizihan/DailyUse/Github/InkMarkdown/.scratch/architecture-deepening-2026-09-07/evidence/20260907-1415-ticket-27/consumer/DerivedData-InkMarkdownCoreConsumer/ModuleCache.noindex/CoreTransferable-4AI9OA9XDHYR8COY4NPXE78XT.pcm

SwiftExplicitDependencyGeneratePcm arm64 /Users/shizihan/DailyUse/Github/InkMarkdown/.scratch/architecture-deepening-2026-09-07/evidence/20260907-1415-ticket-27/consumer/DerivedData-InkMarkdownCoreConsumer/ModuleCache.noindex/Symbols-E5M16CJTQNHWW95LS9JRHZ1GJ.pcm

SwiftExplicitDependencyGeneratePcm arm64 /Users/shizihan/DailyUse/Github/InkMarkdown/.scratch/architecture-deepening-2026-09-07/evidence/20260907-1415-ticket-27/consumer/DerivedData-InkMarkdownCoreConsumer/ModuleCache.noindex/OpenGLES-BTQER3FNSWS8XRHKFQNRV5VGO.pcm

SwiftExplicitDependencyGeneratePcm arm64 /Users/shizihan/DailyUse/Github/InkMarkdown/.scratch/architecture-deepening-2026-09-07/evidence/20260907-1415-ticket-27/consumer/DerivedData-InkMarkdownCoreConsumer/ModuleCache.noindex/UIUtilities-2YJNGWWH6Y9FM0VDLYQ66AZQ5.pcm

SwiftExplicitDependencyGeneratePcm arm64 /Users/shizihan/DailyUse/Github/InkMarkdown/.scratch/architecture-deepening-2026-09-07/evidence/20260907-1415-ticket-27/consumer/DerivedData-InkMarkdownCoreConsumer/ModuleCache.noindex/OSLog-COLBPYEBA2HGGZLGA7W6F2BA7.pcm

SwiftExplicitDependencyGeneratePcm arm64 /Users/shizihan/DailyUse/Github/InkMarkdown/.scratch/architecture-deepening-2026-09-07/evidence/20260907-1415-ticket-27/consumer/DerivedData-InkMarkdownCoreConsumer/ModuleCache.noindex/FileProvider-7KF3UHR35VREGY9NNEKDYWDUR.pcm

SwiftExplicitDependencyGeneratePcm arm64 /Users/shizihan/DailyUse/Github/InkMarkdown/.scratch/architecture-deepening-2026-09-07/evidence/20260907-1415-ticket-27/consumer/DerivedData-InkMarkdownCoreConsumer/ModuleCache.noindex/DataDetection-9UQ8UX98A37SJW7ZHV4CIG7S6.pcm

SwiftExplicitDependencyGeneratePcm arm64 /Users/shizihan/DailyUse/Github/InkMarkdown/.scratch/architecture-deepening-2026-09-07/evidence/20260907-1415-ticket-27/consumer/DerivedData-InkMarkdownCoreConsumer/ModuleCache.noindex/LocalAuthentication-4F0E1GMA15WMJ3I7EUOFJLZZT.pcm

SwiftExplicitDependencyGeneratePcm arm64 /Users/shizihan/DailyUse/Github/InkMarkdown/.scratch/architecture-deepening-2026-09-07/evidence/20260907-1415-ticket-27/consumer/DerivedData-InkMarkdownCoreConsumer/ModuleCache.noindex/IOSurface-CH2J9F0AYWOS87VU3HSJQZ5I7.pcm

SwiftExplicitDependencyGeneratePcm arm64 /Users/shizihan/DailyUse/Github/InkMarkdown/.scratch/architecture-deepening-2026-09-07/evidence/20260907-1415-ticket-27/consumer/DerivedData-InkMarkdownCoreConsumer/ModuleCache.noindex/Metal-13KL9FHMIAZQ3MQOOQYOI6Y5F.pcm

SwiftExplicitDependencyGeneratePcm arm64 /Users/shizihan/DailyUse/Github/InkMarkdown/.scratch/architecture-deepening-2026-09-07/evidence/20260907-1415-ticket-27/consumer/DerivedData-InkMarkdownCoreConsumer/ModuleCache.noindex/CoreVideo-BHMKFLTSD0VN6654E17C3ZFUO.pcm

SwiftExplicitDependencyGeneratePcm arm64 /Users/shizihan/DailyUse/Github/InkMarkdown/.scratch/architecture-deepening-2026-09-07/evidence/20260907-1415-ticket-27/consumer/DerivedData-InkMarkdownCoreConsumer/ModuleCache.noindex/CoreImage-DVK8SNX0RT0YOKY51A6VYMYH2.pcm

SwiftExplicitDependencyGeneratePcm arm64 /Users/shizihan/DailyUse/Github/InkMarkdown/.scratch/architecture-deepening-2026-09-07/evidence/20260907-1415-ticket-27/consumer/DerivedData-InkMarkdownCoreConsumer/ModuleCache.noindex/QuartzCore-7CERM2K53DN34MUJSTTTP30KY.pcm

SwiftExplicitDependencyGeneratePcm arm64 /Users/shizihan/DailyUse/Github/InkMarkdown/.scratch/architecture-deepening-2026-09-07/evidence/20260907-1415-ticket-27/consumer/DerivedData-InkMarkdownCoreConsumer/ModuleCache.noindex/SwiftUICore-SC5U377UNORL6JQOFTZMIUP7.pcm

SwiftExplicitDependencyGeneratePcm arm64 /Users/shizihan/DailyUse/Github/InkMarkdown/.scratch/architecture-deepening-2026-09-07/evidence/20260907-1415-ticket-27/consumer/DerivedData-InkMarkdownCoreConsumer/ModuleCache.noindex/UIKit-7RG8Z1F52HLBG4AX995FPU4LX.pcm

SwiftExplicitDependencyGeneratePcm arm64 /Users/shizihan/DailyUse/Github/InkMarkdown/.scratch/architecture-deepening-2026-09-07/evidence/20260907-1415-ticket-27/consumer/DerivedData-InkMarkdownCoreConsumer/ModuleCache.noindex/WebKit-8S2FK0BN7RJTZ69CAF04LL3CT.pcm

SwiftCompile normal arm64 Compiling\ CoreConsumer.swift /Users/shizihan/DailyUse/Github/InkMarkdown/.github/fixtures/consumer-smoke/Sources/InkMarkdownCoreConsumer/CoreConsumer.swift (in target 'InkMarkdownCoreConsumer' from project 'InkMarkdownConsumerSmoke')

SwiftCompile normal arm64 /Users/shizihan/DailyUse/Github/InkMarkdown/.github/fixtures/consumer-smoke/Sources/InkMarkdownCoreConsumer/CoreConsumer.swift (in target 'InkMarkdownCoreConsumer' from project 'InkMarkdownConsumerSmoke')
    cd /Users/shizihan/DailyUse/Github/InkMarkdown/.github/fixtures/consumer-smoke/.swiftpm/xcode
    

SwiftEmitModule normal arm64 Emitting\ module\ for\ InkMarkdownCoreConsumer (in target 'InkMarkdownCoreConsumer' from project 'InkMarkdownConsumerSmoke')

SwiftCompile normal arm64 /Users/shizihan/DailyUse/Github/InkMarkdown/.github/fixtures/consumer-smoke/Sources/InkMarkdownCoreConsumer/CoreConsumer.swift (in target 'InkMarkdownCoreConsumer' from project 'InkMarkdownConsumerSmoke')
    cd /Users/shizihan/DailyUse/Github/InkMarkdown/.github/fixtures/consumer-smoke/.swiftpm/xcode
    

SwiftDriverJobDiscovery normal arm64 Emitting module for InkMarkdownCoreConsumer (in target 'InkMarkdownCoreConsumer' from project 'InkMarkdownConsumerSmoke')

SwiftDriver\ Compilation\ Requirements InkMarkdownCoreConsumer normal arm64 com.apple.xcode.tools.swift.compiler (in target 'InkMarkdownCoreConsumer' from project 'InkMarkdownConsumerSmoke')
    cd /Users/shizihan/DailyUse/Github/InkMarkdown/.github/fixtures/consumer-smoke/.swiftpm/xcode
    builtin-Swift-Compilation-Requirements -- /Applications/Xcode.app/Contents/Developer/Toolchains/XcodeDefault.xctoolchain/usr/bin/swiftc -module-name InkMarkdownCoreConsumer -Onone @/Users/shizihan/DailyUse/Github/InkMarkdown/.scratch/architecture-deepening-2026-09-07/evidence/20260907-1415-ticket-27/consumer/DerivedData-InkMarkdownCoreConsumer/Build/Intermediates.noindex/InkMarkdownConsumerSmoke.build/Debug-iphonesimulator/InkMarkdownCoreConsumer.build/Objects-normal/arm64/InkMarkdownCoreConsumer.SwiftFileList -DSWIFT_PACKAGE -DDEBUG -DSWIFT_MODULE_RESOURCE_BUNDLE_UNAVAILABLE -DXcode -plugin-path /Applications/Xcode.app/Contents/Developer/Toolchains/XcodeDefault.xctoolchain/usr/lib/swift/host/plugins/testing -enable-experimental-feature DebugDescriptionMacro -sdk /Applications/Xcode.app/Contents/Developer/Platforms/iPhoneSimulator.platform/Developer/SDKs/iPhoneSimulator26.5.sdk -target arm64-apple-ios15.0-simulator -g -module-cache-path /Users/shizihan/DailyUse/Github/InkMarkdown/.scratch/architecture-deepening-2026-09-07/evidence/20260907-1415-ticket-27/consumer/DerivedData-InkMarkdownCoreConsumer/ModuleCache.noindex -Xfrontend -serialize-debugging-options -enable-testing -index-store-path /Users/shizihan/DailyUse/Github/InkMarkdown/.scratch/architecture-deepening-2026-09-07/evidence/20260907-1415-ticket-27/consumer/DerivedData-InkMarkdownCoreConsumer/Index.noindex/DataStore -Xcc -D_LIBCPP_HARDENING_MODE\=_LIBCPP_HARDENING_MODE_DEBUG -swift-version 6 -I /Users/shizihan/DailyUse/Github/InkMarkdown/.scratch/architecture-deepening-2026-09-07/evidence/20260907-1415-ticket-27/consumer/DerivedData-InkMarkdownCoreConsumer/Build/Products/Debug-iphonesimulator -Isystem /Applications/Xcode.app/Contents/Developer/Platforms/iPhoneSimulator.platform/Developer/usr/lib -F /Users/shizihan/DailyUse/Github/InkMarkdown/.scratch/architecture-deepening-2026-09-07/evidence/20260907-1415-ticket-27/consumer/DerivedData-InkMarkdownCoreConsumer/Build/Products/Debug-iphonesimulator/PackageFrameworks -F /Users/shizihan/DailyUse/Github/InkMarkdown/.scratch/architecture-deepening-2026-09-07/evidence/20260907-1415-ticket-27/consumer/DerivedData-InkMarkdownCoreConsumer/Build/Products/Debug-iphonesimulator/PackageFrameworks -F /Users/shizihan/DailyUse/Github/InkMarkdown/.scratch/architecture-deepening-2026-09-07/evidence/20260907-1415-ticket-27/consumer/DerivedData-InkMarkdownCoreConsumer/Build/Products/Debug-iphonesimulator/PackageFrameworks -F /Users/shizihan/DailyUse/Github/InkMarkdown/.scratch/architecture-deepening-2026-09-07/evidence/20260907-1415-ticket-27/consumer/DerivedData-InkMarkdownCoreConsumer/Build/Products/Debug-iphonesimulator/PackageFrameworks -F /Users/shizihan/DailyUse/Github/InkMarkdown/.scratch/architecture-deepening-2026-09-07/evidence/20260907-1415-ticket-27/consumer/DerivedData-InkMarkdownCoreConsumer/Build/Products/Debug-iphonesimulator/PackageFrameworks -F /Users/shizihan/DailyUse/Github/InkMarkdown/.scratch/architecture-deepening-2026-09-07/evidence/20260907-1415-ticket-27/consumer/DerivedData-InkMarkdownCoreConsumer/Build/Products/Debug-iphonesimulator -F /Applications/Xcode.app/Contents/Developer/Platforms/iPhoneSimulator.platform/Developer/Library/Frameworks -F /Applications/Xcode.app/Contents/Developer/Platforms/iPhoneSimulator.platform/Developer/SDKs/iPhoneSimulator26.5.sdk/Developer/Library/Frameworks -parse-as-library -c -j10 -enable-batch-mode -incremental -Xcc -ivfsstatcache -Xcc /Users/shizihan/DailyUse/Github/InkMarkdown/.scratch/architecture-deepening-2026-09-07/evidence/20260907-1415-ticket-27/consumer/DerivedData-InkMarkdownCoreConsumer/SDKStatCaches.noindex/iphonesimulator26.5-23F81a-6cfe768891a92b912361537c460fe42b.sdkstatcache -output-file-map /Users/shizihan/DailyUse/Github/InkMarkdown/.scratch/architecture-deepening-2026-09-07/evidence/20260907-1415-ticket-27/consumer/DerivedData-InkMarkdownCoreConsumer/Build/Intermediates.noindex/InkMarkdownConsumerSmoke.build/Debug-iphonesimulator/InkMarkdownCoreConsumer.build/Objects-normal/arm64/InkMarkdownCoreConsumer-OutputFileMap.json -use-frontend-parseable-output -save-temps -no-color-diagnostics -explicit-module-build -module-cache-path /Users/shizihan/DailyUse/Github/InkMarkdown/.scratch/architecture-deepening-2026-09-07/evidence/20260907-1415-ticket-27/consumer/DerivedData-InkMarkdownCoreConsumer/Build/Intermediates.noindex/SwiftExplicitPrecompiledModules -clang-scanner-module-cache-path /Users/shizihan/DailyUse/Github/InkMarkdown/.scratch/architecture-deepening-2026-09-07/evidence/20260907-1415-ticket-27/consumer/DerivedData-InkMarkdownCoreConsumer/ModuleCache.noindex -sdk-module-cache-path /Users/shizihan/DailyUse/Github/InkMarkdown/.scratch/architecture-deepening-2026-09-07/evidence/20260907-1415-ticket-27/consumer/DerivedData-InkMarkdownCoreConsumer/ModuleCache.noindex -serialize-diagnostics -emit-dependencies -emit-module -emit-module-path /Users/shizihan/DailyUse/Github/InkMarkdown/.scratch/architecture-deepening-2026-09-07/evidence/20260907-1415-ticket-27/consumer/DerivedData-InkMarkdownCoreConsumer/Build/Intermediates.noindex/InkMarkdownConsumerSmoke.build/Debug-iphonesimulator/InkMarkdownCoreConsumer.build/Objects-normal/arm64/InkMarkdownCoreConsumer.swiftmodule -validate-clang-modules-once -clang-build-session-file /Users/shizihan/DailyUse/Github/InkMarkdown/.scratch/architecture-deepening-2026-09-07/evidence/20260907-1415-ticket-27/consumer/DerivedData-InkMarkdownCoreConsumer/ModuleCache.noindex/Session.modulevalidation -package-name consumer_smoke -Xcc -I/Users/shizihan/DailyUse/Github/InkMarkdown/.scratch/architecture-deepening-2026-09-07/evidence/20260907-1415-ticket-27/consumer/DerivedData-InkMarkdownCoreConsumer/Build/Intermediates.noindex/InkMarkdownConsumerSmoke.build/Debug-iphonesimulator/InkMarkdownCoreConsumer.build/swift-overrides.hmap -emit-const-values -Xfrontend -const-gather-protocols-file -Xfrontend /Users/shizihan/DailyUse/Github/InkMarkdown/.scratch/architecture-deepening-2026-09-07/evidence/20260907-1415-ticket-27/consumer/DerivedData-InkMarkdownCoreConsumer/Build/Intermediates.noindex/InkMarkdownConsumerSmoke.build/Debug-iphonesimulator/InkMarkdownCoreConsumer.build/Objects-normal/arm64/InkMarkdownCoreConsumer_const_extract_protocols.json -Xcc -I/Users/shizihan/DailyUse/Github/InkMarkdown/Packages/Caches/swift-cmark/src/include -Xcc -I/Users/shizihan/DailyUse/Github/InkMarkdown/Packages/Caches/swift-cmark/extensions/include -Xcc -I/Users/shizihan/DailyUse/Github/InkMarkdown/Packages/Caches/swift-markdown/Sources/CAtomic/include -Xcc -I/Users/shizihan/DailyUse/Github/InkMarkdown/.scratch/architecture-deepening-2026-09-07/evidence/20260907-1415-ticket-27/consumer/DerivedData-InkMarkdownCoreConsumer/Build/Products/Debug-iphonesimulator/include -Xcc -I/Users/shizihan/DailyUse/Github/InkMarkdown/.scratch/architecture-deepening-2026-09-07/evidence/20260907-1415-ticket-27/consumer/DerivedData-InkMarkdownCoreConsumer/Build/Intermediates.noindex/InkMarkdownConsumerSmoke.build/Debug-iphonesimulator/InkMarkdownCoreConsumer.build/DerivedSources-normal/arm64 -Xcc -I/Users/shizihan/DailyUse/Github/InkMarkdown/.scratch/architecture-deepening-2026-09-07/evidence/20260907-1415-ticket-27/consumer/DerivedData-InkMarkdownCoreConsumer/Build/Intermediates.noindex/InkMarkdownConsumerSmoke.build/Debug-iphonesimulator/InkMarkdownCoreConsumer.build/DerivedSources/arm64 -Xcc -I/Users/shizihan/DailyUse/Github/InkMarkdown/.scratch/architecture-deepening-2026-09-07/evidence/20260907-1415-ticket-27/consumer/DerivedData-InkMarkdownCoreConsumer/Build/Intermediates.noindex/InkMarkdownConsumerSmoke.build/Debug-iphonesimulator/InkMarkdownCoreConsumer.build/DerivedSources -Xcc -DSWIFT_PACKAGE -Xcc -DDEBUG\=1 -emit-objc-header -emit-objc-header-path /Users/shizihan/DailyUse/Github/InkMarkdown/.scratch/architecture-deepening-2026-09-07/evidence/20260907-1415-ticket-27/consumer/DerivedData-InkMarkdownCoreConsumer/Build/Intermediates.noindex/InkMarkdownConsumerSmoke.build/Debug-iphonesimulator/InkMarkdownCoreConsumer.build/Objects-normal/arm64/InkMarkdownCoreConsumer-Swift.h -working-directory /Users/shizihan/DailyUse/Github/InkMarkdown/.github/fixtures/consumer-smoke/.swiftpm/xcode -experimental-emit-module-separately -disable-cmo

SwiftMergeGeneratedHeaders /Users/shizihan/DailyUse/Github/InkMarkdown/.scratch/architecture-deepening-2026-09-07/evidence/20260907-1415-ticket-27/consumer/DerivedData-InkMarkdownCoreConsumer/Build/Intermediates.noindex/GeneratedModuleMaps-iphonesimulator/InkMarkdownCoreConsumer-Swift.h /Users/shizihan/DailyUse/Github/InkMarkdown/.scratch/architecture-deepening-2026-09-07/evidence/20260907-1415-ticket-27/consumer/DerivedData-InkMarkdownCoreConsumer/Build/Intermediates.noindex/InkMarkdownConsumerSmoke.build/Debug-iphonesimulator/InkMarkdownCoreConsumer.build/Objects-normal/arm64/InkMarkdownCoreConsumer-Swift.h (in target 'InkMarkdownCoreConsumer' from project 'InkMarkdownConsumerSmoke')
    cd /Users/shizihan/DailyUse/Github/InkMarkdown/.github/fixtures/consumer-smoke
    builtin-swiftHeaderTool -arch arm64 /Users/shizihan/DailyUse/Github/InkMarkdown/.scratch/architecture-deepening-2026-09-07/evidence/20260907-1415-ticket-27/consumer/DerivedData-InkMarkdownCoreConsumer/Build/Intermediates.noindex/InkMarkdownConsumerSmoke.build/Debug-iphonesimulator/InkMarkdownCoreConsumer.build/Objects-normal/arm64/InkMarkdownCoreConsumer-Swift.h -o /Users/shizihan/DailyUse/Github/InkMarkdown/.scratch/architecture-deepening-2026-09-07/evidence/20260907-1415-ticket-27/consumer/DerivedData-InkMarkdownCoreConsumer/Build/Intermediates.noindex/GeneratedModuleMaps-iphonesimulator/InkMarkdownCoreConsumer-Swift.h

Copy /Users/shizihan/DailyUse/Github/InkMarkdown/.scratch/architecture-deepening-2026-09-07/evidence/20260907-1415-ticket-27/consumer/DerivedData-InkMarkdownCoreConsumer/Build/Products/Debug-iphonesimulator/InkMarkdownCoreConsumer.swiftmodule/arm64-apple-ios-simulator.swiftmodule /Users/shizihan/DailyUse/Github/InkMarkdown/.scratch/architecture-deepening-2026-09-07/evidence/20260907-1415-ticket-27/consumer/DerivedData-InkMarkdownCoreConsumer/Build/Intermediates.noindex/InkMarkdownConsumerSmoke.build/Debug-iphonesimulator/InkMarkdownCoreConsumer.build/Objects-normal/arm64/InkMarkdownCoreConsumer.swiftmodule (in target 'InkMarkdownCoreConsumer' from project 'InkMarkdownConsumerSmoke')
    cd /Users/shizihan/DailyUse/Github/InkMarkdown/.github/fixtures/consumer-smoke
    builtin-copy -exclude .DS_Store -exclude CVS -exclude .svn -exclude .git -exclude .hg -resolve-src-symlinks -rename /Users/shizihan/DailyUse/Github/InkMarkdown/.scratch/architecture-deepening-2026-09-07/evidence/20260907-1415-ticket-27/consumer/DerivedData-InkMarkdownCoreConsumer/Build/Intermediates.noindex/InkMarkdownConsumerSmoke.build/Debug-iphonesimulator/InkMarkdownCoreConsumer.build/Objects-normal/arm64/InkMarkdownCoreConsumer.swiftmodule /Users/shizihan/DailyUse/Github/InkMarkdown/.scratch/architecture-deepening-2026-09-07/evidence/20260907-1415-ticket-27/consumer/DerivedData-InkMarkdownCoreConsumer/Build/Products/Debug-iphonesimulator/InkMarkdownCoreConsumer.swiftmodule/arm64-apple-ios-simulator.swiftmodule

Copy /Users/shizihan/DailyUse/Github/InkMarkdown/.scratch/architecture-deepening-2026-09-07/evidence/20260907-1415-ticket-27/consumer/DerivedData-InkMarkdownCoreConsumer/Build/Products/Debug-iphonesimulator/InkMarkdownCoreConsumer.swiftmodule/arm64-apple-ios-simulator.abi.json /Users/shizihan/DailyUse/Github/InkMarkdown/.scratch/architecture-deepening-2026-09-07/evidence/20260907-1415-ticket-27/consumer/DerivedData-InkMarkdownCoreConsumer/Build/Intermediates.noindex/InkMarkdownConsumerSmoke.build/Debug-iphonesimulator/InkMarkdownCoreConsumer.build/Objects-normal/arm64/InkMarkdownCoreConsumer.abi.json (in target 'InkMarkdownCoreConsumer' from project 'InkMarkdownConsumerSmoke')
    cd /Users/shizihan/DailyUse/Github/InkMarkdown/.github/fixtures/consumer-smoke
    builtin-copy -exclude .DS_Store -exclude CVS -exclude .svn -exclude .git -exclude .hg -resolve-src-symlinks -rename /Users/shizihan/DailyUse/Github/InkMarkdown/.scratch/architecture-deepening-2026-09-07/evidence/20260907-1415-ticket-27/consumer/DerivedData-InkMarkdownCoreConsumer/Build/Intermediates.noindex/InkMarkdownConsumerSmoke.build/Debug-iphonesimulator/InkMarkdownCoreConsumer.build/Objects-normal/arm64/InkMarkdownCoreConsumer.abi.json /Users/shizihan/DailyUse/Github/InkMarkdown/.scratch/architecture-deepening-2026-09-07/evidence/20260907-1415-ticket-27/consumer/DerivedData-InkMarkdownCoreConsumer/Build/Products/Debug-iphonesimulator/InkMarkdownCoreConsumer.swiftmodule/arm64-apple-ios-simulator.abi.json

Copy /Users/shizihan/DailyUse/Github/InkMarkdown/.scratch/architecture-deepening-2026-09-07/evidence/20260907-1415-ticket-27/consumer/DerivedData-InkMarkdownCoreConsumer/Build/Products/Debug-iphonesimulator/InkMarkdownCoreConsumer.swiftmodule/arm64-apple-ios-simulator.swiftdoc /Users/shizihan/DailyUse/Github/InkMarkdown/.scratch/architecture-deepening-2026-09-07/evidence/20260907-1415-ticket-27/consumer/DerivedData-InkMarkdownCoreConsumer/Build/Intermediates.noindex/InkMarkdownConsumerSmoke.build/Debug-iphonesimulator/InkMarkdownCoreConsumer.build/Objects-normal/arm64/InkMarkdownCoreConsumer.swiftdoc (in target 'InkMarkdownCoreConsumer' from project 'InkMarkdownConsumerSmoke')
    cd /Users/shizihan/DailyUse/Github/InkMarkdown/.github/fixtures/consumer-smoke
    builtin-copy -exclude .DS_Store -exclude CVS -exclude .svn -exclude .git -exclude .hg -resolve-src-symlinks -rename /Users/shizihan/DailyUse/Github/InkMarkdown/.scratch/architecture-deepening-2026-09-07/evidence/20260907-1415-ticket-27/consumer/DerivedData-InkMarkdownCoreConsumer/Build/Intermediates.noindex/InkMarkdownConsumerSmoke.build/Debug-iphonesimulator/InkMarkdownCoreConsumer.build/Objects-normal/arm64/InkMarkdownCoreConsumer.swiftdoc /Users/shizihan/DailyUse/Github/InkMarkdown/.scratch/architecture-deepening-2026-09-07/evidence/20260907-1415-ticket-27/consumer/DerivedData-InkMarkdownCoreConsumer/Build/Products/Debug-iphonesimulator/InkMarkdownCoreConsumer.swiftmodule/arm64-apple-ios-simulator.swiftdoc

Copy /Users/shizihan/DailyUse/Github/InkMarkdown/.scratch/architecture-deepening-2026-09-07/evidence/20260907-1415-ticket-27/consumer/DerivedData-InkMarkdownCoreConsumer/Build/Products/Debug-iphonesimulator/InkMarkdownCoreConsumer.swiftmodule/Project/arm64-apple-ios-simulator.swiftsourceinfo /Users/shizihan/DailyUse/Github/InkMarkdown/.scratch/architecture-deepening-2026-09-07/evidence/20260907-1415-ticket-27/consumer/DerivedData-InkMarkdownCoreConsumer/Build/Intermediates.noindex/InkMarkdownConsumerSmoke.build/Debug-iphonesimulator/InkMarkdownCoreConsumer.build/Objects-normal/arm64/InkMarkdownCoreConsumer.swiftsourceinfo (in target 'InkMarkdownCoreConsumer' from project 'InkMarkdownConsumerSmoke')
    cd /Users/shizihan/DailyUse/Github/InkMarkdown/.github/fixtures/consumer-smoke
    builtin-copy -exclude .DS_Store -exclude CVS -exclude .svn -exclude .git -exclude .hg -resolve-src-symlinks -rename /Users/shizihan/DailyUse/Github/InkMarkdown/.scratch/architecture-deepening-2026-09-07/evidence/20260907-1415-ticket-27/consumer/DerivedData-InkMarkdownCoreConsumer/Build/Intermediates.noindex/InkMarkdownConsumerSmoke.build/Debug-iphonesimulator/InkMarkdownCoreConsumer.build/Objects-normal/arm64/InkMarkdownCoreConsumer.swiftsourceinfo /Users/shizihan/DailyUse/Github/InkMarkdown/.scratch/architecture-deepening-2026-09-07/evidence/20260907-1415-ticket-27/consumer/DerivedData-InkMarkdownCoreConsumer/Build/Products/Debug-iphonesimulator/InkMarkdownCoreConsumer.swiftmodule/Project/arm64-apple-ios-simulator.swiftsourceinfo

SwiftDriverJobDiscovery normal arm64 Compiling CoreConsumer.swift (in target 'InkMarkdownCoreConsumer' from project 'InkMarkdownConsumerSmoke')

SwiftDriver\ Compilation InkMarkdownCoreConsumer normal arm64 com.apple.xcode.tools.swift.compiler (in target 'InkMarkdownCoreConsumer' from project 'InkMarkdownConsumerSmoke')
    cd /Users/shizihan/DailyUse/Github/InkMarkdown/.github/fixtures/consumer-smoke/.swiftpm/xcode
    builtin-Swift-Compilation -- /Applications/Xcode.app/Contents/Developer/Toolchains/XcodeDefault.xctoolchain/usr/bin/swiftc -module-name InkMarkdownCoreConsumer -Onone @/Users/shizihan/DailyUse/Github/InkMarkdown/.scratch/architecture-deepening-2026-09-07/evidence/20260907-1415-ticket-27/consumer/DerivedData-InkMarkdownCoreConsumer/Build/Intermediates.noindex/InkMarkdownConsumerSmoke.build/Debug-iphonesimulator/InkMarkdownCoreConsumer.build/Objects-normal/arm64/InkMarkdownCoreConsumer.SwiftFileList -DSWIFT_PACKAGE -DDEBUG -DSWIFT_MODULE_RESOURCE_BUNDLE_UNAVAILABLE -DXcode -plugin-path /Applications/Xcode.app/Contents/Developer/Toolchains/XcodeDefault.xctoolchain/usr/lib/swift/host/plugins/testing -enable-experimental-feature DebugDescriptionMacro -sdk /Applications/Xcode.app/Contents/Developer/Platforms/iPhoneSimulator.platform/Developer/SDKs/iPhoneSimulator26.5.sdk -target arm64-apple-ios15.0-simulator -g -module-cache-path /Users/shizihan/DailyUse/Github/InkMarkdown/.scratch/architecture-deepening-2026-09-07/evidence/20260907-1415-ticket-27/consumer/DerivedData-InkMarkdownCoreConsumer/ModuleCache.noindex -Xfrontend -serialize-debugging-options -enable-testing -index-store-path /Users/shizihan/DailyUse/Github/InkMarkdown/.scratch/architecture-deepening-2026-09-07/evidence/20260907-1415-ticket-27/consumer/DerivedData-InkMarkdownCoreConsumer/Index.noindex/DataStore -Xcc -D_LIBCPP_HARDENING_MODE\=_LIBCPP_HARDENING_MODE_DEBUG -swift-version 6 -I /Users/shizihan/DailyUse/Github/InkMarkdown/.scratch/architecture-deepening-2026-09-07/evidence/20260907-1415-ticket-27/consumer/DerivedData-InkMarkdownCoreConsumer/Build/Products/Debug-iphonesimulator -Isystem /Applications/Xcode.app/Contents/Developer/Platforms/iPhoneSimulator.platform/Developer/usr/lib -F /Users/shizihan/DailyUse/Github/InkMarkdown/.scratch/architecture-deepening-2026-09-07/evidence/20260907-1415-ticket-27/consumer/DerivedData-InkMarkdownCoreConsumer/Build/Products/Debug-iphonesimulator/PackageFrameworks -F /Users/shizihan/DailyUse/Github/InkMarkdown/.scratch/architecture-deepening-2026-09-07/evidence/20260907-1415-ticket-27/consumer/DerivedData-InkMarkdownCoreConsumer/Build/Products/Debug-iphonesimulator/PackageFrameworks -F /Users/shizihan/DailyUse/Github/InkMarkdown/.scratch/architecture-deepening-2026-09-07/evidence/20260907-1415-ticket-27/consumer/DerivedData-InkMarkdownCoreConsumer/Build/Products/Debug-iphonesimulator/PackageFrameworks -F /Users/shizihan/DailyUse/Github/InkMarkdown/.scratch/architecture-deepening-2026-09-07/evidence/20260907-1415-ticket-27/consumer/DerivedData-InkMarkdownCoreConsumer/Build/Products/Debug-iphonesimulator/PackageFrameworks -F /Users/shizihan/DailyUse/Github/InkMarkdown/.scratch/architecture-deepening-2026-09-07/evidence/20260907-1415-ticket-27/consumer/DerivedData-InkMarkdownCoreConsumer/Build/Products/Debug-iphonesimulator/PackageFrameworks -F /Users/shizihan/DailyUse/Github/InkMarkdown/.scratch/architecture-deepening-2026-09-07/evidence/20260907-1415-ticket-27/consumer/DerivedData-InkMarkdownCoreConsumer/Build/Products/Debug-iphonesimulator -F /Applications/Xcode.app/Contents/Developer/Platforms/iPhoneSimulator.platform/Developer/Library/Frameworks -F /Applications/Xcode.app/Contents/Developer/Platforms/iPhoneSimulator.platform/Developer/SDKs/iPhoneSimulator26.5.sdk/Developer/Library/Frameworks -parse-as-library -c -j10 -enable-batch-mode -incremental -Xcc -ivfsstatcache -Xcc /Users/shizihan/DailyUse/Github/InkMarkdown/.scratch/architecture-deepening-2026-09-07/evidence/20260907-1415-ticket-27/consumer/DerivedData-InkMarkdownCoreConsumer/SDKStatCaches.noindex/iphonesimulator26.5-23F81a-6cfe768891a92b912361537c460fe42b.sdkstatcache -output-file-map /Users/shizihan/DailyUse/Github/InkMarkdown/.scratch/architecture-deepening-2026-09-07/evidence/20260907-1415-ticket-27/consumer/DerivedData-InkMarkdownCoreConsumer/Build/Intermediates.noindex/InkMarkdownConsumerSmoke.build/Debug-iphonesimulator/InkMarkdownCoreConsumer.build/Objects-normal/arm64/InkMarkdownCoreConsumer-OutputFileMap.json -use-frontend-parseable-output -save-temps -no-color-diagnostics -explicit-module-build -module-cache-path /Users/shizihan/DailyUse/Github/InkMarkdown/.scratch/architecture-deepening-2026-09-07/evidence/20260907-1415-ticket-27/consumer/DerivedData-InkMarkdownCoreConsumer/Build/Intermediates.noindex/SwiftExplicitPrecompiledModules -clang-scanner-module-cache-path /Users/shizihan/DailyUse/Github/InkMarkdown/.scratch/architecture-deepening-2026-09-07/evidence/20260907-1415-ticket-27/consumer/DerivedData-InkMarkdownCoreConsumer/ModuleCache.noindex -sdk-module-cache-path /Users/shizihan/DailyUse/Github/InkMarkdown/.scratch/architecture-deepening-2026-09-07/evidence/20260907-1415-ticket-27/consumer/DerivedData-InkMarkdownCoreConsumer/ModuleCache.noindex -serialize-diagnostics -emit-dependencies -emit-module -emit-module-path /Users/shizihan/DailyUse/Github/InkMarkdown/.scratch/architecture-deepening-2026-09-07/evidence/20260907-1415-ticket-27/consumer/DerivedData-InkMarkdownCoreConsumer/Build/Intermediates.noindex/InkMarkdownConsumerSmoke.build/Debug-iphonesimulator/InkMarkdownCoreConsumer.build/Objects-normal/arm64/InkMarkdownCoreConsumer.swiftmodule -validate-clang-modules-once -clang-build-session-file /Users/shizihan/DailyUse/Github/InkMarkdown/.scratch/architecture-deepening-2026-09-07/evidence/20260907-1415-ticket-27/consumer/DerivedData-InkMarkdownCoreConsumer/ModuleCache.noindex/Session.modulevalidation -package-name consumer_smoke -Xcc -I/Users/shizihan/DailyUse/Github/InkMarkdown/.scratch/architecture-deepening-2026-09-07/evidence/20260907-1415-ticket-27/consumer/DerivedData-InkMarkdownCoreConsumer/Build/Intermediates.noindex/InkMarkdownConsumerSmoke.build/Debug-iphonesimulator/InkMarkdownCoreConsumer.build/swift-overrides.hmap -emit-const-values -Xfrontend -const-gather-protocols-file -Xfrontend /Users/shizihan/DailyUse/Github/InkMarkdown/.scratch/architecture-deepening-2026-09-07/evidence/20260907-1415-ticket-27/consumer/DerivedData-InkMarkdownCoreConsumer/Build/Intermediates.noindex/InkMarkdownConsumerSmoke.build/Debug-iphonesimulator/InkMarkdownCoreConsumer.build/Objects-normal/arm64/InkMarkdownCoreConsumer_const_extract_protocols.json -Xcc -I/Users/shizihan/DailyUse/Github/InkMarkdown/Packages/Caches/swift-cmark/src/include -Xcc -I/Users/shizihan/DailyUse/Github/InkMarkdown/Packages/Caches/swift-cmark/extensions/include -Xcc -I/Users/shizihan/DailyUse/Github/InkMarkdown/Packages/Caches/swift-markdown/Sources/CAtomic/include -Xcc -I/Users/shizihan/DailyUse/Github/InkMarkdown/.scratch/architecture-deepening-2026-09-07/evidence/20260907-1415-ticket-27/consumer/DerivedData-InkMarkdownCoreConsumer/Build/Products/Debug-iphonesimulator/include -Xcc -I/Users/shizihan/DailyUse/Github/InkMarkdown/.scratch/architecture-deepening-2026-09-07/evidence/20260907-1415-ticket-27/consumer/DerivedData-InkMarkdownCoreConsumer/Build/Intermediates.noindex/InkMarkdownConsumerSmoke.build/Debug-iphonesimulator/InkMarkdownCoreConsumer.build/DerivedSources-normal/arm64 -Xcc -I/Users/shizihan/DailyUse/Github/InkMarkdown/.scratch/architecture-deepening-2026-09-07/evidence/20260907-1415-ticket-27/consumer/DerivedData-InkMarkdownCoreConsumer/Build/Intermediates.noindex/InkMarkdownConsumerSmoke.build/Debug-iphonesimulator/InkMarkdownCoreConsumer.build/DerivedSources/arm64 -Xcc -I/Users/shizihan/DailyUse/Github/InkMarkdown/.scratch/architecture-deepening-2026-09-07/evidence/20260907-1415-ticket-27/consumer/DerivedData-InkMarkdownCoreConsumer/Build/Intermediates.noindex/InkMarkdownConsumerSmoke.build/Debug-iphonesimulator/InkMarkdownCoreConsumer.build/DerivedSources -Xcc -DSWIFT_PACKAGE -Xcc -DDEBUG\=1 -emit-objc-header -emit-objc-header-path /Users/shizihan/DailyUse/Github/InkMarkdown/.scratch/architecture-deepening-2026-09-07/evidence/20260907-1415-ticket-27/consumer/DerivedData-InkMarkdownCoreConsumer/Build/Intermediates.noindex/InkMarkdownConsumerSmoke.build/Debug-iphonesimulator/InkMarkdownCoreConsumer.build/Objects-normal/arm64/InkMarkdownCoreConsumer-Swift.h -working-directory /Users/shizihan/DailyUse/Github/InkMarkdown/.github/fixtures/consumer-smoke/.swiftpm/xcode -experimental-emit-module-separately -disable-cmo

Ld /Users/shizihan/DailyUse/Github/InkMarkdown/.scratch/architecture-deepening-2026-09-07/evidence/20260907-1415-ticket-27/consumer/DerivedData-InkMarkdownCoreConsumer/Build/Products/Debug-iphonesimulator/InkMarkdownCoreConsumer.o normal (in target 'InkMarkdownCoreConsumer' from project 'InkMarkdownConsumerSmoke')
    cd /Users/shizihan/DailyUse/Github/InkMarkdown/.github/fixtures/consumer-smoke
    /Applications/Xcode.app/Contents/Developer/Toolchains/XcodeDefault.xctoolchain/usr/bin/clang -Xlinker -reproducible -target arm64-apple-ios15.0-simulator -r -isysroot /Applications/Xcode.app/Contents/Developer/Platforms/iPhoneSimulator.platform/Developer/SDKs/iPhoneSimulator26.5.sdk -O0 -F/Users/shizihan/DailyUse/Github/InkMarkdown/.scratch/architecture-deepening-2026-09-07/evidence/20260907-1415-ticket-27/consumer/DerivedData-InkMarkdownCoreConsumer/Build/Intermediates.noindex/EagerLinkingTBDs/Debug-iphonesimulator -F/Users/shizihan/DailyUse/Github/InkMarkdown/.scratch/architecture-deepening-2026-09-07/evidence/20260907-1415-ticket-27/consumer/DerivedData-InkMarkdownCoreConsumer/Build/Products/Debug-iphonesimulator/PackageFrameworks -F/Users/shizihan/DailyUse/Github/InkMarkdown/.scratch/architecture-deepening-2026-09-07/evidence/20260907-1415-ticket-27/consumer/DerivedData-InkMarkdownCoreConsumer/Build/Products/Debug-iphonesimulator/PackageFrameworks -F/Users/shizihan/DailyUse/Github/InkMarkdown/.scratch/architecture-deepening-2026-09-07/evidence/20260907-1415-ticket-27/consumer/DerivedData-InkMarkdownCoreConsumer/Build/Products/Debug-iphonesimulator/PackageFrameworks -F/Users/shizihan/DailyUse/Github/InkMarkdown/.scratch/architecture-deepening-2026-09-07/evidence/20260907-1415-ticket-27/consumer/DerivedData-InkMarkdownCoreConsumer/Build/Products/Debug-iphonesimulator/PackageFrameworks -F/Users/shizihan/DailyUse/Github/InkMarkdown/.scratch/architecture-deepening-2026-09-07/evidence/20260907-1415-ticket-27/consumer/DerivedData-InkMarkdownCoreConsumer/Build/Products/Debug-iphonesimulator/PackageFrameworks -F/Users/shizihan/DailyUse/Github/InkMarkdown/.scratch/architecture-deepening-2026-09-07/evidence/20260907-1415-ticket-27/consumer/DerivedData-InkMarkdownCoreConsumer/Build/Products/Debug-iphonesimulator -iframework /Applications/Xcode.app/Contents/Developer/Platforms/iPhoneSimulator.platform/Developer/Library/Frameworks -iframework /Applications/Xcode.app/Contents/Developer/Platforms/iPhoneSimulator.platform/Developer/SDKs/iPhoneSimulator26.5.sdk/Developer/Library/Frameworks -filelist /Users/shizihan/DailyUse/Github/InkMarkdown/.scratch/architecture-deepening-2026-09-07/evidence/20260907-1415-ticket-27/consumer/DerivedData-InkMarkdownCoreConsumer/Build/Intermediates.noindex/InkMarkdownConsumerSmoke.build/Debug-iphonesimulator/InkMarkdownCoreConsumer.build/Objects-normal/arm64/InkMarkdownCoreConsumer.LinkFileList -nostdlib -Xlinker -object_path_lto -Xlinker /Users/shizihan/DailyUse/Github/InkMarkdown/.scratch/architecture-deepening-2026-09-07/evidence/20260907-1415-ticket-27/consumer/DerivedData-InkMarkdownCoreConsumer/Build/Intermediates.noindex/InkMarkdownConsumerSmoke.build/Debug-iphonesimulator/InkMarkdownCoreConsumer.build/Objects-normal/arm64/InkMarkdownCoreConsumer_lto.o -Xlinker -no_deduplicate -Xlinker -objc_abi_version -Xlinker 2 -Xlinker -dependency_info -Xlinker /Users/shizihan/DailyUse/Github/InkMarkdown/.scratch/architecture-deepening-2026-09-07/evidence/20260907-1415-ticket-27/consumer/DerivedData-InkMarkdownCoreConsumer/Build/Intermediates.noindex/InkMarkdownConsumerSmoke.build/Debug-iphonesimulator/InkMarkdownCoreConsumer.build/Objects-normal/arm64/InkMarkdownCoreConsumer_dependency_info.dat -fobjc-link-runtime -L/Applications/Xcode.app/Contents/Developer/Toolchains/XcodeDefault.xctoolchain/usr/lib/swift/iphonesimulator -L/usr/lib/swift -Xlinker -add_ast_path -Xlinker /Users/shizihan/DailyUse/Github/InkMarkdown/.scratch/architecture-deepening-2026-09-07/evidence/20260907-1415-ticket-27/consumer/DerivedData-InkMarkdownCoreConsumer/Build/Intermediates.noindex/InkMarkdownConsumerSmoke.build/Debug-iphonesimulator/InkMarkdownCoreConsumer.build/Objects-normal/arm64/InkMarkdownCoreConsumer.swiftmodule @/Users/shizihan/DailyUse/Github/InkMarkdown/.scratch/architecture-deepening-2026-09-07/evidence/20260907-1415-ticket-27/consumer/DerivedData-InkMarkdownCoreConsumer/Build/Intermediates.noindex/InkMarkdownConsumerSmoke.build/Debug-iphonesimulator/InkMarkdownCoreConsumer.build/Objects-normal/arm64/InkMarkdownCoreConsumer-linker-args.resp -o /Users/shizihan/DailyUse/Github/InkMarkdown/.scratch/architecture-deepening-2026-09-07/evidence/20260907-1415-ticket-27/consumer/DerivedData-InkMarkdownCoreConsumer/Build/Products/Debug-iphonesimulator/InkMarkdownCoreConsumer.o

ExtractAppIntentsMetadata (in target 'InkMarkdownCoreConsumer' from project 'InkMarkdownConsumerSmoke')
    cd /Users/shizihan/DailyUse/Github/InkMarkdown/.github/fixtures/consumer-smoke
    /Applications/Xcode.app/Contents/Developer/Toolchains/XcodeDefault.xctoolchain/usr/bin/appintentsmetadataprocessor --toolchain-dir /Applications/Xcode.app/Contents/Developer/Toolchains/XcodeDefault.xctoolchain --module-name InkMarkdownCoreConsumer --sdk-root /Applications/Xcode.app/Contents/Developer/Platforms/iPhoneSimulator.platform/Developer/SDKs/iPhoneSimulator26.5.sdk --xcode-version 17F113 --platform-family iOS --deployment-target 15.0 --bundle-identifier consumer-smoke.InkMarkdownCoreConsumer --output /Users/shizihan/DailyUse/Github/InkMarkdown/.scratch/architecture-deepening-2026-09-07/evidence/20260907-1415-ticket-27/consumer/DerivedData-InkMarkdownCoreConsumer/Build/Products/Debug-iphonesimulator/InkMarkdownCoreConsumer.appintents --target-triple arm64-apple-ios15.0-simulator --binary-file /Users/shizihan/DailyUse/Github/InkMarkdown/.scratch/architecture-deepening-2026-09-07/evidence/20260907-1415-ticket-27/consumer/DerivedData-InkMarkdownCoreConsumer/Build/Products/Debug-iphonesimulator/InkMarkdownCoreConsumer.o --dependency-file /Users/shizihan/DailyUse/Github/InkMarkdown/.scratch/architecture-deepening-2026-09-07/evidence/20260907-1415-ticket-27/consumer/DerivedData-InkMarkdownCoreConsumer/Build/Intermediates.noindex/InkMarkdownConsumerSmoke.build/Debug-iphonesimulator/InkMarkdownCoreConsumer.build/Objects-normal/arm64/InkMarkdownCoreConsumer_dependency_info.dat --stringsdata-file /Users/shizihan/DailyUse/Github/InkMarkdown/.scratch/architecture-deepening-2026-09-07/evidence/20260907-1415-ticket-27/consumer/DerivedData-InkMarkdownCoreConsumer/Build/Intermediates.noindex/InkMarkdownConsumerSmoke.build/Debug-iphonesimulator/InkMarkdownCoreConsumer.build/Objects-normal/arm64/ExtractedAppShortcutsMetadata.stringsdata --source-file-list /Users/shizihan/DailyUse/Github/InkMarkdown/.scratch/architecture-deepening-2026-09-07/evidence/20260907-1415-ticket-27/consumer/DerivedData-InkMarkdownCoreConsumer/Build/Intermediates.noindex/InkMarkdownConsumerSmoke.build/Debug-iphonesimulator/InkMarkdownCoreConsumer.build/Objects-normal/arm64/InkMarkdownCoreConsumer.SwiftFileList --metadata-file-list /Users/shizihan/DailyUse/Github/InkMarkdown/.scratch/architecture-deepening-2026-09-07/evidence/20260907-1415-ticket-27/consumer/DerivedData-InkMarkdownCoreConsumer/Build/Intermediates.noindex/InkMarkdownConsumerSmoke.build/Debug-iphonesimulator/InkMarkdownCoreConsumer.build/InkMarkdownCoreConsumer.DependencyMetadataFileList --static-metadata-file-list /Users/shizihan/DailyUse/Github/InkMarkdown/.scratch/architecture-deepening-2026-09-07/evidence/20260907-1415-ticket-27/consumer/DerivedData-InkMarkdownCoreConsumer/Build/Intermediates.noindex/InkMarkdownConsumerSmoke.build/Debug-iphonesimulator/InkMarkdownCoreConsumer.build/InkMarkdownCoreConsumer.DependencyStaticMetadataFileList --swift-const-vals-list /Users/shizihan/DailyUse/Github/InkMarkdown/.scratch/architecture-deepening-2026-09-07/evidence/20260907-1415-ticket-27/consumer/DerivedData-InkMarkdownCoreConsumer/Build/Intermediates.noindex/InkMarkdownConsumerSmoke.build/Debug-iphonesimulator/InkMarkdownCoreConsumer.build/Objects-normal/arm64/InkMarkdownCoreConsumer.SwiftConstValuesFileList --force --compile-time-extraction --deployment-aware-processing --validate-assistant-intents --no-app-shortcuts-localization
2026-09-07 14:40:33.494 appintentsmetadataprocessor[87025:6067027] Starting appintentsmetadataprocessor export
2026-09-07 14:40:33.501 appintentsmetadataprocessor[87025:6067027] Extracted no relevant App Intents symbols, skipping writing output

RegisterExecutionPolicyException /Users/shizihan/DailyUse/Github/InkMarkdown/.scratch/architecture-deepening-2026-09-07/evidence/20260907-1415-ticket-27/consumer/DerivedData-InkMarkdownCoreConsumer/Build/Products/Debug-iphonesimulator/InkMarkdownCoreConsumer.o (in target 'InkMarkdownCoreConsumer' from project 'InkMarkdownConsumerSmoke')
    cd /Users/shizihan/DailyUse/Github/InkMarkdown/.github/fixtures/consumer-smoke
    builtin-RegisterExecutionPolicyException /Users/shizihan/DailyUse/Github/InkMarkdown/.scratch/architecture-deepening-2026-09-07/evidence/20260907-1415-ticket-27/consumer/DerivedData-InkMarkdownCoreConsumer/Build/Products/Debug-iphonesimulator/InkMarkdownCoreConsumer.o

** BUILD SUCCEEDED **

